epoch,step,train_BinaryAccuracy,train_BinaryJaccardIndex,train_loss,val_BinaryAccuracy,val_BinaryJaccardIndex,val_loss
0,0,0.3912086486816406,0.09992343932390213,0.901463508605957,,,
0,1,0.45851898193359375,0.1514935940504074,0.8664401769638062,,,
0,2,0.5194339752197266,0.1790763884782791,0.8454821109771729,,,
0,3,0.5801315307617188,0.36049503087997437,0.6943099498748779,,,
0,4,0.57958984375,0.22525539994239807,0.8067583441734314,,,
0,5,0.6437835693359375,0.4270954728126526,0.6479516625404358,,,
0,6,0.6866636276245117,0.4126439392566681,0.6718095541000366,,,
0,7,0.7362051010131836,0.4670644700527191,0.6464844942092896,,,
0,8,0.6678915023803711,0.28701379895210266,0.774933397769928,,,
0,9,0.6514806747436523,0.3199291229248047,0.7274153232574463,,,
0,10,0.7046279907226562,0.3658658564090729,0.7054004073143005,,,
0,11,0.7825937271118164,0.43046835064888,0.6951866149902344,,,
0,12,0.8569469451904297,0.6117247343063354,0.5959153175354004,,,
0,13,0.8434286117553711,0.4856545925140381,0.7014374732971191,,,
0,14,0.8082981109619141,0.5022348165512085,0.6466637849807739,,,
0,15,0.8245773315429688,0.5080264210700989,0.6557679176330566,,,
0,16,0.8982353210449219,0.6717191934585571,0.5865498781204224,,,
0,17,0.8663787841796875,0.5040072202682495,0.7042752504348755,,,
0,18,0.8012809753417969,0.3422974646091461,0.780341386795044,,,
0,19,0.8978404998779297,0.6348233819007874,0.6267144083976746,,,
0,20,0.8607187271118164,0.4666079878807068,0.7244354486465454,,,
0,21,0.8358840942382812,0.43272680044174194,0.7362116575241089,,,
0,22,0.9313898086547852,0.7686943411827087,0.5300306677818298,,,
0,23,0.9120817184448242,0.6838923692703247,0.5931722521781921,,,
0,24,0.9064092636108398,0.5929192304611206,0.6758401393890381,,,
0,25,0.9296760559082031,0.7292424440383911,0.5750527381896973,,,
0,26,0.8985013961791992,0.6170199513435364,0.6351093053817749,,,
0,27,0.9237270355224609,0.7224113941192627,0.5589382648468018,,,
0,28,0.9068899154663086,0.6660201549530029,0.5922489166259766,,,
0,29,0.932525634765625,0.7717272639274597,0.5069010257720947,,,
0,30,0.9259160161018372,0.7319759130477905,0.5463695526123047,,,
0,30,,,,0.9095361232757568,0.7323225736618042,0.5468260645866394
1,31,0.8968696594238281,0.5745885968208313,0.6650269031524658,,,
1,32,0.9386396408081055,0.7609687447547913,0.5449844002723694,,,
1,33,0.9360847473144531,0.7790524959564209,0.5075409412384033,,,
1,34,0.9618616104125977,0.8858814835548401,0.4052436947822571,,,
1,35,0.8854103088378906,0.48747217655181885,0.727115273475647,,,
1,36,0.9386510848999023,0.8189231753349304,0.4463527202606201,,,
1,37,0.8991575241088867,0.6519697308540344,0.5886778831481934,,,
1,38,0.9232521057128906,0.6813147068023682,0.6048310995101929,,,
1,39,0.9423723220825195,0.8023491501808167,0.48495543003082275,,,
1,40,0.916661262512207,0.7355867028236389,0.5195402503013611,,,
1,41,0.8849878311157227,0.47315514087677,0.7331748604774475,,,
1,42,0.9209623336791992,0.6688404083251953,0.605320930480957,,,
1,43,0.8933210372924805,0.626866340637207,0.5939068794250488,,,
1,44,0.9127073287963867,0.5695866346359253,0.692733883857727,,,
1,45,0.9380645751953125,0.6977816820144653,0.624730110168457,,,
1,46,0.9640579223632812,0.8737357258796692,0.4415133595466614,,,
1,47,0.9272994995117188,0.6837214231491089,0.5990315675735474,,,
1,48,0.9124784469604492,0.6771318912506104,0.583416223526001,,,
1,49,0.9488372802734375,0.7411959767341614,0.6077959537506104,,,
1,50,0.9218120574951172,0.5215234756469727,0.7610182762145996,,,
1,51,0.9383964538574219,0.775128185749054,0.5042848587036133,,,
1,52,0.9244394302368164,0.6454607844352722,0.6370120644569397,,,
1,53,0.9194612503051758,0.5950330495834351,0.6761858463287354,,,
1,54,0.8847036361694336,0.4866325855255127,0.7165335416793823,,,
1,55,0.9434080123901367,0.7643253207206726,0.5408754348754883,,,
1,56,0.9521589279174805,0.8305476903915405,0.4556407332420349,,,
1,57,0.956273078918457,0.8245253562927246,0.4978684186935425,,,
1,58,0.9665489196777344,0.876519501209259,0.4364319443702698,,,
1,59,0.9196500778198242,0.6251440644264221,0.6419602632522583,,,
1,60,0.9366168975830078,0.709539532661438,0.590595006942749,,,
1,61,0.8626568913459778,0.4350268542766571,0.7295194864273071,,,
1,61,,,,0.9330974221229553,0.7846475839614868,0.5018943548202515
2,62,0.9558753967285156,0.8793372511863708,0.3557712435722351,,,
2,63,0.919978141784668,0.6084617376327515,0.6606268882751465,,,
2,64,0.8822059631347656,0.506105899810791,0.6929975152015686,,,
2,65,0.9661884307861328,0.8639628291130066,0.4652242064476013,,,
2,66,0.9555826187133789,0.8228865265846252,0.4826003313064575,,,
2,67,0.8933181762695312,0.5295087695121765,0.6886377334594727,,,
2,68,0.9588680267333984,0.8062870502471924,0.5395396947860718,,,
2,69,0.9300251007080078,0.6061492562294006,0.6896696090698242,,,
2,70,0.9506130218505859,0.7183630466461182,0.6361218690872192,,,
2,71,0.9425840377807617,0.7538171410560608,0.5473712682723999,,,
2,72,0.96197509765625,0.8648869395256042,0.42431455850601196,,,
2,73,0.9299306869506836,0.6086615920066833,0.6883773803710938,,,
2,74,0.937993049621582,0.7674728631973267,0.5156258344650269,,,
2,75,0.9636611938476562,0.8188896179199219,0.5441597700119019,,,
2,76,0.9526491165161133,0.8247881531715393,0.46042966842651367,,,
2,77,0.9501008987426758,0.8345203995704651,0.42396801710128784,,,
2,78,0.9540996551513672,0.8062297701835632,0.5035989284515381,,,
2,79,0.9420385360717773,0.8088719248771667,0.4389120936393738,,,
2,80,0.8905134201049805,0.3742334842681885,0.8055673241615295,,,
2,81,0.9163713455200195,0.6548115015029907,0.5884494781494141,,,
2,82,0.9354658126831055,0.5801650285720825,0.728683352470398,,,
2,83,0.9567070007324219,0.8059709668159485,0.5132042169570923,,,
2,84,0.9633083343505859,0.8662987947463989,0.4220288395881653,,,
2,85,0.964106559753418,0.8862274289131165,0.36769193410873413,,,
2,86,0.9484796524047852,0.6476845145225525,0.7034238576889038,,,
2,87,0.9685344696044922,0.8528006672859192,0.4991830587387085,,,
2,88,0.9707183837890625,0.8536971211433411,0.518132746219635,,,
2,89,0.9478330612182617,0.7520027756690979,0.567340612411499,,,
2,90,0.9663810729980469,0.8084318041801453,0.5773000717163086,,,
2,91,0.9640035629272461,0.8306092619895935,0.5098806619644165,,,
2,92,0.958892822265625,0.8443081974983215,0.4538307189941406,,,
2,92,,,,0.9332470297813416,0.787269651889801,0.47887659072875977
3,93,0.9679594039916992,0.8258130550384521,0.5556584000587463,,,
3,94,0.9738483428955078,0.9002208709716797,0.40367966890335083,,,
3,95,0.9331750869750977,0.6120120882987976,0.6796543598175049,,,
3,96,0.95111083984375,0.7683851718902588,0.5425148010253906,,,
3,97,0.9476203918457031,0.8219233751296997,0.42908865213394165,,,
3,98,0.9457197189331055,0.7374882698059082,0.5645706653594971,,,
3,99,0.9655246734619141,0.843348503112793,0.48472511768341064,,,
3,100,0.9500646591186523,0.8044436573982239,0.4721797704696655,,,
3,101,0.9417505264282227,0.7148852348327637,0.5851312875747681,,,
3,102,0.9254751205444336,0.6793946027755737,0.5929725170135498,,,
3,103,0.9756507873535156,0.8995408415794373,0.4219176769256592,,,
3,104,0.9698028564453125,0.8475750088691711,0.5111013650894165,,,
3,105,0.9586095809936523,0.7669870257377625,0.5854686498641968,,,
3,106,0.9395208358764648,0.713006317615509,0.584548830986023,,,
3,107,0.9596176147460938,0.7247923612594604,0.6543030142784119,,,
3,108,0.9547948837280273,0.7731108665466309,0.5535591840744019,,,
3,109,0.969456672668457,0.8616107702255249,0.467495322227478,,,
3,110,0.9622097015380859,0.8119084239006042,0.524321436882019,,,
3,111,0.9601325988769531,0.7573766708374023,0.6058624982833862,,,
3,112,0.9650287628173828,0.8410537838935852,0.4776180386543274,,,
3,113,0.9715280532836914,0.8934864401817322,0.3851239085197449,,,
3,114,0.9715461730957031,0.9181600213050842,0.2958058714866638,,,
3,115,0.9593734741210938,0.8308328986167908,0.4618561863899231,,,
3,116,0.9105052947998047,0.5743952989578247,0.6647375822067261,,,
3,117,0.9527063369750977,0.8386266231536865,0.39974069595336914,,,
3,118,0.9523839950561523,0.7497042417526245,0.5660479068756104,,,
3,119,0.9394502639770508,0.5931316018104553,0.7063160538673401,,,
3,120,0.9702663421630859,0.8606439232826233,0.4681490659713745,,,
3,121,0.9692935943603516,0.8907638788223267,0.3651226758956909,,,
3,122,0.9470491409301758,0.7716559171676636,0.5255057215690613,,,
3,123,0.9583765864372253,0.8346191644668579,0.44935959577560425,,,
3,123,,,,0.9444113969802856,0.8096557855606079,0.45934852957725525
4,124,0.9712104797363281,0.8971307873725891,0.3611857295036316,,,
4,125,0.9465312957763672,0.6949768662452698,0.6189562082290649,,,
4,126,0.9687490463256836,0.8777704834938049,0.39774948358535767,,,
4,127,0.9484367370605469,0.726006269454956,0.582115650177002,,,
4,128,0.972447395324707,0.8584079742431641,0.5010631084442139,,,
4,129,0.9194002151489258,0.5843803882598877,0.6625914573669434,,,
4,130,0.9569625854492188,0.7695340514183044,0.5532040596008301,,,
4,131,0.9639768600463867,0.7802553772926331,0.5803053379058838,,,
4,132,0.9595308303833008,0.8290159106254578,0.4585420489311218,,,
4,133,0.9726715087890625,0.8854708075523376,0.4069051742553711,,,
4,134,0.9780740737915039,0.9040150046348572,0.408438503742218,,,
4,135,0.9790534973144531,0.8968322277069092,0.45389819145202637,,,
4,136,0.9624252319335938,0.7814777493476868,0.5616241097450256,,,
4,137,0.9602870941162109,0.8475232720375061,0.4036564826965332,,,
4,138,0.964665412902832,0.8339443802833557,0.4700937867164612,,,
4,139,0.9568853378295898,0.7133246064186096,0.6318732500076294,,,
4,140,0.9740800857543945,0.9288358688354492,0.26074880361557007,,,
4,141,0.9529056549072266,0.7648375630378723,0.5466794967651367,,,
4,142,0.9650411605834961,0.7988465428352356,0.5452685952186584,,,
4,143,0.9727668762207031,0.9065988659858704,0.324565052986145,,,
4,144,0.9470891952514648,0.6810795068740845,0.6210142374038696,,,
4,145,0.9607954025268555,0.772884726524353,0.5592532157897949,,,
4,146,0.9609689712524414,0.8236209154129028,0.4561445713043213,,,
4,147,0.9601860046386719,0.734391987323761,0.6149451732635498,,,
4,148,0.9658432006835938,0.8818222880363464,0.3458659052848816,,,
4,149,0.9691295623779297,0.8256002068519592,0.5203289985656738,,,
4,150,0.9582729339599609,0.8037241697311401,0.4902190566062927,,,
4,151,0.9637355804443359,0.7766448259353638,0.5693250894546509,,,
4,152,0.9715852737426758,0.8861973881721497,0.37616783380508423,,,
4,153,0.9647226333618164,0.8482270836830139,0.4208507537841797,,,
4,154,0.9721934199333191,0.899531364440918,0.3372049331665039,,,
4,154,,,,0.9393789768218994,0.8022454380989075,0.43582624197006226
5,155,0.905242919921875,0.43522992730140686,0.7519924640655518,,,
5,156,0.9709138870239258,0.9204358458518982,0.24323374032974243,,,
5,157,0.9673919677734375,0.8078874349594116,0.5387155413627625,,,
5,158,0.9491739273071289,0.757474422454834,0.5044714212417603,,,
5,159,0.9664459228515625,0.8278374671936035,0.47887086868286133,,,
5,160,0.9653291702270508,0.8177657723426819,0.4922378659248352,,,
5,161,0.9801607131958008,0.9344301819801331,0.2766467332839966,,,
5,162,0.9534807205200195,0.7407151460647583,0.5628701448440552,,,
5,163,0.961115837097168,0.7757273316383362,0.541151225566864,,,
5,164,0.9551095962524414,0.739919126033783,0.5719608068466187,,,
5,165,0.9750738143920898,0.9000282883644104,0.3571940064430237,,,
5,166,0.957493782043457,0.8204628229141235,0.437225341796875,,,
5,167,0.978363037109375,0.9223628044128418,0.3022652268409729,,,
5,168,0.9737787246704102,0.8650810122489929,0.44997066259384155,,,
5,169,0.9714317321777344,0.8766623735427856,0.38927626609802246,,,
5,170,0.9706211090087891,0.8535181879997253,0.44583404064178467,,,
5,171,0.959467887878418,0.7940663695335388,0.4902915954589844,,,
5,172,0.9584236145019531,0.8332230448722839,0.4040256142616272,,,
5,173,0.9655656814575195,0.7605192065238953,0.5980484485626221,,,
5,174,0.9749832153320312,0.8671555519104004,0.4551684856414795,,,
5,175,0.970067024230957,0.8257603645324707,0.5073935985565186,,,
5,176,0.9702796936035156,0.8652006387710571,0.40821385383605957,,,
5,177,0.9637279510498047,0.8588730096817017,0.37167614698410034,,,
5,178,0.9789648056030273,0.9000502824783325,0.39327001571655273,,,
5,179,0.9600486755371094,0.8132480978965759,0.44889283180236816,,,
5,180,0.9651975631713867,0.8235774636268616,0.46257591247558594,,,
5,181,0.9548168182373047,0.700404703617096,0.6096439361572266,,,
5,182,0.9780607223510742,0.9285765290260315,0.2612912654876709,,,
5,183,0.9355192184448242,0.6387441754341125,0.6084276437759399,,,
5,184,0.9783220291137695,0.905692994594574,0.35705578327178955,,,
5,185,0.9764671325683594,0.892174243927002,0.38378679752349854,,,
5,185,,,,0.9491097927093506,0.8257353901863098,0.4094195067882538
6,186,0.9787206649780273,0.9061934947967529,0.36126279830932617,,,
6,187,0.9786281585693359,0.8842189311981201,0.4381604790687561,,,
6,188,0.9192447662353516,0.47537916898727417,0.7289220094680786,,,
6,189,0.9458236694335938,0.6145186424255371,0.6676826477050781,,,
6,190,0.9425430297851562,0.4450973570346832,0.8064513206481934,,,
6,191,0.9749317169189453,0.8861165642738342,0.3777528405189514,,,
6,192,0.9714498519897461,0.8890852332115173,0.33091235160827637,,,
6,193,0.9683475494384766,0.870151698589325,0.3639758229255676,,,
6,194,0.9770336151123047,0.8896308541297913,0.391589879989624,,,
6,195,0.9696931838989258,0.8548460006713867,0.41308122873306274,,,
6,196,0.9819355010986328,0.9381780624389648,0.260126531124115,,,
6,197,0.9627838134765625,0.7638615965843201,0.550977885723114,,,
6,198,0.975346565246582,0.8555914759635925,0.47601014375686646,,,
6,199,0.9540157318115234,0.745733916759491,0.5238427519798279,,,
6,200,0.9725933074951172,0.8830533623695374,0.35506153106689453,,,
6,201,0.9611244201660156,0.8581934571266174,0.33166688680648804,,,
6,202,0.9766454696655273,0.9043529033660889,0.3269055485725403,,,
6,203,0.9758234024047852,0.8824208974838257,0.3939780592918396,,,
6,204,0.972686767578125,0.8706763982772827,0.39380234479904175,,,
6,205,0.977473258972168,0.9062245488166809,0.3282926082611084,,,
6,206,0.9664440155029297,0.7826656103134155,0.5394187569618225,,,
6,207,0.9730701446533203,0.8857584595680237,0.3455207943916321,,,
6,208,0.9686317443847656,0.8767120242118835,0.33136284351348877,,,
6,209,0.9688501358032227,0.8270554542541504,0.46460437774658203,,,
6,210,0.9528427124023438,0.6881688833236694,0.5977233648300171,,,
6,211,0.9706096649169922,0.8879357576370239,0.31312888860702515,,,
6,212,0.9794826507568359,0.9200006127357483,0.29322224855422974,,,
6,213,0.9738788604736328,0.8398788571357727,0.48197251558303833,,,
6,214,0.969996452331543,0.8540201187133789,0.40527886152267456,,,
6,215,0.9720897674560547,0.9026983380317688,0.2754698395729065,,,
6,216,0.9759902954101562,0.8859238624572754,0.3752819299697876,,,
6,216,,,,0.9433763027191162,0.8104685544967651,0.398735374212265
7,217,0.9747867584228516,0.8967346549034119,0.32004380226135254,,,
7,218,0.9638051986694336,0.8407791256904602,0.3851891756057739,,,
7,219,0.9833106994628906,0.8811100721359253,0.5003316402435303,,,
7,220,0.9679231643676758,0.867003321647644,0.34540367126464844,,,
7,221,0.9697227478027344,0.7437134981155396,0.6251174211502075,,,
7,222,0.9723758697509766,0.7733383178710938,0.5950286388397217,,,
7,223,0.9780445098876953,0.8878026604652405,0.3877071738243103,,,
7,224,0.9667778015136719,0.8039396405220032,0.48554927110671997,,,
7,225,0.9808444976806641,0.9170544743537903,0.31555694341659546,,,
7,226,0.9743337631225586,0.8639671802520752,0.4125620722770691,,,
7,227,0.969141960144043,0.8610076308250427,0.36861371994018555,,,
7,228,0.9717235565185547,0.8486186861991882,0.4266343116760254,,,
7,229,0.9700555801391602,0.8423808217048645,0.42389827966690063,,,
7,230,0.9714117050170898,0.8778468370437622,0.34025102853775024,,,
7,231,0.9752616882324219,0.9298467636108398,0.19667929410934448,,,
7,232,0.9729652404785156,0.8285503387451172,0.48376864194869995,,,
7,233,0.9800319671630859,0.9073527455329895,0.33571410179138184,,,
7,234,0.9736309051513672,0.8754908442497253,0.36367112398147583,,,
7,235,0.9772262573242188,0.9101904630661011,0.2869452238082886,,,
7,236,0.9801244735717773,0.8950984477996826,0.38185590505599976,,,
7,237,0.9738407135009766,0.8546416163444519,0.4269002676010132,,,
7,238,0.9740104675292969,0.8389456868171692,0.4671904444694519,,,
7,239,0.9707393646240234,0.8429366946220398,0.4210779070854187,,,
7,240,0.9716882705688477,0.8723628520965576,0.350159227848053,,,
7,241,0.9758167266845703,0.868964433670044,0.4042379856109619,,,
7,242,0.9651708602905273,0.8305069804191589,0.40374237298965454,,,
7,243,0.9759464263916016,0.8960423469543457,0.3201841115951538,,,
7,244,0.9814605712890625,0.8875845670700073,0.4273321032524109,,,
7,245,0.9785232543945312,0.9010105729103088,0.3323684334754944,,,
7,246,0.9787416458129883,0.9019848108291626,0.3306841254234314,,,
7,247,0.9826495051383972,0.9370400309562683,0.23616117238998413,,,
7,247,,,,0.9446330666542053,0.8145735263824463,0.3823865056037903
8,248,0.9780025482177734,0.9242485761642456,0.23531925678253174,,,
8,249,0.9668235778808594,0.8106589913368225,0.45187216997146606,,,
8,250,0.9679508209228516,0.7114968299865723,0.6301571726799011,,,
8,251,0.9771327972412109,0.8745054006576538,0.39453744888305664,,,
8,252,0.9571199417114258,0.6561357378959656,0.6333171129226685,,,
8,253,0.9793787002563477,0.9304471611976624,0.21918922662734985,,,
8,254,0.9773645401000977,0.8810049295425415,0.37739884853363037,,,
8,255,0.9774818420410156,0.8645751476287842,0.4273647665977478,,,
8,256,0.9730377197265625,0.8522968888282776,0.4069173336029053,,,
8,257,0.9784946441650391,0.8983373045921326,0.33181440830230713,,,
8,258,0.9802837371826172,0.8951654434204102,0.3672311305999756,,,
8,259,0.9768772125244141,0.8627789616584778,0.42185211181640625,,,
8,260,0.9761314392089844,0.8909150958061218,0.32511240243911743,,,
8,261,0.9817686080932617,0.9244181513786316,0.2730776071548462,,,
8,262,0.9751291275024414,0.9197571873664856,0.21431660652160645,,,
8,263,0.9793453216552734,0.8431136608123779,0.5070019960403442,,,
8,264,0.9690179824829102,0.8440516591072083,0.3879769444465637,,,
8,265,0.9757604598999023,0.9218777418136597,0.21218347549438477,,,
8,266,0.9679689407348633,0.7858354449272156,0.5032978057861328,,,
8,267,0.9702339172363281,0.869142472743988,0.328449547290802,,,
8,268,0.9779071807861328,0.9208284020423889,0.23390907049179077,,,
8,269,0.9805078506469727,0.9291932582855225,0.23054492473602295,,,
8,270,0.9710330963134766,0.790619432926178,0.5191226005554199,,,
8,271,0.9829187393188477,0.8764809966087341,0.4634564518928528,,,
8,272,0.9768552780151367,0.8931408524513245,0.31874972581863403,,,
8,273,0.9802646636962891,0.888050377368927,0.3809259533882141,,,
8,274,0.9781322479248047,0.8924892544746399,0.3351548910140991,,,
8,275,0.9713420867919922,0.7952662706375122,0.5073179006576538,,,
8,276,0.9792184829711914,0.900277316570282,0.3207986354827881,,,
8,277,0.9730167388916016,0.8342928290367126,0.4389628767967224,,,
8,278,0.9757487177848816,0.9268350005149841,0.1889459490776062,,,
8,278,,,,0.9482349753379822,0.8211230039596558,0.36899763345718384
9,279,0.9757070541381836,0.8881580829620361,0.31891030073165894,,,
9,280,0.9663152694702148,0.6737180352210999,0.6600382328033447,,,
9,281,0.9721364974975586,0.8482210040092468,0.39365530014038086,,,
9,282,0.9746561050415039,0.8992577195167542,0.26984357833862305,,,
9,283,0.9726266860961914,0.8883281946182251,0.2878161668777466,,,
9,284,0.9728517532348633,0.8670462369918823,0.3485803008079529,,,
9,285,0.9802169799804688,0.9035961031913757,0.31781458854675293,,,
9,286,0.9776992797851562,0.8235489130020142,0.5094605684280396,,,
9,287,0.9742155075073242,0.8886321187019348,0.2964792251586914,,,
9,288,0.9792881011962891,0.9207435846328735,0.23900526762008667,,,
9,289,0.9729290008544922,0.8241851925849915,0.452068567276001,,,
9,290,0.9785690307617188,0.8806699514389038,0.3667222857475281,,,
9,291,0.9769678115844727,0.8620250225067139,0.40209001302719116,,,
9,292,0.9834928512573242,0.925689160823822,0.2732280492782593,,,
9,293,0.9753780364990234,0.8820147514343262,0.3266303539276123,,,
9,294,0.9620885848999023,0.7634229063987732,0.48574596643447876,,,
9,295,0.9808149337768555,0.8924644589424133,0.3589628338813782,,,
9,296,0.9705867767333984,0.839582622051239,0.39375364780426025,,,
9,297,0.9774713516235352,0.9230806827545166,0.20803755521774292,,,
9,298,0.9796781539916992,0.9083152413368225,0.2830440402030945,,,
9,299,0.9810009002685547,0.8809411525726318,0.3947550654411316,,,
9,300,0.9748945236206055,0.8853720426559448,0.30498993396759033,,,
9,301,0.9818744659423828,0.9141255021095276,0.2910841703414917,,,
9,302,0.9794692993164062,0.9055785536766052,0.2904576063156128,,,
9,303,0.9793424606323242,0.9119135141372681,0.26348352432250977,,,
9,304,0.9792966842651367,0.9048947691917419,0.28729182481765747,,,
9,305,0.9774227142333984,0.8774219155311584,0.3546958565711975,,,
9,306,0.9804496765136719,0.9172893762588501,0.2555505633354187,,,
9,307,0.9810562133789062,0.939441978931427,0.17415088415145874,,,
9,308,0.9682855606079102,0.7533926367759705,0.5343973636627197,,,
9,309,0.9767277836799622,0.861199140548706,0.39151352643966675,,,
9,309,,,,0.9519721269607544,0.8317215442657471,0.3515775203704834
10,310,0.9839382171630859,0.893735945224762,0.3977442979812622,,,
10,311,0.961125373840332,0.6547760963439941,0.6250624656677246,,,
10,312,0.9794206619262695,0.9027026295661926,0.2931918501853943,,,
10,313,0.9772968292236328,0.8924950957298279,0.30181294679641724,,,
10,314,0.9754257202148438,0.8372811079025269,0.43350857496261597,,,
10,315,0.9766902923583984,0.9214614033699036,0.19808119535446167,,,
10,316,0.9818391799926758,0.9138625860214233,0.2816735506057739,,,
10,317,0.9831724166870117,0.9301157593727112,0.23431897163391113,,,
10,318,0.9804630279541016,0.8952599763870239,0.3274651765823364,,,
10,319,0.9759521484375,0.8781388401985168,0.328957200050354,,,
10,320,0.9784717559814453,0.9097079634666443,0.2544940114021301,,,
10,321,0.9830322265625,0.8957282304763794,0.364132821559906,,,
10,322,0.9783668518066406,0.8868126273155212,0.3272799253463745,,,
10,323,0.9723749160766602,0.8018375039100647,0.47240400314331055,,,
10,324,0.9776163101196289,0.8837488293647766,0.3268253803253174,,,
10,325,0.9766149520874023,0.8851905465126038,0.31060272455215454,,,
10,326,0.9774017333984375,0.9338256120681763,0.15660792589187622,,,
10,327,0.9799175262451172,0.923770010471344,0.21493202447891235,,,
10,328,0.9788532257080078,0.8985450267791748,0.29112499952316284,,,
10,329,0.9834041595458984,0.9280989170074463,0.2425602674484253,,,
10,330,0.9749288558959961,0.8964837193489075,0.25363558530807495,,,
10,331,0.9821748733520508,0.871784508228302,0.422075092792511,,,
10,332,0.974329948425293,0.8762561678886414,0.30732518434524536,,,
10,333,0.9761848449707031,0.8806201219558716,0.3149501085281372,,,
10,334,0.9837989807128906,0.9470983147621155,0.16173124313354492,,,
10,335,0.9757499694824219,0.8459450602531433,0.4060556888580322,,,
10,336,0.9799814224243164,0.888438880443573,0.3358904719352722,,,
10,337,0.9766349792480469,0.7834885716438293,0.5458582639694214,,,
10,338,0.980311393737793,0.8762616515159607,0.37258613109588623,,,
10,339,0.9781255722045898,0.9197717905044556,0.20457744598388672,,,
10,340,0.9767863154411316,0.7613251805305481,0.5856627225875854,,,
10,340,,,,0.9497849941253662,0.8249695301055908,0.3431161642074585
11,341,0.9757270812988281,0.9276876449584961,0.16043448448181152,,,
11,342,0.9774703979492188,0.9122791886329651,0.22157448530197144,,,
11,343,0.981475830078125,0.9239407777786255,0.2239944338798523,,,
11,344,0.9816360473632812,0.9266337752342224,0.21310657262802124,,,
11,345,0.9737281799316406,0.8577896356582642,0.3450968265533447,,,
11,346,0.9846181869506836,0.9305093288421631,0.23882687091827393,,,
11,347,0.9794015884399414,0.8911072015762329,0.31057190895080566,,,
11,348,0.9806852340698242,0.9074326157569885,0.27153342962265015,,,
11,349,0.9858531951904297,0.9297898411750793,0.2618643045425415,,,
11,350,0.9804325103759766,0.8801693916320801,0.3591967821121216,,,
11,351,0.9772710800170898,0.8923147916793823,0.28079211711883545,,,
11,352,0.9706697463989258,0.7709500193595886,0.49616026878356934,,,
11,353,0.9752302169799805,0.8478281497955322,0.38000762462615967,,,
11,354,0.9812822341918945,0.919565737247467,0.23194175958633423,,,
11,355,0.9803886413574219,0.8796483874320984,0.3559197187423706,,,
11,356,0.9779186248779297,0.9176298379898071,0.20299994945526123,,,
11,357,0.9786367416381836,0.8459978699684143,0.42294859886169434,,,
11,358,0.9873876571655273,0.9415743350982666,0.22828316688537598,,,
11,359,0.9846258163452148,0.9560142159461975,0.12540680170059204,,,
11,360,0.9815969467163086,0.8730193376541138,0.38884907960891724,,,
11,361,0.9733095169067383,0.797379195690155,0.46822410821914673,,,
11,362,0.981846809387207,0.918479323387146,0.24068152904510498,,,
11,363,0.9839267730712891,0.9205663204193115,0.2625611424446106,,,
11,364,0.9712162017822266,0.7268152236938477,0.5747381448745728,,,
11,365,0.9870548248291016,0.9401219487190247,0.229278564453125,,,
11,366,0.97979736328125,0.8907821774482727,0.3046678304672241,,,
11,367,0.9713134765625,0.7488309741020203,0.5327363014221191,,,
11,368,0.9683589935302734,0.7522180676460266,0.5003349781036377,,,
11,369,0.973358154296875,0.8665921688079834,0.305320680141449,,,
11,370,0.9782533645629883,0.8890251517295837,0.2916225790977478,,,
11,371,0.9833844304084778,0.9361557364463806,0.187042236328125,,,
11,371,,,,0.9511036276817322,0.8299859166145325,0.33221128582954407
12,372,0.9828014373779297,0.9080113768577576,0.2887967824935913,,,
12,373,0.9832382202148438,0.9234561324119568,0.2342994213104248,,,
12,374,0.9823141098022461,0.934577465057373,0.17927253246307373,,,
12,375,0.9833707809448242,0.9315906167030334,0.2034841775894165,,,
12,376,0.9773235321044922,0.8969351053237915,0.25068050622940063,,,
12,377,0.9794797897338867,0.8705183863639832,0.35290414094924927,,,
12,378,0.9790611267089844,0.8168425559997559,0.4803822636604309,,,
12,379,0.9783096313476562,0.8390090465545654,0.42063260078430176,,,
12,380,0.9815139770507812,0.9068278670310974,0.26981866359710693,,,
12,381,0.979578971862793,0.9078832268714905,0.24168360233306885,,,
12,382,0.9803638458251953,0.9303780198097229,0.17271268367767334,,,
12,383,0.9822969436645508,0.9266356825828552,0.204900324344635,,,
12,384,0.9711694717407227,0.8652927279472351,0.2856197953224182,,,
12,385,0.9836387634277344,0.9258372187614441,0.22242486476898193,,,
12,386,0.9845552444458008,0.9143760204315186,0.2818877696990967,,,
12,387,0.9817104339599609,0.9172295331954956,0.23061078786849976,,,
12,388,0.981440544128418,0.8972779512405396,0.2948370575904846,,,
12,389,0.9799890518188477,0.8651738166809082,0.3726183772087097,,,
12,390,0.9765434265136719,0.8254414200782776,0.42623376846313477,,,
12,391,0.9827613830566406,0.927109956741333,0.20377874374389648,,,
12,392,0.9775896072387695,0.8868804574012756,0.277546226978302,,,
12,393,0.9799203872680664,0.8950806856155396,0.2773425579071045,,,
12,394,0.9823217391967773,0.900050699710846,0.2935311794281006,,,
12,395,0.969696044921875,0.8408622145652771,0.3284453749656677,,,
12,396,0.9849109649658203,0.9127894639968872,0.28924238681793213,,,
12,397,0.9813928604125977,0.9155481457710266,0.22766536474227905,,,
12,398,0.9787502288818359,0.8073840737342834,0.4860162138938904,,,
12,399,0.9809970855712891,0.8784592151641846,0.33881717920303345,,,
12,400,0.9830646514892578,0.9367356300354004,0.17002832889556885,,,
12,401,0.9732990264892578,0.8928051590919495,0.22203171253204346,,,
12,402,0.9672228693962097,0.8443257808685303,0.2958766222000122,,,
12,402,,,,0.9480645656585693,0.8229512572288513,0.324494332075119
13,403,0.9716396331787109,0.8334434628486633,0.35051393508911133,,,
13,404,0.9754190444946289,0.7859396934509277,0.48055458068847656,,,
13,405,0.9832773208618164,0.935165524482727,0.17546725273132324,,,
13,406,0.9847574234008789,0.9152949452400208,0.2709517478942871,,,
13,407,0.9782772064208984,0.8673970699310303,0.3337416648864746,,,
13,408,0.9834280014038086,0.9277772903442383,0.2036879062652588,,,
13,409,0.9795761108398438,0.9025393724441528,0.2462857961654663,,,
13,410,0.9864921569824219,0.9243711233139038,0.262184739112854,,,
13,411,0.9717340469360352,0.9173111319541931,0.15003472566604614,,,
13,412,0.9872875213623047,0.9096565246582031,0.3368021249771118,,,
13,413,0.9763631820678711,0.8757451176643372,0.28751152753829956,,,
13,414,0.9759302139282227,0.8650587797164917,0.311023473739624,,,
13,415,0.9755067825317383,0.8394129872322083,0.36936163902282715,,,
13,416,0.9803028106689453,0.8725298047065735,0.33965158462524414,,,
13,417,0.9866476058959961,0.9177171587944031,0.2878655791282654,,,
13,418,0.9857702255249023,0.9118680953979492,0.29515594244003296,,,
13,419,0.9831781387329102,0.9219496250152588,0.21803545951843262,,,
13,420,0.9870901107788086,0.936306357383728,0.2215954065322876,,,
13,421,0.9860363006591797,0.9340735673904419,0.21020448207855225,,,
13,422,0.9783687591552734,0.8567548990249634,0.3514332175254822,,,
13,423,0.972834587097168,0.8940688371658325,0.20953679084777832,,,
13,424,0.9828300476074219,0.9436318278312683,0.13543522357940674,,,
13,425,0.9818315505981445,0.9217435121536255,0.20214593410491943,,,
13,426,0.9750528335571289,0.8616343140602112,0.3106856346130371,,,
13,427,0.9839630126953125,0.9154537320137024,0.24594920873641968,,,
13,428,0.9831085205078125,0.9315573573112488,0.17905187606811523,,,
13,429,0.9809932708740234,0.905415952205658,0.24460172653198242,,,
13,430,0.9822053909301758,0.8721986413002014,0.357265830039978,,,
13,431,0.9841203689575195,0.9412026405334473,0.15223395824432373,,,
13,432,0.984705924987793,0.9121428728103638,0.2686821222305298,,,
13,433,0.9775683283805847,0.880666196346283,0.27745717763900757,,,
13,433,,,,0.9495654702186584,0.8246006965637207,0.31649184226989746
14,434,0.9901323318481445,0.9569295048713684,0.1670438051223755,,,
14,435,0.9797611236572266,0.9046866297721863,0.23185545206069946,,,
14,436,0.9821929931640625,0.942396342754364,0.13042712211608887,,,
14,437,0.9828710556030273,0.9107456803321838,0.243952214717865,,,
14,438,0.975250244140625,0.9030900597572327,0.19444715976715088,,,
14,439,0.9813966751098633,0.8979994058609009,0.26810675859451294,,,
14,440,0.9818201065063477,0.9122951626777649,0.22717684507369995,,,
14,441,0.9824762344360352,0.8915583491325378,0.3010835647583008,,,
14,442,0.9802236557006836,0.8781953454017639,0.31041425466537476,,,
14,443,0.9838876724243164,0.8966957330703735,0.30152732133865356,,,
14,444,0.9863338470458984,0.917125940322876,0.2730242609977722,,,
14,445,0.9862327575683594,0.9172660708427429,0.2672802209854126,,,
14,446,0.9857616424560547,0.9133221507072449,0.2753269672393799,,,
14,447,0.9816989898681641,0.8719676733016968,0.34156984090805054,,,
14,448,0.9837245941162109,0.9218102693557739,0.21262288093566895,,,
14,449,0.9764518737792969,0.8332219123840332,0.3734777569770813,,,
14,450,0.9858341217041016,0.9261828660964966,0.22482311725616455,,,
14,451,0.9831142425537109,0.913934051990509,0.2308463454246521,,,
14,452,0.981379508972168,0.8886893391609192,0.2901208996772766,,,
14,453,0.9862346649169922,0.9355028867721558,0.19337224960327148,,,
14,454,0.9835472106933594,0.9347261786460876,0.16310924291610718,,,
14,455,0.9841079711914062,0.933547854423523,0.17201000452041626,,,
14,456,0.9824352264404297,0.8713629245758057,0.34715205430984497,,,
14,457,0.9778099060058594,0.8659554123878479,0.3056594133377075,,,
14,458,0.9814138412475586,0.8888217210769653,0.28560352325439453,,,
14,459,0.9823646545410156,0.9282357096672058,0.17130684852600098,,,
14,460,0.9747161865234375,0.7971072196960449,0.43884921073913574,,,
14,461,0.984959602355957,0.9497828483581543,0.12082928419113159,,,
14,462,0.9789905548095703,0.9337124824523926,0.1289283037185669,,,
14,463,0.9839076995849609,0.920941174030304,0.21135467290878296,,,
14,464,0.9768931269645691,0.8384567499160767,0.35990965366363525,,,
14,464,,,,0.9370829463005066,0.7981698513031006,0.31908392906188965
15,465,0.9798860549926758,0.9244648218154907,0.1609964370727539,,,
15,466,0.9837265014648438,0.9392402768135071,0.1452144980430603,,,
15,467,0.9839038848876953,0.9159775972366333,0.22887104749679565,,,
15,468,0.9803028106689453,0.8838115930557251,0.2827463746070862,,,
15,469,0.9880132675170898,0.9461634755134583,0.1685212254524231,,,
15,470,0.9864110946655273,0.9391980171203613,0.17479509115219116,,,
15,471,0.9784736633300781,0.8047641515731812,0.44670313596725464,,,
15,472,0.9849462509155273,0.9227505326271057,0.215875506401062,,,
15,473,0.9797182083129883,0.8996323347091675,0.2325575351715088,,,
15,474,0.9849586486816406,0.949367880821228,0.11980515718460083,,,
15,475,0.9823637008666992,0.8953826427459717,0.26741689443588257,,,
15,476,0.9762945175170898,0.8708794116973877,0.2716953158378601,,,
15,477,0.9789285659790039,0.8982364535331726,0.22524285316467285,,,
15,478,0.9827690124511719,0.9193799495697021,0.19809263944625854,,,
15,479,0.980656623840332,0.8828141093254089,0.2863088846206665,,,
15,480,0.9852800369262695,0.9249719381332397,0.21155399084091187,,,
15,481,0.9791545867919922,0.8989127278327942,0.22503769397735596,,,
15,482,0.9625864028930664,0.662034809589386,0.5460970401763916,,,
15,483,0.9820442199707031,0.9243037700653076,0.17572134733200073,,,
15,484,0.9722232818603516,0.7639765739440918,0.45471394062042236,,,
15,485,0.9850482940673828,0.9418737292289734,0.14461910724639893,,,
15,486,0.9883832931518555,0.946982204914093,0.16593706607818604,,,
15,487,0.9855575561523438,0.870775043964386,0.38806450366973877,,,
15,488,0.9794187545776367,0.9105228185653687,0.190660297870636,,,
15,489,0.9835786819458008,0.8896607160568237,0.29670125246047974,,,
15,490,0.9837942123413086,0.9468079209327698,0.11728787422180176,,,
15,491,0.9799003601074219,0.8243769407272339,0.41133588552474976,,,
15,492,0.9838323593139648,0.9355688095092773,0.1518281102180481,,,
15,493,0.9861898422241211,0.9270044565200806,0.20936906337738037,,,
15,494,0.9846820831298828,0.9131957292556763,0.23752617835998535,,,
15,495,0.9843521118164062,0.9135826826095581,0.23274129629135132,,,
15,495,,,,0.9546873569488525,0.8408388495445251,0.28784263134002686
16,496,0.9825878143310547,0.8993728160858154,0.2547193169593811,,,
16,497,0.9849147796630859,0.940771222114563,0.14431536197662354,,,
16,498,0.9817543029785156,0.8890975713729858,0.2726582884788513,,,
16,499,0.9822444915771484,0.9074523448944092,0.2250807285308838,,,
16,500,0.9860544204711914,0.9531662464141846,0.10998976230621338,,,
16,501,0.980133056640625,0.8908382058143616,0.2459208369255066,,,
16,502,0.9786672592163086,0.8678798675537109,0.29375016689300537,,,
16,503,0.9858722686767578,0.9199433922767639,0.22630846500396729,,,
16,504,0.9832382202148438,0.9232820868492126,0.18265825510025024,,,
16,505,0.9833345413208008,0.8859162926673889,0.29841065406799316,,,
16,506,0.9865484237670898,0.9524325132369995,0.11568135023117065,,,
16,507,0.9902563095092773,0.9623211622238159,0.11755198240280151,,,
16,508,0.98370361328125,0.884696364402771,0.30471694469451904,,,
16,509,0.9857339859008789,0.9203185439109802,0.2209625244140625,,,
16,510,0.9776420593261719,0.8585538268089294,0.29858362674713135,,,
16,511,0.982905387878418,0.9160346984863281,0.19876301288604736,,,
16,512,0.9793272018432617,0.8638960719108582,0.30221307277679443,,,
16,513,0.9823493957519531,0.8671652674674988,0.3304470181465149,,,
16,514,0.987706184387207,0.9359399080276489,0.19162750244140625,,,
16,515,0.9819650650024414,0.9141871929168701,0.19560927152633667,,,
16,516,0.9858865737915039,0.9280980825424194,0.1950245499610901,,,
16,517,0.9845075607299805,0.9186794757843018,0.20960217714309692,,,
16,518,0.9861669540405273,0.9374859929084778,0.1623355746269226,,,
16,519,0.9752511978149414,0.85117107629776,0.29336559772491455,,,
16,520,0.9808015823364258,0.8865264654159546,0.2610280513763428,,,
16,521,0.9856719970703125,0.9333167672157288,0.16996115446090698,,,
16,522,0.9836416244506836,0.9309744238853455,0.1595996618270874,,,
16,523,0.9848546981811523,0.9406712651252747,0.13530176877975464,,,
16,524,0.9831838607788086,0.9028147459030151,0.23840481042861938,,,
16,525,0.9788742065429688,0.8888219594955444,0.2329961061477661,,,
16,526,0.9879977107048035,0.9488600492477417,0.1387917399406433,,,
16,526,,,,0.9532110691070557,0.8366753458976746,0.2848209738731384
17,527,0.9867343902587891,0.9288254380226135,0.1994684934616089,,,
17,528,0.9865856170654297,0.9379953742027283,0.16354405879974365,,,
17,529,0.986729621887207,0.9556105136871338,0.10149210691452026,,,
17,530,0.9795818328857422,0.8982114791870117,0.21331095695495605,,,
17,531,0.9857912063598633,0.9336817264556885,0.1674526333808899,,,
17,532,0.98626708984375,0.9519638419151306,0.10875660181045532,,,
17,533,0.9841213226318359,0.9303262829780579,0.1606653928756714,,,
17,534,0.9865407943725586,0.9285403490066528,0.19374990463256836,,,
17,535,0.9813385009765625,0.9208827018737793,0.16451454162597656,,,
17,536,0.9863758087158203,0.93864905834198,0.156044602394104,,,
17,537,0.9835405349731445,0.8880906105041504,0.2802315950393677,,,
17,538,0.9851799011230469,0.900166392326355,0.26929575204849243,,,
17,539,0.9853811264038086,0.8916494846343994,0.2959103584289551,,,
17,540,0.9809389114379883,0.8663264513015747,0.30793285369873047,,,
17,541,0.9785804748535156,0.8701463937759399,0.2701987028121948,,,
17,542,0.9813289642333984,0.9068849682807922,0.20094609260559082,,,
17,543,0.9838762283325195,0.8871889114379883,0.28611141443252563,,,
17,544,0.9843463897705078,0.9239645600318909,0.1788126826286316,,,
17,545,0.9847984313964844,0.9223892688751221,0.19109296798706055,,,
17,546,0.9811029434204102,0.9040942192077637,0.21051985025405884,,,
17,547,0.9855737686157227,0.9395164251327515,0.14180099964141846,,,
17,548,0.9854459762573242,0.8613883852958679,0.374332070350647,,,
17,549,0.9785528182983398,0.8714657425880432,0.2631016969680786,,,
17,550,0.9795045852661133,0.825350284576416,0.37793320417404175,,,
17,551,0.9851112365722656,0.9515421390533447,0.09778493642807007,,,
17,552,0.9808235168457031,0.8207731246948242,0.4051514267921448,,,
17,553,0.9850807189941406,0.8940947651863098,0.2798522114753723,,,
17,554,0.9835624694824219,0.9237679243087769,0.17061400413513184,,,
17,555,0.9858999252319336,0.9393191933631897,0.14261168241500854,,,
17,556,0.9854135513305664,0.9476013779640198,0.1114192008972168,,,
17,557,0.9863560795783997,0.9383931756019592,0.15064287185668945,,,
17,557,,,,0.9533945918083191,0.8376834392547607,0.27633169293403625
18,558,0.9805088043212891,0.829497218132019,0.37622594833374023,,,
18,559,0.9842958450317383,0.8891931772232056,0.2822563052177429,,,
18,560,0.9846973419189453,0.8978768587112427,0.2607164978981018,,,
18,561,0.9824752807617188,0.8913671970367432,0.24853116273880005,,,
18,562,0.9871034622192383,0.9243955016136169,0.20764130353927612,,,
18,563,0.9863672256469727,0.938126802444458,0.1509605050086975,,,
18,564,0.9880533218383789,0.9222017526626587,0.23086631298065186,,,
18,565,0.9885463714599609,0.9575367569923401,0.10431456565856934,,,
18,566,0.9886989593505859,0.952700674533844,0.12521028518676758,,,
18,567,0.9844417572021484,0.9425856471061707,0.11855804920196533,,,
18,568,0.9843559265136719,0.9270511865615845,0.16302329301834106,,,
18,569,0.9844636917114258,0.9324563145637512,0.1496962308883667,,,
18,570,0.9894943237304688,0.9487727880477905,0.14938509464263916,,,
18,571,0.9868955612182617,0.9353908896446228,0.16440469026565552,,,
18,572,0.9815158843994141,0.8112002015113831,0.4200451374053955,,,
18,573,0.980870246887207,0.9145600199699402,0.16981804370880127,,,
18,574,0.9840431213378906,0.9041547179222107,0.22750282287597656,,,
18,575,0.9861173629760742,0.921708345413208,0.1990644931793213,,,
18,576,0.9861783981323242,0.9139610528945923,0.22438198328018188,,,
18,577,0.9866189956665039,0.9414230585098267,0.1386268138885498,,,
18,578,0.9854106903076172,0.9073998928070068,0.23254621028900146,,,
18,579,0.9866113662719727,0.9542737603187561,0.09641051292419434,,,
18,580,0.9779300689697266,0.9050264954566956,0.17169654369354248,,,
18,581,0.9819068908691406,0.8532442450523376,0.33176589012145996,,,
18,582,0.9810829162597656,0.9251025319099426,0.14150255918502808,,,
18,583,0.9853048324584961,0.924686849117279,0.1773984432220459,,,
18,584,0.9798593521118164,0.8561062216758728,0.30114805698394775,,,
18,585,0.9818410873413086,0.9100129008293152,0.18606632947921753,,,
18,586,0.9868440628051758,0.9338156580924988,0.16396361589431763,,,
18,587,0.9858779907226562,0.9371709227561951,0.14275193214416504,,,
18,588,0.9892374873161316,0.9609905481338501,0.09432315826416016,,,
18,588,,,,0.9529864192008972,0.8372105956077576,0.2711678743362427
19,589,0.9814138412475586,0.9280479550361633,0.13280534744262695,,,
19,590,0.9876441955566406,0.9374402165412903,0.16404521465301514,,,
19,591,0.9840850830078125,0.9146280288696289,0.1928786039352417,,,
19,592,0.9890155792236328,0.9399478435516357,0.17096823453903198,,,
19,593,0.986454963684082,0.9181821942329407,0.21037793159484863,,,
19,594,0.9904451370239258,0.9605627059936523,0.10792034864425659,,,
19,595,0.9842033386230469,0.9128472208976746,0.19793659448623657,,,
19,596,0.9854879379272461,0.913282573223114,0.21121865510940552,,,
19,597,0.9790687561035156,0.8573359847068787,0.286435604095459,,,
19,598,0.9861240386962891,0.9233900308609009,0.1852027177810669,,,
19,599,0.9807529449462891,0.9122029542922974,0.16684091091156006,,,
19,600,0.9823617935180664,0.919032871723175,0.16272199153900146,,,
19,601,0.9818935394287109,0.8620874881744385,0.3026490807533264,,,
19,602,0.9853391647338867,0.8967000246047974,0.25727730989456177,,,
19,603,0.9881677627563477,0.9397215247154236,0.15761566162109375,,,
19,604,0.9817686080932617,0.8622575402259827,0.2991217374801636,,,
19,605,0.9892854690551758,0.9615139365196228,0.08991700410842896,,,
19,606,0.9848012924194336,0.9074549674987793,0.21781933307647705,,,
19,607,0.987339973449707,0.9527100324630737,0.10352897644042969,,,
19,608,0.9882698059082031,0.9436286687850952,0.1424546241760254,,,
19,609,0.9867572784423828,0.9438937902450562,0.12495148181915283,,,
19,610,0.9774856567382812,0.9204354286193848,0.12883025407791138,,,
19,611,0.9849872589111328,0.8973325490951538,0.24551808834075928,,,
19,612,0.9855899810791016,0.930932343006134,0.1526625156402588,,,
19,613,0.9870805740356445,0.956078290939331,0.08899331092834473,,,
19,614,0.9856433868408203,0.8866142630577087,0.28508055210113525,,,
19,615,0.9838972091674805,0.9429528117179871,0.10506916046142578,,,
19,616,0.9880456924438477,0.9121903777122498,0.24553459882736206,,,
19,617,0.9853916168212891,0.920533299446106,0.18239259719848633,,,
19,618,0.9779815673828125,0.8437751531600952,0.2986813187599182,,,
19,619,0.9830055236816406,0.8770299553871155,0.27237188816070557,,,
19,619,,,,0.9518466591835022,0.8312438130378723,0.276187926530838
20,620,0.9814977645874023,0.9367231726646423,0.10838454961776733,,,
20,621,0.9808902740478516,0.882030189037323,0.23692435026168823,,,
20,622,0.9823932647705078,0.8944129347801208,0.22597002983093262,,,
20,623,0.9867496490478516,0.9521567821502686,0.09807145595550537,,,
20,624,0.9868669509887695,0.9102895855903625,0.23008579015731812,,,
20,625,0.9840803146362305,0.9303244948387146,0.13982486724853516,,,
20,626,0.9799737930297852,0.7907570004463196,0.42563527822494507,,,
20,627,0.9764003753662109,0.6945315599441528,0.5439398288726807,,,
20,628,0.9905738830566406,0.9563124775886536,0.12110865116119385,,,
20,629,0.9845285415649414,0.9369941353797913,0.12613332271575928,,,
20,630,0.9802312850952148,0.8941377401351929,0.20124214887619019,,,
20,631,0.9808721542358398,0.8580718636512756,0.29360413551330566,,,
20,632,0.98870849609375,0.9160682559013367,0.2377745509147644,,,
20,633,0.9832353591918945,0.9122756123542786,0.18138694763183594,,,
20,634,0.9800453186035156,0.8775622248649597,0.23900657892227173,,,
20,635,0.9880161285400391,0.9528083801269531,0.10392928123474121,,,
20,636,0.984257698059082,0.9417444467544556,0.10743695497512817,,,
20,637,0.9826517105102539,0.9373984932899475,0.10855752229690552,,,
20,638,0.9852809906005859,0.9437052011489868,0.1086277961730957,,,
20,639,0.9838285446166992,0.930975079536438,0.13438504934310913,,,
20,640,0.9861278533935547,0.9107158184051514,0.21255677938461304,,,
20,641,0.9848728179931641,0.9368208646774292,0.12504160404205322,,,
20,642,0.986079216003418,0.9249125719070435,0.17277437448501587,,,
20,643,0.9836854934692383,0.9023417234420776,0.209783673286438,,,
20,644,0.9852495193481445,0.9272473454475403,0.15532755851745605,,,
20,645,0.9802894592285156,0.7796964049339294,0.43344414234161377,,,
20,646,0.9839906692504883,0.9083208441734314,0.19378811120986938,,,
20,647,0.9887704849243164,0.9570642709732056,0.09359520673751831,,,
20,648,0.9833831787109375,0.918293833732605,0.16343474388122559,,,
20,649,0.9846630096435547,0.9221546053886414,0.1631881594657898,,,
20,650,0.9864158630371094,0.9270491003990173,0.16491836309432983,,,
20,650,,,,0.9165005087852478,0.6917694807052612,0.4055370092391968
21,651,0.9847602844238281,0.9219806790351868,0.16244173049926758,,,
21,652,0.9794921875,0.8262878656387329,0.3350117802619934,,,
21,653,0.988250732421875,0.9454768300056458,0.12660002708435059,,,
21,654,0.9853878021240234,0.9272835850715637,0.15333741903305054,,,
21,655,0.9814996719360352,0.9107452034950256,0.16488993167877197,,,
21,656,0.9853429794311523,0.8947134017944336,0.24303489923477173,,,
21,657,0.9878635406494141,0.9496544599533081,0.10902810096740723,,,
21,658,0.9849720001220703,0.8963078260421753,0.2344915270805359,,,
21,659,0.9849863052368164,0.9472516775131226,0.09487611055374146,,,
21,660,0.9856691360473633,0.9027944803237915,0.22450971603393555,,,
21,661,0.9873800277709961,0.9290752410888672,0.1689808964729309,,,
21,662,0.9810686111450195,0.8771588802337646,0.23957163095474243,,,
21,663,0.9813289642333984,0.9314135313034058,0.11480307579040527,,,
21,664,0.9855051040649414,0.9487603902816772,0.09516733884811401,,,
21,665,0.9849863052368164,0.9241389036178589,0.15764474868774414,,,
21,666,0.9834203720092773,0.8584882616996765,0.30635368824005127,,,
21,667,0.9854774475097656,0.8998210430145264,0.2270653247833252,,,
21,668,0.9883298873901367,0.9364730715751648,0.15588653087615967,,,
21,669,0.9851236343383789,0.9253325462341309,0.15578854084014893,,,
21,670,0.9844589233398438,0.9381975531578064,0.11377280950546265,,,
21,671,0.9882402420043945,0.9164922833442688,0.21647697687149048,,,
21,672,0.9853982925415039,0.9260152578353882,0.15252834558486938,,,
21,673,0.9856472015380859,0.9438115954399109,0.10613787174224854,,,
21,674,0.9808073043823242,0.8543545007705688,0.28389889001846313,,,
21,675,0.9873847961425781,0.9541248679161072,0.08949899673461914,,,
21,676,0.9879064559936523,0.9442671537399292,0.12340092658996582,,,
21,677,0.983917236328125,0.9142274260520935,0.17224770784378052,,,
21,678,0.9854545593261719,0.9431739449501038,0.106131911277771,,,
21,679,0.9881906509399414,0.941020667552948,0.13665038347244263,,,
21,680,0.9818906784057617,0.845201313495636,0.3148046135902405,,,
21,681,0.9894549250602722,0.9485976099967957,0.12452775239944458,,,
21,681,,,,0.9495522975921631,0.825910747051239,0.2694205939769745
22,682,0.9827613830566406,0.9097801446914673,0.17340075969696045,,,
22,683,0.989497184753418,0.9649848341941833,0.07109880447387695,,,
22,684,0.9876117706298828,0.9317837953567505,0.15602219104766846,,,
22,685,0.9874067306518555,0.9474782943725586,0.10747218132019043,,,
22,686,0.9861822128295898,0.9428055882453918,0.1107831597328186,,,
22,687,0.9864625930786133,0.9349667429924011,0.1360124945640564,,,
22,688,0.9864940643310547,0.9328652620315552,0.14210420846939087,,,
22,689,0.9854221343994141,0.9311639666557312,0.13656538724899292,,,
22,690,0.9852638244628906,0.9387450218200684,0.11572372913360596,,,
22,691,0.9838857650756836,0.8730951547622681,0.26927345991134644,,,
22,692,0.9842109680175781,0.9239469170570374,0.14581286907196045,,,
22,693,0.9902257919311523,0.9393525123596191,0.16743719577789307,,,
22,694,0.9869451522827148,0.8955867290496826,0.2522108554840088,,,
22,695,0.9877243041992188,0.9496467709541321,0.10262304544448853,,,
22,696,0.9885311126708984,0.9301491975784302,0.1715218424797058,,,
22,697,0.9863805770874023,0.9063694477081299,0.215246319770813,,,
22,698,0.9825115203857422,0.9442219138145447,0.08926165103912354,,,
22,699,0.9895868301391602,0.911541223526001,0.24495452642440796,,,
22,700,0.9841394424438477,0.9321750998497009,0.12372958660125732,,,
22,701,0.9858016967773438,0.927619218826294,0.14799976348876953,,,
22,702,0.9883508682250977,0.9461122751235962,0.11763745546340942,,,
22,703,0.9887685775756836,0.9458399415016174,0.12327408790588379,,,
22,704,0.9856061935424805,0.9190728068351746,0.16772443056106567,,,
22,705,0.9833593368530273,0.8872730731964111,0.22632980346679688,,,
22,706,0.9847173690795898,0.9127539992332458,0.1800997257232666,,,
22,707,0.9736671447753906,0.7780385613441467,0.36459892988204956,,,
22,708,0.9866294860839844,0.9018200635910034,0.22693145275115967,,,
22,709,0.9866294860839844,0.931354284286499,0.14241266250610352,,,
22,710,0.9844970703125,0.9122601747512817,0.17417842149734497,,,
22,711,0.9889097213745117,0.958552360534668,0.08373486995697021,,,
22,712,0.9821281433105469,0.8906872272491455,0.20592337846755981,,,
22,712,,,,0.9519038796424866,0.8305751085281372,0.2642829716205597
23,713,0.9886837005615234,0.8532416224479675,0.38780826330184937,,,
23,714,0.9804286956787109,0.9332331418991089,0.1012687087059021,,,
23,715,0.9852781295776367,0.8837618827819824,0.25531941652297974,,,
23,716,0.9854316711425781,0.9503056406974792,0.08375918865203857,,,
23,717,0.9860057830810547,0.9330819249153137,0.1304464340209961,,,
23,718,0.9858694076538086,0.9339346885681152,0.12724655866622925,,,
23,719,0.9853639602661133,0.8956986665725708,0.22355389595031738,,,
23,720,0.9864540100097656,0.9382888078689575,0.12121260166168213,,,
23,721,0.9890470504760742,0.9355307817459106,0.155520498752594,,,
23,722,0.9857521057128906,0.8857230544090271,0.2545613646507263,,,
23,723,0.9809103012084961,0.9131184220314026,0.14659595489501953,,,
23,724,0.9872055053710938,0.9017754793167114,0.22836333513259888,,,
23,725,0.9822263717651367,0.8841285109519958,0.2189074158668518,,,
23,726,0.9804811477661133,0.8383090496063232,0.2970123887062073,,,
23,727,0.9888792037963867,0.9290848970413208,0.17276471853256226,,,
23,728,0.9821176528930664,0.9013795852661133,0.1783091425895691,,,
23,729,0.9880027770996094,0.9213351607322693,0.1845950484275818,,,
23,730,0.9912862777709961,0.9698762893676758,0.06373047828674316,,,
23,731,0.9890823364257812,0.952069103717804,0.10187190771102905,,,
23,732,0.9771080017089844,0.7909496426582336,0.3575848340988159,,,
23,733,0.980198860168457,0.8901067972183228,0.1929934024810791,,,
23,734,0.9893856048583984,0.9442625045776367,0.1299741268157959,,,
23,735,0.9853763580322266,0.9476540684700012,0.08923482894897461,,,
23,736,0.9877548217773438,0.9545459151268005,0.08437871932983398,,,
23,737,0.9820308685302734,0.9087138772010803,0.15959811210632324,,,
23,738,0.9855928421020508,0.9514075517654419,0.08188223838806152,,,
23,739,0.9876232147216797,0.9402326345443726,0.12163323163986206,,,
23,740,0.9895801544189453,0.9320881366729736,0.1692061424255371,,,
23,741,0.9873256683349609,0.9445367455482483,0.10923737287521362,,,
23,742,0.9869108200073242,0.9392841458320618,0.11851376295089722,,,
23,743,0.9828274846076965,0.9166234731674194,0.14514273405075073,,,
23,743,,,,0.9528202414512634,0.8343475461006165,0.2574363350868225
24,744,0.9878044128417969,0.9449666142463684,0.11103546619415283,,,
24,745,0.9823923110961914,0.9308618307113647,0.11146289110183716,,,
24,746,0.9856843948364258,0.872736394405365,0.27722781896591187,,,
24,747,0.9862995147705078,0.9324772953987122,0.13061624765396118,,,
24,748,0.9769649505615234,0.8776907324790955,0.19374901056289673,,,
24,749,0.9864997863769531,0.9210582375526428,0.16521263122558594,,,
24,750,0.986541748046875,0.895283579826355,0.2326696515083313,,,
24,751,0.9891777038574219,0.9316459894180298,0.16251975297927856,,,
24,752,0.9861679077148438,0.903028666973114,0.20954489707946777,,,
24,753,0.9849224090576172,0.9402121305465698,0.10153132677078247,,,
24,754,0.9854259490966797,0.8845019936561584,0.24223440885543823,,,
24,755,0.9834585189819336,0.8977106809616089,0.19165807962417603,,,
24,756,0.9867763519287109,0.8811672329902649,0.26618099212646484,,,
24,757,0.9859447479248047,0.936226487159729,0.11869823932647705,,,
24,758,0.9874334335327148,0.965673565864563,0.059604644775390625,,,
24,759,0.9861946105957031,0.8517517447471619,0.3275411128997803,,,
24,760,0.9888420104980469,0.9485605955123901,0.10589313507080078,,,
24,761,0.9878597259521484,0.9484398365020752,0.10005718469619751,,,
24,762,0.9880990982055664,0.9472905993461609,0.10348320007324219,,,
24,763,0.9875717163085938,0.9340432286262512,0.13576483726501465,,,
24,764,0.9838504791259766,0.930183470249176,0.118111252784729,,,
24,765,0.9874706268310547,0.9511525630950928,0.0882144570350647,,,
24,766,0.9874973297119141,0.9371609091758728,0.1259039044380188,,,
24,767,0.9853715896606445,0.8745132088661194,0.26533520221710205,,,
24,768,0.9903335571289062,0.953399658203125,0.10444408655166626,,,
24,769,0.9889078140258789,0.9311322569847107,0.15796005725860596,,,
24,770,0.9900083541870117,0.9527807831764221,0.10234791040420532,,,
24,771,0.9888591766357422,0.9210270047187805,0.1852412223815918,,,
24,772,0.9878168106079102,0.9528166055679321,0.08523482084274292,,,
24,773,0.9895505905151367,0.9468173980712891,0.11807698011398315,,,
24,774,0.9785804748535156,0.9259436726570129,0.11047285795211792,,,
24,774,,,,0.9530127048492432,0.8357328772544861,0.25609758496284485
25,775,0.9767360687255859,0.7360013723373413,0.45193690061569214,,,
25,776,0.985142707824707,0.9197115898132324,0.15130466222763062,,,
25,777,0.9865446090698242,0.9272019267082214,0.1452595591545105,,,
25,778,0.9868173599243164,0.9588122963905334,0.06807219982147217,,,
25,779,0.982701301574707,0.8900253176689148,0.20052599906921387,,,
25,780,0.9850139617919922,0.9412949085235596,0.09659159183502197,,,
25,781,0.9863548278808594,0.9241088032722473,0.15104258060455322,,,
25,782,0.981501579284668,0.9140432476997375,0.14101552963256836,,,
25,783,0.9881343841552734,0.9389145970344543,0.12550568580627441,,,
25,784,0.9853973388671875,0.9176287055015564,0.15645503997802734,,,
25,785,0.9798173904418945,0.862733006477356,0.23419392108917236,,,
25,786,0.9868640899658203,0.9201205968856812,0.1655939221382141,,,
25,787,0.9827251434326172,0.9361112117767334,0.0975084900856018,,,
25,788,0.9881782531738281,0.930368959903717,0.14846813678741455,,,
25,789,0.9871463775634766,0.927825927734375,0.14680099487304688,,,
25,790,0.9866485595703125,0.9076078534126282,0.19459062814712524,,,
25,791,0.9862918853759766,0.8935188055038452,0.22277724742889404,,,
25,792,0.9831619262695312,0.9163123369216919,0.1431480050086975,,,
25,793,0.9855337142944336,0.8994964361190796,0.20146262645721436,,,
25,794,0.9850502014160156,0.9515056014060974,0.07426512241363525,,,
25,795,0.9830389022827148,0.9151191711425781,0.14410793781280518,,,
25,796,0.9823846817016602,0.9127590656280518,0.1439574956893921,,,
25,797,0.987736701965332,0.933845043182373,0.13242894411087036,,,
25,798,0.9845457077026367,0.9514881372451782,0.07357430458068848,,,
25,799,0.9887762069702148,0.9348317384719849,0.14096438884735107,,,
25,800,0.9818830490112305,0.847577691078186,0.2782675623893738,,,
25,801,0.9836940765380859,0.9195747971534729,0.13785314559936523,,,
25,802,0.9841365814208984,0.9042972326278687,0.17498642206192017,,,
25,803,0.9836063385009766,0.9373483061790466,0.09712892770767212,,,
25,804,0.989048957824707,0.9392845034599304,0.1276862621307373,,,
25,805,0.9850171208381653,0.9313085079193115,0.11992335319519043,,,
25,805,,,,0.9534212946891785,0.8360310196876526,0.2525598108768463
26,806,0.9859495162963867,0.9130046963691711,0.16821813583374023,,,
26,807,0.9862909317016602,0.9318807721138,0.12391656637191772,,,
26,808,0.9756002426147461,0.7582215070724487,0.38269346952438354,,,
26,809,0.9843435287475586,0.9053087830543518,0.1713002324104309,,,
26,810,0.9860029220581055,0.8972220420837402,0.20825427770614624,,,
26,811,0.9813880920410156,0.938758373260498,0.08528882265090942,,,
26,812,0.9803018569946289,0.8520489931106567,0.25398337841033936,,,
26,813,0.9868698120117188,0.9566125869750977,0.06990844011306763,,,
26,814,0.9868831634521484,0.9202018976211548,0.15828067064285278,,,
26,815,0.9872245788574219,0.9502569437026978,0.08468127250671387,,,
26,816,0.9874210357666016,0.9469189643859863,0.09290629625320435,,,
26,817,0.9854412078857422,0.8802816867828369,0.24261271953582764,,,
26,818,0.9869785308837891,0.9426386952400208,0.10123085975646973,,,
26,819,0.9847421646118164,0.9092656970024109,0.16527432203292847,,,
26,820,0.9794940948486328,0.9078792333602905,0.13646090030670166,,,
26,821,0.9874458312988281,0.8934831023216248,0.22842276096343994,,,
26,822,0.9885683059692383,0.9278573989868164,0.15285968780517578,,,
26,823,0.9803428649902344,0.9421892762184143,0.079376220703125,,,
26,824,0.9896678924560547,0.9440259337425232,0.11854451894760132,,,
26,825,0.9825582504272461,0.9351706504821777,0.09495913982391357,,,
26,826,0.9755306243896484,0.8559097647666931,0.21530252695083618,,,
26,827,0.9808244705200195,0.9007904529571533,0.15465468168258667,,,
26,828,0.9887447357177734,0.9523078203201294,0.08704966306686401,,,
26,829,0.9873247146606445,0.9355575442314148,0.11956071853637695,,,
26,830,0.9871110916137695,0.9088136553764343,0.18599998950958252,,,
26,831,0.98284912109375,0.8295048475265503,0.3120197653770447,,,
26,832,0.9841928482055664,0.9437962174415588,0.08335298299789429,,,
26,833,0.9876012802124023,0.9344945549964905,0.12481510639190674,,,
26,834,0.9878015518188477,0.9255254864692688,0.14948970079421997,,,
26,835,0.9854907989501953,0.9271356463432312,0.1279851198196411,,,
26,836,0.98614501953125,0.9282974004745483,0.1295807957649231,,,
26,836,,,,0.9533064365386963,0.8331189751625061,0.2601850926876068
27,837,0.9872827529907227,0.9490343928337097,0.08541983366012573,,,
27,838,0.9928436279296875,0.9458242058753967,0.1595556139945984,,,
27,839,0.9864845275878906,0.9051100611686707,0.18681102991104126,,,
27,840,0.9849882125854492,0.8782344460487366,0.23407238721847534,,,
27,841,0.9853668212890625,0.9523584842681885,0.07015782594680786,,,
27,842,0.9833059310913086,0.9142352938652039,0.14161115884780884,,,
27,843,0.9855737686157227,0.9145811200141907,0.15485072135925293,,,
27,844,0.9900856018066406,0.9644119143486023,0.06299769878387451,,,
27,845,0.98260498046875,0.8597904443740845,0.24678105115890503,,,
27,846,0.9862308502197266,0.9424184560775757,0.09518581628799438,,,
27,847,0.986424446105957,0.913138747215271,0.16455692052841187,,,
27,848,0.9833040237426758,0.816301703453064,0.33507204055786133,,,
27,849,0.9925661087036133,0.9588912725448608,0.10226994752883911,,,
27,850,0.9855976104736328,0.9319297671318054,0.1137768030166626,,,
27,851,0.9837961196899414,0.8870774507522583,0.20166897773742676,,,
27,852,0.9862861633300781,0.9382586479187012,0.10398107767105103,,,
27,853,0.9833221435546875,0.9187130331993103,0.1310299038887024,,,
27,854,0.9844636917114258,0.9229470491409302,0.12778037786483765,,,
27,855,0.9904441833496094,0.959647536277771,0.0780600905418396,,,
27,856,0.9829950332641602,0.9195635318756104,0.12586361169815063,,,
27,857,0.9858217239379883,0.8863344192504883,0.21917754411697388,,,
27,858,0.9751510620117188,0.8797011971473694,0.16771310567855835,,,
27,859,0.9887685775756836,0.9457573294639587,0.10157066583633423,,,
27,860,0.9910764694213867,0.9696207046508789,0.05530357360839844,,,
27,861,0.9882469177246094,0.9522773027420044,0.08167111873626709,,,
27,862,0.9803667068481445,0.9020305871963501,0.15023702383041382,,,
27,863,0.9847335815429688,0.9266068339347839,0.12054616212844849,,,
27,864,0.9864101409912109,0.8756023645401001,0.25031328201293945,,,
27,865,0.9890060424804688,0.9629449844360352,0.06243908405303955,,,
27,866,0.9849233627319336,0.8494939804077148,0.2844199538230896,,,
27,867,0.9843902587890625,0.9268227219581604,0.11663252115249634,,,
27,867,,,,0.9515669345855713,0.8327987790107727,0.24975687265396118
28,868,0.9860963821411133,0.9299234747886658,0.12067973613739014,,,
28,869,0.9850988388061523,0.902194619178772,0.17447876930236816,,,
28,870,0.9891853332519531,0.9551814198493958,0.08010107278823853,,,
28,871,0.9856472015380859,0.8145912289619446,0.36902880668640137,,,
28,872,0.985931396484375,0.9150108098983765,0.15584427118301392,,,
28,873,0.9861383438110352,0.945678174495697,0.08450824022293091,,,
28,874,0.9882144927978516,0.9456585645675659,0.09601795673370361,,,
28,875,0.9781856536865234,0.9177078604698181,0.11085474491119385,,,
28,876,0.9887208938598633,0.9325655102729797,0.13295602798461914,,,
28,877,0.9870986938476562,0.9570358395576477,0.06550031900405884,,,
28,878,0.9844379425048828,0.8982604742050171,0.1756330132484436,,,
28,879,0.9886741638183594,0.9463165998458862,0.09657949209213257,,,
28,880,0.986846923828125,0.8908575773239136,0.2177106738090515,,,
28,881,0.9860286712646484,0.9119903445243835,0.15960562229156494,,,
28,882,0.9857730865478516,0.9554113149642944,0.06403625011444092,,,
28,883,0.9873762130737305,0.9438560605049133,0.09538668394088745,,,
28,884,0.9847517013549805,0.9171683192253113,0.13728547096252441,,,
28,885,0.9818925857543945,0.8873783349990845,0.18204641342163086,,,
28,886,0.9861965179443359,0.9613447189331055,0.05780833959579468,,,
28,887,0.9850320816040039,0.8754097819328308,0.22850441932678223,,,
28,888,0.9869470596313477,0.9509245157241821,0.07720077037811279,,,
28,889,0.9873514175415039,0.9334360361099243,0.11838191747665405,,,
28,890,0.9894943237304688,0.9192765951156616,0.17595332860946655,,,
28,891,0.9881153106689453,0.9412424564361572,0.10566645860671997,,,
28,892,0.9883489608764648,0.932891309261322,0.12851977348327637,,,
28,893,0.9898433685302734,0.9600483179092407,0.06952393054962158,,,
28,894,0.9873571395874023,0.8930240273475647,0.21494156122207642,,,
28,895,0.985163688659668,0.8823818564414978,0.2188282608985901,,,
28,896,0.98529052734375,0.9142544269561768,0.1476476788520813,,,
28,897,0.9889669418334961,0.9179561734199524,0.17170655727386475,,,
28,898,0.9825693964958191,0.9007350206375122,0.15746188163757324,,,
28,898,,,,0.9555214643478394,0.8424366116523743,0.24237291514873505
29,899,0.9835119247436523,0.8827824592590332,0.19996637105941772,,,
29,900,0.9893970489501953,0.9227310419082642,0.16522598266601562,,,
29,901,0.9866571426391602,0.9465157389640808,0.08455228805541992,,,
29,902,0.9836435317993164,0.8743000626564026,0.21515196561813354,,,
29,903,0.9867334365844727,0.9555116891860962,0.06710970401763916,,,
29,904,0.9874343872070312,0.9354579448699951,0.11309987306594849,,,
29,905,0.9878768920898438,0.9260810017585754,0.13918763399124146,,,
29,906,0.9863290786743164,0.9383040070533752,0.09971249103546143,,,
29,907,0.9884119033813477,0.9607388973236084,0.06006211042404175,,,
29,908,0.9891567230224609,0.9417553544044495,0.11163341999053955,,,
29,909,0.9904451370239258,0.9097021222114563,0.21052098274230957,,,
29,910,0.9899530410766602,0.9542123675346375,0.0843999981880188,,,
29,911,0.9875564575195312,0.9380495548248291,0.10682398080825806,,,
29,912,0.9886627197265625,0.9413673877716064,0.10676467418670654,,,
29,913,0.9820261001586914,0.9207653403282166,0.11396479606628418,,,
29,914,0.9889545440673828,0.9307305216789246,0.1365373134613037,,,
29,915,0.9877033233642578,0.9409571886062622,0.10112917423248291,,,
29,916,0.9832134246826172,0.9180612564086914,0.12615960836410522,,,
29,917,0.9874324798583984,0.9358428716659546,0.11240118741989136,,,
29,918,0.9878377914428711,0.9157767295837402,0.16120940446853638,,,
29,919,0.9896879196166992,0.9608560800552368,0.06500118970870972,,,
29,920,0.9860353469848633,0.89012610912323,0.20290523767471313,,,
29,921,0.9882183074951172,0.9210793375968933,0.1522929072380066,,,
29,922,0.990839958190918,0.9395866394042969,0.13142704963684082,,,
29,923,0.983983039855957,0.947181224822998,0.07238858938217163,,,
29,924,0.9824991226196289,0.898468554019928,0.1580066680908203,,,
29,925,0.9892978668212891,0.9306984543800354,0.1397106647491455,,,
29,926,0.9881753921508789,0.9286975264549255,0.13460052013397217,,,
29,927,0.9886541366577148,0.9591649770736694,0.06413477659225464,,,
29,928,0.9851236343383789,0.9306356310844421,0.10834437608718872,,,
29,929,0.9887199401855469,0.8879528045654297,0.2408921718597412,,,
29,929,,,,0.9535399675369263,0.8373474478721619,0.24325118958950043
30,930,0.9860563278198242,0.9400576949119568,0.09356212615966797,,,
30,931,0.9896392822265625,0.9277980923652649,0.14930737018585205,,,
30,932,0.9858121871948242,0.944865882396698,0.0825580358505249,,,
30,933,0.985997200012207,0.9005661606788635,0.17927849292755127,,,
30,934,0.9799947738647461,0.8673542141914368,0.2025742530822754,,,
30,935,0.9922618865966797,0.9473766088485718,0.12758994102478027,,,
30,936,0.9852504730224609,0.9458189010620117,0.07782924175262451,,,
30,937,0.9893045425415039,0.9213660955429077,0.1604573130607605,,,
30,938,0.9831666946411133,0.9381510615348816,0.08606624603271484,,,
30,939,0.9897308349609375,0.9392801523208618,0.11961287260055542,,,
30,940,0.9843816757202148,0.8185233473777771,0.32472532987594604,,,
30,941,0.9888811111450195,0.9639262557029724,0.05578988790512085,,,
30,942,0.9881868362426758,0.9573696851730347,0.06522434949874878,,,
30,943,0.9876556396484375,0.9447194337844849,0.09027862548828125,,,
30,944,0.9928627014160156,0.9601796269416809,0.09229570627212524,,,
30,945,0.9862298965454102,0.9167243242263794,0.14405834674835205,,,
30,946,0.991455078125,0.963231086730957,0.06852400302886963,,,
30,947,0.9834880828857422,0.8479720950126648,0.2584220767021179,,,
30,948,0.9881973266601562,0.9475582242012024,0.08610743284225464,,,
30,949,0.9872865676879883,0.9132028818130493,0.15895843505859375,,,
30,950,0.9913787841796875,0.940557599067688,0.1308237910270691,,,
30,951,0.9895753860473633,0.913996160030365,0.18107885122299194,,,
30,952,0.9913845062255859,0.9114947319030762,0.2155468463897705,,,
30,953,0.9861421585083008,0.9187263250350952,0.13783413171768188,,,
30,954,0.9872646331787109,0.9331464171409607,0.11102312803268433,,,
30,955,0.9868984222412109,0.9265068769454956,0.12313634157180786,,,
30,956,0.9896516799926758,0.9644186496734619,0.05542641878128052,,,
30,957,0.9887514114379883,0.9639426469802856,0.05393439531326294,,,
30,958,0.9851655960083008,0.9441024661064148,0.08125412464141846,,,
30,959,0.9847002029418945,0.9083283543586731,0.14901912212371826,,,
30,960,0.9799906611442566,0.9054139256477356,0.13202542066574097,,,
30,960,,,,0.9545237421989441,0.8389570116996765,0.24241405725479126
31,961,0.9910058975219727,0.9443082809448242,0.11467337608337402,,,
31,962,0.9868402481079102,0.9210696220397949,0.13599836826324463,,,
31,963,0.9908075332641602,0.9329941272735596,0.14374101161956787,,,
31,964,0.9826126098632812,0.8411431312561035,0.26197052001953125,,,
31,965,0.987269401550293,0.9195232391357422,0.14297157526016235,,,
31,966,0.9869346618652344,0.9366775751113892,0.10227692127227783,,,
31,967,0.9874382019042969,0.8825846910476685,0.224249005317688,,,
31,968,0.9877004623413086,0.9336485266685486,0.11508512496948242,,,
31,969,0.9898519515991211,0.939378559589386,0.11625432968139648,,,
31,970,0.9863166809082031,0.9538333415985107,0.06642019748687744,,,
31,971,0.986598014831543,0.9267683625221252,0.12055420875549316,,,
31,972,0.9879961013793945,0.9220860600471497,0.14071840047836304,,,
31,973,0.9899959564208984,0.938969075679779,0.11952286958694458,,,
31,974,0.9890842437744141,0.9375824928283691,0.11481791734695435,,,
31,975,0.9854631423950195,0.9339972734451294,0.09901595115661621,,,
31,976,0.9866552352905273,0.9240361452102661,0.12586736679077148,,,
31,977,0.9888582229614258,0.9287291765213013,0.1323668360710144,,,
31,978,0.9893121719360352,0.9557984471321106,0.0702548623085022,,,
31,979,0.9892911911010742,0.9103365540504456,0.18163591623306274,,,
31,980,0.9861278533935547,0.9260937571525574,0.1195688247680664,,,
31,981,0.9887609481811523,0.9532298445701599,0.07551121711730957,,,
31,982,0.9871759414672852,0.9088240265846252,0.16207510232925415,,,
31,983,0.9897089004516602,0.9664520621299744,0.05176126956939697,,,
31,984,0.9876689910888672,0.9336013793945312,0.11049395799636841,,,
31,985,0.9894466400146484,0.9573008418083191,0.06900537014007568,,,
31,986,0.9879131317138672,0.9243081212043762,0.13186222314834595,,,
31,987,0.9873933792114258,0.9323427677154541,0.11355441808700562,,,
31,988,0.9838056564331055,0.9520998001098633,0.0621379017829895,,,
31,989,0.9882907867431641,0.9462860226631165,0.08661168813705444,,,
31,990,0.9870834350585938,0.9514238834381104,0.07070070505142212,,,
31,991,0.9845657348632812,0.9312485456466675,0.10152542591094971,,,
31,991,,,,0.9541499018669128,0.8374401330947876,0.24105554819107056
32,992,0.9875659942626953,0.9400129914283752,0.09584695100784302,,,
32,993,0.9944381713867188,0.9773437976837158,0.04749345779418945,,,
32,994,0.9866952896118164,0.8398296236991882,0.3037327527999878,,,
32,995,0.988555908203125,0.949529767036438,0.08086967468261719,,,
32,996,0.9893388748168945,0.9599695205688477,0.06266629695892334,,,
32,997,0.9868402481079102,0.8997275233268738,0.17640721797943115,,,
32,998,0.9852304458618164,0.897068977355957,0.16980046033859253,,,
32,999,0.9861345291137695,0.8951267600059509,0.18545091152191162,,,
32,1000,0.9878911972045898,0.9559956789016724,0.06549263000488281,,,
32,1001,0.9929494857788086,0.9769030213356018,0.03966057300567627,,,
32,1002,0.9921445846557617,0.9551378488540649,0.09342312812805176,,,
32,1003,0.986790657043457,0.9396854043006897,0.09182560443878174,,,
32,1004,0.9874973297119141,0.937013566493988,0.10401654243469238,,,
32,1005,0.9864606857299805,0.9259624481201172,0.12101662158966064,,,
32,1006,0.99072265625,0.9383609294891357,0.12510555982589722,,,
32,1007,0.9871406555175781,0.9295822978019714,0.11411499977111816,,,
32,1008,0.9826259613037109,0.9208632111549377,0.11126714944839478,,,
32,1009,0.9848289489746094,0.8543343544006348,0.24765348434448242,,,
32,1010,0.9835596084594727,0.8670650720596313,0.21468448638916016,,,
32,1011,0.9908533096313477,0.9479146003723145,0.1002606749534607,,,
32,1012,0.9900026321411133,0.9501723051071167,0.08745485544204712,,,
32,1013,0.9850845336914062,0.9285717606544495,0.10535132884979248,,,
32,1014,0.9905767440795898,0.9479160904884338,0.09714144468307495,,,
32,1015,0.9870214462280273,0.9408111572265625,0.0910000205039978,,,
32,1016,0.9868698120117188,0.9581900835037231,0.05828171968460083,,,
32,1017,0.9886903762817383,0.9312979578971863,0.12141120433807373,,,
32,1018,0.9907388687133789,0.9554445147514343,0.07886403799057007,,,
32,1019,0.9882135391235352,0.9236528277397156,0.13444870710372925,,,
32,1020,0.9857091903686523,0.9392020106315613,0.08807814121246338,,,
32,1021,0.9893255233764648,0.9190362095832825,0.15479034185409546,,,
32,1022,0.9822540283203125,0.9156497716903687,0.11816143989562988,,,
32,1022,,,,0.9543533325195312,0.8378393054008484,0.24099761247634888
33,1023,0.9902849197387695,0.9394848346710205,0.11609184741973877,,,
33,1024,0.9867277145385742,0.9388561844825745,0.09369748830795288,,,
33,1025,0.9880199432373047,0.9399731159210205,0.0982939600944519,,,
33,1026,0.9908771514892578,0.9638122916221619,0.05854606628417969,,,
33,1027,0.9873018264770508,0.9385190010070801,0.0954853892326355,,,
33,1028,0.9893703460693359,0.9574833512306213,0.06608790159225464,,,
33,1029,0.9879541397094727,0.9461848735809326,0.08483511209487915,,,
33,1030,0.99127197265625,0.9599819779396057,0.06969308853149414,,,
33,1031,0.9881820678710938,0.9503698348999023,0.07653355598449707,,,
33,1032,0.988123893737793,0.8616287112236023,0.27008312940597534,,,
33,1033,0.9888925552368164,0.915160059928894,0.15731674432754517,,,
33,1034,0.9872608184814453,0.9467770457267761,0.07921749353408813,,,
33,1035,0.9902944564819336,0.9636073112487793,0.055740177631378174,,,
33,1036,0.988194465637207,0.9455779790878296,0.08499914407730103,,,
33,1037,0.9881982803344727,0.9261375069618225,0.12796980142593384,,,
33,1038,0.9894790649414062,0.942197859287262,0.10103946924209595,,,
33,1039,0.9897317886352539,0.9523322582244873,0.07855266332626343,,,
33,1040,0.9883651733398438,0.9487534761428833,0.07928252220153809,,,
33,1041,0.9879188537597656,0.949176549911499,0.07679373025894165,,,
33,1042,0.9876461029052734,0.909652054309845,0.15876543521881104,,,
33,1043,0.9926528930664062,0.9507287740707397,0.10852402448654175,,,
33,1044,0.9861516952514648,0.9423936605453491,0.08433926105499268,,,
33,1045,0.9846620559692383,0.9381710886955261,0.0854528546333313,,,
33,1046,0.9896583557128906,0.932506799697876,0.12585240602493286,,,
33,1047,0.9871120452880859,0.9365941882133484,0.09829342365264893,,,
33,1048,0.98931884765625,0.9102218747138977,0.17602968215942383,,,
33,1049,0.9891386032104492,0.9308886528015137,0.12272518873214722,,,
33,1050,0.9859380722045898,0.8822048902511597,0.20123451948165894,,,
33,1051,0.9861221313476562,0.9261360764503479,0.1136123538017273,,,
33,1052,0.9867572784423828,0.9342671632766724,0.09925311803817749,,,
33,1053,0.9892692565917969,0.9000746011734009,0.19767308235168457,,,
33,1053,,,,0.9534903764724731,0.8374534249305725,0.2385021299123764
34,1054,0.9874782562255859,0.9168729782104492,0.14178234338760376,,,
34,1055,0.9870176315307617,0.9506848454475403,0.06974673271179199,,,
34,1056,0.9906406402587891,0.876290500164032,0.2735540270805359,,,
34,1057,0.9895963668823242,0.9412575364112854,0.1023019552230835,,,
34,1058,0.9878311157226562,0.9361335635185242,0.10366076231002808,,,
34,1059,0.9822711944580078,0.8288717865943909,0.2676851153373718,,,
34,1060,0.9892196655273438,0.9281437397003174,0.13041651248931885,,,
34,1061,0.9915075302124023,0.9600724577903748,0.07081329822540283,,,
34,1062,0.9866981506347656,0.9211081266403198,0.12477564811706543,,,
34,1063,0.988739013671875,0.9583858847618103,0.0602908730506897,,,
34,1064,0.9859619140625,0.9073852896690369,0.14897668361663818,,,
34,1065,0.9877777099609375,0.9272904396057129,0.11979824304580688,,,
34,1066,0.9889230728149414,0.8815858960151672,0.226604163646698,,,
34,1067,0.98358154296875,0.880023717880249,0.18321579694747925,,,
34,1068,0.9894523620605469,0.9550722241401672,0.06989777088165283,,,
34,1069,0.9924898147583008,0.9731315970420837,0.04419165849685669,,,
34,1070,0.9906740188598633,0.9467119574546814,0.09738516807556152,,,
34,1071,0.9850301742553711,0.9355941414833069,0.09073394536972046,,,
34,1072,0.9925575256347656,0.9678192138671875,0.05745589733123779,,,
34,1073,0.9921340942382812,0.9527803659439087,0.09266471862792969,,,
34,1074,0.9893798828125,0.9193084239959717,0.14886093139648438,,,
34,1075,0.9878768920898438,0.9566900134086609,0.06079310178756714,,,
34,1076,0.9879550933837891,0.9234229922294617,0.1271822452545166,,,
34,1077,0.9894504547119141,0.9411122798919678,0.10082828998565674,,,
34,1078,0.9892244338989258,0.948635995388031,0.08274608850479126,,,
34,1079,0.9917392730712891,0.9683957695960999,0.05034881830215454,,,
34,1080,0.9899587631225586,0.9573465585708618,0.06681936979293823,,,
34,1081,0.9864683151245117,0.9119248390197754,0.14263027906417847,,,
34,1082,0.9873456954956055,0.9510733485221863,0.06872564554214478,,,
34,1083,0.9878339767456055,0.9560103416442871,0.06225329637527466,,,
34,1084,0.986230194568634,0.930415153503418,0.1044279932975769,,,
34,1084,,,,0.9523255825042725,0.8348042368888855,0.2353290170431137
35,1085,0.9874286651611328,0.9470187425613403,0.07733899354934692,,,
35,1086,0.9876976013183594,0.9300983548164368,0.11176854372024536,,,
35,1087,0.98321533203125,0.9145589470863342,0.11957204341888428,,,
35,1088,0.9892463684082031,0.9316726326942444,0.11826914548873901,,,
35,1089,0.9880189895629883,0.9534717202186584,0.06574469804763794,,,
35,1090,0.9900331497192383,0.8844133019447327,0.23313617706298828,,,
35,1091,0.9887456893920898,0.9456260204315186,0.08599156141281128,,,
35,1092,0.9904403686523438,0.9274559020996094,0.14172780513763428,,,
35,1093,0.9902172088623047,0.9450377225875854,0.09486067295074463,,,
35,1094,0.9886531829833984,0.9501418471336365,0.07659220695495605,,,
35,1095,0.9849185943603516,0.9361236095428467,0.08694511651992798,,,
35,1096,0.9874334335327148,0.9623763561248779,0.05135685205459595,,,
35,1097,0.9897136688232422,0.9611799120903015,0.057800352573394775,,,
35,1098,0.9895687103271484,0.960712730884552,0.05849003791809082,,,
35,1099,0.9917488098144531,0.9439488649368286,0.11037582159042358,,,
35,1100,0.9910306930541992,0.9164935350418091,0.17249691486358643,,,
35,1101,0.9891433715820312,0.9531983137130737,0.06991326808929443,,,
35,1102,0.9893836975097656,0.9197589755058289,0.14544206857681274,,,
35,1103,0.9896411895751953,0.9392165541648865,0.10439914464950562,,,
35,1104,0.9860515594482422,0.9348925352096558,0.09294021129608154,,,
35,1105,0.9862613677978516,0.9221944808959961,0.11850178241729736,,,
35,1106,0.9892787933349609,0.8481713533401489,0.2929089665412903,,,
35,1107,0.990234375,0.954679012298584,0.07205235958099365,,,
35,1108,0.9877138137817383,0.951836884021759,0.06779611110687256,,,
35,1109,0.9937229156494141,0.9653990268707275,0.07264268398284912,,,
35,1110,0.9866046905517578,0.9485200047492981,0.07114237546920776,,,
35,1111,0.9834556579589844,0.9163241982460022,0.11624306440353394,,,
35,1112,0.9900445938110352,0.9585909843444824,0.0629805326461792,,,
35,1113,0.9878749847412109,0.8842108249664307,0.20470333099365234,,,
35,1114,0.9896364212036133,0.9407615065574646,0.09928333759307861,,,
35,1115,0.9884427189826965,0.9116405844688416,0.15488219261169434,,,
35,1115,,,,0.9540824890136719,0.8372882604598999,0.23726707696914673
36,1116,0.989166259765625,0.9244851469993591,0.13294672966003418,,,
36,1117,0.9866657257080078,0.9029943943023682,0.1567009687423706,,,
36,1118,0.9947481155395508,0.9722697734832764,0.06299322843551636,,,
36,1119,0.9916572570800781,0.9534700512886047,0.0849618911743164,,,
36,1120,0.9841947555541992,0.8988847136497498,0.14824694395065308,,,
36,1121,0.9875755310058594,0.9314008951187134,0.10602855682373047,,,
36,1122,0.9904022216796875,0.9320967793464661,0.1253414750099182,,,
36,1123,0.9870872497558594,0.9470435976982117,0.07380920648574829,,,
36,1124,0.992645263671875,0.93646240234375,0.13912802934646606,,,
36,1125,0.9897680282592773,0.9461349844932556,0.08678919076919556,,,
36,1126,0.9874038696289062,0.9110835790634155,0.14369821548461914,,,
36,1127,0.989649772644043,0.9521599411964417,0.07411646842956543,,,
36,1128,0.9894189834594727,0.9634438753128052,0.05172449350357056,,,
36,1129,0.9869937896728516,0.8830961585044861,0.19566047191619873,,,
36,1130,0.9894990921020508,0.9653692841529846,0.049247562885284424,,,
36,1131,0.9842777252197266,0.932593822479248,0.09003430604934692,,,
36,1132,0.9907608032226562,0.9184381365776062,0.1615651249885559,,,
36,1133,0.9892187118530273,0.9482027888298035,0.08015018701553345,,,
36,1134,0.9867095947265625,0.9498335123062134,0.06768012046813965,,,
36,1135,0.9874773025512695,0.9617037773132324,0.0517539381980896,,,
36,1136,0.9866943359375,0.9306991100311279,0.10293388366699219,,,
36,1137,0.987452507019043,0.9552980065345764,0.060680270195007324,,,
36,1138,0.9895524978637695,0.9364684224128723,0.10679388046264648,,,
36,1139,0.9915676116943359,0.9505212306976318,0.08937633037567139,,,
36,1140,0.9846830368041992,0.8882728815078735,0.16736668348312378,,,
36,1141,0.989776611328125,0.9163897633552551,0.15028470754623413,,,
36,1142,0.988825798034668,0.9356544613838196,0.10363870859146118,,,
36,1143,0.9888315200805664,0.958445131778717,0.05973660945892334,,,
36,1144,0.9862470626831055,0.9051855206489563,0.1473190188407898,,,
36,1145,0.9886283874511719,0.9589275121688843,0.05653911828994751,,,
36,1146,0.9904034733772278,0.9233822822570801,0.14157181978225708,,,
36,1146,,,,0.9529851078987122,0.8358734250068665,0.23559468984603882
37,1147,0.9903345108032227,0.9575363993644714,0.065091073513031,,,
37,1148,0.9847440719604492,0.9477713704109192,0.06707477569580078,,,
37,1149,0.9877920150756836,0.9481509923934937,0.07315295934677124,,,
37,1150,0.9881696701049805,0.9436415433883667,0.0823100209236145,,,
37,1151,0.9898529052734375,0.9620055556297302,0.05407083034515381,,,
37,1152,0.9908285140991211,0.9461078643798828,0.09306937456130981,,,
37,1153,0.9889030456542969,0.9509128928184509,0.07183820009231567,,,
37,1154,0.986699104309082,0.8415311574935913,0.26809632778167725,,,
37,1155,0.9908304214477539,0.9513511657714844,0.08060574531555176,,,
37,1156,0.9875125885009766,0.9077789783477783,0.14860773086547852,,,
37,1157,0.9904928207397461,0.9659101366996765,0.04910600185394287,,,
37,1158,0.9882583618164062,0.9508545994758606,0.06974345445632935,,,
37,1159,0.9868841171264648,0.9483014345169067,0.0699276328086853,,,
37,1160,0.9894123077392578,0.9320924878120422,0.11261463165283203,,,
37,1161,0.9863567352294922,0.935425341129303,0.09208649396896362,,,
37,1162,0.9913139343261719,0.9523876905441284,0.08259493112564087,,,
37,1163,0.9880390167236328,0.9308782815933228,0.1072809100151062,,,
37,1164,0.9890327453613281,0.9151886105537415,0.14702081680297852,,,
37,1165,0.9875707626342773,0.9468643665313721,0.07425159215927124,,,
37,1166,0.988865852355957,0.9010626673698425,0.17539602518081665,,,
37,1167,0.9884328842163086,0.9053072929382324,0.16291147470474243,,,
37,1168,0.9872503280639648,0.9183427691459656,0.12637215852737427,,,
37,1169,0.9857549667358398,0.9206879138946533,0.11688977479934692,,,
37,1170,0.9929780960083008,0.9732031226158142,0.04279518127441406,,,
37,1171,0.9908418655395508,0.9633041620254517,0.05540633201599121,,,
37,1172,0.9901180267333984,0.9394038915634155,0.10243254899978638,,,
37,1173,0.9901037216186523,0.9547393321990967,0.07008904218673706,,,
37,1174,0.9917583465576172,0.9562550187110901,0.07471036911010742,,,
37,1175,0.9860935211181641,0.9101767539978027,0.1342739462852478,,,
37,1176,0.9890708923339844,0.9354002475738525,0.10346651077270508,,,
37,1177,0.9883041381835938,0.8357529044151306,0.28900450468063354,,,
37,1177,,,,0.9537082314491272,0.8350296020507812,0.23951785266399384
38,1178,0.9839468002319336,0.8568440079689026,0.21078336238861084,,,
38,1179,0.986332893371582,0.928209662437439,0.10330289602279663,,,
38,1180,0.9881191253662109,0.9618616700172424,0.05019807815551758,,,
38,1181,0.9897613525390625,0.8988600969314575,0.1856505274772644,,,
38,1182,0.9880046844482422,0.9569491147994995,0.057982802391052246,,,
38,1183,0.9892234802246094,0.9135080575942993,0.1484622359275818,,,
38,1184,0.9884872436523438,0.9446900486946106,0.08238524198532104,,,
38,1185,0.99005126953125,0.933664858341217,0.11312872171401978,,,
38,1186,0.9923849105834961,0.9576668739318848,0.07560223340988159,,,
38,1187,0.9927730560302734,0.9648393392562866,0.060785531997680664,,,
38,1188,0.9874515533447266,0.8924938440322876,0.17483007907867432,,,
38,1189,0.9924688339233398,0.9610651731491089,0.0677226185798645,,,
38,1190,0.9933586120605469,0.9664711952209473,0.06149059534072876,,,
38,1191,0.9881095886230469,0.9544461369514465,0.06106370687484741,,,
38,1192,0.9871435165405273,0.9478150010108948,0.07123839855194092,,,
38,1193,0.9872159957885742,0.8924123048782349,0.1723957061767578,,,
38,1194,0.9907913208007812,0.9581375122070312,0.06560593843460083,,,
38,1195,0.9906835556030273,0.9496710300445557,0.08172518014907837,,,
38,1196,0.9892396926879883,0.956611692905426,0.060963213443756104,,,
38,1197,0.9880952835083008,0.8979463577270508,0.16878145933151245,,,
38,1198,0.9830942153930664,0.945906937122345,0.06594264507293701,,,
38,1199,0.9912023544311523,0.9332687258720398,0.12234097719192505,,,
38,1200,0.9886646270751953,0.8453994393348694,0.27326929569244385,,,
38,1201,0.9887866973876953,0.9582675099372864,0.057492613792419434,,,
38,1202,0.9895362854003906,0.9418005347251892,0.09075355529785156,,,
38,1203,0.9871015548706055,0.8921984434127808,0.17360639572143555,,,
38,1204,0.9857273101806641,0.9369693398475647,0.08377659320831299,,,
38,1205,0.9870271682739258,0.909809410572052,0.1396520733833313,,,
38,1206,0.9860610961914062,0.9475143551826477,0.06775510311126709,,,
38,1207,0.9858102798461914,0.9456998705863953,0.07162636518478394,,,
38,1208,0.9889551997184753,0.9491883516311646,0.07383620738983154,,,
38,1208,,,,0.9504466652870178,0.8276627659797668,0.23820489645004272
39,1209,0.9890289306640625,0.9487181901931763,0.0732874870300293,,,
39,1210,0.9866132736206055,0.9400305151939392,0.08032029867172241,,,
39,1211,0.9862756729125977,0.9478693008422852,0.06811410188674927,,,
39,1212,0.9907426834106445,0.9640243053436279,0.052729666233062744,,,
39,1213,0.98980712890625,0.9643881916999817,0.04875439405441284,,,
39,1214,0.9881057739257812,0.9376820921897888,0.09148401021957397,,,
39,1215,0.9884977340698242,0.8927520513534546,0.18172138929367065,,,
39,1216,0.9874982833862305,0.9117874503135681,0.13586276769638062,,,
39,1217,0.9922990798950195,0.9707622528076172,0.044142723083496094,,,
39,1218,0.9873323440551758,0.9197217226028442,0.12326681613922119,,,
39,1219,0.9868650436401367,0.9451419115066528,0.07374238967895508,,,
39,1220,0.9881181716918945,0.9370585680007935,0.09176146984100342,,,
39,1221,0.9884700775146484,0.9640811681747437,0.047546565532684326,,,
39,1222,0.9898576736450195,0.9473978281021118,0.0808337926864624,,,
39,1223,0.9865636825561523,0.9061721563339233,0.14318686723709106,,,
39,1224,0.9911880493164062,0.951854944229126,0.07866126298904419,,,
39,1225,0.9906787872314453,0.9461920261383057,0.08759462833404541,,,
39,1226,0.9892292022705078,0.9502913951873779,0.07228726148605347,,,
39,1227,0.9883193969726562,0.9013888239860535,0.16316556930541992,,,
39,1228,0.9925575256347656,0.9640845060348511,0.059947669506073,,,
39,1229,0.9883079528808594,0.9269084930419922,0.11231136322021484,,,
39,1230,0.9909296035766602,0.9711355566978455,0.039447128772735596,,,
39,1231,0.9837141036987305,0.7964115142822266,0.30004245042800903,,,
39,1232,0.9803915023803711,0.8896604776382446,0.14278441667556763,,,
39,1233,0.9895038604736328,0.9160231947898865,0.14144092798233032,,,
39,1234,0.9884700775146484,0.9425980448722839,0.08158403635025024,,,
39,1235,0.9876813888549805,0.8980223536491394,0.16031008958816528,,,
39,1236,0.9889326095581055,0.9375870823860168,0.09437704086303711,,,
39,1237,0.99163818359375,0.9627927541732788,0.057021915912628174,,,
39,1238,0.9891643524169922,0.9287005066871643,0.11209487915039062,,,
39,1239,0.985443115234375,0.8875353932380676,0.1637936234474182,,,
39,1239,,,,0.9509251713752747,0.829291045665741,0.23970185220241547
40,1240,0.9896907806396484,0.9492759704589844,0.07597380876541138,,,
40,1241,0.986424446105957,0.9266074299812317,0.10255837440490723,,,
40,1242,0.9880867004394531,0.9522031545639038,0.06446009874343872,,,
40,1243,0.9900522232055664,0.9530411958694458,0.06890177726745605,,,
40,1244,0.989288330078125,0.9038997888565063,0.1621483564376831,,,
40,1245,0.9913129806518555,0.9107861518859863,0.17604899406433105,,,
40,1246,0.9925699234008789,0.957352340221405,0.075600266456604,,,
40,1247,0.9905414581298828,0.9704000353813171,0.041404902935028076,,,
40,1248,0.9889287948608398,0.9486423134803772,0.0715760588645935,,,
40,1249,0.986109733581543,0.9024519324302673,0.13958215713500977,,,
40,1250,0.9900188446044922,0.9507831931114197,0.07323276996612549,,,
40,1251,0.9882173538208008,0.9010531306266785,0.1589064598083496,,,
40,1252,0.9883184432983398,0.9221410751342773,0.12072968482971191,,,
40,1253,0.9912128448486328,0.946641206741333,0.08818435668945312,,,
40,1254,0.9891719818115234,0.899754524230957,0.17014813423156738,,,
40,1255,0.9865074157714844,0.9193437099456787,0.11469298601150513,,,
40,1256,0.9844884872436523,0.9556422829627991,0.052612125873565674,,,
40,1257,0.9881715774536133,0.9439936280250549,0.07881015539169312,,,
40,1258,0.9887752532958984,0.9274701476097107,0.11300134658813477,,,
40,1259,0.9902544021606445,0.9564784169197083,0.0630197525024414,,,
40,1260,0.9852485656738281,0.8931480050086975,0.15001702308654785,,,
40,1261,0.9859485626220703,0.9114543199539185,0.12612974643707275,,,
40,1262,0.9834489822387695,0.917818546295166,0.10699570178985596,,,
40,1263,0.9865732192993164,0.9302650690078735,0.0951007604598999,,,
40,1264,0.9878520965576172,0.956727921962738,0.055048227310180664,,,
40,1265,0.9847230911254883,0.9283031821250916,0.0918235182762146,,,
40,1266,0.9876384735107422,0.9423367977142334,0.07897555828094482,,,
40,1267,0.9881572723388672,0.944757342338562,0.07725745439529419,,,
40,1268,0.9847965240478516,0.9023017883300781,0.13621115684509277,,,
40,1269,0.9919242858886719,0.9621310234069824,0.05855673551559448,,,
40,1270,0.9908167719841003,0.9588712453842163,0.060811758041381836,,,
40,1270,,,,0.9515944719314575,0.8325159549713135,0.23360975086688995
41,1271,0.9912042617797852,0.9449406266212463,0.09161794185638428,,,
41,1272,0.9922523498535156,0.9536677002906799,0.07995784282684326,,,
41,1273,0.9879932403564453,0.9402507543563843,0.08361965417861938,,,
41,1274,0.9930953979492188,0.9679414629936218,0.052692294120788574,,,
41,1275,0.9889163970947266,0.9623904228210449,0.04875701665878296,,,
41,1276,0.9872827529907227,0.9436847567558289,0.074459969997406,,,
41,1277,0.9857368469238281,0.895674467086792,0.15034878253936768,,,
41,1278,0.9926748275756836,0.9638962745666504,0.058146655559539795,,,
41,1279,0.987675666809082,0.9281904101371765,0.10360848903656006,,,
41,1280,0.9834413528442383,0.9182436466217041,0.10626345872879028,,,
41,1281,0.9889793395996094,0.9516066312789917,0.06577152013778687,,,
41,1282,0.9898395538330078,0.9540022611618042,0.06488907337188721,,,
41,1283,0.9871644973754883,0.9146154522895813,0.1260637640953064,,,
41,1284,0.9860906600952148,0.9374085664749146,0.08149009943008423,,,
41,1285,0.9910287857055664,0.9648904800415039,0.049014389514923096,,,
41,1286,0.9875040054321289,0.9582719206809998,0.05300641059875488,,,
41,1287,0.9895315170288086,0.963077187538147,0.04879492521286011,,,
41,1288,0.9888134002685547,0.8663522005081177,0.22651678323745728,,,
41,1289,0.9877328872680664,0.9079616665840149,0.1400633454322815,,,
41,1290,0.9892759323120117,0.9508975744247437,0.07063668966293335,,,
41,1291,0.9896011352539062,0.9147405624389648,0.14140063524246216,,,
41,1292,0.9866733551025391,0.948581874370575,0.06655579805374146,,,
41,1293,0.9893665313720703,0.9449276924133301,0.08026838302612305,,,
41,1294,0.987177848815918,0.8857436776161194,0.17311549186706543,,,
41,1295,0.9845495223999023,0.8879536986351013,0.15742850303649902,,,
41,1296,0.9870271682739258,0.9293148517608643,0.0978047251701355,,,
41,1297,0.9877843856811523,0.9107125401496887,0.13465702533721924,,,
41,1298,0.9885654449462891,0.9130523204803467,0.13442516326904297,,,
41,1299,0.9888181686401367,0.9129747152328491,0.13858109712600708,,,
41,1300,0.9915866851806641,0.9714707732200623,0.03976404666900635,,,
41,1301,0.9904098510742188,0.9424472451210022,0.09100961685180664,,,
41,1301,,,,0.951385498046875,0.8325513005256653,0.23251591622829437
42,1302,0.9901390075683594,0.956440806388855,0.06192082166671753,,,
42,1303,0.9874868392944336,0.8821209669113159,0.18103808164596558,,,
42,1304,0.9879884719848633,0.9516159296035767,0.06338316202163696,,,
42,1305,0.9903068542480469,0.9305310845375061,0.11092919111251831,,,
42,1306,0.9922657012939453,0.9738746285438538,0.03749716281890869,,,
42,1307,0.9905147552490234,0.9479436278343201,0.07915335893630981,,,
42,1308,0.9902286529541016,0.9391979575157166,0.09472423791885376,,,
42,1309,0.9843721389770508,0.9257946014404297,0.09469729661941528,,,
42,1310,0.9911565780639648,0.9445115923881531,0.09090042114257812,,,
42,1311,0.9889068603515625,0.9608207941055298,0.05091369152069092,,,
42,1312,0.9875984191894531,0.9477638006210327,0.06899303197860718,,,
42,1313,0.9910402297973633,0.9656340479850769,0.04748648405075073,,,
42,1314,0.9880285263061523,0.9289992451667786,0.10230261087417603,,,
42,1315,0.9911766052246094,0.9681942462921143,0.04382210969924927,,,
42,1316,0.9886312484741211,0.9220110774040222,0.11765408515930176,,,
42,1317,0.9883966445922852,0.9394194483757019,0.08433389663696289,,,
42,1318,0.9925422668457031,0.9652572870254517,0.05320167541503906,,,
42,1319,0.9852113723754883,0.856867253780365,0.21196627616882324,,,
42,1320,0.9883871078491211,0.9272854328155518,0.10694617033004761,,,
42,1321,0.9886455535888672,0.9598737955093384,0.050791800022125244,,,
42,1322,0.9870796203613281,0.9172241687774658,0.11816084384918213,,,
42,1323,0.9862394332885742,0.9180728793144226,0.11276918649673462,,,
42,1324,0.9853916168212891,0.9131159782409668,0.11902028322219849,,,
42,1325,0.9907121658325195,0.962939441204071,0.051808178424835205,,,
42,1326,0.985753059387207,0.899795413017273,0.14003336429595947,,,
42,1327,0.9904108047485352,0.9589409232139587,0.05670446157455444,,,
42,1328,0.9800043106079102,0.7868427634239197,0.28925246000289917,,,
42,1329,0.9891557693481445,0.9452590942382812,0.07720023393630981,,,
42,1330,0.9922342300415039,0.9550738334655762,0.073203444480896,,,
42,1331,0.9852724075317383,0.9083528518676758,0.12362968921661377,,,
42,1332,0.9847514033317566,0.9209387898445129,0.1017540693283081,,,
42,1332,,,,0.9510184526443481,0.8233121037483215,0.24733731150627136
43,1333,0.9880952835083008,0.8921135663986206,0.16619020700454712,,,
43,1334,0.9868192672729492,0.9358683824539185,0.08602935075759888,,,
43,1335,0.9873771667480469,0.9120742082595825,0.1265835165977478,,,
43,1336,0.9845514297485352,0.9061460494995117,0.12398725748062134,,,
43,1337,0.9867134094238281,0.9194821715354919,0.11162108182907104,,,
43,1338,0.9910497665405273,0.9367468357086182,0.10439169406890869,,,
43,1339,0.9907312393188477,0.93013995885849,0.11500859260559082,,,
43,1340,0.9846353530883789,0.9168155193328857,0.1080632209777832,,,
43,1341,0.9910354614257812,0.9202666878700256,0.1376248598098755,,,
43,1342,0.9884700775146484,0.9593583345413208,0.05090588331222534,,,
43,1343,0.9889907836914062,0.9483522176742554,0.07109248638153076,,,
43,1344,0.9852304458618164,0.9248743653297424,0.0984984040260315,,,
43,1345,0.9880342483520508,0.9368284940719604,0.08744049072265625,,,
43,1346,0.9902477264404297,0.9166429042816162,0.13778156042099,,,
43,1347,0.9884786605834961,0.9555683732032776,0.05764418840408325,,,
43,1348,0.9881935119628906,0.9492443799972534,0.06687229871749878,,,
43,1349,0.9865036010742188,0.9308866262435913,0.09391897916793823,,,
43,1350,0.9870052337646484,0.919575035572052,0.11234819889068604,,,
43,1351,0.9916534423828125,0.9649702906608582,0.04985314607620239,,,
43,1352,0.9901857376098633,0.9582394957542419,0.05715912580490112,,,
43,1353,0.9905881881713867,0.8767699599266052,0.2176966667175293,,,
43,1354,0.9913816452026367,0.9537176489830017,0.07089775800704956,,,
43,1355,0.9900979995727539,0.9561226963996887,0.05973339080810547,,,
43,1356,0.9876546859741211,0.9470658302307129,0.06796097755432129,,,
43,1357,0.9904708862304688,0.953276515007019,0.06715857982635498,,,
43,1358,0.9910354614257812,0.9463580250740051,0.08171242475509644,,,
43,1359,0.9887619018554688,0.958666980266571,0.05359160900115967,,,
43,1360,0.9876775741577148,0.9199556708335876,0.11503905057907104,,,
43,1361,0.9904651641845703,0.9743098020553589,0.039542436599731445,,,
43,1362,0.9896211624145508,0.9502488970756531,0.06945312023162842,,,
43,1363,0.9881795048713684,0.9374116063117981,0.08457094430923462,,,
43,1363,,,,0.9536709189414978,0.837831974029541,0.22813837230205536
44,1364,0.9888296127319336,0.9144699573516846,0.13056880235671997,,,
44,1365,0.9894695281982422,0.9586500525474548,0.05478024482727051,,,
44,1366,0.9909086227416992,0.932741641998291,0.10879427194595337,,,
44,1367,0.9855232238769531,0.9011551141738892,0.13603657484054565,,,
44,1368,0.9858455657958984,0.9269413948059082,0.09590506553649902,,,
44,1369,0.9919681549072266,0.9732820391654968,0.035392582416534424,,,
44,1370,0.9897651672363281,0.9473162293434143,0.07558470964431763,,,
44,1371,0.9922008514404297,0.9498841762542725,0.08387565612792969,,,
44,1372,0.988703727722168,0.9667640328407288,0.04189300537109375,,,
44,1373,0.9901819229125977,0.9328287839889526,0.10333704948425293,,,
44,1374,0.9856033325195312,0.895634114742279,0.1471375823020935,,,
44,1375,0.990138053894043,0.9414250254631042,0.08738511800765991,,,
44,1376,0.9865884780883789,0.9218630790710449,0.10592234134674072,,,
44,1377,0.9881830215454102,0.8899790644645691,0.16975617408752441,,,
44,1378,0.9918336868286133,0.9591172933578491,0.06111741065979004,,,
44,1379,0.9899930953979492,0.8855999708175659,0.19415247440338135,,,
44,1380,0.9935588836669922,0.9661928415298462,0.05621182918548584,,,
44,1381,0.9916296005249023,0.9687853455543518,0.042529165744781494,,,
44,1382,0.9847993850708008,0.8979838490486145,0.13760268688201904,,,
44,1383,0.9865474700927734,0.8419619798660278,0.23683512210845947,,,
44,1384,0.9879426956176758,0.8365037441253662,0.2616775631904602,,,
44,1385,0.9930553436279297,0.9666327834129333,0.053522706031799316,,,
44,1386,0.9875421524047852,0.9499739408493042,0.06351101398468018,,,
44,1387,0.9920787811279297,0.9666193723678589,0.04858201742172241,,,
44,1388,0.9900989532470703,0.9713347554206848,0.038535892963409424,,,
44,1389,0.9885702133178711,0.9315799474716187,0.09638327360153198,,,
44,1390,0.9894037246704102,0.9530202150344849,0.06335198879241943,,,
44,1391,0.988398551940918,0.9542369842529297,0.059487998485565186,,,
44,1392,0.9908552169799805,0.954243540763855,0.06546735763549805,,,
44,1393,0.9866399765014648,0.9281851053237915,0.09602725505828857,,,
44,1394,0.985802948474884,0.9455931186676025,0.06587851047515869,,,
44,1394,,,,0.9540693759918213,0.8389977812767029,0.22757169604301453
45,1395,0.9904851913452148,0.9381846189498901,0.09408998489379883,,,
45,1396,0.9909896850585938,0.940493643283844,0.09304839372634888,,,
45,1397,0.9913854598999023,0.9430636763572693,0.09030920267105103,,,
45,1398,0.9909820556640625,0.9278316497802734,0.11833858489990234,,,
45,1399,0.9889612197875977,0.9252854585647583,0.109730064868927,,,
45,1400,0.985753059387207,0.9091809988021851,0.12372499704360962,,,
45,1401,0.9919004440307617,0.9738832712173462,0.035503268241882324,,,
45,1402,0.9917078018188477,0.923302173614502,0.13392704725265503,,,
45,1403,0.9877786636352539,0.9215402007102966,0.10999274253845215,,,
45,1404,0.9895467758178711,0.9336453080177307,0.09713804721832275,,,
45,1405,0.9888143539428711,0.9522063136100769,0.06262540817260742,,,
45,1406,0.993443489074707,0.9782706499099731,0.030199289321899414,,,
45,1407,0.9907026290893555,0.9707285761833191,0.03777652978897095,,,
45,1408,0.9871149063110352,0.947808563709259,0.06600815057754517,,,
45,1409,0.9900550842285156,0.934955894947052,0.09683483839035034,,,
45,1410,0.982548713684082,0.7716050744056702,0.3183481693267822,,,
45,1411,0.9908266067504883,0.9696948528289795,0.03902721405029297,,,
45,1412,0.9892959594726562,0.9647909998893738,0.04455059766769409,,,
45,1413,0.9898557662963867,0.9419466257095337,0.08211815357208252,,,
45,1414,0.9905338287353516,0.9560181498527527,0.06080436706542969,,,
45,1415,0.9895153045654297,0.9102083444595337,0.13892191648483276,,,
45,1416,0.9885110855102539,0.9411865472793579,0.07929849624633789,,,
45,1417,0.9881315231323242,0.9409038424491882,0.07813984155654907,,,
45,1418,0.9870691299438477,0.9145857691764832,0.116951584815979,,,
45,1419,0.9844532012939453,0.9340646266937256,0.08059394359588623,,,
45,1420,0.9839515686035156,0.9492508769035339,0.0606381893157959,,,
45,1421,0.9861173629760742,0.9065991044044495,0.12832236289978027,,,
45,1422,0.990386962890625,0.9342542886734009,0.10113859176635742,,,
45,1423,0.9889554977416992,0.9449069499969482,0.07621079683303833,,,
45,1424,0.9880533218383789,0.9174888730049133,0.11814701557159424,,,
45,1425,0.9887211918830872,0.9172358512878418,0.11981481313705444,,,
45,1425,,,,0.952124297618866,0.83283531665802,0.22927570343017578
46,1426,0.9887657165527344,0.9199700951576233,0.11868995428085327,,,
46,1427,0.9904975891113281,0.9045840501785278,0.15458500385284424,,,
46,1428,0.9910545349121094,0.9100421071052551,0.1523997187614441,,,
46,1429,0.9857349395751953,0.9344053864479065,0.0812883973121643,,,
46,1430,0.9865274429321289,0.9407727718353271,0.07479190826416016,,,
46,1431,0.9891395568847656,0.9466043710708618,0.07180362939834595,,,
46,1432,0.9882097244262695,0.9343720078468323,0.09050482511520386,,,
46,1433,0.9925193786621094,0.9579818248748779,0.0663522481918335,,,
46,1434,0.9885473251342773,0.9450783729553223,0.07238036394119263,,,
46,1435,0.9916887283325195,0.8867843747138977,0.20447665452957153,,,
46,1436,0.9880285263061523,0.9532403349876404,0.05827200412750244,,,
46,1437,0.9874124526977539,0.9194923043251038,0.11041426658630371,,,
46,1438,0.9885387420654297,0.8908040523529053,0.16520774364471436,,,
46,1439,0.9918298721313477,0.9467107057571411,0.08405518531799316,,,
46,1440,0.9891061782836914,0.9585744738578796,0.05285346508026123,,,
46,1441,0.986241340637207,0.9357472062110901,0.08158200979232788,,,
46,1442,0.9908676147460938,0.9558013081550598,0.06200206279754639,,,
46,1443,0.9919347763061523,0.9666306376457214,0.046427786350250244,,,
46,1444,0.9913320541381836,0.9572632312774658,0.06022530794143677,,,
46,1445,0.9896049499511719,0.938323974609375,0.08784019947052002,,,
46,1446,0.987248420715332,0.8807502388954163,0.17343264818191528,,,
46,1447,0.9871444702148438,0.9192349910736084,0.10831421613693237,,,
46,1448,0.9890203475952148,0.9423390030860901,0.07893645763397217,,,
46,1449,0.9898271560668945,0.9640237092971802,0.044916391372680664,,,
46,1450,0.9900951385498047,0.9580518007278442,0.05527019500732422,,,
46,1451,0.9905710220336914,0.9461246132850647,0.07834947109222412,,,
46,1452,0.9892368316650391,0.9347894191741943,0.09155148267745972,,,
46,1453,0.9881811141967773,0.9539423584938049,0.05758380889892578,,,
46,1454,0.9924278259277344,0.9611769914627075,0.057824134826660156,,,
46,1455,0.9892730712890625,0.9659682512283325,0.04300874471664429,,,
46,1456,0.9874865412712097,0.9618409276008606,0.04633200168609619,,,
46,1456,,,,0.95325767993927,0.8355255126953125,0.2291967272758484
47,1457,0.9873666763305664,0.9450605511665344,0.07033580541610718,,,
47,1458,0.9869976043701172,0.909251868724823,0.12475693225860596,,,
47,1459,0.9902734756469727,0.9689556360244751,0.039878785610198975,,,
47,1460,0.9922761917114258,0.8951423168182373,0.193101704120636,,,
47,1461,0.9884548187255859,0.9636890292167664,0.0455319881439209,,,
47,1462,0.9877023696899414,0.9056789875030518,0.13500553369522095,,,
47,1463,0.9895343780517578,0.9669883251190186,0.04074835777282715,,,
47,1464,0.9899864196777344,0.9442402720451355,0.07824081182479858,,,
47,1465,0.9866762161254883,0.8684735894203186,0.18885493278503418,,,
47,1466,0.9919815063476562,0.9549562335014343,0.06783026456832886,,,
47,1467,0.9931173324584961,0.9268215894699097,0.1379491090774536,,,
47,1468,0.9925289154052734,0.9714911580085754,0.03904306888580322,,,
47,1469,0.9876871109008789,0.942317545413971,0.07398426532745361,,,
47,1470,0.9910411834716797,0.9619153141975403,0.05024987459182739,,,
47,1471,0.9908056259155273,0.9478546380996704,0.07516610622406006,,,
47,1472,0.9904775619506836,0.928119957447052,0.11109739542007446,,,
47,1473,0.9887323379516602,0.9227333664894104,0.10852324962615967,,,
47,1474,0.9907855987548828,0.937882125377655,0.0946587324142456,,,
47,1475,0.9869441986083984,0.8916956186294556,0.15321320295333862,,,
47,1476,0.9898624420166016,0.9657160639762878,0.04330718517303467,,,
47,1477,0.9915313720703125,0.9511776566505432,0.07138264179229736,,,
47,1478,0.989903450012207,0.9474220275878906,0.07231557369232178,,,
47,1479,0.9885110855102539,0.9388790726661682,0.0827975869178772,,,
47,1480,0.9901809692382812,0.964944064617157,0.04420572519302368,,,
47,1481,0.9921350479125977,0.9394177794456482,0.09910142421722412,,,
47,1482,0.9881067276000977,0.9583185911178589,0.05077683925628662,,,
47,1483,0.9911823272705078,0.9190523624420166,0.1310722827911377,,,
47,1484,0.9885406494140625,0.9337011575698853,0.08892136812210083,,,
47,1485,0.9897317886352539,0.921252965927124,0.11766356229782104,,,
47,1486,0.9906473159790039,0.9632332921028137,0.04682189226150513,,,
47,1487,0.9855117797851562,0.9392867088317871,0.07449567317962646,,,
47,1487,,,,0.9547606706619263,0.8396944999694824,0.2291058450937271
48,1488,0.9893131256103516,0.9480081796646118,0.06971389055252075,,,
48,1489,0.991969108581543,0.9316821098327637,0.11186569929122925,,,
48,1490,0.9908590316772461,0.9550681114196777,0.0625566840171814,,,
48,1491,0.9899997711181641,0.9326412677764893,0.0992201566696167,,,
48,1492,0.9930000305175781,0.9547603130340576,0.07398843765258789,,,
48,1493,0.9872894287109375,0.9461124539375305,0.06711477041244507,,,
48,1494,0.9887828826904297,0.9616197943687439,0.04765123128890991,,,
48,1495,0.9873428344726562,0.9544980525970459,0.05693209171295166,,,
48,1496,0.9893827438354492,0.9509634971618652,0.06365823745727539,,,
48,1497,0.9914646148681641,0.9397562146186829,0.0914660096168518,,,
48,1498,0.9879341125488281,0.9388434886932373,0.08022081851959229,,,
48,1499,0.9902486801147461,0.9469682574272156,0.0736544132232666,,,
48,1500,0.9898958206176758,0.9379716515541077,0.08770120143890381,,,
48,1501,0.9929962158203125,0.9641479849815369,0.054482221603393555,,,
48,1502,0.9912033081054688,0.926533579826355,0.11697393655776978,,,
48,1503,0.9882421493530273,0.9508342742919922,0.0607452392578125,,,
48,1504,0.9881219863891602,0.9405233860015869,0.07695621252059937,,,
48,1505,0.9887971878051758,0.9172245264053345,0.11948305368423462,,,
48,1506,0.9871807098388672,0.9509859681129456,0.059084951877593994,,,
48,1507,0.9860496520996094,0.9152894020080566,0.1098451018333435,,,
48,1508,0.991175651550293,0.909899115562439,0.14952898025512695,,,
48,1509,0.992487907409668,0.9660515189170837,0.04765009880065918,,,
48,1510,0.9896125793457031,0.9440976977348328,0.07673239707946777,,,
48,1511,0.9922199249267578,0.9571389555931091,0.06305897235870361,,,
48,1512,0.988774299621582,0.9466298222541809,0.0691489577293396,,,
48,1513,0.9940462112426758,0.9730634689331055,0.040921688079833984,,,
48,1514,0.9895124435424805,0.942602276802063,0.07718157768249512,,,
48,1515,0.9913311004638672,0.9447631239891052,0.08272135257720947,,,
48,1516,0.9905729293823242,0.9659919142723083,0.04279297590255737,,,
48,1517,0.989781379699707,0.9410891532897949,0.08185714483261108,,,
48,1518,0.9915339350700378,0.9507365822792053,0.07168829441070557,,,
48,1518,,,,0.9545169472694397,0.8392225503921509,0.22851115465164185
49,1519,0.9905843734741211,0.9714947938919067,0.03696942329406738,,,
49,1520,0.9887981414794922,0.9552085995674133,0.0567399263381958,,,
49,1521,0.9880008697509766,0.898581326007843,0.14667773246765137,,,
49,1522,0.9878826141357422,0.9103873372077942,0.1266489028930664,,,
49,1523,0.9889965057373047,0.9319556951522827,0.09414881467819214,,,
49,1524,0.9908523559570312,0.9072304368019104,0.14866864681243896,,,
49,1525,0.9906692504882812,0.9481268525123596,0.07286536693572998,,,
49,1526,0.9903135299682617,0.9364889860153198,0.09194767475128174,,,
49,1527,0.9865598678588867,0.9221832752227783,0.10176008939743042,,,
49,1528,0.9881191253662109,0.938563346862793,0.07909226417541504,,,
49,1529,0.9907569885253906,0.9396486878395081,0.08736187219619751,,,
49,1530,0.9891958236694336,0.958601176738739,0.0514293909072876,,,
49,1531,0.9913673400878906,0.9374261498451233,0.09611213207244873,,,
49,1532,0.9890079498291016,0.9669650197029114,0.0398404598236084,,,
49,1533,0.9888925552368164,0.8632724285125732,0.20885729789733887,,,
49,1534,0.9914188385009766,0.9461213946342468,0.07899153232574463,,,
49,1535,0.9915552139282227,0.9339001774787903,0.10378426313400269,,,
49,1536,0.9884538650512695,0.9098114371299744,0.12615543603897095,,,
49,1537,0.9939565658569336,0.9711563587188721,0.04343074560165405,,,
49,1538,0.9927816390991211,0.9801146388053894,0.02778494358062744,,,
49,1539,0.9901409149169922,0.9434123635292053,0.0777692198753357,,,
49,1540,0.9906244277954102,0.9528929591178894,0.06429308652877808,,,
49,1541,0.9892005920410156,0.944604218006134,0.07309436798095703,,,
49,1542,0.9876956939697266,0.9515499472618103,0.05905890464782715,,,
49,1543,0.9902219772338867,0.9386081099510193,0.08643114566802979,,,
49,1544,0.9934625625610352,0.9511873722076416,0.08391410112380981,,,
49,1545,0.9911127090454102,0.9376538991928101,0.09469854831695557,,,
49,1546,0.9916505813598633,0.9665793776512146,0.04399383068084717,,,
49,1547,0.9902009963989258,0.9613246321678162,0.04875558614730835,,,
49,1548,0.9880161285400391,0.9418512582778931,0.07392102479934692,,,
49,1549,0.9919967651367188,0.9633805751800537,0.0505751371383667,,,
49,1549,,,,0.9552069902420044,0.8410743474960327,0.2259160429239273
