epoch,step,train_BinaryAccuracy,train_BinaryJaccardIndex,train_loss,val_BinaryAccuracy,val_BinaryJaccardIndex,val_loss
0,0,0.6616897583007812,0.060064174234867096,0.9317374229431152,,,
0,1,0.6965541839599609,0.20223943889141083,0.8386031985282898,,,
0,2,0.6644954681396484,0.3094298243522644,0.7450971603393555,,,
0,3,0.7205171585083008,0.4052087664604187,0.7211366295814514,,,
0,4,0.7533378601074219,0.44443824887275696,0.7120718955993652,,,
0,5,0.7719602584838867,0.38622793555259705,0.7602376937866211,,,
0,6,0.7764606475830078,0.42706504464149475,0.7209036946296692,,,
0,7,0.8246126174926758,0.5701952576637268,0.6344201564788818,,,
0,8,0.7286186218261719,0.3379876911640167,0.7587836384773254,,,
0,9,0.7869958877563477,0.46794334053993225,0.6814085245132446,,,
0,10,0.7848663330078125,0.4338390529155731,0.703622579574585,,,
0,11,0.7090368270874023,0.1732102334499359,0.877844512462616,,,
0,12,0.8550643920898438,0.6142094731330872,0.5959739089012146,,,
0,13,0.8321914672851562,0.4625140428543091,0.6974950432777405,,,
0,14,0.8841466903686523,0.6528925895690918,0.5836306810379028,,,
0,15,0.9108438491821289,0.7340174913406372,0.5387481451034546,,,
0,16,0.8854799270629883,0.6265913248062134,0.5960469245910645,,,
0,17,0.89251708984375,0.6255444884300232,0.6027811765670776,,,
0,18,0.8825702667236328,0.6147848963737488,0.5992722511291504,,,
0,19,0.8153972625732422,0.38241592049598694,0.7428966164588928,,,
0,20,0.8767433166503906,0.6101589798927307,0.5926709175109863,,,
0,21,0.8698015213012695,0.5338157415390015,0.655235767364502,,,
0,22,0.8284196853637695,0.3378710448741913,0.7822461724281311,,,
0,23,0.9099493026733398,0.7236312031745911,0.5145984292030334,,,
0,24,0.9151973724365234,0.6982021927833557,0.5465019941329956,,,
0,25,0.9067268371582031,0.7331528663635254,0.5065626502037048,,,
0,26,0.9241228103637695,0.7388765811920166,0.5198075771331787,,,
0,27,0.8661260604858398,0.39623573422431946,0.7709415555000305,,,
0,28,0.8977832794189453,0.5698196887969971,0.6521489024162292,,,
0,29,0.9184598922729492,0.636090099811554,0.6282622218132019,,,
0,30,0.8829917907714844,0.5259220600128174,0.6588969230651855,,,
0,30,,,,0.8902371525764465,0.6946694850921631,0.513950526714325
1,31,0.8969583511352539,0.5266597867012024,0.6850601434707642,,,
1,32,0.9649057388305664,0.8961990475654602,0.3838159441947937,,,
1,33,0.9268932342529297,0.7654807567596436,0.4769846498966217,,,
1,34,0.9340744018554688,0.7495008111000061,0.5079550743103027,,,
1,35,0.901148796081543,0.6378795504570007,0.5802440643310547,,,
1,36,0.9076681137084961,0.6113031506538391,0.607552170753479,,,
1,37,0.8815488815307617,0.5952164530754089,0.597786545753479,,,
1,38,0.9313879013061523,0.754174530506134,0.5059282183647156,,,
1,39,0.9582605361938477,0.8317229747772217,0.4655037224292755,,,
1,40,0.8771305084228516,0.4419940114021301,0.7224830389022827,,,
1,41,0.9188613891601562,0.6062751412391663,0.6362109780311584,,,
1,42,0.8911399841308594,0.5376695394515991,0.6523646712303162,,,
1,43,0.9460630416870117,0.7273704409599304,0.5874413251876831,,,
1,44,0.9599924087524414,0.8803041577339172,0.36650511622428894,,,
1,45,0.9279747009277344,0.7156251072883606,0.5259820818901062,,,
1,46,0.9061517715454102,0.5635859966278076,0.6438097953796387,,,
1,47,0.9578437805175781,0.8365713953971863,0.4348349869251251,,,
1,48,0.9592256546020508,0.8389211297035217,0.43942973017692566,,,
1,49,0.9497852325439453,0.7798662781715393,0.49229896068573,,,
1,50,0.9134998321533203,0.6541061997413635,0.5481926798820496,,,
1,51,0.8917388916015625,0.5341335535049438,0.640381395816803,,,
1,52,0.9509572982788086,0.8146352767944336,0.4271334409713745,,,
1,53,0.9437551498413086,0.7576872110366821,0.4924398958683014,,,
1,54,0.9460000991821289,0.759090006351471,0.49684038758277893,,,
1,55,0.9283685684204102,0.6793773174285889,0.553159773349762,,,
1,56,0.936192512512207,0.7326307892799377,0.510269284248352,,,
1,57,0.9298830032348633,0.6443301439285278,0.5976253747940063,,,
1,58,0.9654245376586914,0.8555963039398193,0.4168335497379303,,,
1,59,0.95013427734375,0.7623758912086487,0.5057516098022461,,,
1,60,0.9656991958618164,0.8473652601242065,0.43487611413002014,,,
1,61,0.9299468994140625,0.5645176768302917,0.6838474273681641,,,
1,61,,,,0.924523651599884,0.7669575214385986,0.45368826389312744
2,62,0.9298105239868164,0.7071048021316528,0.5034273266792297,,,
2,63,0.952183723449707,0.7969094514846802,0.4461428225040436,,,
2,64,0.9362583160400391,0.6952545046806335,0.5369406342506409,,,
2,65,0.9599266052246094,0.8427754044532776,0.401803582906723,,,
2,66,0.9505376815795898,0.7723522186279297,0.4830362796783447,,,
2,67,0.9191169738769531,0.48581960797309875,0.7226206064224243,,,
2,68,0.963688850402832,0.8650640845298767,0.36690831184387207,,,
2,69,0.9269475936889648,0.5890504121780396,0.6352637410163879,,,
2,70,0.94647216796875,0.7275815606117249,0.5266308188438416,,,
2,71,0.9462127685546875,0.8185713291168213,0.3851655423641205,,,
2,72,0.9657068252563477,0.8839564323425293,0.3182393014431,,,
2,73,0.9673500061035156,0.8619838953018188,0.3891342878341675,,,
2,74,0.9160652160644531,0.6457357406616211,0.5303947329521179,,,
2,75,0.933074951171875,0.6981378793716431,0.5047958493232727,,,
2,76,0.9746942520141602,0.9079342484474182,0.321451872587204,,,
2,77,0.930607795715332,0.6269233822822571,0.5894803404808044,,,
2,78,0.9466133117675781,0.7933958768844604,0.40880870819091797,,,
2,79,0.9281997680664062,0.5975474715232849,0.6137576103210449,,,
2,80,0.9769906997680664,0.9207755923271179,0.28244104981422424,,,
2,81,0.8873891830444336,0.39378491044044495,0.7377038598060608,,,
2,82,0.9693021774291992,0.8814261555671692,0.3364166021347046,,,
2,83,0.9598417282104492,0.8319512009620667,0.38400033116340637,,,
2,84,0.9672489166259766,0.8202930688858032,0.4672016501426697,,,
2,85,0.9675569534301758,0.887352466583252,0.2989676296710968,,,
2,86,0.9641437530517578,0.8689444661140442,0.3249416649341583,,,
2,87,0.9575576782226562,0.8139612674713135,0.4010578691959381,,,
2,88,0.9298801422119141,0.7241889238357544,0.45093774795532227,,,
2,89,0.8670215606689453,0.323641836643219,0.7729233503341675,,,
2,90,0.9334392547607422,0.6471967697143555,0.5564946532249451,,,
2,91,0.9566316604614258,0.7525466084480286,0.5057960152626038,,,
2,92,0.9645195007324219,0.8336056470870972,0.40033209323883057,,,
2,92,,,,0.9419364929199219,0.8074786067008972,0.40402495861053467
3,93,0.9541587829589844,0.815350353717804,0.3813970983028412,,,
3,94,0.9640283584594727,0.832011342048645,0.4042196571826935,,,
3,95,0.9619112014770508,0.8009191751480103,0.4548102021217346,,,
3,96,0.9565582275390625,0.7448410391807556,0.5215248465538025,,,
3,97,0.9633092880249023,0.7328264117240906,0.5888633131980896,,,
3,98,0.9662609100341797,0.8001852631568909,0.47875696420669556,,,
3,99,0.9603643417358398,0.7907132506370544,0.4567403495311737,,,
3,100,0.97509765625,0.8846836686134338,0.3588763475418091,,,
3,101,0.9577770233154297,0.8012211918830872,0.4136650264263153,,,
3,102,0.9582128524780273,0.8114967942237854,0.3998230993747711,,,
3,103,0.8971891403198242,0.43662598729133606,0.7018936276435852,,,
3,104,0.9751310348510742,0.9009081721305847,0.29364514350891113,,,
3,105,0.9609079360961914,0.8148964047431946,0.40215638279914856,,,
3,106,0.9667806625366211,0.8250520825386047,0.4147217571735382,,,
3,107,0.9531135559082031,0.7565752863883972,0.45981794595718384,,,
3,108,0.9727382659912109,0.8542147874832153,0.39675429463386536,,,
3,109,0.9673881530761719,0.848170280456543,0.3746526837348938,,,
3,110,0.9521293640136719,0.7518746852874756,0.4795478880405426,,,
3,111,0.9642210006713867,0.7729874849319458,0.49572309851646423,,,
3,112,0.9670333862304688,0.8512353301048279,0.35542169213294983,,,
3,113,0.9668388366699219,0.8418944478034973,0.371065616607666,,,
3,114,0.9734430313110352,0.902385413646698,0.26408669352531433,,,
3,115,0.9596328735351562,0.8660213947296143,0.2845885753631592,,,
3,116,0.9708986282348633,0.8771700859069824,0.3104812204837799,,,
3,117,0.9778804779052734,0.9271897673606873,0.2234143763780594,,,
3,118,0.9708147048950195,0.8864187002182007,0.28617608547210693,,,
3,119,0.9375782012939453,0.7091928720474243,0.4546229839324951,,,
3,120,0.9393100738525391,0.7316335439682007,0.4310344457626343,,,
3,121,0.9586553573608398,0.8121286630630493,0.36966991424560547,,,
3,122,0.9588470458984375,0.8074302077293396,0.3800952136516571,,,
3,123,0.9716262817382812,0.8693322539329529,0.32745811343193054,,,
3,123,,,,0.9502898454666138,0.8260480761528015,0.36642158031463623
4,124,0.960118293762207,0.8664479851722717,0.2660187780857086,,,
4,125,0.9660444259643555,0.8574368953704834,0.31529098749160767,,,
4,126,0.9712734222412109,0.8908389806747437,0.26693466305732727,,,
4,127,0.9658575057983398,0.8472640514373779,0.33958208560943604,,,
4,128,0.9520244598388672,0.7864081859588623,0.3873074948787689,,,
4,129,0.9626626968383789,0.8780745267868042,0.2523481249809265,,,
4,130,0.9500331878662109,0.739341139793396,0.4462394118309021,,,
4,131,0.9620780944824219,0.8048919439315796,0.39934277534484863,,,
4,132,0.962773323059082,0.8182626366615295,0.3722327649593353,,,
4,133,0.9758501052856445,0.9120261669158936,0.2347707897424698,,,
4,134,0.9689836502075195,0.838075578212738,0.3716278672218323,,,
4,135,0.9534807205200195,0.780127227306366,0.3933873474597931,,,
4,136,0.9408435821533203,0.5994032621383667,0.6035223603248596,,,
4,137,0.9650497436523438,0.8307900428771973,0.3624281883239746,,,
4,138,0.9731626510620117,0.8803758025169373,0.30119091272354126,,,
4,139,0.9679288864135742,0.8808335661888123,0.2570124566555023,,,
4,140,0.9704561233520508,0.845674455165863,0.3614506125450134,,,
4,141,0.9689474105834961,0.7860840559005737,0.4782322943210602,,,
4,142,0.9622764587402344,0.7864654064178467,0.4259069263935089,,,
4,143,0.9740505218505859,0.9085657596588135,0.22298893332481384,,,
4,144,0.9721031188964844,0.904059112071991,0.22432728111743927,,,
4,145,0.9618244171142578,0.7688732147216797,0.4473762512207031,,,
4,146,0.9475736618041992,0.7088834047317505,0.47179552912712097,,,
4,147,0.9657011032104492,0.834203839302063,0.3413360118865967,,,
4,148,0.9751920700073242,0.8486956357955933,0.3942928612232208,,,
4,149,0.9705123901367188,0.8692147135734558,0.29372265934944153,,,
4,150,0.973698616027832,0.7818738222122192,0.5243787169456482,,,
4,151,0.9556684494018555,0.6263143420219421,0.6189628839492798,,,
4,152,0.9623441696166992,0.7950342893600464,0.40697962045669556,,,
4,153,0.9753313064575195,0.8470548391342163,0.3927308917045593,,,
4,154,0.9628562927246094,0.8369093537330627,0.333844393491745,,,
4,154,,,,0.9493658542633057,0.8250614404678345,0.35296520590782166
5,155,0.9792613983154297,0.9019182324409485,0.27721917629241943,,,
5,156,0.9771099090576172,0.9003632068634033,0.2602965831756592,,,
5,157,0.977421760559082,0.8968908190727234,0.27530068159103394,,,
5,158,0.938746452331543,0.5644398927688599,0.6278085112571716,,,
5,159,0.9465236663818359,0.666627049446106,0.5286432504653931,,,
5,160,0.9690208435058594,0.8133489489555359,0.4007454514503479,,,
5,161,0.9580879211425781,0.7183867692947388,0.4999372363090515,,,
5,162,0.976008415222168,0.7844449281692505,0.5220746397972107,,,
5,163,0.9748029708862305,0.8958449959754944,0.24834707379341125,,,
5,164,0.9648532867431641,0.7785349488258362,0.4397229552268982,,,
5,165,0.9574651718139648,0.7618078589439392,0.42553433775901794,,,
5,166,0.9649448394775391,0.8192902207374573,0.35749319195747375,,,
5,167,0.9737100601196289,0.9025036096572876,0.2211255133152008,,,
5,168,0.9734363555908203,0.8836279511451721,0.2650909423828125,,,
5,169,0.9705724716186523,0.847477376461029,0.32821011543273926,,,
5,170,0.9716024398803711,0.8232441544532776,0.38782066106796265,,,
5,171,0.9181432723999023,0.4385302662849426,0.6859104633331299,,,
5,172,0.9753084182739258,0.8732765316963196,0.30159837007522583,,,
5,173,0.9695863723754883,0.8874398469924927,0.23278822004795074,,,
5,174,0.9702043533325195,0.876649796962738,0.2562309205532074,,,
5,175,0.9640932083129883,0.8462666273117065,0.2924922704696655,,,
5,176,0.9670610427856445,0.8559452295303345,0.2846871018409729,,,
5,177,0.9785976409912109,0.8971234560012817,0.26585039496421814,,,
5,178,0.9747037887573242,0.9020172953605652,0.22210723161697388,,,
5,179,0.9789018630981445,0.9053796529769897,0.24523496627807617,,,
5,180,0.9776277542114258,0.8684945106506348,0.3336729407310486,,,
5,181,0.9790496826171875,0.9307998418807983,0.17216290533542633,,,
5,182,0.9781789779663086,0.9214227199554443,0.18993839621543884,,,
5,183,0.9543495178222656,0.6787706017494202,0.5135207772254944,,,
5,184,0.9763212203979492,0.9183436632156372,0.18619981408119202,,,
5,185,0.9716097712516785,0.8743471503257751,0.2593362033367157,,,
5,185,,,,0.948490560054779,0.8254470825195312,0.3218548595905304
6,186,0.9292697906494141,0.507107675075531,0.6345688104629517,,,
6,187,0.9710540771484375,0.8589754700660706,0.29266199469566345,,,
6,188,0.962554931640625,0.8123171925544739,0.3408742845058441,,,
6,189,0.9750585556030273,0.9095946550369263,0.19923755526542664,,,
6,190,0.9766788482666016,0.8922778964042664,0.2512027621269226,,,
6,191,0.9783973693847656,0.8903921246528625,0.27012208104133606,,,
6,192,0.9761438369750977,0.9010857939720154,0.22543470561504364,,,
6,193,0.9629325866699219,0.6966707706451416,0.5315873026847839,,,
6,194,0.969691276550293,0.8802204132080078,0.23439601063728333,,,
6,195,0.9732027053833008,0.7710745334625244,0.4922502934932709,,,
6,196,0.97467041015625,0.9108880162239075,0.1889522671699524,,,
6,197,0.9779386520385742,0.8975468277931213,0.24221767485141754,,,
6,198,0.9629535675048828,0.6677727699279785,0.5658861994743347,,,
6,199,0.971470832824707,0.8735442757606506,0.25605857372283936,,,
6,200,0.9656238555908203,0.856660008430481,0.2622080147266388,,,
6,201,0.9740781784057617,0.896102249622345,0.21670742332935333,,,
6,202,0.9722251892089844,0.8888935446739197,0.22263099253177643,,,
6,203,0.9695396423339844,0.8831073045730591,0.2208143025636673,,,
6,204,0.9658832550048828,0.7976744174957275,0.3751336336135864,,,
6,205,0.9750747680664062,0.8887299299240112,0.23681135475635529,,,
6,206,0.9824857711791992,0.913509726524353,0.23574185371398926,,,
6,207,0.9766101837158203,0.8623820543289185,0.3157043159008026,,,
6,208,0.9752035140991211,0.8181201219558716,0.4010809361934662,,,
6,209,0.9813899993896484,0.9288861155509949,0.1763838827610016,,,
6,210,0.9748640060424805,0.8549198508262634,0.3161621391773224,,,
6,211,0.9417362213134766,0.5980287790298462,0.553377628326416,,,
6,212,0.9720058441162109,0.8945488929748535,0.20527537167072296,,,
6,213,0.9758405685424805,0.8832741975784302,0.2512817978858948,,,
6,214,0.9809179306030273,0.9119198322296143,0.2170484960079193,,,
6,215,0.9778652191162109,0.8526741862297058,0.34680843353271484,,,
6,216,0.9793828129768372,0.9034380912780762,0.226164311170578,,,
6,216,,,,0.9482150673866272,0.8226161003112793,0.3136965334415436
7,217,0.9776210784912109,0.8673712611198425,0.3037319481372833,,,
7,218,0.9775581359863281,0.9140166640281677,0.18622125685214996,,,
7,219,0.9742860794067383,0.893058717250824,0.21445401012897491,,,
7,220,0.9756612777709961,0.880037784576416,0.2550467252731323,,,
7,221,0.9832239151000977,0.9033743143081665,0.26219749450683594,,,
7,222,0.9755744934082031,0.9044595956802368,0.1954720914363861,,,
7,223,0.9754495620727539,0.8614649176597595,0.2937251925468445,,,
7,224,0.9787321090698242,0.8866709470748901,0.2605263590812683,,,
7,225,0.9721240997314453,0.8315419554710388,0.33492016792297363,,,
7,226,0.977569580078125,0.8938384056091309,0.2332860380411148,,,
7,227,0.9725770950317383,0.8476055860519409,0.3035564422607422,,,
7,228,0.9735727310180664,0.7766790986061096,0.45268380641937256,,,
7,229,0.9754581451416016,0.9151191711425781,0.16806058585643768,,,
7,230,0.9735107421875,0.8673347234725952,0.2617395222187042,,,
7,231,0.9795656204223633,0.9262970089912415,0.16318373382091522,,,
7,232,0.9677495956420898,0.8736427426338196,0.21765120327472687,,,
7,233,0.9608850479125977,0.7625030875205994,0.3863358199596405,,,
7,234,0.9648580551147461,0.7714847326278687,0.39307087659835815,,,
7,235,0.9789819717407227,0.9145539999008179,0.1836809515953064,,,
7,236,0.9724216461181641,0.8070834279060364,0.37737157940864563,,,
7,237,0.9745731353759766,0.8814632296562195,0.2318716049194336,,,
7,238,0.9788970947265625,0.8040191531181335,0.44638746976852417,,,
7,239,0.979029655456543,0.8960729241371155,0.23061241209506989,,,
7,240,0.9736671447753906,0.7482150197029114,0.48929309844970703,,,
7,241,0.9778623580932617,0.8675918579101562,0.29255208373069763,,,
7,242,0.9742527008056641,0.8955670595169067,0.19692139327526093,,,
7,243,0.9842615127563477,0.9409233331680298,0.1456911861896515,,,
7,244,0.9831094741821289,0.9338909983634949,0.15646687150001526,,,
7,245,0.9815845489501953,0.9185922741889954,0.186623215675354,,,
7,246,0.9480524063110352,0.564858615398407,0.5892367959022522,,,
7,247,0.967950165271759,0.8888227343559265,0.18532678484916687,,,
7,247,,,,0.951690673828125,0.8317210674285889,0.2960926294326782
8,248,0.9732990264892578,0.9039232730865479,0.1740184724330902,,,
8,249,0.9734029769897461,0.7406615018844604,0.4969135820865631,,,
8,250,0.9721403121948242,0.8501244187355042,0.2775610387325287,,,
8,251,0.9778738021850586,0.8913495540618896,0.2250160276889801,,,
8,252,0.9783935546875,0.8962057828903198,0.21598249673843384,,,
8,253,0.9868259429931641,0.9277767539024353,0.21352103352546692,,,
8,254,0.9833927154541016,0.9007969498634338,0.2522399127483368,,,
8,255,0.9708080291748047,0.8912062048912048,0.1880398690700531,,,
8,256,0.9500617980957031,0.5822409987449646,0.5745930671691895,,,
8,257,0.979522705078125,0.9327090382575989,0.13661234080791473,,,
8,258,0.9808235168457031,0.901023805141449,0.22106800973415375,,,
8,259,0.9741277694702148,0.790209949016571,0.405357301235199,,,
8,260,0.9818658828735352,0.9391311407089233,0.13326603174209595,,,
8,261,0.9734401702880859,0.8608689308166504,0.2592330873012543,,,
8,262,0.9763555526733398,0.8325182199478149,0.34516772627830505,,,
8,263,0.9840831756591797,0.934897780418396,0.15245816111564636,,,
8,264,0.9799842834472656,0.9189611673355103,0.16578678786754608,,,
8,265,0.9751758575439453,0.8880276083946228,0.2092689424753189,,,
8,266,0.9788169860839844,0.8669756650924683,0.2858906388282776,,,
8,267,0.9814825057983398,0.9039104580879211,0.21455076336860657,,,
8,268,0.9762983322143555,0.8769945502281189,0.23865917325019836,,,
8,269,0.9769687652587891,0.8764326572418213,0.24391694366931915,,,
8,270,0.97943115234375,0.9112230539321899,0.1783149540424347,,,
8,271,0.9779491424560547,0.935555100440979,0.12404254078865051,,,
8,272,0.9764595031738281,0.8873591423034668,0.2175183743238449,,,
8,273,0.9788885116577148,0.859637439250946,0.3013022541999817,,,
8,274,0.9743452072143555,0.8705201148986816,0.23745077848434448,,,
8,275,0.9588031768798828,0.6927486658096313,0.4629080891609192,,,
8,276,0.9750728607177734,0.8413205146789551,0.30351722240448,,,
8,277,0.9741640090942383,0.870642900466919,0.2341991364955902,,,
8,278,0.9807205200195312,0.8806009888648987,0.2614482641220093,,,
8,278,,,,0.9509226679801941,0.8295954465866089,0.2913295030593872
9,279,0.975581169128418,0.9124342799186707,0.15539488196372986,,,
9,280,0.9779891967773438,0.7767027616500854,0.4604075253009796,,,
9,281,0.9757671356201172,0.846433699131012,0.29803237318992615,,,
9,282,0.9780559539794922,0.8945173025131226,0.20282506942749023,,,
9,283,0.9771432876586914,0.9191123843193054,0.147022545337677,,,
9,284,0.9754438400268555,0.9051336646080017,0.1691136211156845,,,
9,285,0.9717531204223633,0.7761173844337463,0.3908069431781769,,,
9,286,0.975193977355957,0.9066910147666931,0.16436372697353363,,,
9,287,0.9823226928710938,0.9220350980758667,0.16455499827861786,,,
9,288,0.9801826477050781,0.8784887790679932,0.25724419951438904,,,
9,289,0.9741687774658203,0.7528356313705444,0.4527568221092224,,,
9,290,0.9756546020507812,0.8282561898231506,0.3320351839065552,,,
9,291,0.9745512008666992,0.8349599242210388,0.3066861629486084,,,
9,292,0.975560188293457,0.8595241904258728,0.2609959542751312,,,
9,293,0.9763860702514648,0.9222179055213928,0.13653846085071564,,,
9,294,0.9807491302490234,0.8752533793449402,0.264093816280365,,,
9,295,0.9852027893066406,0.937928318977356,0.14248675107955933,,,
9,296,0.9764080047607422,0.8949174880981445,0.1891554445028305,,,
9,297,0.9727983474731445,0.7957770824432373,0.3594794273376465,,,
9,298,0.9774103164672852,0.9424919486045837,0.11211639642715454,,,
9,299,0.978541374206543,0.92349773645401,0.13818971812725067,,,
9,300,0.9827451705932617,0.8935724496841431,0.2349308580160141,,,
9,301,0.9819917678833008,0.8836214542388916,0.2530461251735687,,,
9,302,0.9780244827270508,0.9062045812606812,0.17008483409881592,,,
9,303,0.9820556640625,0.9111765623092651,0.18549685180187225,,,
9,304,0.9787969589233398,0.8587959408760071,0.27876538038253784,,,
9,305,0.9759292602539062,0.8672165870666504,0.24139907956123352,,,
9,306,0.9840450286865234,0.9152928590774536,0.19028909504413605,,,
9,307,0.9758768081665039,0.8561901450157166,0.26462647318840027,,,
9,308,0.9780035018920898,0.8915348649024963,0.20034103095531464,,,
9,309,0.9780896306037903,0.8218171000480652,0.3502213656902313,,,
9,309,,,,0.953205943107605,0.8365773558616638,0.2768552005290985
10,310,0.9844474792480469,0.9389743804931641,0.12783440947532654,,,
10,311,0.9856376647949219,0.9511075615882874,0.10621386021375656,,,
10,312,0.9809036254882812,0.9066980481147766,0.1825011521577835,,,
10,313,0.9843969345092773,0.9238141179084778,0.16760218143463135,,,
10,314,0.9720020294189453,0.9129263758659363,0.13963139057159424,,,
10,315,0.9723844528198242,0.9024797081947327,0.15454639494419098,,,
10,316,0.9845466613769531,0.9453199505805969,0.1123802438378334,,,
10,317,0.9810781478881836,0.8471099734306335,0.32027843594551086,,,
10,318,0.9661188125610352,0.7435539960861206,0.39730289578437805,,,
10,319,0.9844350814819336,0.9332176446914673,0.1407574564218521,,,
10,320,0.9789896011352539,0.906194806098938,0.1710522174835205,,,
10,321,0.9744596481323242,0.851917564868927,0.25833678245544434,,,
10,322,0.9807195663452148,0.8837929964065552,0.23444195091724396,,,
10,323,0.9767246246337891,0.807123601436615,0.35667258501052856,,,
10,324,0.9730157852172852,0.8029225468635559,0.3371245563030243,,,
10,325,0.9788131713867188,0.8778615593910217,0.22849944233894348,,,
10,326,0.9795417785644531,0.9033893942832947,0.17694951593875885,,,
10,327,0.9792184829711914,0.9092109799385071,0.16322706639766693,,,
10,328,0.9668817520141602,0.8605374693870544,0.20546336472034454,,,
10,329,0.9830112457275391,0.9200682044029236,0.1602010726928711,,,
10,330,0.9838619232177734,0.9164572358131409,0.17488597333431244,,,
10,331,0.9842061996459961,0.9065485596656799,0.2020511031150818,,,
10,332,0.9849367141723633,0.9331369400024414,0.13960905373096466,,,
10,333,0.9808206558227539,0.8921581506729126,0.20867116749286652,,,
10,334,0.9779548645019531,0.8531310558319092,0.27061524987220764,,,
10,335,0.9783525466918945,0.8673581480979919,0.24352438747882843,,,
10,336,0.9828481674194336,0.8512775897979736,0.3226759731769562,,,
10,337,0.9794473648071289,0.8980138301849365,0.18501362204551697,,,
10,338,0.9786577224731445,0.8492833971977234,0.2858402729034424,,,
10,339,0.9835071563720703,0.9161006808280945,0.16875916719436646,,,
10,340,0.9744517207145691,0.8449320197105408,0.2616778016090393,,,
10,340,,,,0.9489364624023438,0.8254192471504211,0.27794378995895386
11,341,0.9852085113525391,0.9429236054420471,0.11489572376012802,,,
11,342,0.9783811569213867,0.8483465909957886,0.27666226029396057,,,
11,343,0.9819107055664062,0.9115896224975586,0.16684944927692413,,,
11,344,0.9806270599365234,0.8415543437004089,0.31355568766593933,,,
11,345,0.9813776016235352,0.9329227209091187,0.11834599822759628,,,
11,346,0.9777994155883789,0.9110459685325623,0.14760099351406097,,,
11,347,0.9797124862670898,0.8920354843139648,0.1953229457139969,,,
11,348,0.9776268005371094,0.9277600646018982,0.11839974671602249,,,
11,349,0.9801883697509766,0.9223793745040894,0.13498087227344513,,,
11,350,0.9820003509521484,0.9240907430648804,0.13877703249454498,,,
11,351,0.9763402938842773,0.8606650829315186,0.23857156932353973,,,
11,352,0.9812746047973633,0.9015132784843445,0.1846146136522293,,,
11,353,0.973724365234375,0.8424763083457947,0.2602865993976593,,,
11,354,0.9842777252197266,0.9199047684669495,0.16302913427352905,,,
11,355,0.9844131469726562,0.9278091788291931,0.14116783440113068,,,
11,356,0.9793100357055664,0.8572613000869751,0.2652965188026428,,,
11,357,0.983673095703125,0.9465295672416687,0.09952449053525925,,,
11,358,0.9845371246337891,0.9425963759422302,0.11094722896814346,,,
11,359,0.9786062240600586,0.8310818672180176,0.3070221543312073,,,
11,360,0.9728641510009766,0.7771948575973511,0.3609243929386139,,,
11,361,0.9730520248413086,0.9018853902816772,0.14610080420970917,,,
11,362,0.9771842956542969,0.8633249998092651,0.2337413728237152,,,
11,363,0.9697341918945312,0.6817775964736938,0.518097460269928,,,
11,364,0.9795551300048828,0.8990055322647095,0.17362171411514282,,,
11,365,0.9774436950683594,0.8976170420646667,0.17145222425460815,,,
11,366,0.9761695861816406,0.8717557787895203,0.21487118303775787,,,
11,367,0.9799718856811523,0.8914104700088501,0.19669672846794128,,,
11,368,0.9821453094482422,0.9168170094490051,0.14979003369808197,,,
11,369,0.9853067398071289,0.9276282787322998,0.14587540924549103,,,
11,370,0.9785089492797852,0.8290562629699707,0.30963802337646484,,,
11,371,0.9665501713752747,0.7238186001777649,0.4037517011165619,,,
11,371,,,,0.5083342790603638,0.35074061155319214,0.6610662937164307
12,372,0.9748201370239258,0.8660364747047424,0.21521396934986115,,,
12,373,0.9827146530151367,0.9326581358909607,0.11950060725212097,,,
12,374,0.9087486267089844,0.7053927779197693,0.31965649127960205,,,
12,375,0.9428129196166992,0.5206941366195679,0.5772306323051453,,,
12,376,0.9758491516113281,0.8970054388046265,0.1644446700811386,,,
12,377,0.9774274826049805,0.9239486455917358,0.12170138210058212,,,
12,378,0.9781074523925781,0.9125216007232666,0.1437179446220398,,,
12,379,0.9827432632446289,0.9240031838417053,0.1362178474664688,,,
12,380,0.9753236770629883,0.9028719663619995,0.14581532776355743,,,
12,381,0.9533977508544922,0.7316809296607971,0.3428267538547516,,,
12,382,0.9719648361206055,0.8168296813964844,0.28762611746788025,,,
12,383,0.9744892120361328,0.8804047107696533,0.18276801705360413,,,
12,384,0.976292610168457,0.869710385799408,0.21252797544002533,,,
12,385,0.9709291458129883,0.8666552901268005,0.19187600910663605,,,
12,386,0.9766244888305664,0.8243631720542908,0.3034212291240692,,,
12,387,0.9751377105712891,0.894487202167511,0.15893776714801788,,,
12,388,0.9792661666870117,0.8911845684051514,0.18346399068832397,,,
12,389,0.9719514846801758,0.8254198431968689,0.265023797750473,,,
12,390,0.9753561019897461,0.7589998245239258,0.3942279815673828,,,
12,391,0.9790868759155273,0.8720938563346863,0.2175474464893341,,,
12,392,0.9708957672119141,0.7790488004684448,0.33320558071136475,,,
12,393,0.9736843109130859,0.8892332315444946,0.16292409598827362,,,
12,394,0.9801807403564453,0.8888217210769653,0.1927129626274109,,,
12,395,0.981083869934082,0.9080661535263062,0.15701958537101746,,,
12,396,0.9833774566650391,0.8081220388412476,0.391398549079895,,,
12,397,0.9802703857421875,0.9285087585449219,0.11757487058639526,,,
12,398,0.9787197113037109,0.9079497456550598,0.14598675072193146,,,
12,399,0.9724884033203125,0.8818658590316772,0.17250874638557434,,,
12,400,0.9792375564575195,0.8930729031562805,0.1748127043247223,,,
12,401,0.9746379852294922,0.8931474089622498,0.15677352249622345,,,
12,402,0.9712092280387878,0.7726067304611206,0.3415784537792206,,,
12,402,,,,0.9526519775390625,0.8349904417991638,0.25973618030548096
13,403,0.9801883697509766,0.9080568552017212,0.1487022340297699,,,
13,404,0.9801578521728516,0.896572470664978,0.17519205808639526,,,
13,405,0.9804649353027344,0.8905985355377197,0.18844303488731384,,,
13,406,0.9857473373413086,0.9394875764846802,0.11109892278909683,,,
13,407,0.9799871444702148,0.908840537071228,0.14641131460666656,,,
13,408,0.9756889343261719,0.8318469524383545,0.27003538608551025,,,
13,409,0.9825439453125,0.9142047166824341,0.15039677917957306,,,
13,410,0.9587574005126953,0.617261528968811,0.4990474581718445,,,
13,411,0.9736528396606445,0.8217244744300842,0.27416184544563293,,,
13,412,0.9689712524414062,0.9074767231941223,0.12497235834598541,,,
13,413,0.9821538925170898,0.8623274564743042,0.2572919428348541,,,
13,414,0.9727811813354492,0.8894855976104736,0.15696413815021515,,,
13,415,0.9768962860107422,0.8994375467300415,0.15063077211380005,,,
13,416,0.9826850891113281,0.8956893682479858,0.19110843539237976,,,
13,417,0.9786901473999023,0.8758700489997864,0.19949981570243835,,,
13,418,0.9714527130126953,0.8445649147033691,0.22318390011787415,,,
13,419,0.9754972457885742,0.8675509095191956,0.20235827565193176,,,
13,420,0.9795894622802734,0.8551021218299866,0.24588564038276672,,,
13,421,0.9833354949951172,0.9027606844902039,0.1745763123035431,,,
13,422,0.9803638458251953,0.9375894069671631,0.09737461060285568,,,
13,423,0.9800443649291992,0.8480292558670044,0.2623908519744873,,,
13,424,0.9773998260498047,0.88727205991745,0.17264969646930695,,,
13,425,0.9852991104125977,0.885310173034668,0.23030401766300201,,,
13,426,0.9775028228759766,0.9099553227424622,0.1340591162443161,,,
13,427,0.9822607040405273,0.8359656929969788,0.30199405550956726,,,
13,428,0.9732437133789062,0.9325111508369446,0.10471922904253006,,,
13,429,0.9757766723632812,0.8780745267868042,0.18008771538734436,,,
13,430,0.9803123474121094,0.9035907983779907,0.15286175906658173,,,
13,431,0.9813632965087891,0.9036133885383606,0.15850535035133362,,,
13,432,0.9804925918579102,0.898882269859314,0.16645507514476776,,,
13,433,0.9778124690055847,0.8945080637931824,0.1602560579776764,,,
13,433,,,,0.9396480917930603,0.7967308759689331,0.30319562554359436
14,434,0.9808616638183594,0.8760966658592224,0.21215908229351044,,,
14,435,0.980712890625,0.9109451770782471,0.14233629405498505,,,
14,436,0.9777288436889648,0.905097246170044,0.13963891565799713,,,
14,437,0.9736604690551758,0.7786513566970825,0.3352283239364624,,,
14,438,0.976872444152832,0.9102041125297546,0.1306394636631012,,,
14,439,0.9763393402099609,0.7860764265060425,0.3388073146343231,,,
14,440,0.9810771942138672,0.8934354186058044,0.17732906341552734,,,
14,441,0.9842138290405273,0.933053731918335,0.11359704285860062,,,
14,442,0.9798250198364258,0.8306475281715393,0.2865804433822632,,,
14,443,0.9812088012695312,0.8617427945137024,0.2384137064218521,,,
14,444,0.9833002090454102,0.9238317608833313,0.12588055431842804,,,
14,445,0.9809751510620117,0.9302972555160522,0.10758291929960251,,,
14,446,0.9806337356567383,0.8928226232528687,0.17371384799480438,,,
14,447,0.9860725402832031,0.9580015540122986,0.07596186548471451,,,
14,448,0.9824924468994141,0.9258697032928467,0.11866090446710587,,,
14,449,0.983647346496582,0.8954566121101379,0.1854735165834427,,,
14,450,0.9763298034667969,0.8494224548339844,0.2299305498600006,,,
14,451,0.9804878234863281,0.9150748252868652,0.13085517287254333,,,
14,452,0.9769458770751953,0.8126438856124878,0.2943093776702881,,,
14,453,0.9822587966918945,0.8824781775474548,0.20377862453460693,,,
14,454,0.9850196838378906,0.9283397197723389,0.12259150296449661,,,
14,455,0.9853134155273438,0.9345160126686096,0.11143765598535538,,,
14,456,0.9861326217651367,0.9424086809158325,0.09827002882957458,,,
14,457,0.9790563583374023,0.9029678106307983,0.14426018297672272,,,
14,458,0.9823007583618164,0.912774384021759,0.14044232666492462,,,
14,459,0.9778833389282227,0.8853667378425598,0.1722729355096817,,,
14,460,0.9799070358276367,0.9087356925010681,0.138291135430336,,,
14,461,0.984074592590332,0.8776002526283264,0.22179409861564636,,,
14,462,0.9760541915893555,0.9028744101524353,0.13534866273403168,,,
14,463,0.9776697158813477,0.8733468651771545,0.19169433414936066,,,
14,464,0.9781811833381653,0.8972834944725037,0.15286624431610107,,,
14,464,,,,0.9532356262207031,0.8366724848747253,0.25036072731018066
15,465,0.9243068695068359,0.42611098289489746,0.6258495450019836,,,
15,466,0.9833221435546875,0.9173972010612488,0.1357937753200531,,,
15,467,0.9824991226196289,0.9147911667823792,0.13773903250694275,,,
15,468,0.9803609848022461,0.8978739380836487,0.1585874855518341,,,
15,469,0.9840002059936523,0.9250079393386841,0.12342190742492676,,,
15,470,0.9810686111450195,0.8973339200019836,0.16278770565986633,,,
15,471,0.9813098907470703,0.9388300180435181,0.09348860383033752,,,
15,472,0.9860105514526367,0.9302183985710144,0.12280501425266266,,,
15,473,0.9782218933105469,0.9176505208015442,0.11752364039421082,,,
15,474,0.9822416305541992,0.9292071461677551,0.11086248606443405,,,
15,475,0.9691553115844727,0.7456591725349426,0.3556646704673767,,,
15,476,0.980280876159668,0.8772943615913391,0.1957738846540451,,,
15,477,0.9869651794433594,0.9120853543281555,0.18425416946411133,,,
15,478,0.9839906692504883,0.9252878427505493,0.12077241390943527,,,
15,479,0.9810218811035156,0.8991327285766602,0.15785130858421326,,,
15,480,0.9851512908935547,0.9370153546333313,0.10295119136571884,,,
15,481,0.9822826385498047,0.9192225933074951,0.12472465634346008,,,
15,482,0.983210563659668,0.8937037587165833,0.18017786741256714,,,
15,483,0.9833774566650391,0.899060070514679,0.1689724624156952,,,
15,484,0.9832525253295898,0.8373379111289978,0.2883259356021881,,,
15,485,0.9751386642456055,0.88646399974823,0.1582265943288803,,,
15,486,0.9774942398071289,0.8547431826591492,0.2189285159111023,,,
15,487,0.9798412322998047,0.8887081146240234,0.1693541556596756,,,
15,488,0.9821748733520508,0.9089748859405518,0.14305107295513153,,,
15,489,0.9820928573608398,0.900932788848877,0.15901008248329163,,,
15,490,0.9752702713012695,0.8906049728393555,0.1491316854953766,,,
15,491,0.9844503402709961,0.9353201985359192,0.1022544577717781,,,
15,492,0.973475456237793,0.8978503346443176,0.1356751173734665,,,
15,493,0.9868888854980469,0.9441766738891602,0.09497193247079849,,,
15,494,0.9828081130981445,0.9027806520462036,0.1547059267759323,,,
15,495,0.9822298884391785,0.9080706834793091,0.14281907677650452,,,
15,495,,,,0.9526087641716003,0.8355692028999329,0.24794112145900726
16,496,0.9836139678955078,0.9437397122383118,0.08726415783166885,,,
16,497,0.9850997924804688,0.9447616338729858,0.08742456138134003,,,
16,498,0.9850807189941406,0.899135410785675,0.17916300892829895,,,
16,499,0.9839649200439453,0.90762859582901,0.15364186465740204,,,
16,500,0.982935905456543,0.9330126047134399,0.10226021707057953,,,
16,501,0.9859867095947266,0.9036256670951843,0.1752479523420334,,,
16,502,0.9837741851806641,0.8903072476387024,0.18463726341724396,,,
16,503,0.984405517578125,0.9168370366096497,0.13491471111774445,,,
16,504,0.9797391891479492,0.9269489645957947,0.10447447746992111,,,
16,505,0.9855861663818359,0.9034193754196167,0.1732362061738968,,,
16,506,0.9837179183959961,0.9445114135742188,0.08469141274690628,,,
16,507,0.9823598861694336,0.9116371273994446,0.1366870105266571,,,
16,508,0.9770088195800781,0.7983707785606384,0.3057871162891388,,,
16,509,0.9817934036254883,0.9204978942871094,0.11791065335273743,,,
16,510,0.9828987121582031,0.8436262607574463,0.2700025737285614,,,
16,511,0.9875297546386719,0.9377958178520203,0.10977490246295929,,,
16,512,0.9835834503173828,0.9133485555648804,0.13735973834991455,,,
16,513,0.982874870300293,0.8981117010116577,0.16428011655807495,,,
16,514,0.9762964248657227,0.9228867292404175,0.104990653693676,,,
16,515,0.9772768020629883,0.88816237449646,0.15735839307308197,,,
16,516,0.9796934127807617,0.9122010469436646,0.12584587931632996,,,
16,517,0.9781332015991211,0.8718985915184021,0.18605677783489227,,,
16,518,0.9780454635620117,0.8217582106590271,0.2720817029476166,,,
16,519,0.9789113998413086,0.7211440205574036,0.43043428659439087,,,
16,520,0.9818849563598633,0.9009923934936523,0.15311360359191895,,,
16,521,0.9837360382080078,0.9541435837745667,0.07421847432851791,,,
16,522,0.9782819747924805,0.8112771511077881,0.2904233932495117,,,
16,523,0.9845447540283203,0.9423380494117737,0.08753325790166855,,,
16,524,0.9847631454467773,0.9054732918739319,0.15708597004413605,,,
16,525,0.9828863143920898,0.8347560167312622,0.2791976034641266,,,
16,526,0.9850603938102722,0.926843523979187,0.11634498089551926,,,
16,526,,,,0.951416015625,0.8323335647583008,0.249374657869339
17,527,0.9805803298950195,0.8799266219139099,0.1820223331451416,,,
17,528,0.9834575653076172,0.8812121152877808,0.19498439133167267,,,
17,529,0.976628303527832,0.8892319202423096,0.15050126612186432,,,
17,530,0.9855051040649414,0.928541898727417,0.1161772683262825,,,
17,531,0.9897193908691406,0.9598562717437744,0.07067408412694931,,,
17,532,0.9842853546142578,0.9403399229049683,0.08918603509664536,,,
17,533,0.981328010559082,0.8612107634544373,0.2159287929534912,,,
17,534,0.98590087890625,0.8805516958236694,0.21934334933757782,,,
17,535,0.9847278594970703,0.9220836162567139,0.12408355623483658,,,
17,536,0.9768486022949219,0.8192014694213867,0.2634113132953644,,,
17,537,0.9798355102539062,0.8746316432952881,0.188483327627182,,,
17,538,0.9855422973632812,0.9145799875259399,0.14222753047943115,,,
17,539,0.9813919067382812,0.9144608378410339,0.12282413244247437,,,
17,540,0.9847126007080078,0.8730689287185669,0.2184729129076004,,,
17,541,0.9842472076416016,0.9055423140525818,0.15113000571727753,,,
17,542,0.9824914932250977,0.9518976211547852,0.07515054196119308,,,
17,543,0.9798707962036133,0.74655681848526,0.39541107416152954,,,
17,544,0.9856500625610352,0.9389244318008423,0.09415987133979797,,,
17,545,0.9818754196166992,0.91795814037323,0.11859961599111557,,,
17,546,0.9845600128173828,0.93117755651474,0.1036473885178566,,,
17,547,0.9867124557495117,0.9483770132064819,0.081482894718647,,,
17,548,0.9818229675292969,0.8619040846824646,0.2188216745853424,,,
17,549,0.9819412231445312,0.8993702530860901,0.15136931836605072,,,
17,550,0.9810218811035156,0.9415675401687622,0.08341158181428909,,,
17,551,0.9831438064575195,0.8723844885826111,0.20837117731571198,,,
17,552,0.98138427734375,0.9533771872520447,0.07685836404561996,,,
17,553,0.9850931167602539,0.9189562201499939,0.12680833041667938,,,
17,554,0.9842243194580078,0.9050019979476929,0.15008971095085144,,,
17,555,0.9839086532592773,0.906635582447052,0.14662259817123413,,,
17,556,0.9789419174194336,0.8830659985542297,0.166448712348938,,,
17,557,0.9858563542366028,0.8895870447158813,0.19598348438739777,,,
17,557,,,,0.9543753862380981,0.8396819829940796,0.2395269125699997
18,558,0.9825305938720703,0.9277701377868652,0.10434450209140778,,,
18,559,0.9829025268554688,0.9165661931037903,0.12187033891677856,,,
18,560,0.9835929870605469,0.8567669987678528,0.23670515418052673,,,
18,561,0.9824848175048828,0.919674277305603,0.11663060635328293,,,
18,562,0.9856805801391602,0.9341897368431091,0.10126378387212753,,,
18,563,0.9863138198852539,0.8994196653366089,0.17331793904304504,,,
18,564,0.9807748794555664,0.8757664561271667,0.18717262148857117,,,
18,565,0.9836616516113281,0.9020373821258545,0.15296857059001923,,,
18,566,0.9836254119873047,0.9132503867149353,0.13151389360427856,,,
18,567,0.9863719940185547,0.9405494928359985,0.09188096225261688,,,
18,568,0.9831504821777344,0.8053649067878723,0.31540319323539734,,,
18,569,0.9808225631713867,0.8641449213027954,0.2059798538684845,,,
18,570,0.9888286590576172,0.9067349433898926,0.1805013120174408,,,
18,571,0.9871692657470703,0.9334774017333984,0.10968197137117386,,,
18,572,0.9855051040649414,0.9350606203079224,0.0983273908495903,,,
18,573,0.9850502014160156,0.878506064414978,0.2000928372144699,,,
18,574,0.9851503372192383,0.9575044512748718,0.06724592298269272,,,
18,575,0.9852466583251953,0.9472049474716187,0.07826219499111176,,,
18,576,0.9841156005859375,0.904610812664032,0.14596715569496155,,,
18,577,0.9770936965942383,0.879169762134552,0.1633143573999405,,,
18,578,0.9839859008789062,0.9399083852767944,0.08656579256057739,,,
18,579,0.9863243103027344,0.915647566318512,0.13799503445625305,,,
18,580,0.9810209274291992,0.9041534662246704,0.13519364595413208,,,
18,581,0.9865341186523438,0.9180418252944946,0.1320173293352127,,,
18,582,0.9833917617797852,0.9560655355453491,0.06911993026733398,,,
18,583,0.9850349426269531,0.8945826888084412,0.17151926457881927,,,
18,584,0.9843578338623047,0.8949176073074341,0.16565336287021637,,,
18,585,0.9843711853027344,0.9172632694244385,0.12458053231239319,,,
18,586,0.9802484512329102,0.8063035011291504,0.29134035110473633,,,
18,587,0.9825315475463867,0.9284824728965759,0.10034472495317459,,,
18,588,0.9835332036018372,0.9477603435516357,0.07511075586080551,,,
18,588,,,,0.9548831582069397,0.840129017829895,0.2377101331949234
19,589,0.9790229797363281,0.8929124474525452,0.14501948654651642,,,
19,590,0.9820318222045898,0.7959251999855042,0.3194518983364105,,,
19,591,0.984705924987793,0.9106553792953491,0.13687573373317719,,,
19,592,0.9815225601196289,0.9095019698143005,0.12649095058441162,,,
19,593,0.9828157424926758,0.9263267517089844,0.10417697578668594,,,
19,594,0.9840841293334961,0.9461860656738281,0.07652385532855988,,,
19,595,0.9855184555053711,0.9475107192993164,0.07734216749668121,,,
19,596,0.9866209030151367,0.9291768670082092,0.11054177582263947,,,
19,597,0.976593017578125,0.7255537509918213,0.38794320821762085,,,
19,598,0.9847488403320312,0.9172753691673279,0.12417976558208466,,,
19,599,0.9851484298706055,0.9417498707771301,0.08362443000078201,,,
19,600,0.9850921630859375,0.9074388742446899,0.1423664540052414,,,
19,601,0.9780864715576172,0.9339133501052856,0.08781956136226654,,,
19,602,0.9756145477294922,0.7759749293327332,0.31221067905426025,,,
19,603,0.9812335968017578,0.7831553816795349,0.32954493165016174,,,
19,604,0.9822597503662109,0.9186040163040161,0.11379456520080566,,,
19,605,0.9857463836669922,0.8739585280418396,0.2116985321044922,,,
19,606,0.9882612228393555,0.9296214580535889,0.11862345039844513,,,
19,607,0.9822530746459961,0.8954744338989258,0.15197402238845825,,,
19,608,0.9845666885375977,0.8418099284172058,0.25808805227279663,,,
19,609,0.9807357788085938,0.9230344295501709,0.1020837351679802,,,
19,610,0.989044189453125,0.9464276432991028,0.08707493543624878,,,
19,611,0.983342170715332,0.9200199842453003,0.11338824033737183,,,
19,612,0.9877500534057617,0.9347333312034607,0.10364777594804764,,,
19,613,0.985203742980957,0.9220762848854065,0.11622439324855804,,,
19,614,0.983489990234375,0.9489700794219971,0.07197947055101395,,,
19,615,0.9871034622192383,0.9403852820396423,0.08958408236503601,,,
19,616,0.9839649200439453,0.9098657965660095,0.13211169838905334,,,
19,617,0.9887933731079102,0.9377304911613464,0.10299739986658096,,,
19,618,0.9871797561645508,0.94642174243927,0.08152960240840912,,,
19,619,0.9830474853515625,0.9189943075180054,0.1147063598036766,,,
19,619,,,,0.9534382224082947,0.8388398885726929,0.2349265217781067
20,620,0.9817533493041992,0.8856475353240967,0.16201180219650269,,,
20,621,0.9866170883178711,0.9475874304771423,0.0765058770775795,,,
20,622,0.9825239181518555,0.9222238063812256,0.10625392198562622,,,
20,623,0.9885177612304688,0.9062779545783997,0.16503040492534637,,,
20,624,0.9779453277587891,0.9165743589401245,0.1076006069779396,,,
20,625,0.9894113540649414,0.9250718951225281,0.13382691144943237,,,
20,626,0.9834098815917969,0.9226593375205994,0.10816816240549088,,,
20,627,0.9869012832641602,0.9340760111808777,0.0998196005821228,,,
20,628,0.979395866394043,0.9100806713104248,0.11852831393480301,,,
20,629,0.9876775741577148,0.8995779752731323,0.17171579599380493,,,
20,630,0.986302375793457,0.8942707777023315,0.17087677121162415,,,
20,631,0.9825248718261719,0.9038236737251282,0.1355624496936798,,,
20,632,0.9829816818237305,0.8989735841751099,0.14404401183128357,,,
20,633,0.9860553741455078,0.8868082165718079,0.18486523628234863,,,
20,634,0.9830074310302734,0.9267393946647644,0.10028433054685593,,,
20,635,0.9862785339355469,0.8853892683982849,0.18879039585590363,,,
20,636,0.9846401214599609,0.9332858324050903,0.09452308714389801,,,
20,637,0.9836578369140625,0.872353732585907,0.1918725222349167,,,
20,638,0.9869365692138672,0.9470582008361816,0.07871172577142715,,,
20,639,0.987278938293457,0.9458602666854858,0.07996026426553726,,,
20,640,0.9870004653930664,0.9369481205940247,0.09530677646398544,,,
20,641,0.9859962463378906,0.8714478611946106,0.2084973305463791,,,
20,642,0.9797220230102539,0.9295700788497925,0.09154395759105682,,,
20,643,0.9818534851074219,0.9053347706794739,0.131221204996109,,,
20,644,0.9834690093994141,0.9304991364479065,0.09364505857229233,,,
20,645,0.9864425659179688,0.9637776613235474,0.05876617506146431,,,
20,646,0.9882783889770508,0.9058853387832642,0.1597483605146408,,,
20,647,0.9824924468994141,0.935175895690918,0.08609705418348312,,,
20,648,0.9788103103637695,0.8937184810638428,0.13951919972896576,,,
20,649,0.98590087890625,0.9051894545555115,0.14536869525909424,,,
20,650,0.9873225092887878,0.9051470160484314,0.15532618761062622,,,
20,650,,,,0.9537128806114197,0.837856650352478,0.2354729175567627
21,651,0.9809761047363281,0.8985634446144104,0.13948875665664673,,,
21,652,0.9834432601928711,0.9221950769424438,0.10780782997608185,,,
21,653,0.9853315353393555,0.9189859628677368,0.11902343481779099,,,
21,654,0.9858598709106445,0.9156200289726257,0.12668099999427795,,,
21,655,0.9825458526611328,0.8812830448150635,0.17075029015541077,,,
21,656,0.9832801818847656,0.9133023619651794,0.12155836820602417,,,
21,657,0.9822578430175781,0.844657301902771,0.22670739889144897,,,
21,658,0.9867458343505859,0.9426851272583008,0.0835326611995697,,,
21,659,0.9833898544311523,0.942940354347229,0.07746946066617966,,,
21,660,0.9849052429199219,0.9313130974769592,0.0965639129281044,,,
21,661,0.9842948913574219,0.8369876146316528,0.252225786447525,,,
21,662,0.9822931289672852,0.9055489301681519,0.12795232236385345,,,
21,663,0.9845285415649414,0.9371544718742371,0.08661562204360962,,,
21,664,0.985926628112793,0.9416497945785522,0.08278703689575195,,,
21,665,0.9851160049438477,0.9370700716972351,0.08799298852682114,,,
21,666,0.9874143600463867,0.9535457491874695,0.06667128205299377,,,
21,667,0.9864082336425781,0.9159867763519287,0.12731535732746124,,,
21,668,0.9869546890258789,0.9011639952659607,0.15743927657604218,,,
21,669,0.9902496337890625,0.9668599367141724,0.05206805840134621,,,
21,670,0.9837265014648438,0.8717214465141296,0.1883152276277542,,,
21,671,0.9811859130859375,0.8702941536903381,0.1824599653482437,,,
21,672,0.9840507507324219,0.9435051679611206,0.07564409077167511,,,
21,673,0.9853706359863281,0.8843145966529846,0.17899543046951294,,,
21,674,0.9857330322265625,0.9059622287750244,0.1402493268251419,,,
21,675,0.9858407974243164,0.91258704662323,0.13135844469070435,,,
21,676,0.9849281311035156,0.9234899282455444,0.10877089202404022,,,
21,677,0.9901256561279297,0.9533836841583252,0.07340791821479797,,,
21,678,0.986114501953125,0.9329301118850708,0.09424572438001633,,,
21,679,0.9884319305419922,0.923401415348053,0.12330543994903564,,,
21,680,0.9858493804931641,0.8978626728057861,0.1569555401802063,,,
21,681,0.9916610717773438,0.9730575680732727,0.045836351811885834,,,
21,681,,,,0.9547364711761475,0.8407896757125854,0.23078706860542297
22,682,0.9849538803100586,0.8754706382751465,0.19032101333141327,,,
22,683,0.9766845703125,0.8459832668304443,0.2010480761528015,,,
22,684,0.9850339889526367,0.9357104897499084,0.0886186882853508,,,
22,685,0.9843206405639648,0.9479821920394897,0.07128120958805084,,,
22,686,0.9890460968017578,0.9677579402923584,0.05136186257004738,,,
22,687,0.9832277297973633,0.8892346024513245,0.15803539752960205,,,
22,688,0.9836244583129883,0.9181092977523804,0.1118176206946373,,,
22,689,0.9868879318237305,0.929474949836731,0.10384375602006912,,,
22,690,0.985107421875,0.8622976541519165,0.2091425210237503,,,
22,691,0.9848871231079102,0.9013354778289795,0.1450393795967102,,,
22,692,0.9861869812011719,0.9203488826751709,0.11647093296051025,,,
22,693,0.9871854782104492,0.9370284080505371,0.09141866862773895,,,
22,694,0.9914989471435547,0.9519391059875488,0.08193254470825195,,,
22,695,0.9802608489990234,0.9000796675682068,0.1310608983039856,,,
22,696,0.9827356338500977,0.9312251210212708,0.09123152494430542,,,
22,697,0.9863529205322266,0.9375836849212646,0.08799631148576736,,,
22,698,0.9853763580322266,0.9433823227882385,0.07571433484554291,,,
22,699,0.9848127365112305,0.9191899299621582,0.11223151534795761,,,
22,700,0.9864082336425781,0.9287723898887634,0.10229796916246414,,,
22,701,0.9858264923095703,0.9358829855918884,0.08947975933551788,,,
22,702,0.9875001907348633,0.9418229460716248,0.08424536883831024,,,
22,703,0.9871768951416016,0.9299209117889404,0.10237733274698257,,,
22,704,0.9923305511474609,0.9658458828926086,0.05776551365852356,,,
22,705,0.9885387420654297,0.9391108155250549,0.09320752322673798,,,
22,706,0.9825868606567383,0.8526251912117004,0.2106035351753235,,,
22,707,0.9872236251831055,0.9363674521446228,0.09113528579473495,,,
22,708,0.9850845336914062,0.9214121699333191,0.11027944833040237,,,
22,709,0.9854116439819336,0.9362511038780212,0.08595721423625946,,,
22,710,0.9810543060302734,0.8399955034255981,0.22154036164283752,,,
22,711,0.9852132797241211,0.8531403541564941,0.2264251410961151,,,
22,712,0.9902381896972656,0.9552361369132996,0.06843769550323486,,,
22,712,,,,0.9532114863395691,0.8344997763633728,0.2371128648519516
23,713,0.9862575531005859,0.9258367419242859,0.10553748160600662,,,
23,714,0.9805564880371094,0.9086927175521851,0.11603565514087677,,,
23,715,0.9854240417480469,0.9186869859695435,0.11450168490409851,,,
23,716,0.9867067337036133,0.9121100306510925,0.13243068754673004,,,
23,717,0.9829826354980469,0.9164090156555176,0.11364323645830154,,,
23,718,0.9866189956665039,0.9184277653694153,0.11811979115009308,,,
23,719,0.9842433929443359,0.920580267906189,0.10724493116140366,,,
23,720,0.9860162734985352,0.9422789216041565,0.07836029678583145,,,
23,721,0.9881248474121094,0.9468483328819275,0.07533375173807144,,,
23,722,0.9831333160400391,0.9382256269454956,0.08026528358459473,,,
23,723,0.9858074188232422,0.8942108154296875,0.1555444598197937,,,
23,724,0.98345947265625,0.9003767967224121,0.13771586120128632,,,
23,725,0.9906444549560547,0.966444194316864,0.05004942789673805,,,
23,726,0.9856042861938477,0.894079864025116,0.1570618599653244,,,
23,727,0.9855642318725586,0.9199172854423523,0.110561802983284,,,
23,728,0.9858055114746094,0.9334153532981873,0.09269452840089798,,,
23,729,0.9894695281982422,0.9456695914268494,0.08126841485500336,,,
23,730,0.9830598831176758,0.9202440977096558,0.10373876988887787,,,
23,731,0.9838619232177734,0.9192128777503967,0.1091570034623146,,,
23,732,0.9862194061279297,0.9347629547119141,0.09092672914266586,,,
23,733,0.9887838363647461,0.9278227090835571,0.11253538727760315,,,
23,734,0.9816818237304688,0.9020949006080627,0.1288723647594452,,,
23,735,0.9850778579711914,0.9381247758865356,0.0815514400601387,,,
23,736,0.9817104339599609,0.8922675251960754,0.14264874160289764,,,
23,737,0.9863138198852539,0.9102495908737183,0.13208501040935516,,,
23,738,0.9895524978637695,0.9495851397514343,0.07672207057476044,,,
23,739,0.9876737594604492,0.9627804756164551,0.05412033945322037,,,
23,740,0.9832334518432617,0.8658154010772705,0.18802888691425323,,,
23,741,0.9866847991943359,0.9328898191452026,0.09425046294927597,,,
23,742,0.9896030426025391,0.9413691163063049,0.09057541191577911,,,
23,743,0.9851150512695312,0.7945270538330078,0.31375083327293396,,,
23,743,,,,0.9552485346794128,0.8417009115219116,0.22908422350883484
24,744,0.9892435073852539,0.9471873044967651,0.07812778651714325,,,
24,745,0.9876909255981445,0.922873318195343,0.1151607558131218,,,
24,746,0.9854030609130859,0.9019876718521118,0.13942401111125946,,,
24,747,0.9843387603759766,0.9170610308647156,0.11084003001451492,,,
24,748,0.9885673522949219,0.9104504585266113,0.14149320125579834,,,
24,749,0.986114501953125,0.9135879278182983,0.12347546964883804,,,
24,750,0.9859104156494141,0.943146288394928,0.07510398328304291,,,
24,751,0.9857501983642578,0.9153662919998169,0.11815829575061798,,,
24,752,0.9856977462768555,0.9250157475471497,0.10202011466026306,,,
24,753,0.9889011383056641,0.9612946510314941,0.05586765706539154,,,
24,754,0.9859199523925781,0.9537618160247803,0.06219193711876869,,,
24,755,0.9855756759643555,0.9237716794013977,0.10519000887870789,,,
24,756,0.983698844909668,0.9432699084281921,0.07231944799423218,,,
24,757,0.983668327331543,0.9259676933288574,0.09690556675195694,,,
24,758,0.9851512908935547,0.8796809911727905,0.17475385963916779,,,
24,759,0.9859342575073242,0.9342994093894958,0.08931616693735123,,,
24,760,0.9854850769042969,0.9219006299972534,0.10649854689836502,,,
24,761,0.9821310043334961,0.9342448115348816,0.0829252228140831,,,
24,762,0.9813785552978516,0.910729706287384,0.11261188238859177,,,
24,763,0.9893255233764648,0.9343380331993103,0.10161220282316208,,,
24,764,0.988255500793457,0.9533810615539551,0.06343992054462433,,,
24,765,0.9872455596923828,0.9326833486557007,0.09536216408014297,,,
24,766,0.9856605529785156,0.921142041683197,0.10820500552654266,,,
24,767,0.9823160171508789,0.8150932788848877,0.25946274399757385,,,
24,768,0.9879264831542969,0.9496185779571533,0.07013312727212906,,,
24,769,0.9859580993652344,0.9494559168815613,0.06639407575130463,,,
24,770,0.9853010177612305,0.9343359470367432,0.0864398404955864,,,
24,771,0.985107421875,0.9045581817626953,0.1343962699174881,,,
24,772,0.9841928482055664,0.8869935274124146,0.15709450840950012,,,
24,773,0.984623908996582,0.8399972319602966,0.23104582726955414,,,
24,774,0.9813461303710938,0.7705302834510803,0.32116520404815674,,,
24,774,,,,0.9539786577224731,0.8357511758804321,0.23378732800483704
25,775,0.9879074096679688,0.9467890858650208,0.07325516641139984,,,
25,776,0.9839916229248047,0.8569505214691162,0.20180335640907288,,,
25,777,0.9871940612792969,0.9557814002037048,0.060130856931209564,,,
25,778,0.9837284088134766,0.9322307109832764,0.0873953178524971,,,
25,779,0.9828424453735352,0.924706220626831,0.09597501903772354,,,
25,780,0.9874992370605469,0.9286853075027466,0.101335309445858,,,
25,781,0.9869537353515625,0.9563993811607361,0.05852203071117401,,,
25,782,0.9840383529663086,0.8614670038223267,0.19523459672927856,,,
25,783,0.9918375015258789,0.9398545622825623,0.10472213476896286,,,
25,784,0.9835615158081055,0.938636064529419,0.07788705080747604,,,
25,785,0.9868450164794922,0.9302452802658081,0.09656175971031189,,,
25,786,0.9860458374023438,0.9469966292381287,0.07009442150592804,,,
25,787,0.9810886383056641,0.8658049702644348,0.17707431316375732,,,
25,788,0.9824342727661133,0.8492864966392517,0.20545141398906708,,,
25,789,0.9890871047973633,0.9640476107597351,0.05146843567490578,,,
25,790,0.9825429916381836,0.9298454523086548,0.08677161484956741,,,
25,791,0.9828166961669922,0.9100633263587952,0.1141427606344223,,,
25,792,0.984623908996582,0.9125180840492249,0.11542174965143204,,,
25,793,0.9789848327636719,0.8601226210594177,0.1781851202249527,,,
25,794,0.9878501892089844,0.9269034266471863,0.10548055917024612,,,
25,795,0.9834918975830078,0.9302429556846619,0.08713852614164352,,,
25,796,0.9846687316894531,0.892487645149231,0.14582575857639313,,,
25,797,0.987523078918457,0.9441119432449341,0.07508203387260437,,,
25,798,0.9868440628051758,0.8836552500724792,0.17495274543762207,,,
25,799,0.9893608093261719,0.9083786606788635,0.1463361233472824,,,
25,800,0.9878549575805664,0.9361545443534851,0.08867647498846054,,,
25,801,0.9827451705932617,0.8857014775276184,0.15171658992767334,,,
25,802,0.9848289489746094,0.9369738101959229,0.0810927152633667,,,
25,803,0.985478401184082,0.9073805809020996,0.12680579721927643,,,
25,804,0.9861602783203125,0.9402714967727661,0.07783414423465729,,,
25,805,0.9860496520996094,0.9077764749526978,0.12788553535938263,,,
25,805,,,,0.953027069568634,0.8364549875259399,0.22976800799369812
26,806,0.9828128814697266,0.8853102922439575,0.1540990173816681,,,
26,807,0.9852170944213867,0.9025823473930359,0.1348520666360855,,,
26,808,0.9870700836181641,0.896122395992279,0.15257741510868073,,,
26,809,0.9887838363647461,0.9494988918304443,0.06902287155389786,,,
26,810,0.986027717590332,0.9049432873725891,0.13314445316791534,,,
26,811,0.9859066009521484,0.911179780960083,0.12213997542858124,,,
26,812,0.9880571365356445,0.9037654399871826,0.14351727068424225,,,
26,813,0.9839916229248047,0.9360179901123047,0.08025143295526505,,,
26,814,0.987421989440918,0.9531132578849792,0.06306041032075882,,,
26,815,0.9836635589599609,0.9263117909431458,0.09317115694284439,,,
26,816,0.9858789443969727,0.9509553909301758,0.06386013329029083,,,
26,817,0.984889030456543,0.9365568161010742,0.08103276789188385,,,
26,818,0.9866647720336914,0.9167168140411377,0.11399082839488983,,,
26,819,0.9850854873657227,0.9213480353355408,0.10324537009000778,,,
26,820,0.9816789627075195,0.8887338042259216,0.1443910449743271,,,
26,821,0.9879312515258789,0.9364667534828186,0.08714640140533447,,,
26,822,0.9876012802124023,0.8368696570396423,0.25489160418510437,,,
26,823,0.9794692993164062,0.8989912271499634,0.12125823646783829,,,
26,824,0.9828462600708008,0.9357519745826721,0.07786377519369125,,,
26,825,0.9904241561889648,0.972760021686554,0.04195322096347809,,,
26,826,0.9879646301269531,0.9159322381019592,0.12333379685878754,,,
26,827,0.9878330230712891,0.9483226537704468,0.0686308965086937,,,
26,828,0.9866695404052734,0.9063701629638672,0.13097701966762543,,,
26,829,0.9849414825439453,0.9401349425315857,0.07509490102529526,,,
26,830,0.9859352111816406,0.9214001893997192,0.10502725094556808,,,
26,831,0.9855518341064453,0.905810534954071,0.1272619366645813,,,
26,832,0.9852428436279297,0.9477483630180359,0.06658492237329483,,,
26,833,0.9882478713989258,0.9388120770454407,0.08388460427522659,,,
26,834,0.9851617813110352,0.9109953045845032,0.11787205934524536,,,
26,835,0.9837617874145508,0.87602299451828,0.1677267700433731,,,
26,836,0.9875831604003906,0.9229907989501953,0.10868097096681595,,,
26,836,,,,0.9538989663124084,0.8388726115226746,0.22605183720588684
27,837,0.986424446105957,0.901187002658844,0.1389005482196808,,,
27,838,0.9828605651855469,0.9363863468170166,0.07838668674230576,,,
27,839,0.9834442138671875,0.9252696633338928,0.0928846150636673,,,
27,840,0.9892873764038086,0.9674221873283386,0.045837342739105225,,,
27,841,0.9868259429931641,0.8969396948814392,0.1483507603406906,,,
27,842,0.9848537445068359,0.8736385107040405,0.17497777938842773,,,
27,843,0.9893531799316406,0.9569731950759888,0.0595305897295475,,,
27,844,0.979762077331543,0.9081174731254578,0.11090219020843506,,,
27,845,0.9877958297729492,0.9308621287345886,0.09492115676403046,,,
27,846,0.9859046936035156,0.9013252258300781,0.1364954710006714,,,
27,847,0.9865808486938477,0.9433194398880005,0.07342663407325745,,,
27,848,0.9915914535522461,0.9527208209037781,0.07283315062522888,,,
27,849,0.9885177612304688,0.9517237544059753,0.06349128484725952,,,
27,850,0.987065315246582,0.9565653204917908,0.057048749178647995,,,
27,851,0.9886722564697266,0.899951159954071,0.1511387974023819,,,
27,852,0.9887733459472656,0.9529761672019958,0.06383874267339706,,,
27,853,0.9847078323364258,0.9374421834945679,0.07849421352148056,,,
27,854,0.9858818054199219,0.9339711666107178,0.08466370403766632,,,
27,855,0.9805974960327148,0.8391368985176086,0.2072465866804123,,,
27,856,0.9862918853759766,0.925430178642273,0.09781189262866974,,,
27,857,0.9896297454833984,0.9484537243843079,0.07134488224983215,,,
27,858,0.9860200881958008,0.8245334625244141,0.2571094334125519,,,
27,859,0.9861974716186523,0.8699675798416138,0.18731917440891266,,,
27,860,0.9863214492797852,0.9357392191886902,0.08239732682704926,,,
27,861,0.9815282821655273,0.9228944182395935,0.09439102560281754,,,
27,862,0.9846458435058594,0.9181989431381226,0.10551143437623978,,,
27,863,0.983912467956543,0.8557403683662415,0.19707700610160828,,,
27,864,0.9877052307128906,0.9504417181015015,0.06452415883541107,,,
27,865,0.988856315612793,0.9293539524078369,0.1028149425983429,,,
27,866,0.9891824722290039,0.9058563113212585,0.142594575881958,,,
27,867,0.9848251342773438,0.9496393799781799,0.06428371369838715,,,
27,867,,,,0.9537612199783325,0.8367932438850403,0.2283908724784851
28,868,0.9891595840454102,0.9420987367630005,0.08118040859699249,,,
28,869,0.9875106811523438,0.8831768035888672,0.1706307977437973,,,
28,870,0.9915170669555664,0.9604126811027527,0.05911899730563164,,,
28,871,0.9864912033081055,0.9561309814453125,0.05704912170767784,,,
28,872,0.982269287109375,0.9263365268707275,0.08848695456981659,,,
28,873,0.9890127182006836,0.9512567520141602,0.06636548787355423,,,
28,874,0.9854087829589844,0.9095306396484375,0.11911390721797943,,,
28,875,0.987213134765625,0.9092889428138733,0.12634915113449097,,,
28,876,0.9836654663085938,0.9148000478744507,0.1074788048863411,,,
28,877,0.9847536087036133,0.9218472838401794,0.10086821019649506,,,
28,878,0.9877891540527344,0.9287459254264832,0.09862761199474335,,,
28,879,0.9837055206298828,0.8874143362045288,0.14701350033283234,,,
28,880,0.9870729446411133,0.9268408417701721,0.09713164716959,,,
28,881,0.9892244338989258,0.8994303345680237,0.15431392192840576,,,
28,882,0.9861984252929688,0.9617322087287903,0.05226685851812363,,,
28,883,0.9859676361083984,0.928086519241333,0.09326022118330002,,,
28,884,0.9835214614868164,0.8363668918609619,0.22304384410381317,,,
28,885,0.990229606628418,0.961340069770813,0.05371430888772011,,,
28,886,0.9853906631469727,0.9068158864974976,0.12276855856180191,,,
28,887,0.9868040084838867,0.9001263380050659,0.13851679861545563,,,
28,888,0.9862699508666992,0.9202704429626465,0.10494353622198105,,,
28,889,0.9873142242431641,0.941379725933075,0.07704019546508789,,,
28,890,0.9855289459228516,0.9205337762832642,0.10322382301092148,,,
28,891,0.9895048141479492,0.9507502913475037,0.06668207049369812,,,
28,892,0.9911479949951172,0.9602733850479126,0.05703858286142349,,,
28,893,0.9884510040283203,0.949139416217804,0.06736274063587189,,,
28,894,0.9834556579589844,0.8816111087799072,0.1519993394613266,,,
28,895,0.9885721206665039,0.9315468072891235,0.0945756733417511,,,
28,896,0.9855880737304688,0.9393959045410156,0.07769373804330826,,,
28,897,0.9860925674438477,0.9043260812759399,0.1284797191619873,,,
28,898,0.9861615300178528,0.9565240144729614,0.0568709596991539,,,
28,898,,,,0.9540820717811584,0.8403876423835754,0.22348761558532715
29,899,0.9882316589355469,0.9288822412490845,0.0989668071269989,,,
29,900,0.9912281036376953,0.9552955031394958,0.06380005180835724,,,
29,901,0.9892463684082031,0.9694641828536987,0.04342569783329964,,,
29,902,0.9877490997314453,0.9365131258964539,0.08407720923423767,,,
29,903,0.9898033142089844,0.9589105844497681,0.05457424744963646,,,
29,904,0.9890098571777344,0.9395953416824341,0.0838627964258194,,,
29,905,0.9809255599975586,0.8134095668792725,0.2381879985332489,,,
29,906,0.9888296127319336,0.9397680759429932,0.08235533535480499,,,
29,907,0.9867715835571289,0.9470289349555969,0.06690382212400436,,,
29,908,0.9910373687744141,0.9160338044166565,0.13637977838516235,,,
29,909,0.9920949935913086,0.9531594514846802,0.0718565285205841,,,
29,910,0.9866456985473633,0.9246514439582825,0.09860146790742874,,,
29,911,0.9833183288574219,0.9320382475852966,0.0832410380244255,,,
29,912,0.9899377822875977,0.9621049761772156,0.050685323774814606,,,
29,913,0.9884614944458008,0.9521055221557617,0.061898257583379745,,,
29,914,0.9845066070556641,0.9325620532035828,0.0835876539349556,,,
29,915,0.9860353469848633,0.9558614492416382,0.05755259841680527,,,
29,916,0.9892282485961914,0.9388735890388489,0.08304602652788162,,,
29,917,0.9843263626098633,0.9170686602592468,0.10564696788787842,,,
29,918,0.9775323867797852,0.792279839515686,0.25634968280792236,,,
29,919,0.9886665344238281,0.9474798440933228,0.06887941807508469,,,
29,920,0.982630729675293,0.8923129439353943,0.1357896775007248,,,
29,921,0.9850454330444336,0.9318913221359253,0.08510489016771317,,,
29,922,0.9884262084960938,0.9314540028572083,0.09213083237409592,,,
29,923,0.9891080856323242,0.9126681089401245,0.12615914642810822,,,
29,924,0.9861984252929688,0.8854057192802429,0.15824458003044128,,,
29,925,0.9794120788574219,0.9025421142578125,0.11553510278463364,,,
29,926,0.9850063323974609,0.9030146598815918,0.12598907947540283,,,
29,927,0.9885587692260742,0.9322574734687805,0.09073488414287567,,,
29,928,0.984130859375,0.8964504599571228,0.1316077560186386,,,
29,929,0.9893633723258972,0.9407565593719482,0.0820106565952301,,,
29,929,,,,0.9536323547363281,0.8400323390960693,0.2226676195859909
30,930,0.9862747192382812,0.9434254765510559,0.07104130834341049,,,
30,931,0.9804048538208008,0.8351994752883911,0.20651450753211975,,,
30,932,0.9859819412231445,0.8843963742256165,0.15324628353118896,,,
30,933,0.9837131500244141,0.90854811668396,0.11394235491752625,,,
30,934,0.9839448928833008,0.9370456337928772,0.07559437304735184,,,
30,935,0.9864273071289062,0.9187819361686707,0.10678131878376007,,,
30,936,0.9932384490966797,0.9704661965370178,0.043486036360263824,,,
30,937,0.9885702133178711,0.9403852820396423,0.07901299744844437,,,
30,938,0.986536979675293,0.9358886480331421,0.08086323738098145,,,
30,939,0.9854812622070312,0.9458284378051758,0.06677660346031189,,,
30,940,0.9887580871582031,0.9550532698631287,0.05781159922480583,,,
30,941,0.9837274551391602,0.8806349039077759,0.1535491794347763,,,
30,942,0.9875049591064453,0.9080122709274292,0.12526081502437592,,,
30,943,0.9847726821899414,0.9433128833770752,0.06933354586362839,,,
30,944,0.9836597442626953,0.9201863408088684,0.0962689146399498,,,
30,945,0.988835334777832,0.9105892181396484,0.1262008249759674,,,
30,946,0.9882822036743164,0.9574263691902161,0.05427534878253937,,,
30,947,0.9804143905639648,0.9114051461219788,0.1054391860961914,,,
30,948,0.9843864440917969,0.9191182851791382,0.10038236528635025,,,
30,949,0.9887123107910156,0.9261910915374756,0.1008124127984047,,,
30,950,0.9882774353027344,0.9100764989852905,0.1270417422056198,,,
30,951,0.9897069931030273,0.9533352255821228,0.06160213053226471,,,
30,952,0.9863443374633789,0.901907205581665,0.1330082267522812,,,
30,953,0.9866561889648438,0.9464605450630188,0.06692439317703247,,,
30,954,0.9871644973754883,0.8851297497749329,0.15997157990932465,,,
30,955,0.9921588897705078,0.9669439196586609,0.046469807624816895,,,
30,956,0.9846839904785156,0.9368382692337036,0.07702045887708664,,,
30,957,0.9935445785522461,0.9793878793716431,0.03193340077996254,,,
30,958,0.9855670928955078,0.8951343297958374,0.13750340044498444,,,
30,959,0.9885749816894531,0.9018901586532593,0.13922019302845,,,
30,960,0.990136444568634,0.927104115486145,0.10789600014686584,,,
30,960,,,,0.954443633556366,0.8400635123252869,0.22325676679611206
31,961,0.9864006042480469,0.9122272729873657,0.11485887318849564,,,
31,962,0.9894170761108398,0.9615885019302368,0.050719503313302994,,,
31,963,0.9878559112548828,0.9209195971488953,0.10797487199306488,,,
31,964,0.9871721267700195,0.925514280796051,0.09684929251670837,,,
31,965,0.9897804260253906,0.9476302862167358,0.06958107650279999,,,
31,966,0.9863138198852539,0.9269840121269226,0.0925421193242073,,,
31,967,0.9856224060058594,0.9350776672363281,0.08195031434297562,,,
31,968,0.9907255172729492,0.9391056895256042,0.08816677331924438,,,
31,969,0.9915361404418945,0.9678801894187927,0.04410118609666824,,,
31,970,0.9875011444091797,0.9304832220077515,0.09043014049530029,,,
31,971,0.9876604080200195,0.9188013672828674,0.10871735215187073,,,
31,972,0.986729621887207,0.93168705701828,0.08684747666120529,,,
31,973,0.9912357330322266,0.9681763648986816,0.04323500767350197,,,
31,974,0.9830045700073242,0.883041262626648,0.14518111944198608,,,
31,975,0.9861326217651367,0.9188256859779358,0.10536623001098633,,,
31,976,0.988433837890625,0.9254381656646729,0.0995732918381691,,,
31,977,0.9875612258911133,0.8911504745483398,0.15070225298404694,,,
31,978,0.988250732421875,0.948390781879425,0.06708274781703949,,,
31,979,0.9883270263671875,0.9544298648834229,0.05810290947556496,,,
31,980,0.9857234954833984,0.9036729335784912,0.1242154911160469,,,
31,981,0.9891738891601562,0.965024471282959,0.04550065100193024,,,
31,982,0.9890546798706055,0.9516707062721252,0.06323195993900299,,,
31,983,0.9875602722167969,0.9258223176002502,0.09657081216573715,,,
31,984,0.9869899749755859,0.9069726467132568,0.12351664900779724,,,
31,985,0.9851179122924805,0.912487804889679,0.11128056049346924,,,
31,986,0.9901218414306641,0.9502953290939331,0.06594307720661163,,,
31,987,0.9894790649414062,0.9583522081375122,0.05349098891019821,,,
31,988,0.9852113723754883,0.8820285201072693,0.15372703969478607,,,
31,989,0.9909439086914062,0.9471260905265808,0.07491752505302429,,,
31,990,0.9838418960571289,0.9239115118980408,0.09089932590723038,,,
31,991,0.9846458435058594,0.9196162819862366,0.09928262233734131,,,
31,991,,,,0.9543164372444153,0.8401110172271729,0.22159768640995026
32,992,0.9882774353027344,0.9505326151847839,0.06321581453084946,,,
32,993,0.9867868423461914,0.9638065695762634,0.04900817945599556,,,
32,994,0.9888811111450195,0.9077428579330444,0.12907785177230835,,,
32,995,0.9872884750366211,0.9226775169372559,0.09928592294454575,,,
32,996,0.9877843856811523,0.9513922929763794,0.06159791350364685,,,
32,997,0.9874458312988281,0.9213535785675049,0.10472863912582397,,,
32,998,0.987919807434082,0.9070155024528503,0.1289902925491333,,,
32,999,0.9889211654663086,0.9572895169258118,0.05543167516589165,,,
32,1000,0.988978385925293,0.9586969614028931,0.0518035963177681,,,
32,1001,0.9898710250854492,0.9372321963310242,0.0859670415520668,,,
32,1002,0.9892997741699219,0.9486324787139893,0.0672636479139328,,,
32,1003,0.9891595840454102,0.9636965990066528,0.04708072543144226,,,
32,1004,0.988377571105957,0.9576553702354431,0.05388343706727028,,,
32,1005,0.9857301712036133,0.9111719131469727,0.11187835782766342,,,
32,1006,0.9857511520385742,0.9304694533348083,0.08602860569953918,,,
32,1007,0.9863309860229492,0.9234728217124939,0.09673071652650833,,,
32,1008,0.9886913299560547,0.9370561242103577,0.08307913690805435,,,
32,1009,0.9815568923950195,0.9015992283821106,0.11772225797176361,,,
32,1010,0.9883756637573242,0.9505438804626465,0.0618613176047802,,,
32,1011,0.9891633987426758,0.9502297043800354,0.06356672942638397,,,
32,1012,0.9857168197631836,0.9106176495552063,0.11448005586862564,,,
32,1013,0.9871311187744141,0.8728024959564209,0.17373527586460114,,,
32,1014,0.9855356216430664,0.883293092250824,0.1519806981086731,,,
32,1015,0.9906024932861328,0.9379377365112305,0.08686964958906174,,,
32,1016,0.987675666809082,0.9088928699493408,0.12170208990573883,,,
32,1017,0.984400749206543,0.9216330051422119,0.0961402952671051,,,
32,1018,0.9924955368041992,0.8969607949256897,0.17271383106708527,,,
32,1019,0.9849405288696289,0.9382336735725403,0.07395365089178085,,,
32,1020,0.9845056533813477,0.9268337488174438,0.08933316916227341,,,
32,1021,0.9926080703735352,0.9635519981384277,0.0509122796356678,,,
32,1022,0.9814745783805847,0.7949501276016235,0.2594819962978363,,,
32,1022,,,,0.9537904262542725,0.8351057171821594,0.23034784197807312
33,1023,0.9890022277832031,0.9080023169517517,0.1253499984741211,,,
33,1024,0.9878673553466797,0.9620928764343262,0.04761455953121185,,,
33,1025,0.9887599945068359,0.9615904688835144,0.04868827760219574,,,
33,1026,0.9876174926757812,0.9548282027244568,0.05559936910867691,,,
33,1027,0.9893217086791992,0.905888557434082,0.13437432050704956,,,
33,1028,0.9900760650634766,0.9565636515617371,0.056551575660705566,,,
33,1029,0.9858913421630859,0.8282423615455627,0.2280951291322708,,,
33,1030,0.9871997833251953,0.9391805529594421,0.07568105310201645,,,
33,1031,0.9901695251464844,0.942435622215271,0.07689135521650314,,,
33,1032,0.9861516952514648,0.9485281109809875,0.061866164207458496,,,
33,1033,0.9869136810302734,0.9589362144470215,0.05141240730881691,,,
33,1034,0.9884443283081055,0.9234254956245422,0.10038892924785614,,,
33,1035,0.9872550964355469,0.9299892783164978,0.08923586457967758,,,
33,1036,0.9824047088623047,0.9165969491004944,0.10027061402797699,,,
33,1037,0.9854764938354492,0.9088252782821655,0.11406606435775757,,,
33,1038,0.9833927154541016,0.929799497127533,0.08164191246032715,,,
33,1039,0.984339714050293,0.8733455538749695,0.15873266756534576,,,
33,1040,0.9853620529174805,0.9268896579742432,0.08839160948991776,,,
33,1041,0.9880590438842773,0.91916823387146,0.10611540824174881,,,
33,1042,0.9862174987792969,0.9387214183807373,0.07542102783918381,,,
33,1043,0.9880008697509766,0.9108468890190125,0.11702829599380493,,,
33,1044,0.9894895553588867,0.9077509045600891,0.1287958323955536,,,
33,1045,0.9883604049682617,0.9508182406425476,0.06267144531011581,,,
33,1046,0.9870786666870117,0.9332163333892822,0.08178781718015671,,,
33,1047,0.9854116439819336,0.906657338142395,0.11518359929323196,,,
33,1048,0.9895381927490234,0.9544838070869446,0.05808539688587189,,,
33,1049,0.9892559051513672,0.9464472532272339,0.06863528490066528,,,
33,1050,0.9830846786499023,0.9178656339645386,0.09848182648420334,,,
33,1051,0.9844074249267578,0.7961143255233765,0.27169278264045715,,,
33,1052,0.9873275756835938,0.9396559596061707,0.07411874085664749,,,
33,1053,0.9870745539665222,0.9333258867263794,0.08282151818275452,,,
33,1053,,,,0.9533593654632568,0.8395001888275146,0.21982134878635406
34,1054,0.9829616546630859,0.9243094325065613,0.08936750888824463,,,
34,1055,0.9884223937988281,0.9593765139579773,0.05132674798369408,,,
34,1056,0.9897432327270508,0.9265719652175903,0.10093370825052261,,,
34,1057,0.9863157272338867,0.9388795495033264,0.072844497859478,,,
34,1058,0.9878339767456055,0.9391178488731384,0.0766131579875946,,,
34,1059,0.9921016693115234,0.9670736193656921,0.043580856174230576,,,
34,1060,0.9883022308349609,0.936808705329895,0.08240089565515518,,,
34,1061,0.9838352203369141,0.8818345665931702,0.1469963788986206,,,
34,1062,0.9862089157104492,0.865403950214386,0.17683692276477814,,,
34,1063,0.9866418838500977,0.8993540406227112,0.12960299849510193,,,
34,1064,0.9919099807739258,0.9483034014701843,0.0731259137392044,,,
34,1065,0.9827051162719727,0.8886815309524536,0.13364237546920776,,,
34,1066,0.9854927062988281,0.9350866079330444,0.07758262008428574,,,
34,1067,0.9893522262573242,0.9269124269485474,0.09942887723445892,,,
34,1068,0.9892721176147461,0.950137197971344,0.06324037164449692,,,
34,1069,0.9874210357666016,0.921734094619751,0.09914323687553406,,,
34,1070,0.9881067276000977,0.9542069435119629,0.056524477899074554,,,
34,1071,0.9882116317749023,0.9444563984870911,0.06909356266260147,,,
34,1072,0.9904356002807617,0.9398149251937866,0.08201385289430618,,,
34,1073,0.9884881973266602,0.9545291662216187,0.05666196718811989,,,
34,1074,0.9832868576049805,0.8397699594497681,0.20222817361354828,,,
34,1075,0.9890871047973633,0.957258403301239,0.051988549530506134,,,
34,1076,0.9892864227294922,0.9445119500160217,0.07173916697502136,,,
34,1077,0.98968505859375,0.9552532434463501,0.05712699145078659,,,
34,1078,0.9855003356933594,0.9394800662994385,0.07168307155370712,,,
34,1079,0.9886140823364258,0.9322479367256165,0.08783315867185593,,,
34,1080,0.9872159957885742,0.9309448003768921,0.08621315658092499,,,
34,1081,0.983734130859375,0.9479128122329712,0.06276648491621017,,,
34,1082,0.9874792098999023,0.940445601940155,0.0730355754494667,,,
34,1083,0.9859247207641602,0.918689489364624,0.1003270074725151,,,
34,1084,0.9871953129768372,0.82292640209198,0.23874729871749878,,,
34,1084,,,,0.954349935054779,0.8385785818099976,0.22440892457962036
35,1085,0.9860877990722656,0.9160127639770508,0.10440845042467117,,,
35,1086,0.9879245758056641,0.9400476217269897,0.0748792365193367,,,
35,1087,0.9851541519165039,0.9448221325874329,0.06538437306880951,,,
35,1088,0.9871492385864258,0.9406648874282837,0.0717194601893425,,,
35,1089,0.9886484146118164,0.9424859285354614,0.07166464626789093,,,
35,1090,0.9871349334716797,0.924831748008728,0.09309839457273483,,,
35,1091,0.9836263656616211,0.8569166660308838,0.17918896675109863,,,
35,1092,0.9882545471191406,0.9547036290168762,0.056034501641988754,,,
35,1093,0.9898557662963867,0.9384315013885498,0.08128021657466888,,,
35,1094,0.9914493560791016,0.9676868319511414,0.04130731150507927,,,
35,1095,0.9851856231689453,0.9127323031425476,0.10827289521694183,,,
35,1096,0.9882020950317383,0.9557278752326965,0.0548860989511013,,,
35,1097,0.9888019561767578,0.9418421983718872,0.07444298267364502,,,
35,1098,0.9859495162963867,0.9465407133102417,0.06385153532028198,,,
35,1099,0.993891716003418,0.9767212867736816,0.03264473006129265,,,
35,1100,0.9865179061889648,0.9140779972076416,0.10731932520866394,,,
35,1101,0.9886322021484375,0.9425026774406433,0.07397115230560303,,,
35,1102,0.974217414855957,0.9421853423118591,0.07689947634935379,,,
35,1103,0.9882469177246094,0.9512478709220886,0.06000414118170738,,,
35,1104,0.9865484237670898,0.9056206345558167,0.11724293231964111,,,
35,1105,0.9902849197387695,0.937778651714325,0.08375352621078491,,,
35,1106,0.9862966537475586,0.9305654168128967,0.08449694514274597,,,
35,1107,0.9862937927246094,0.879932165145874,0.1556185632944107,,,
35,1108,0.9898166656494141,0.898888349533081,0.14002922177314758,,,
35,1109,0.9890851974487305,0.9246434569358826,0.09996290504932404,,,
35,1110,0.9908866882324219,0.9438044428825378,0.07569238543510437,,,
35,1111,0.9780178070068359,0.8432847261428833,0.1815396398305893,,,
35,1112,0.98895263671875,0.9497666954994202,0.06160306558012962,,,
35,1113,0.9798507690429688,0.7742735147476196,0.2719969153404236,,,
35,1114,0.988368034362793,0.9186562895774841,0.10450101643800735,,,
35,1115,0.9859848022460938,0.8902103900909424,0.1380818784236908,,,
35,1115,,,,0.9531538486480713,0.8315762877464294,0.23402605950832367
36,1116,0.9880037307739258,0.9406079649925232,0.07289846241474152,,,
36,1117,0.9872617721557617,0.9217424392700195,0.09743119031190872,,,
36,1118,0.9847335815429688,0.8801913261413574,0.14857451617717743,,,
36,1119,0.9863109588623047,0.8862869143486023,0.1436482071876526,,,
36,1120,0.9854230880737305,0.9358229041099548,0.07689948379993439,,,
36,1121,0.9839143753051758,0.8789985179901123,0.147362619638443,,,
36,1122,0.9877214431762695,0.9278303384780884,0.0893179252743721,,,
36,1123,0.9845294952392578,0.8769923448562622,0.15239891409873962,,,
36,1124,0.98388671875,0.9205746054649353,0.09232953190803528,,,
36,1125,0.9863405227661133,0.9090204834938049,0.11153461784124374,,,
36,1126,0.9877080917358398,0.9292311072349548,0.08624880760908127,,,
36,1127,0.9857177734375,0.9444946646690369,0.0646018534898758,,,
36,1128,0.9896268844604492,0.9238518476486206,0.10102605074644089,,,
36,1129,0.98541259765625,0.9003686904907227,0.12324190139770508,,,
36,1130,0.9856147766113281,0.9327346086502075,0.07976995408535004,,,
36,1131,0.9905252456665039,0.9660105109214783,0.04247871786355972,,,
36,1132,0.9851779937744141,0.9259869456291199,0.08905137330293655,,,
36,1133,0.9826440811157227,0.9424946904182434,0.06693752855062485,,,
36,1134,0.9865455627441406,0.9343511462211609,0.07721885293722153,,,
36,1135,0.9904508590698242,0.9463564157485962,0.06947743147611618,,,
36,1136,0.9847497940063477,0.920784056186676,0.09271485358476639,,,
36,1137,0.9897632598876953,0.9416462182998657,0.07486039400100708,,,
36,1138,0.9908475875854492,0.9675472378730774,0.04068775847554207,,,
36,1139,0.9923620223999023,0.9555169343948364,0.05999477952718735,,,
36,1140,0.9852352142333984,0.9375302791595459,0.07385524362325668,,,
36,1141,0.9868717193603516,0.9436424970626831,0.06749172508716583,,,
36,1142,0.9865932464599609,0.9249976277351379,0.09101590514183044,,,
36,1143,0.9870615005493164,0.908880889415741,0.1145138293504715,,,
36,1144,0.9900913238525391,0.945152997970581,0.07098095118999481,,,
36,1145,0.9858207702636719,0.9369927644729614,0.07382726669311523,,,
36,1146,0.9877243041992188,0.9533431529998779,0.05657872185111046,,,
36,1146,,,,0.9546449184417725,0.8406040668487549,0.22091759741306305
37,1147,0.9868412017822266,0.9025771617889404,0.12267232686281204,,,
37,1148,0.9882307052612305,0.9552539587020874,0.05530286580324173,,,
37,1149,0.991551399230957,0.9460855722427368,0.0726144015789032,,,
37,1150,0.9869575500488281,0.9413152933120728,0.06959857046604156,,,
37,1151,0.9926843643188477,0.9553689956665039,0.06170772761106491,,,
37,1152,0.9873237609863281,0.9099574089050293,0.11363695561885834,,,
37,1153,0.9882469177246094,0.9584172368049622,0.05053434148430824,,,
37,1154,0.9863185882568359,0.9460629820823669,0.06452739983797073,,,
37,1155,0.9896554946899414,0.9108636975288391,0.11957548558712006,,,
37,1156,0.989039421081543,0.9448570609092712,0.06796102970838547,,,
37,1157,0.9830608367919922,0.9155019521713257,0.09737388044595718,,,
37,1158,0.9900016784667969,0.9171991348266602,0.11245840042829514,,,
37,1159,0.9890356063842773,0.955012321472168,0.055447790771722794,,,
37,1160,0.986018180847168,0.9534238576889038,0.05591921880841255,,,
37,1161,0.9812946319580078,0.921506941318512,0.08794569969177246,,,
37,1162,0.9909019470214844,0.949012041091919,0.0656733587384224,,,
37,1163,0.9901065826416016,0.9253121018409729,0.09860698133707047,,,
37,1164,0.990447998046875,0.9388667941093445,0.07946839183568954,,,
37,1165,0.9890651702880859,0.9186098575592041,0.10716426372528076,,,
37,1166,0.9896373748779297,0.9540013074874878,0.056846488267183304,,,
37,1167,0.9895305633544922,0.9153774380683899,0.1128988265991211,,,
37,1168,0.9843549728393555,0.8926360011100769,0.1301536113023758,,,
37,1169,0.9876298904418945,0.9089038372039795,0.11504846066236496,,,
37,1170,0.9855613708496094,0.9527915120124817,0.05630210041999817,,,
37,1171,0.9878940582275391,0.9409064650535583,0.07020658999681473,,,
37,1172,0.9912805557250977,0.9459582567214966,0.07148116827011108,,,
37,1173,0.9791326522827148,0.9300752282142639,0.08039354532957077,,,
37,1174,0.990870475769043,0.9597965478897095,0.050000932067632675,,,
37,1175,0.9858942031860352,0.9395957589149475,0.07257206737995148,,,
37,1176,0.9863252639770508,0.9109008312225342,0.10954225063323975,,,
37,1177,0.9829877018928528,0.8205822706222534,0.22039306163787842,,,
37,1177,,,,0.9556528925895691,0.8430178165435791,0.21951982378959656
38,1178,0.987208366394043,0.9018979668617249,0.12403134256601334,,,
38,1179,0.990142822265625,0.9369967579841614,0.08150889724493027,,,
38,1180,0.9866142272949219,0.8904943466186523,0.13755740225315094,,,
38,1181,0.9860572814941406,0.8928372263908386,0.13210655748844147,,,
38,1182,0.9901018142700195,0.94753497838974,0.06669584661722183,,,
38,1183,0.9883403778076172,0.9360226988792419,0.07857119292020798,,,
38,1184,0.9848461151123047,0.9106193780899048,0.10648704320192337,,,
38,1185,0.9884519577026367,0.9416360855102539,0.0707748755812645,,,
38,1186,0.9909877777099609,0.9566640853881836,0.05511454865336418,,,
38,1187,0.9842119216918945,0.9214770197868347,0.09114576876163483,,,
38,1188,0.986724853515625,0.9396349191665649,0.07192683219909668,,,
38,1189,0.9912691116333008,0.9446362853050232,0.07469663769006729,,,
38,1190,0.9915599822998047,0.951469898223877,0.0640384629368782,,,
38,1191,0.990168571472168,0.8785690665245056,0.16848602890968323,,,
38,1192,0.9894199371337891,0.951172947883606,0.058858722448349,,,
38,1193,0.9887428283691406,0.8665038347244263,0.18357113003730774,,,
38,1194,0.9865999221801758,0.9446253180503845,0.0636877715587616,,,
38,1195,0.9868402481079102,0.9348406195640564,0.07844250649213791,,,
38,1196,0.9876060485839844,0.9398600459098816,0.07235730439424515,,,
38,1197,0.9868593215942383,0.9359390139579773,0.07813306897878647,,,
38,1198,0.9855842590332031,0.9506844878196716,0.05778704583644867,,,
38,1199,0.9859409332275391,0.9002314805984497,0.12117984890937805,,,
38,1200,0.9879140853881836,0.9560520648956299,0.0520322360098362,,,
38,1201,0.9870920181274414,0.9395440220832825,0.07069627940654755,,,
38,1202,0.9857158660888672,0.8728361129760742,0.1591235101222992,,,
38,1203,0.9850378036499023,0.9148803353309631,0.10047733783721924,,,
38,1204,0.9898204803466797,0.9635156989097595,0.04414335638284683,,,
38,1205,0.9889907836914062,0.9368158578872681,0.07832236588001251,,,
38,1206,0.9913816452026367,0.959757924079895,0.050885021686553955,,,
38,1207,0.9868793487548828,0.959336519241333,0.04948633164167404,,,
38,1208,0.9832140803337097,0.9491143822669983,0.05988534167408943,,,
38,1208,,,,0.9534119367599487,0.8382834792137146,0.22041170299053192
39,1209,0.9866342544555664,0.948767364025116,0.05902377516031265,,,
39,1210,0.9862632751464844,0.8914380669593811,0.13240359723567963,,,
39,1211,0.9884366989135742,0.9333597421646118,0.0812455490231514,,,
39,1212,0.9898109436035156,0.9253076314926147,0.09764557331800461,,,
39,1213,0.9880123138427734,0.9437789916992188,0.06721018999814987,,,
39,1214,0.9856653213500977,0.8929064869880676,0.12987977266311646,,,
39,1215,0.9858074188232422,0.8626412153244019,0.170506551861763,,,
39,1216,0.9895544052124023,0.9446101784706116,0.06798718124628067,,,
39,1217,0.9866313934326172,0.9124006628990173,0.10660447180271149,,,
39,1218,0.9887199401855469,0.9612496495246887,0.04579712077975273,,,
39,1219,0.9881858825683594,0.9503417015075684,0.05810544267296791,,,
39,1220,0.9878034591674805,0.9172452688217163,0.10251172631978989,,,
39,1221,0.9871730804443359,0.9354535341262817,0.07663801312446594,,,
39,1222,0.9868755340576172,0.9402568936347961,0.07133320719003677,,,
39,1223,0.98944091796875,0.9105849266052246,0.11959666013717651,,,
39,1224,0.9891538619995117,0.9095600843429565,0.118770070374012,,,
39,1225,0.9835424423217773,0.9143322110176086,0.09894947707653046,,,
39,1226,0.9893598556518555,0.9556346535682678,0.05142798274755478,,,
39,1227,0.9847488403320312,0.9341233968734741,0.07509755343198776,,,
39,1228,0.9855947494506836,0.9487932920455933,0.05905848369002342,,,
39,1229,0.9916191101074219,0.9637504816055298,0.04539165645837784,,,
39,1230,0.9848451614379883,0.9307512044906616,0.08034830540418625,,,
39,1231,0.9821891784667969,0.9339393973350525,0.07444146275520325,,,
39,1232,0.9848546981811523,0.931975781917572,0.07700081914663315,,,
39,1233,0.9863872528076172,0.9210124611854553,0.09224958717823029,,,
39,1234,0.9865255355834961,0.9269418716430664,0.08442340791225433,,,
39,1235,0.9815359115600586,0.904403805732727,0.10950644314289093,,,
39,1236,0.9924783706665039,0.9748428463935852,0.032166507095098495,,,
39,1237,0.9901790618896484,0.9273632764816284,0.09470904618501663,,,
39,1238,0.9882946014404297,0.9110901951789856,0.11271955072879791,,,
39,1239,0.983367919921875,0.8934341669082642,0.12631963193416595,,,
39,1239,,,,0.9559423923492432,0.8433902859687805,0.2203335464000702
40,1240,0.9880352020263672,0.9326331615447998,0.0802658423781395,,,
40,1241,0.9873476028442383,0.9275732040405273,0.08728808909654617,,,
40,1242,0.9893817901611328,0.9257565140724182,0.09491093456745148,,,
40,1243,0.9865264892578125,0.9367229342460632,0.0734594538807869,,,
40,1244,0.9898700714111328,0.9461424350738525,0.06758280098438263,,,
40,1245,0.9909505844116211,0.9525957703590393,0.06071621552109718,,,
40,1246,0.9915647506713867,0.9731030464172363,0.03434067219495773,,,
40,1247,0.9864368438720703,0.944953203201294,0.06488057225942612,,,
40,1248,0.986292839050293,0.918373703956604,0.09557384997606277,,,
40,1249,0.9884662628173828,0.9387385249137878,0.07370727509260178,,,
40,1250,0.9910249710083008,0.9387755393981934,0.08224968612194061,,,
40,1251,0.9900045394897461,0.9353750944137573,0.08338631689548492,,,
40,1252,0.9891548156738281,0.8971660137176514,0.1353728324174881,,,
40,1253,0.9889192581176758,0.9041044116020203,0.12294204533100128,,,
40,1254,0.9811925888061523,0.9337906241416931,0.07263898849487305,,,
40,1255,0.9833993911743164,0.8800790905952454,0.13945433497428894,,,
40,1256,0.9870443344116211,0.9020992517471313,0.12032932788133621,,,
40,1257,0.9891567230224609,0.940743625164032,0.07286760210990906,,,
40,1258,0.9844694137573242,0.9404391646385193,0.06748273223638535,,,
40,1259,0.9886846542358398,0.9204545617103577,0.09790410846471786,,,
40,1260,0.9883432388305664,0.9573616981506348,0.051862120628356934,,,
40,1261,0.9891223907470703,0.9546791315078735,0.05388697609305382,,,
40,1262,0.9840097427368164,0.9284266233444214,0.0811229720711708,,,
40,1263,0.9864015579223633,0.9519982933998108,0.05555405467748642,,,
40,1264,0.9860382080078125,0.9263603687286377,0.0865304172039032,,,
40,1265,0.9867515563964844,0.8922331929206848,0.13116128742694855,,,
40,1266,0.9910478591918945,0.9165087938308716,0.113015316426754,,,
40,1267,0.9907779693603516,0.9391946196556091,0.07935827970504761,,,
40,1268,0.9880990982055664,0.9390018582344055,0.07113590836524963,,,
40,1269,0.9832267761230469,0.9264368414878845,0.08330852538347244,,,
40,1270,0.9819755554199219,0.9389684796333313,0.06695348024368286,,,
40,1270,,,,0.9521052241325378,0.8276408314704895,0.2356853485107422
41,1271,0.9912557601928711,0.9335772395133972,0.08688085526227951,,,
41,1272,0.9862327575683594,0.9406468272209167,0.06872789561748505,,,
41,1273,0.9832143783569336,0.9089305400848389,0.10533323884010315,,,
41,1274,0.9864835739135742,0.9068699479103088,0.11221730709075928,,,
41,1275,0.9877347946166992,0.9268484115600586,0.08745956420898438,,,
41,1276,0.9876461029052734,0.9358271360397339,0.07551120966672897,,,
41,1277,0.9872665405273438,0.915012776851654,0.1033482626080513,,,
41,1278,0.9891214370727539,0.9590928554534912,0.049344394356012344,,,
41,1279,0.9917526245117188,0.9540691375732422,0.05934899300336838,,,
41,1280,0.9896163940429688,0.946310818195343,0.06667530536651611,,,
41,1281,0.9847402572631836,0.8307578563690186,0.2067846953868866,,,
41,1282,0.9880514144897461,0.8977933526039124,0.1295890510082245,,,
41,1283,0.9870519638061523,0.9624925255775452,0.044960666447877884,,,
41,1284,0.9879798889160156,0.9367421269416809,0.07605808973312378,,,
41,1285,0.985931396484375,0.9423736333847046,0.06622633337974548,,,
41,1286,0.9871807098388672,0.9395422339439392,0.07123526930809021,,,
41,1287,0.9857416152954102,0.8882602453231812,0.13425660133361816,,,
41,1288,0.9855279922485352,0.9367858171463013,0.07287929952144623,,,
41,1289,0.9922723770141602,0.9436900615692139,0.07715444266796112,,,
41,1290,0.9866971969604492,0.8960813283920288,0.1289697140455246,,,
41,1291,0.991673469543457,0.9664487838745117,0.0423053540289402,,,
41,1292,0.9887819290161133,0.9269006848335266,0.09008128196001053,,,
41,1293,0.9911689758300781,0.941917359828949,0.07459891587495804,,,
41,1294,0.9873847961425781,0.955107569694519,0.05278801545500755,,,
41,1295,0.9846353530883789,0.9520015716552734,0.05651276558637619,,,
41,1296,0.9890003204345703,0.9340337514877319,0.0796290710568428,,,
41,1297,0.9878921508789062,0.8935426473617554,0.1349044144153595,,,
41,1298,0.9873580932617188,0.9474068284034729,0.06046227365732193,,,
41,1299,0.991358757019043,0.9653398394584656,0.0414593480527401,,,
41,1300,0.9900007247924805,0.9264107346534729,0.09420818835496902,,,
41,1301,0.9919878840446472,0.9695278406143188,0.039168424904346466,,,
41,1301,,,,0.9548691511154175,0.8418923020362854,0.2172655314207077
42,1302,0.988408088684082,0.9370412826538086,0.0751853957772255,,,
42,1303,0.9911870956420898,0.9471885561943054,0.06760451942682266,,,
42,1304,0.9873313903808594,0.9464350342750549,0.06159519404172897,,,
42,1305,0.9844284057617188,0.9074748754501343,0.10797816514968872,,,
42,1306,0.9889688491821289,0.9148972034454346,0.10718066990375519,,,
42,1307,0.9886293411254883,0.966389000415802,0.04159732162952423,,,
42,1308,0.9897546768188477,0.9281904101371765,0.09100152552127838,,,
42,1309,0.9874858856201172,0.9299976825714111,0.08288779854774475,,,
42,1310,0.9841041564941406,0.8903709650039673,0.1292821615934372,,,
42,1311,0.9877777099609375,0.9262159466743469,0.0878567099571228,,,
42,1312,0.989262580871582,0.9326357245445251,0.08178894221782684,,,
42,1313,0.9883089065551758,0.9304465651512146,0.0852644145488739,,,
42,1314,0.9916400909423828,0.9736599326133728,0.033379778265953064,,,
42,1315,0.9897184371948242,0.9561582207679749,0.05272288993000984,,,
42,1316,0.9932222366333008,0.9632487297058105,0.04862252622842789,,,
42,1317,0.9912261962890625,0.947969377040863,0.06735378503799438,,,
42,1318,0.9859781265258789,0.8400439620018005,0.198244109749794,,,
42,1319,0.9854879379272461,0.9352977275848389,0.07355300337076187,,,
42,1320,0.9887552261352539,0.9339343309402466,0.07978718727827072,,,
42,1321,0.9881820678710938,0.9078867435455322,0.11202362179756165,,,
42,1322,0.9903850555419922,0.9595430493354797,0.0476735457777977,,,
42,1323,0.990321159362793,0.9470885396003723,0.06588547676801682,,,
42,1324,0.9881744384765625,0.9445497989654541,0.0660019963979721,,,
42,1325,0.9888477325439453,0.9585707187652588,0.04982635751366615,,,
42,1326,0.9895563125610352,0.948731541633606,0.060733865946531296,,,
42,1327,0.9842748641967773,0.9119666218757629,0.10189716517925262,,,
42,1328,0.9883689880371094,0.9246504902839661,0.09397193789482117,,,
42,1329,0.9882116317749023,0.942023754119873,0.06821885704994202,,,
42,1330,0.9884052276611328,0.9476011395454407,0.06264584511518478,,,
42,1331,0.9909772872924805,0.932593822479248,0.08845344185829163,,,
42,1332,0.9889538884162903,0.9576683640480042,0.05063813179731369,,,
42,1332,,,,0.9553540349006653,0.8428965210914612,0.21617518365383148
43,1333,0.9873733520507812,0.9345645904541016,0.07722647488117218,,,
43,1334,0.9898595809936523,0.9471339583396912,0.0643245130777359,,,
43,1335,0.9853181838989258,0.9409524202346802,0.06848947703838348,,,
43,1336,0.9894828796386719,0.9552587866783142,0.05253324285149574,,,
43,1337,0.9880762100219727,0.8897948265075684,0.1373985856771469,,,
43,1338,0.9878921508789062,0.9292595386505127,0.08638715744018555,,,
43,1339,0.9891357421875,0.9526575803756714,0.05758647620677948,,,
43,1340,0.9886102676391602,0.9503211379051208,0.058479975908994675,,,
43,1341,0.9861793518066406,0.8293492794036865,0.22163119912147522,,,
43,1342,0.9869346618652344,0.9582982063293457,0.048941899091005325,,,
43,1343,0.9897575378417969,0.9586585760116577,0.04977291449904442,,,
43,1344,0.9865179061889648,0.9185947179794312,0.09485405683517456,,,
43,1345,0.9904327392578125,0.9588466286659241,0.049453992396593094,,,
43,1346,0.9888420104980469,0.9340421557426453,0.07990163564682007,,,
43,1347,0.9865617752075195,0.9444141983985901,0.06435950100421906,,,
43,1348,0.9898271560668945,0.9651002883911133,0.04191727191209793,,,
43,1349,0.9871454238891602,0.8937489986419678,0.12963588535785675,,,
43,1350,0.9856672286987305,0.9427154660224915,0.06597422063350677,,,
43,1351,0.9899482727050781,0.9532509446144104,0.05546076223254204,,,
43,1352,0.9865083694458008,0.9025493860244751,0.11777021735906601,,,
43,1353,0.9871559143066406,0.9218094944953918,0.09213113784790039,,,
43,1354,0.987431526184082,0.908393919467926,0.11207181960344315,,,
43,1355,0.9919643402099609,0.9458406567573547,0.07076981663703918,,,
43,1356,0.9904203414916992,0.9020047783851624,0.12901324033737183,,,
43,1357,0.9910802841186523,0.9529484510421753,0.05900979042053223,,,
43,1358,0.9900455474853516,0.9251938462257385,0.09548314660787582,,,
43,1359,0.990631103515625,0.9416491985321045,0.07197574526071548,,,
43,1360,0.9870100021362305,0.8999257683753967,0.12127336859703064,,,
43,1361,0.9900407791137695,0.9362025856971741,0.07948870211839676,,,
43,1362,0.9921483993530273,0.975437343120575,0.03160715475678444,,,
43,1363,0.9904505610466003,0.9600357413291931,0.0479842945933342,,,
43,1363,,,,0.9555075168609619,0.8421196937561035,0.22033923864364624
44,1364,0.9885673522949219,0.9701926708221436,0.039542023092508316,,,
44,1365,0.9885091781616211,0.9557586312294006,0.052360258996486664,,,
44,1366,0.9861631393432617,0.9255666136741638,0.08558949083089828,,,
44,1367,0.9872913360595703,0.9183265566825867,0.09609822928905487,,,
44,1368,0.9899530410766602,0.9487844109535217,0.06111423671245575,,,
44,1369,0.9901723861694336,0.9374662637710571,0.07600211352109909,,,
44,1370,0.9897441864013672,0.9431191682815552,0.0684087797999382,,,
44,1371,0.9884681701660156,0.9129382967948914,0.10804177075624466,,,
44,1372,0.9874296188354492,0.9317188262939453,0.07917594909667969,,,
44,1373,0.989741325378418,0.9260112643241882,0.09301823377609253,,,
44,1374,0.9805202484130859,0.8968227505683899,0.11603275686502457,,,
44,1375,0.9861364364624023,0.9182878732681274,0.09504971653223038,,,
44,1376,0.9858675003051758,0.9212931990623474,0.09198781847953796,,,
44,1377,0.9898462295532227,0.9475765228271484,0.06371763348579407,,,
44,1378,0.9898624420166016,0.944912314414978,0.06635646522045135,,,
44,1379,0.9883298873901367,0.884320855140686,0.14733166992664337,,,
44,1380,0.9912328720092773,0.9713414907455444,0.03577886521816254,,,
44,1381,0.9900331497192383,0.8988100290298462,0.13066987693309784,,,
44,1382,0.99151611328125,0.9491549730300903,0.06437467038631439,,,
44,1383,0.985285758972168,0.9263451099395752,0.0852402076125145,,,
44,1384,0.9922780990600586,0.9516521692276001,0.061484504491090775,,,
44,1385,0.9940013885498047,0.9638547301292419,0.053604915738105774,,,
44,1386,0.9878721237182617,0.964868426322937,0.04350681230425835,,,
44,1387,0.9869318008422852,0.928131639957428,0.08410024642944336,,,
44,1388,0.988743782043457,0.9034337997436523,0.11953013390302658,,,
44,1389,0.9871501922607422,0.8829213380813599,0.1416604369878769,,,
44,1390,0.9877395629882812,0.956539511680603,0.05071237310767174,,,
44,1391,0.9871139526367188,0.9446540474891663,0.06262075901031494,,,
44,1392,0.9843578338623047,0.9205752611160278,0.08929461240768433,,,
44,1393,0.9899272918701172,0.9499080181121826,0.059335481375455856,,,
44,1394,0.990936279296875,0.9557967185974121,0.05460382625460625,,,
44,1394,,,,0.95460045337677,0.8392643928527832,0.21971005201339722
45,1395,0.9877119064331055,0.9427361488342285,0.0666133388876915,,,
45,1396,0.9884519577026367,0.943405032157898,0.06617289781570435,,,
45,1397,0.9840908050537109,0.9446313977241516,0.06319110095500946,,,
45,1398,0.9884662628173828,0.9156977534294128,0.10190863907337189,,,
45,1399,0.9880905151367188,0.903128445148468,0.11817041039466858,,,
45,1400,0.9883089065551758,0.9116366505622864,0.11068160086870193,,,
45,1401,0.9864788055419922,0.9024071097373962,0.11387167125940323,,,
45,1402,0.9882678985595703,0.9253111481666565,0.08887714892625809,,,
45,1403,0.9873075485229492,0.9327406883239746,0.07720214873552322,,,
45,1404,0.9868764877319336,0.9118161797523499,0.1051538810133934,,,
45,1405,0.991847038269043,0.9485331773757935,0.06543790549039841,,,
45,1406,0.9908990859985352,0.9534210562705994,0.056038711220026016,,,
45,1407,0.9868574142456055,0.9398367404937744,0.0682343989610672,,,
45,1408,0.9832859039306641,0.897646427154541,0.11552871763706207,,,
45,1409,0.9886045455932617,0.961011528968811,0.04654773324728012,,,
45,1410,0.9879550933837891,0.9582937359809875,0.04817041754722595,,,
45,1411,0.9862461090087891,0.9206745624542236,0.09234367311000824,,,
45,1412,0.9893512725830078,0.9194773435592651,0.09830652177333832,,,
45,1413,0.9901876449584961,0.9373450875282288,0.07801900058984756,,,
45,1414,0.9876947402954102,0.9166774153709412,0.09868641197681427,,,
45,1415,0.9848957061767578,0.9023599624633789,0.112146757543087,,,
45,1416,0.9889154434204102,0.9671856760978699,0.03965726122260094,,,
45,1417,0.9899158477783203,0.9477765560150146,0.06179860234260559,,,
45,1418,0.9901771545410156,0.9656524658203125,0.04071452096104622,,,
45,1419,0.9872274398803711,0.9436565637588501,0.06455778330564499,,,
45,1420,0.9860591888427734,0.8386908173561096,0.19700421392917633,,,
45,1421,0.9924459457397461,0.954071581363678,0.058872681111097336,,,
45,1422,0.9902925491333008,0.9722663164138794,0.03550007939338684,,,
45,1423,0.9900188446044922,0.9424569010734558,0.07062731683254242,,,
45,1424,0.9902410507202148,0.9449489712715149,0.06578706204891205,,,
45,1425,0.992730438709259,0.9453462362289429,0.0734923928976059,,,
45,1425,,,,0.9539154767990112,0.8357553482055664,0.2242334634065628
46,1426,0.9853572845458984,0.9516450762748718,0.055572837591171265,,,
46,1427,0.9918460845947266,0.970016598701477,0.03735465928912163,,,
46,1428,0.9876289367675781,0.9003388285636902,0.12090907245874405,,,
46,1429,0.9897565841674805,0.9559193253517151,0.050615984946489334,,,
46,1430,0.9900579452514648,0.9211702346801758,0.09821000695228577,,,
46,1431,0.9907493591308594,0.9489661455154419,0.06215408816933632,,,
46,1432,0.9906530380249023,0.9544177651405334,0.055003441870212555,,,
46,1433,0.9910182952880859,0.9632176756858826,0.0442676767706871,,,
46,1434,0.9919347763061523,0.9529135823249817,0.058838989585638046,,,
46,1435,0.9899911880493164,0.9600880742073059,0.04713321849703789,,,
46,1436,0.9873514175415039,0.9617304801940918,0.04503071680665016,,,
46,1437,0.9913291931152344,0.9612140655517578,0.04668165743350983,,,
46,1438,0.9858436584472656,0.9242587089538574,0.08721610903739929,,,
46,1439,0.9903640747070312,0.9367789030075073,0.0777326226234436,,,
46,1440,0.9913873672485352,0.9536381959915161,0.05721612274646759,,,
46,1441,0.98858642578125,0.8150832056999207,0.23546148836612701,,,
46,1442,0.9870433807373047,0.9052692651748657,0.11254698038101196,,,
46,1443,0.98388671875,0.8985901474952698,0.11534124612808228,,,
46,1444,0.9880380630493164,0.908687174320221,0.11163495481014252,,,
46,1445,0.9876670837402344,0.9053037762641907,0.11386579275131226,,,
46,1446,0.9882183074951172,0.961159884929657,0.04581699147820473,,,
46,1447,0.9896326065063477,0.94004225730896,0.07108156383037567,,,
46,1448,0.9868984222412109,0.9425229430198669,0.065674789249897,,,
46,1449,0.9900836944580078,0.938004195690155,0.07506580650806427,,,
46,1450,0.9926385879516602,0.9666234254837036,0.04137539491057396,,,
46,1451,0.9866676330566406,0.9252666234970093,0.08660203963518143,,,
46,1452,0.9863557815551758,0.9187526702880859,0.0930924117565155,,,
46,1453,0.9848041534423828,0.898724377155304,0.11757295578718185,,,
46,1454,0.9882955551147461,0.9358106851577759,0.07427377253770828,,,
46,1455,0.9883861541748047,0.9491699934005737,0.05847465619444847,,,
46,1456,0.9896659851074219,0.9286736249923706,0.08717911690473557,,,
46,1456,,,,0.954232931137085,0.8409911394119263,0.21471987664699554
47,1457,0.9895772933959961,0.9307432174682617,0.08435889333486557,,,
47,1458,0.9924402236938477,0.9578312635421753,0.053115252405405045,,,
47,1459,0.9878873825073242,0.9395423531532288,0.07066845893859863,,,
47,1460,0.9899816513061523,0.9492936134338379,0.059681639075279236,,,
47,1461,0.9891138076782227,0.9457046389579773,0.06374573707580566,,,
47,1462,0.9909639358520508,0.9450488686561584,0.06611112505197525,,,
47,1463,0.9890956878662109,0.9446059465408325,0.06586213409900665,,,
47,1464,0.9878873825073242,0.9333993792533875,0.07831313461065292,,,
47,1465,0.9883546829223633,0.9470986723899841,0.06036161258816719,,,
47,1466,0.9893817901611328,0.9460263848304749,0.06266316026449203,,,
47,1467,0.9921541213989258,0.9654839634895325,0.0410521999001503,,,
47,1468,0.9895954132080078,0.9505921006202698,0.05831582844257355,,,
47,1469,0.9926643371582031,0.9685810208320618,0.03802499920129776,,,
47,1470,0.9861850738525391,0.9263125061988831,0.08462937921285629,,,
47,1471,0.9895420074462891,0.9506005048751831,0.057027384638786316,,,
47,1472,0.9871654510498047,0.9263709187507629,0.08445145934820175,,,
47,1473,0.9840869903564453,0.84800785779953,0.17595241963863373,,,
47,1474,0.9898500442504883,0.9619770646095276,0.04571434110403061,,,
47,1475,0.9858589172363281,0.892959475517273,0.12637344002723694,,,
47,1476,0.9885120391845703,0.9473276734352112,0.06092133745551109,,,
47,1477,0.9879741668701172,0.9428252577781677,0.065703384578228,,,
47,1478,0.9913930892944336,0.9579371809959412,0.05018169432878494,,,
47,1479,0.9892520904541016,0.9252017736434937,0.09102646261453629,,,
47,1480,0.9928884506225586,0.9697484970092773,0.03809691593050957,,,
47,1481,0.9895544052124023,0.9386286735534668,0.0737493559718132,,,
47,1482,0.9859027862548828,0.9129272103309631,0.10078524053096771,,,
47,1483,0.985844612121582,0.9468278884887695,0.05974554643034935,,,
47,1484,0.9905424118041992,0.9556893110275269,0.05248769745230675,,,
47,1485,0.9859609603881836,0.9072529077529907,0.10810830444097519,,,
47,1486,0.9913740158081055,0.9417530298233032,0.07162482291460037,,,
47,1487,0.9868494868278503,0.9322994947433472,0.07797077298164368,,,
47,1487,,,,0.954071044921875,0.8402101993560791,0.21570613980293274
48,1488,0.9834060668945312,0.8979214429855347,0.11575328558683395,,,
48,1489,0.988286018371582,0.9394684433937073,0.07095003873109818,,,
48,1490,0.9885873794555664,0.9343432188034058,0.07755408436059952,,,
48,1491,0.9885349273681641,0.9227829575538635,0.09062429517507553,,,
48,1492,0.9901638031005859,0.9555838704109192,0.05226876959204674,,,
48,1493,0.9907159805297852,0.9305927157402039,0.08672315627336502,,,
48,1494,0.9873437881469727,0.8454398512840271,0.1912139505147934,,,
48,1495,0.9912176132202148,0.9602986574172974,0.04735630005598068,,,
48,1496,0.9885129928588867,0.9216616153717041,0.09375453740358353,,,
48,1497,0.9861545562744141,0.9185594320297241,0.09487020969390869,,,
48,1498,0.9908981323242188,0.9567356109619141,0.052003905177116394,,,
48,1499,0.9885568618774414,0.9517391324043274,0.05533590540289879,,,
48,1500,0.988795280456543,0.954059362411499,0.05338866263628006,,,
48,1501,0.9917631149291992,0.9729729890823364,0.03368638828396797,,,
48,1502,0.9873971939086914,0.9451971054077148,0.06250347942113876,,,
48,1503,0.9874963760375977,0.9172723889350891,0.09673099219799042,,,
48,1504,0.9887504577636719,0.9617607593536377,0.044406842440366745,,,
48,1505,0.9938640594482422,0.9661836624145508,0.0430196113884449,,,
48,1506,0.9910640716552734,0.9704497456550598,0.03580401465296745,,,
48,1507,0.9880752563476562,0.903563916683197,0.11539694666862488,,,
48,1508,0.9887094497680664,0.9323261380195618,0.07938189804553986,,,
48,1509,0.9862251281738281,0.9353020787239075,0.07335563004016876,,,
48,1510,0.9876527786254883,0.9384461045265198,0.070313960313797,,,
48,1511,0.9906396865844727,0.9039044976234436,0.12296409159898758,,,
48,1512,0.9898519515991211,0.9469231963157654,0.06418026983737946,,,
48,1513,0.9908437728881836,0.9500525593757629,0.060415640473365784,,,
48,1514,0.9899158477783203,0.9554003477096558,0.05356718972325325,,,
48,1515,0.9929790496826172,0.968738317489624,0.038293369114398956,,,
48,1516,0.9915761947631836,0.9597810506820679,0.04839121922850609,,,
48,1517,0.9882049560546875,0.9440029859542847,0.0637793242931366,,,
48,1518,0.991339385509491,0.8686226010322571,0.17718499898910522,,,
48,1518,,,,0.9556634426116943,0.8427296876907349,0.21732810139656067
49,1519,0.9884071350097656,0.9185292720794678,0.09720022976398468,,,
49,1520,0.9888629913330078,0.9588739275932312,0.04795011505484581,,,
49,1521,0.9874649047851562,0.9588204026222229,0.047220390290021896,,,
49,1522,0.9882974624633789,0.9216506481170654,0.09410394728183746,,,
49,1523,0.9863195419311523,0.9480893015861511,0.05944470316171646,,,
49,1524,0.9909524917602539,0.9513159990310669,0.05796590447425842,,,
49,1525,0.9881391525268555,0.8604058623313904,0.17056450247764587,,,
49,1526,0.9886941909790039,0.9394229054450989,0.0697973445057869,,,
49,1527,0.9886474609375,0.9358223080635071,0.07534102350473404,,,
49,1528,0.9924888610839844,0.9691771864891052,0.03703470155596733,,,
49,1529,0.990717887878418,0.9620981812477112,0.04510924965143204,,,
49,1530,0.9917125701904297,0.9666918516159058,0.04025653749704361,,,
49,1531,0.983860969543457,0.931890606880188,0.07625186443328857,,,
49,1532,0.9889411926269531,0.9364400506019592,0.07465307414531708,,,
49,1533,0.992671012878418,0.9384199976921082,0.08025134354829788,,,
49,1534,0.9877300262451172,0.9348042011260986,0.07686015963554382,,,
49,1535,0.9899358749389648,0.9631427526473999,0.0427321121096611,,,
49,1536,0.9891481399536133,0.919807493686676,0.09663001447916031,,,
49,1537,0.9864683151245117,0.9094945192337036,0.10617387294769287,,,
49,1538,0.9903984069824219,0.952900230884552,0.055556271225214005,,,
49,1539,0.9918794631958008,0.8846784234046936,0.15648195147514343,,,
49,1540,0.9873123168945312,0.9367452263832092,0.07369904220104218,,,
49,1541,0.9886560440063477,0.9453606009483337,0.06308168917894363,,,
49,1542,0.9913959503173828,0.9587533473968506,0.04881000518798828,,,
49,1543,0.9907770156860352,0.9236701130867004,0.09380177408456802,,,
49,1544,0.9893207550048828,0.868019700050354,0.16555370390415192,,,
49,1545,0.9878530502319336,0.9326120018959045,0.07760126143693924,,,
49,1546,0.9898557662963867,0.9592878222465515,0.04752304404973984,,,
49,1547,0.9908790588378906,0.9365593194961548,0.07684286683797836,,,
49,1548,0.9902372360229492,0.9571757912635803,0.05082569271326065,,,
49,1549,0.9909312129020691,0.9653882384300232,0.03994157165288925,,,
49,1549,,,,0.9543969631195068,0.8407797813415527,0.2161935567855835
