epoch,step,train_BinaryAccuracy,train_BinaryJaccardIndex,train_loss,val_BinaryAccuracy,val_BinaryJaccardIndex,val_loss
0,0,0.5892839431762695,0.1986159384250641,0.7709663510322571,,,
0,1,0.7020368576049805,0.3019742965698242,0.7818999290466309,,,
0,2,0.7183570861816406,0.34205618500709534,0.7700585126876831,,,
0,3,0.7193222045898438,0.3310406804084778,0.7797514796257019,,,
0,4,0.7366752624511719,0.4085400104522705,0.7286403775215149,,,
0,5,0.7613935470581055,0.27710455656051636,0.8363862633705139,,,
0,6,0.7845077514648438,0.4855121076107025,0.6841949820518494,,,
0,7,0.7994842529296875,0.46483132243156433,0.6986695528030396,,,
0,8,0.8008823394775391,0.4346744120121002,0.7193446159362793,,,
0,9,0.8413410186767578,0.5092679858207703,0.6870372891426086,,,
0,10,0.9043607711791992,0.7917895317077637,0.4918825030326843,,,
0,11,0.807774543762207,0.4706270098686218,0.6781226396560669,,,
0,12,0.7713546752929688,0.3757888674736023,0.7323959469795227,,,
0,13,0.880894660949707,0.647497296333313,0.5877792835235596,,,
0,14,0.871302604675293,0.5920044779777527,0.6225616931915283,,,
0,15,0.8223733901977539,0.4115928113460541,0.7354480028152466,,,
0,16,0.8867082595825195,0.6488191485404968,0.5831316709518433,,,
0,17,0.8730812072753906,0.5664634704589844,0.6396077871322632,,,
0,18,0.8194503784179688,0.47255808115005493,0.6730594635009766,,,
0,19,0.8972549438476562,0.7076300382614136,0.5233200788497925,,,
0,20,0.8532066345214844,0.4775117337703705,0.696763277053833,,,
0,21,0.8469057083129883,0.4933597147464752,0.6680158376693726,,,
0,22,0.9050674438476562,0.5755668878555298,0.6835834383964539,,,
0,23,0.9058341979980469,0.6687010526657104,0.5782172679901123,,,
0,24,0.9122037887573242,0.6973171234130859,0.5517392158508301,,,
0,25,0.8904132843017578,0.5620724558830261,0.653907299041748,,,
0,26,0.9009637832641602,0.6303706169128418,0.601180911064148,,,
0,27,0.9098310470581055,0.5099462866783142,0.7483152151107788,,,
0,28,0.9250545501708984,0.7267201542854309,0.5297898054122925,,,
0,29,0.8394193649291992,0.26652786135673523,0.8401636481285095,,,
0,30,0.8314425349235535,0.35744547843933105,0.7633868455886841,,,
0,30,,,,0.8379631042480469,0.6109974980354309,0.5465527772903442
1,31,0.9438810348510742,0.8255214095115662,0.4358639121055603,,,
1,32,0.9607524871826172,0.8811598420143127,0.3930478096008301,,,
1,33,0.9426698684692383,0.808006763458252,0.4537630081176758,,,
1,34,0.9168977737426758,0.6665799617767334,0.5740034580230713,,,
1,35,0.8741207122802734,0.5599114298820496,0.6199833750724792,,,
1,36,0.9142398834228516,0.7060521245002747,0.5164618492126465,,,
1,37,0.9280529022216797,0.6642007827758789,0.6095902919769287,,,
1,38,0.9161415100097656,0.6486262083053589,0.5899593830108643,,,
1,39,0.9471521377563477,0.8159080147743225,0.44680947065353394,,,
1,40,0.9397258758544922,0.7797555923461914,0.47584104537963867,,,
1,41,0.9552230834960938,0.8250038027763367,0.4655306339263916,,,
1,42,0.9544591903686523,0.841276228427887,0.4196203947067261,,,
1,43,0.9540348052978516,0.8559111952781677,0.3829498887062073,,,
1,44,0.9316139221191406,0.7498299479484558,0.48078715801239014,,,
1,45,0.8828582763671875,0.5506256222724915,0.6244566440582275,,,
1,46,0.9382600784301758,0.7664631009101868,0.4732467532157898,,,
1,47,0.8842401504516602,0.5337322950363159,0.638480544090271,,,
1,48,0.9084758758544922,0.4856637418270111,0.7310574054718018,,,
1,49,0.9476213455200195,0.7300921678543091,0.5731011629104614,,,
1,50,0.9228658676147461,0.6936290860176086,0.5313634872436523,,,
1,51,0.9219026565551758,0.6209381818771362,0.616320013999939,,,
1,52,0.9327211380004883,0.6748431921005249,0.5862612724304199,,,
1,53,0.9397306442260742,0.6510246396064758,0.6447668671607971,,,
1,54,0.9445829391479492,0.7462112307548523,0.5251821279525757,,,
1,55,0.9581756591796875,0.7641719579696655,0.5701406002044678,,,
1,56,0.9505481719970703,0.7722765207290649,0.506489634513855,,,
1,57,0.9383649826049805,0.746499240398407,0.48590993881225586,,,
1,58,0.9137287139892578,0.5700209736824036,0.6392853260040283,,,
1,59,0.9115095138549805,0.6033759713172913,0.5997116565704346,,,
1,60,0.9253082275390625,0.6600561738014221,0.5633573532104492,,,
1,61,0.9239667057991028,0.6180819272994995,0.6091841459274292,,,
1,61,,,,0.906851053237915,0.7268291115760803,0.47662436962127686
2,62,0.9498872756958008,0.7857620716094971,0.4720049500465393,,,
2,63,0.9611721038818359,0.8147561550140381,0.47309374809265137,,,
2,64,0.9501829147338867,0.8044254183769226,0.4388989210128784,,,
2,65,0.9658613204956055,0.8487178087234497,0.4300960898399353,,,
2,66,0.9434747695922852,0.7160085439682007,0.5437053442001343,,,
2,67,0.9453868865966797,0.7361123561859131,0.5186189413070679,,,
2,68,0.9262924194335938,0.5565271973609924,0.6774613857269287,,,
2,69,0.9400844573974609,0.6760661602020264,0.5783168077468872,,,
2,70,0.9315319061279297,0.6547402739524841,0.573643684387207,,,
2,71,0.9407625198364258,0.6868998408317566,0.5660024881362915,,,
2,72,0.9231672286987305,0.6354673504829407,0.5776087045669556,,,
2,73,0.9638004302978516,0.8225216865539551,0.4612044095993042,,,
2,74,0.9418573379516602,0.6233000755310059,0.6498132348060608,,,
2,75,0.9617738723754883,0.8244045376777649,0.4372894763946533,,,
2,76,0.9603214263916016,0.8816854953765869,0.29439419507980347,,,
2,77,0.9678792953491211,0.8499298095703125,0.4209544062614441,,,
2,78,0.9511089324951172,0.7849427461624146,0.44046807289123535,,,
2,79,0.9296092987060547,0.6378400921821594,0.5730957984924316,,,
2,80,0.96051025390625,0.8447452187538147,0.36966627836227417,,,
2,81,0.9706487655639648,0.9028984904289246,0.2892742156982422,,,
2,82,0.9467668533325195,0.7976729273796082,0.40315210819244385,,,
2,83,0.9610052108764648,0.8565977811813354,0.3439580798149109,,,
2,84,0.9598379135131836,0.8759528994560242,0.28688710927963257,,,
2,85,0.9636449813842773,0.833225429058075,0.41052550077438354,,,
2,86,0.9323873519897461,0.6299526691436768,0.5857576727867126,,,
2,87,0.9624614715576172,0.7900077104568481,0.49407559633255005,,,
2,88,0.9078750610351562,0.5375910401344299,0.6299566030502319,,,
2,89,0.9709348678588867,0.9062612652778625,0.2654891014099121,,,
2,90,0.9508466720581055,0.7726877927780151,0.44860583543777466,,,
2,91,0.9480619430541992,0.6781378984451294,0.5838508605957031,,,
2,92,0.9649327397346497,0.8403690457344055,0.3902384638786316,,,
2,92,,,,0.9336997270584106,0.786939799785614,0.41426387429237366
3,93,0.9611902236938477,0.8038946390151978,0.4459077715873718,,,
3,94,0.9677276611328125,0.9053931832313538,0.2515771985054016,,,
3,95,0.9557943344116211,0.8238164782524109,0.37661516666412354,,,
3,96,0.9714641571044922,0.8678888082504272,0.3709144592285156,,,
3,97,0.9436988830566406,0.5915622711181641,0.6704392433166504,,,
3,98,0.9447641372680664,0.6866753697395325,0.5433881878852844,,,
3,99,0.9522066116333008,0.6996853947639465,0.5625219345092773,,,
3,100,0.9559497833251953,0.7639875411987305,0.47812551259994507,,,
3,101,0.9419956207275391,0.6767778992652893,0.5453379154205322,,,
3,102,0.9712715148925781,0.8744953870773315,0.3431221842765808,,,
3,103,0.9621725082397461,0.780332088470459,0.4876793622970581,,,
3,104,0.9333744049072266,0.5273398756980896,0.6866554021835327,,,
3,105,0.9672260284423828,0.8672917485237122,0.3255106210708618,,,
3,106,0.9567184448242188,0.8634977340698242,0.2787519693374634,,,
3,107,0.9642982482910156,0.8994893431663513,0.24135315418243408,,,
3,108,0.9557762145996094,0.7752739191055298,0.43935978412628174,,,
3,109,0.9382238388061523,0.7814953923225403,0.38081520795822144,,,
3,110,0.8797483444213867,0.32961705327033997,0.7688730955123901,,,
3,111,0.9437980651855469,0.7555692791938782,0.4159202575683594,,,
3,112,0.9721260070800781,0.9212641716003418,0.21008461713790894,,,
3,113,0.9637880325317383,0.8324434161186218,0.3710755705833435,,,
3,114,0.9531021118164062,0.7807285785675049,0.42084938287734985,,,
3,115,0.9438924789428711,0.6479700803756714,0.5748288631439209,,,
3,116,0.9412899017333984,0.6046139597892761,0.6202619075775146,,,
3,117,0.9692163467407227,0.8014064431190491,0.4850080609321594,,,
3,118,0.9723138809204102,0.8384905457496643,0.4270983934402466,,,
3,119,0.9706621170043945,0.8764890432357788,0.3158569931983948,,,
3,120,0.9738140106201172,0.8685119152069092,0.3571773171424866,,,
3,121,0.9663972854614258,0.8799722194671631,0.27145206928253174,,,
3,122,0.9646492004394531,0.8124231696128845,0.41280800104141235,,,
3,123,0.9599812626838684,0.8500176072120667,0.3039693236351013,,,
3,123,,,,0.9354442954063416,0.7918651700019836,0.38017037510871887
4,124,0.9644222259521484,0.8109758496284485,0.4091063141822815,,,
4,125,0.9613180160522461,0.8070967197418213,0.3929867148399353,,,
4,126,0.9537391662597656,0.7757436037063599,0.4169067144393921,,,
4,127,0.9692277908325195,0.8612028956413269,0.328715980052948,,,
4,128,0.9505014419555664,0.6895196437835693,0.5345255732536316,,,
4,129,0.9694681167602539,0.9115380644798279,0.2111290693283081,,,
4,130,0.9612617492675781,0.790527880191803,0.42495518922805786,,,
4,131,0.9702558517456055,0.8765588998794556,0.2984204888343811,,,
4,132,0.9747543334960938,0.8836067914962769,0.313326895236969,,,
4,133,0.9660186767578125,0.8432952165603638,0.34303975105285645,,,
4,134,0.9649524688720703,0.8548411726951599,0.3082239627838135,,,
4,135,0.9483213424682617,0.6035482883453369,0.6347250938415527,,,
4,136,0.9609689712524414,0.7614212036132812,0.4733991026878357,,,
4,137,0.9616460800170898,0.8508066534996033,0.29612088203430176,,,
4,138,0.9661235809326172,0.7645226120948792,0.5025339126586914,,,
4,139,0.9448671340942383,0.6873171329498291,0.5004100203514099,,,
4,140,0.9584503173828125,0.7312591075897217,0.49954724311828613,,,
4,141,0.9747447967529297,0.9103019833564758,0.22705453634262085,,,
4,142,0.9794178009033203,0.920466423034668,0.23602628707885742,,,
4,143,0.9440431594848633,0.6775904297828674,0.515007734298706,,,
4,144,0.9662055969238281,0.6795935034751892,0.6325225830078125,,,
4,145,0.9664802551269531,0.8382773399353027,0.3490731716156006,,,
4,146,0.957890510559082,0.8476904630661011,0.2943922281265259,,,
4,147,0.9764184951782227,0.88266921043396,0.3148542046546936,,,
4,148,0.9630537033081055,0.8532103896141052,0.2971588373184204,,,
4,149,0.9848270416259766,0.9432075619697571,0.20454639196395874,,,
4,150,0.9622373580932617,0.7838284969329834,0.42446088790893555,,,
4,151,0.9667949676513672,0.8691529631614685,0.27730095386505127,,,
4,152,0.9733066558837891,0.8847925066947937,0.27690809965133667,,,
4,153,0.9762353897094727,0.8753258585929871,0.32878851890563965,,,
4,154,0.9437382817268372,0.7023378014564514,0.473472535610199,,,
4,154,,,,0.9465183615684509,0.8193041682243347,0.3537721335887909
5,155,0.9708023071289062,0.8216006755828857,0.40615057945251465,,,
5,156,0.9624147415161133,0.7890677452087402,0.41202670335769653,,,
5,157,0.9741506576538086,0.8721401691436768,0.3128860592842102,,,
5,158,0.9722185134887695,0.9015206098556519,0.22122901678085327,,,
5,159,0.9513826370239258,0.6090837121009827,0.6161901950836182,,,
5,160,0.9574317932128906,0.7344644069671631,0.46958988904953003,,,
5,161,0.9730958938598633,0.9018822908401489,0.22473114728927612,,,
5,162,0.9713478088378906,0.899307906627655,0.22315335273742676,,,
5,163,0.9721755981445312,0.8923950791358948,0.2396770715713501,,,
5,164,0.9535388946533203,0.597754180431366,0.6314143538475037,,,
5,165,0.9694242477416992,0.8545775413513184,0.30941593647003174,,,
5,166,0.9559946060180664,0.7433162927627563,0.4494844675064087,,,
5,167,0.9712076187133789,0.854957640171051,0.32186955213546753,,,
5,168,0.9762935638427734,0.8893429636955261,0.2773193120956421,,,
5,169,0.9772005081176758,0.873494565486908,0.329858660697937,,,
5,170,0.9709844589233398,0.8295107483863831,0.3755285143852234,,,
5,171,0.9629201889038086,0.7012463212013245,0.5658094882965088,,,
5,172,0.9673070907592773,0.8013144731521606,0.40322983264923096,,,
5,173,0.9704523086547852,0.8926002383232117,0.22847193479537964,,,
5,174,0.9760332107543945,0.8795190453529358,0.2935270071029663,,,
5,175,0.9712915420532227,0.8910290598869324,0.2326335906982422,,,
5,176,0.9727115631103516,0.865506649017334,0.3051598072052002,,,
5,177,0.9772968292236328,0.9226874709129333,0.18637007474899292,,,
5,178,0.9755430221557617,0.9018797874450684,0.23267555236816406,,,
5,179,0.9710721969604492,0.8136976957321167,0.4031243920326233,,,
5,180,0.974705696105957,0.9150916337966919,0.1877819299697876,,,
5,181,0.9723625183105469,0.8637530207633972,0.2966546416282654,,,
5,182,0.9665498733520508,0.8307403326034546,0.33131247758865356,,,
5,183,0.9669275283813477,0.829254150390625,0.33559972047805786,,,
5,184,0.9719791412353516,0.834549605846405,0.36047589778900146,,,
5,185,0.9762356877326965,0.8775399327278137,0.2936154007911682,,,
5,185,,,,0.9418728947639465,0.8089730739593506,0.34095123410224915
6,186,0.9544162750244141,0.7063986659049988,0.48370134830474854,,,
6,187,0.9683446884155273,0.8628807663917542,0.2743913531303406,,,
6,188,0.9718866348266602,0.8563891649246216,0.3045717477798462,,,
6,189,0.9760904312133789,0.9129080176353455,0.19480955600738525,,,
6,190,0.9716739654541016,0.8491188883781433,0.32194292545318604,,,
6,191,0.9813394546508789,0.9094284176826477,0.24974185228347778,,,
6,192,0.9677801132202148,0.8871369361877441,0.21414339542388916,,,
6,193,0.9647808074951172,0.8082185983657837,0.3528331518173218,,,
6,194,0.9696455001831055,0.8601469993591309,0.2779802083969116,,,
6,195,0.9670839309692383,0.8179627060890198,0.3502199649810791,,,
6,196,0.9822483062744141,0.9290630221366882,0.19523489475250244,,,
6,197,0.9527807235717773,0.6573020219802856,0.5319797992706299,,,
6,198,0.9723758697509766,0.7966313362121582,0.4343026280403137,,,
6,199,0.9781723022460938,0.9005457758903503,0.23878347873687744,,,
6,200,0.9728269577026367,0.8510310053825378,0.3188554644584656,,,
6,201,0.9715385437011719,0.8149874806404114,0.38535892963409424,,,
6,202,0.9787120819091797,0.8582180738449097,0.3552008271217346,,,
6,203,0.9704914093017578,0.8919747471809387,0.21136045455932617,,,
6,204,0.9720354080200195,0.8445961475372314,0.3218820095062256,,,
6,205,0.9757471084594727,0.8614522218704224,0.3138795495033264,,,
6,206,0.9740629196166992,0.8615252375602722,0.2961443066596985,,,
6,207,0.9738883972167969,0.9079899191856384,0.18705308437347412,,,
6,208,0.9760866165161133,0.8606983423233032,0.31688714027404785,,,
6,209,0.970606803894043,0.9212629199028015,0.15426945686340332,,,
6,210,0.9693698883056641,0.8381157517433167,0.3101578950881958,,,
6,211,0.9704370498657227,0.8635162711143494,0.26155632734298706,,,
6,212,0.9676828384399414,0.7193530201911926,0.5143436193466187,,,
6,213,0.9713878631591797,0.8132136464118958,0.3755313754081726,,,
6,214,0.9757823944091797,0.8953234553337097,0.22352808713912964,,,
6,215,0.980926513671875,0.8923736214637756,0.27719950675964355,,,
6,216,0.9808235168457031,0.9232136011123657,0.18506181240081787,,,
6,216,,,,0.9422124028205872,0.7930161356925964,0.347929447889328
7,217,0.9777393341064453,0.8727103471755981,0.29533153772354126,,,
7,218,0.9651889801025391,0.643886387348175,0.6020503044128418,,,
7,219,0.9749431610107422,0.8850117921829224,0.238392174243927,,,
7,220,0.9649591445922852,0.846123218536377,0.2865756154060364,,,
7,221,0.9791774749755859,0.9377034902572632,0.14128506183624268,,,
7,222,0.9687557220458984,0.8792722821235657,0.2173287272453308,,,
7,223,0.9746837615966797,0.8980939984321594,0.20241153240203857,,,
7,224,0.9751386642456055,0.8603411316871643,0.29272395372390747,,,
7,225,0.9620990753173828,0.617949903011322,0.6054257750511169,,,
7,226,0.9745807647705078,0.8901427984237671,0.22009992599487305,,,
7,227,0.9748868942260742,0.86965411901474,0.270821213722229,,,
7,228,0.9678421020507812,0.7177274227142334,0.506935715675354,,,
7,229,0.973383903503418,0.8547109961509705,0.2915940284729004,,,
7,230,0.9786958694458008,0.9159910082817078,0.18472743034362793,,,
7,231,0.9688186645507812,0.8017306923866272,0.3674236536026001,,,
7,232,0.9811668395996094,0.8982471227645874,0.2495661973953247,,,
7,233,0.9727001190185547,0.875886082649231,0.23789721727371216,,,
7,234,0.9757537841796875,0.796902060508728,0.43048107624053955,,,
7,235,0.9660110473632812,0.7441383004188538,0.4446411728858948,,,
7,236,0.9806804656982422,0.8981574773788452,0.24129170179367065,,,
7,237,0.98028564453125,0.918516993522644,0.1813051700592041,,,
7,238,0.9721641540527344,0.8096070289611816,0.3742145299911499,,,
7,239,0.9753055572509766,0.8921640515327454,0.21253252029418945,,,
7,240,0.9782180786132812,0.895641028881073,0.22390103340148926,,,
7,241,0.9792270660400391,0.9101083874702454,0.194705069065094,,,
7,242,0.9780559539794922,0.9101912379264832,0.1874561905860901,,,
7,243,0.9750814437866211,0.9131445288658142,0.1691206693649292,,,
7,244,0.9748601913452148,0.8913351893424988,0.20937258005142212,,,
7,245,0.9773893356323242,0.9122535586357117,0.17733246088027954,,,
7,246,0.9790105819702148,0.9039264917373657,0.20544946193695068,,,
7,247,0.9697608947753906,0.7529631853103638,0.44436150789260864,,,
7,247,,,,0.9499354958534241,0.8229132890701294,0.30890876054763794
8,248,0.9793500900268555,0.9115051627159119,0.18797087669372559,,,
8,249,0.9698963165283203,0.9007748365402222,0.16680508852005005,,,
8,250,0.9808378219604492,0.8956397771835327,0.24527662992477417,,,
8,251,0.9819555282592773,0.8853411674499512,0.2825944423675537,,,
8,252,0.9743375778198242,0.8763481378555298,0.23603320121765137,,,
8,253,0.9775142669677734,0.9040597081184387,0.19181132316589355,,,
8,254,0.97406005859375,0.8829317092895508,0.22155988216400146,,,
8,255,0.9742527008056641,0.8169602155685425,0.3597089648246765,,,
8,256,0.9698419570922852,0.7906773686408997,0.37547731399536133,,,
8,257,0.9741764068603516,0.8804271221160889,0.22493863105773926,,,
8,258,0.9823188781738281,0.8607606291770935,0.348613977432251,,,
8,259,0.9802970886230469,0.8791141510009766,0.27580970525741577,,,
8,260,0.9831485748291016,0.918483555316925,0.1924046277999878,,,
8,261,0.9713563919067383,0.8120357394218445,0.34429728984832764,,,
8,262,0.9696817398071289,0.8510778546333313,0.2566266655921936,,,
8,263,0.9777603149414062,0.8731892108917236,0.2611714005470276,,,
8,264,0.9769735336303711,0.8706603050231934,0.2593477964401245,,,
8,265,0.9706325531005859,0.8405967354774475,0.28323811292648315,,,
8,266,0.9808855056762695,0.8465819358825684,0.3552318811416626,,,
8,267,0.9777965545654297,0.9198501706123352,0.15290725231170654,,,
8,268,0.9724483489990234,0.8923653364181519,0.18580752611160278,,,
8,269,0.9775638580322266,0.8789565563201904,0.24305373430252075,,,
8,270,0.9740476608276367,0.7701507806777954,0.43568193912506104,,,
8,271,0.9617691040039062,0.6393764019012451,0.5478661060333252,,,
8,272,0.9780187606811523,0.8533890247344971,0.30498039722442627,,,
8,273,0.981318473815918,0.8976289629936218,0.22848665714263916,,,
8,274,0.9690542221069336,0.7771466970443726,0.38496464490890503,,,
8,275,0.9791364669799805,0.9371877908706665,0.1243891716003418,,,
8,276,0.974848747253418,0.9085325002670288,0.16957074403762817,,,
8,277,0.9806385040283203,0.9267657399177551,0.14804553985595703,,,
8,278,0.9669583439826965,0.9164155125617981,0.14327877759933472,,,
8,278,,,,0.9498439431190491,0.8239765167236328,0.29569143056869507
9,279,0.9735879898071289,0.8679631352424622,0.23749548196792603,,,
9,280,0.9801673889160156,0.9146753549575806,0.1700350046157837,,,
9,281,0.9777994155883789,0.8985912203788757,0.1936720609664917,,,
9,282,0.9779396057128906,0.8558816909790039,0.2910221815109253,,,
9,283,0.9775285720825195,0.8179338574409485,0.3711933493614197,,,
9,284,0.9785318374633789,0.9081603288650513,0.17480266094207764,,,
9,285,0.9800968170166016,0.9028045535087585,0.19766682386398315,,,
9,286,0.9769611358642578,0.8131805062294006,0.3739160895347595,,,
9,287,0.9783401489257812,0.8501708507537842,0.30830347537994385,,,
9,288,0.9787492752075195,0.8763237595558167,0.24891382455825806,,,
9,289,0.9721622467041016,0.845475435256958,0.274897038936615,,,
9,290,0.9833621978759766,0.9155713319778442,0.18851298093795776,,,
9,291,0.9824914932250977,0.8853866457939148,0.26278477907180786,,,
9,292,0.9744539260864258,0.8858081698417664,0.20079439878463745,,,
9,293,0.9816999435424805,0.9153677821159363,0.17473053932189941,,,
9,294,0.9782953262329102,0.8919166922569275,0.2068193554878235,,,
9,295,0.9767122268676758,0.9271148443222046,0.13010787963867188,,,
9,296,0.9804267883300781,0.8807645440101624,0.24938571453094482,,,
9,297,0.9819498062133789,0.9227771759033203,0.15619754791259766,,,
9,298,0.9806041717529297,0.9012157320976257,0.1969912052154541,,,
9,299,0.9807300567626953,0.8960093855857849,0.21160852909088135,,,
9,300,0.9830293655395508,0.9048400521278381,0.2120928168296814,,,
9,301,0.9769754409790039,0.9001579880714417,0.18011289834976196,,,
9,302,0.9778623580932617,0.8971160054206848,0.18860816955566406,,,
9,303,0.9677648544311523,0.7837552428245544,0.35128259658813477,,,
9,304,0.9759807586669922,0.84166419506073,0.2951160669326782,,,
9,305,0.9746198654174805,0.8473780155181885,0.2722514271736145,,,
9,306,0.9796838760375977,0.9070967435836792,0.17922043800354004,,,
9,307,0.9793949127197266,0.9451567530632019,0.10841917991638184,,,
9,308,0.9770374298095703,0.8906450271606445,0.19528692960739136,,,
9,309,0.972436249256134,0.8552889227867126,0.24300360679626465,,,
9,309,,,,0.9516330361366272,0.8315088152885437,0.28001654148101807
10,310,0.9823551177978516,0.857994794845581,0.3183209300041199,,,
10,311,0.9837579727172852,0.8592374920845032,0.3355262875556946,,,
10,312,0.982975959777832,0.929667592048645,0.14113116264343262,,,
10,313,0.9729957580566406,0.9330617785453796,0.11858618259429932,,,
10,314,0.9738025665283203,0.7649927139282227,0.41904324293136597,,,
10,315,0.9800987243652344,0.8694411516189575,0.2644239664077759,,,
10,316,0.9798040390014648,0.8726670145988464,0.25280386209487915,,,
10,317,0.9798450469970703,0.8834031224250793,0.22693592309951782,,,
10,318,0.976414680480957,0.898292064666748,0.17470788955688477,,,
10,319,0.9810953140258789,0.8963882327079773,0.2065303921699524,,,
10,320,0.9817647933959961,0.8842379450798035,0.239709734916687,,,
10,321,0.9750947952270508,0.919462263584137,0.135046124458313,,,
10,322,0.9800777435302734,0.8913823366165161,0.21031910181045532,,,
10,323,0.9780216217041016,0.8759567141532898,0.23113560676574707,,,
10,324,0.9804086685180664,0.9193874001502991,0.14771461486816406,,,
10,325,0.9785957336425781,0.8107189536094666,0.3702746033668518,,,
10,326,0.9801025390625,0.8596066236495972,0.2799767255783081,,,
10,327,0.9808483123779297,0.9030230045318604,0.1864188313484192,,,
10,328,0.9747543334960938,0.8058966994285583,0.3412068486213684,,,
10,329,0.9762029647827148,0.8724068999290466,0.22223758697509766,,,
10,330,0.9764137268066406,0.8879997730255127,0.1895952820777893,,,
10,331,0.9796218872070312,0.8868640065193176,0.21246659755706787,,,
10,332,0.9788923263549805,0.9153429269790649,0.1476205587387085,,,
10,333,0.9848270416259766,0.9296385049819946,0.14695781469345093,,,
10,334,0.9673442840576172,0.8477246761322021,0.2262750267982483,,,
10,335,0.9858150482177734,0.956594705581665,0.09269183874130249,,,
10,336,0.9770832061767578,0.9035896062850952,0.16251105070114136,,,
10,337,0.9808473587036133,0.9065511226654053,0.1741047501564026,,,
10,338,0.9834775924682617,0.901883602142334,0.20555275678634644,,,
10,339,0.9796657562255859,0.8561132550239563,0.276794970035553,,,
10,340,0.9796066284179688,0.9192280173301697,0.14079642295837402,,,
10,340,,,,0.95186448097229,0.8311818242073059,0.27372801303863525
11,341,0.9796781539916992,0.9232099652290344,0.13307052850723267,,,
11,342,0.9797029495239258,0.8814429640769958,0.2224559783935547,,,
11,343,0.9802341461181641,0.8461766839027405,0.3014061450958252,,,
11,344,0.9859209060668945,0.9088984727859497,0.2121073603630066,,,
11,345,0.9811763763427734,0.884155809879303,0.22779536247253418,,,
11,346,0.9747486114501953,0.8266057372093201,0.2952003479003906,,,
11,347,0.9848108291625977,0.9468770623207092,0.10372704267501831,,,
11,348,0.9800739288330078,0.9258020520210266,0.12707161903381348,,,
11,349,0.9801502227783203,0.8818238973617554,0.21988016366958618,,,
11,350,0.9849882125854492,0.9484807252883911,0.10018229484558105,,,
11,351,0.9862661361694336,0.9473002552986145,0.10796153545379639,,,
11,352,0.9828424453735352,0.9307354092597961,0.12741398811340332,,,
11,353,0.9827241897583008,0.9194108247756958,0.15176212787628174,,,
11,354,0.9848499298095703,0.9070417881011963,0.19847756624221802,,,
11,355,0.9827537536621094,0.894209086894989,0.2131563425064087,,,
11,356,0.9817876815795898,0.9080243110656738,0.17178744077682495,,,
11,357,0.9762601852416992,0.7342876195907593,0.46817994117736816,,,
11,358,0.9870615005493164,0.92643141746521,0.16947400569915771,,,
11,359,0.9714212417602539,0.8255135416984558,0.2799385190010071,,,
11,360,0.9783973693847656,0.9104083180427551,0.14845943450927734,,,
11,361,0.9862442016601562,0.9392049312591553,0.12503647804260254,,,
11,362,0.9792461395263672,0.9112740159034729,0.14962971210479736,,,
11,363,0.9679126739501953,0.775902509689331,0.34110844135284424,,,
11,364,0.9805545806884766,0.8673191070556641,0.25501495599746704,,,
11,365,0.9785079956054688,0.9342394471168518,0.10810476541519165,,,
11,366,0.9771394729614258,0.9036492705345154,0.1555362343788147,,,
11,367,0.9851503372192383,0.9392611980438232,0.11671876907348633,,,
11,368,0.9751348495483398,0.8731777667999268,0.20619773864746094,,,
11,369,0.9796314239501953,0.8889172077178955,0.19621235132217407,,,
11,370,0.9709157943725586,0.774345338344574,0.3532903790473938,,,
11,371,0.9690043330192566,0.5520023703575134,0.6515296697616577,,,
11,371,,,,0.9408619999885559,0.805713951587677,0.28839170932769775
12,372,0.9788036346435547,0.8202245235443115,0.3300322890281677,,,
12,373,0.9828147888183594,0.9383189082145691,0.1084715723991394,,,
12,374,0.9823675155639648,0.8913638591766357,0.20998311042785645,,,
12,375,0.9815855026245117,0.9221389293670654,0.13587719202041626,,,
12,376,0.9783639907836914,0.9053462147712708,0.16106802225112915,,,
12,377,0.9800548553466797,0.9178161025047302,0.1389217972755432,,,
12,378,0.9843912124633789,0.942048966884613,0.10849618911743164,,,
12,379,0.9810199737548828,0.9110453724861145,0.157637357711792,,,
12,380,0.9800844192504883,0.900617241859436,0.1702783703804016,,,
12,381,0.9819507598876953,0.8767613768577576,0.2350013256072998,,,
12,382,0.9726734161376953,0.9083077907562256,0.1350383758544922,,,
12,383,0.9574756622314453,0.580108106136322,0.5458158850669861,,,
12,384,0.9835577011108398,0.9353623390197754,0.11582732200622559,,,
12,385,0.9778118133544922,0.8426133394241333,0.2733650803565979,,,
12,386,0.9785928726196289,0.8678040504455566,0.2293100357055664,,,
12,387,0.9756851196289062,0.7981777787208557,0.33612674474716187,,,
12,388,0.9764919281005859,0.8697407245635986,0.20840108394622803,,,
12,389,0.9849157333374023,0.8666773438453674,0.29456478357315063,,,
12,390,0.9826622009277344,0.9155247807502747,0.14918971061706543,,,
12,391,0.9778051376342773,0.8756325840950012,0.207386314868927,,,
12,392,0.980463981628418,0.8844548463821411,0.20178061723709106,,,
12,393,0.9812507629394531,0.8537049889564514,0.27382344007492065,,,
12,394,0.9821538925170898,0.9358720183372498,0.10547316074371338,,,
12,395,0.981165885925293,0.9280305504798889,0.119021475315094,,,
12,396,0.9825220108032227,0.8796983361244202,0.22580701112747192,,,
12,397,0.983489990234375,0.9437234997749329,0.09703278541564941,,,
12,398,0.9835233688354492,0.9215031266212463,0.13956224918365479,,,
12,399,0.9742631912231445,0.821415364742279,0.2869035601615906,,,
12,400,0.9799299240112305,0.8901703953742981,0.18506687879562378,,,
12,401,0.9738759994506836,0.8941067457199097,0.15000027418136597,,,
12,402,0.9653103947639465,0.8331896662712097,0.23446214199066162,,,
12,402,,,,0.9476780295372009,0.8153954744338989,0.2783648371696472
13,403,0.9827699661254883,0.9178701639175415,0.1417040228843689,,,
13,404,0.9788732528686523,0.9066448211669922,0.1478899121284485,,,
13,405,0.979705810546875,0.8947722315788269,0.17339229583740234,,,
13,406,0.9773445129394531,0.9071683287620544,0.142220139503479,,,
13,407,0.9807672500610352,0.8876677751541138,0.19580495357513428,,,
13,408,0.9769163131713867,0.9108067154884338,0.13680964708328247,,,
13,409,0.9794940948486328,0.8834213614463806,0.19368791580200195,,,
13,410,0.9806604385375977,0.8364530801773071,0.29701048135757446,,,
13,411,0.9829740524291992,0.8908233642578125,0.20356518030166626,,,
13,412,0.9738750457763672,0.7710928916931152,0.36093199253082275,,,
13,413,0.9771137237548828,0.8209839463233948,0.3047395348548889,,,
13,414,0.9836750030517578,0.9437193274497986,0.09551793336868286,,,
13,415,0.9847183227539062,0.9049127697944641,0.18343615531921387,,,
13,416,0.9787359237670898,0.8953958749771118,0.16641473770141602,,,
13,417,0.9846668243408203,0.9050689339637756,0.1796976923942566,,,
13,418,0.9851560592651367,0.9630152583122253,0.07897061109542847,,,
13,419,0.9789514541625977,0.8594087362289429,0.23663872480392456,,,
13,420,0.9826641082763672,0.9247456192970276,0.12400227785110474,,,
13,421,0.9835968017578125,0.9262625575065613,0.12406867742538452,,,
13,422,0.9834537506103516,0.8474161624908447,0.29923468828201294,,,
13,423,0.9823837280273438,0.8969702124595642,0.17888587713241577,,,
13,424,0.9802780151367188,0.8603297472000122,0.23993855714797974,,,
13,425,0.9799308776855469,0.8971793055534363,0.16663885116577148,,,
13,426,0.9798812866210938,0.9490681886672974,0.0885624885559082,,,
13,427,0.9758663177490234,0.8201434016227722,0.28262799978256226,,,
13,428,0.9808359146118164,0.9101240634918213,0.14561223983764648,,,
13,429,0.9799232482910156,0.881665825843811,0.1972382664680481,,,
13,430,0.9873065948486328,0.8958683609962463,0.22943955659866333,,,
13,431,0.9805784225463867,0.9253104329109192,0.11600762605667114,,,
13,432,0.9789581298828125,0.8032056093215942,0.3331928253173828,,,
13,433,0.9809697270393372,0.9312448501586914,0.10659116506576538,,,
13,433,,,,0.9502707719802856,0.8212379813194275,0.2724725306034088
14,434,0.9846887588500977,0.9195387363433838,0.1456528902053833,,,
14,435,0.9788322448730469,0.8863136768341064,0.1811220645904541,,,
14,436,0.9824447631835938,0.9309317469596863,0.11157625913619995,,,
14,437,0.9781484603881836,0.8626887202262878,0.21664124727249146,,,
14,438,0.9721593856811523,0.8568142652511597,0.20419198274612427,,,
14,439,0.9744396209716797,0.7968252301216125,0.3086220622062683,,,
14,440,0.9867467880249023,0.9408469796180725,0.10625773668289185,,,
14,441,0.9805030822753906,0.8186591863632202,0.3159109354019165,,,
14,442,0.9809131622314453,0.9095015525817871,0.1413831114768982,,,
14,443,0.9851188659667969,0.9441956877708435,0.09393221139907837,,,
14,444,0.9846706390380859,0.8875220417976379,0.2125294804573059,,,
14,445,0.9872503280639648,0.9504593014717102,0.08810126781463623,,,
14,446,0.9803886413574219,0.8814707398414612,0.19246524572372437,,,
14,447,0.9788980484008789,0.8500708341598511,0.2422674298286438,,,
14,448,0.9766645431518555,0.9031743407249451,0.14126116037368774,,,
14,449,0.9782571792602539,0.8927025198936462,0.16554486751556396,,,
14,450,0.9853534698486328,0.9479457139968872,0.08879518508911133,,,
14,451,0.9822416305541992,0.8899916410446167,0.18836206197738647,,,
14,452,0.9815330505371094,0.7875403165817261,0.37688952684402466,,,
14,453,0.9848775863647461,0.9254090189933777,0.13097268342971802,,,
14,454,0.9845104217529297,0.9519242644309998,0.07968318462371826,,,
14,455,0.9830646514892578,0.8996796607971191,0.1722756028175354,,,
14,456,0.9801778793334961,0.881608784198761,0.19269782304763794,,,
14,457,0.9828052520751953,0.9173098802566528,0.13469916582107544,,,
14,458,0.9853582382202148,0.9149926900863647,0.15481466054916382,,,
14,459,0.9838008880615234,0.9274140000343323,0.1182132363319397,,,
14,460,0.9848899841308594,0.9110327363014221,0.16053998470306396,,,
14,461,0.979243278503418,0.9064506888389587,0.13960886001586914,,,
14,462,0.9839487075805664,0.9338016510009766,0.10597950220108032,,,
14,463,0.9894390106201172,0.9285433292388916,0.15872639417648315,,,
14,464,0.9762039184570312,0.8977349400520325,0.14708322286605835,,,
14,464,,,,0.951572835445404,0.8303998708724976,0.2562854588031769
15,465,0.9884605407714844,0.9423502087593079,0.11111724376678467,,,
15,466,0.9844217300415039,0.9401034116744995,0.09715217351913452,,,
15,467,0.9743623733520508,0.8113328218460083,0.2814752459526062,,,
15,468,0.9796257019042969,0.8855563402175903,0.1779261827468872,,,
15,469,0.9835195541381836,0.9208520650863647,0.12834131717681885,,,
15,470,0.9829235076904297,0.920443594455719,0.12803763151168823,,,
15,471,0.9848423004150391,0.9329197406768799,0.11057490110397339,,,
15,472,0.9814262390136719,0.9384092092514038,0.0928812026977539,,,
15,473,0.9844942092895508,0.9029614925384521,0.17151975631713867,,,
15,474,0.9844074249267578,0.8889470100402832,0.20047247409820557,,,
15,475,0.9873151779174805,0.9320552349090576,0.1265329122543335,,,
15,476,0.9856300354003906,0.9369552731513977,0.10472506284713745,,,
15,477,0.9805822372436523,0.855394721031189,0.23852908611297607,,,
15,478,0.9852828979492188,0.9608432054519653,0.07113039493560791,,,
15,479,0.9865217208862305,0.9364143013954163,0.11077916622161865,,,
15,480,0.985529899597168,0.8992857933044434,0.18601685762405396,,,
15,481,0.9819793701171875,0.8957945108413696,0.167502760887146,,,
15,482,0.9804515838623047,0.8996632099151611,0.15493732690811157,,,
15,483,0.9837093353271484,0.9049849510192871,0.15996217727661133,,,
15,484,0.9827489852905273,0.9060189723968506,0.14967066049575806,,,
15,485,0.9833831787109375,0.9125985503196716,0.1422175168991089,,,
15,486,0.9865169525146484,0.9416568875312805,0.09882920980453491,,,
15,487,0.983790397644043,0.8989008069038391,0.17285948991775513,,,
15,488,0.9838333129882812,0.9065001010894775,0.15899747610092163,,,
15,489,0.9826145172119141,0.8263346552848816,0.3049418330192566,,,
15,490,0.9828557968139648,0.9196414947509766,0.12386512756347656,,,
15,491,0.9735260009765625,0.8775808811187744,0.16650336980819702,,,
15,492,0.9786405563354492,0.8938661813735962,0.15469980239868164,,,
15,493,0.983677864074707,0.921812891960144,0.1240992546081543,,,
15,494,0.9795970916748047,0.8754156231880188,0.19093483686447144,,,
15,495,0.9852955937385559,0.9021592140197754,0.17354464530944824,,,
15,495,,,,0.9520713090896606,0.8290861248970032,0.2567354440689087
16,496,0.9831457138061523,0.8795124292373657,0.20519667863845825,,,
16,497,0.983647346496582,0.9007271528244019,0.1661745309829712,,,
16,498,0.9803915023803711,0.8869889974594116,0.1747267246246338,,,
16,499,0.9841461181640625,0.8885492086410522,0.19245493412017822,,,
16,500,0.9819240570068359,0.9237508773803711,0.11160969734191895,,,
16,501,0.9747495651245117,0.8327690958976746,0.23884683847427368,,,
16,502,0.9848423004150391,0.8892859220504761,0.19248610734939575,,,
16,503,0.984950065612793,0.9094217419624329,0.154216468334198,,,
16,504,0.9847164154052734,0.9238923192024231,0.12224501371383667,,,
16,505,0.9805488586425781,0.927716076374054,0.10356670618057251,,,
16,506,0.9855403900146484,0.9366756677627563,0.1004142165184021,,,
16,507,0.983332633972168,0.9187146425247192,0.12705540657043457,,,
16,508,0.9838285446166992,0.9291740655899048,0.10827803611755371,,,
16,509,0.9796590805053711,0.9037365317344666,0.13769763708114624,,,
16,510,0.985377311706543,0.9305208921432495,0.11208313703536987,,,
16,511,0.9814071655273438,0.8912654519081116,0.16777485609054565,,,
16,512,0.9835910797119141,0.8779283165931702,0.20692682266235352,,,
16,513,0.9831933975219727,0.9159364700317383,0.13094288110733032,,,
16,514,0.983119010925293,0.8847861289978027,0.19090253114700317,,,
16,515,0.9805755615234375,0.9003824591636658,0.14954715967178345,,,
16,516,0.9889163970947266,0.9464645981788635,0.09966832399368286,,,
16,517,0.9863615036010742,0.9268924593925476,0.1250983476638794,,,
16,518,0.9819469451904297,0.8921386003494263,0.16752779483795166,,,
16,519,0.9822835922241211,0.9041662216186523,0.14898711442947388,,,
16,520,0.9841804504394531,0.9314097762107849,0.10524630546569824,,,
16,521,0.981877326965332,0.8535335063934326,0.23864859342575073,,,
16,522,0.981689453125,0.9540212154388428,0.07696866989135742,,,
16,523,0.9834117889404297,0.9072052836418152,0.14697808027267456,,,
16,524,0.9836454391479492,0.8814399242401123,0.1980886459350586,,,
16,525,0.9864873886108398,0.9534589648246765,0.07479137182235718,,,
16,526,0.9823468327522278,0.9211865067481995,0.11656308174133301,,,
16,526,,,,0.9486855268478394,0.8226357698440552,0.25571417808532715
17,527,0.9854650497436523,0.9279855489730835,0.11390984058380127,,,
17,528,0.9835777282714844,0.9431803226470947,0.08482992649078369,,,
17,529,0.9816131591796875,0.8828191757202148,0.18172144889831543,,,
17,530,0.9805688858032227,0.8354718685150146,0.2608272433280945,,,
17,531,0.981898307800293,0.8757454752922058,0.196313738822937,,,
17,532,0.9857301712036133,0.950322687625885,0.0777161717414856,,,
17,533,0.9850149154663086,0.9177988171577454,0.13318389654159546,,,
17,534,0.9849872589111328,0.9162645936012268,0.136094331741333,,,
17,535,0.9898509979248047,0.9312670230865479,0.14311492443084717,,,
17,536,0.9846696853637695,0.9242374300956726,0.1175382137298584,,,
17,537,0.9874906539916992,0.9444378614425659,0.09166949987411499,,,
17,538,0.9845552444458008,0.9272366762161255,0.11170083284378052,,,
17,539,0.9766130447387695,0.8575602173805237,0.20245152711868286,,,
17,540,0.983729362487793,0.9181247353553772,0.12544578313827515,,,
17,541,0.9782209396362305,0.8993552327156067,0.13916057348251343,,,
17,542,0.9897327423095703,0.9612630605697632,0.0675165057182312,,,
17,543,0.985783576965332,0.9278411865234375,0.11596107482910156,,,
17,544,0.9828920364379883,0.9399028420448303,0.08689552545547485,,,
17,545,0.9816341400146484,0.8841484785079956,0.1773998737335205,,,
17,546,0.9846668243408203,0.8981889486312866,0.1671796441078186,,,
17,547,0.9840202331542969,0.9132447242736816,0.13502222299575806,,,
17,548,0.9860124588012695,0.9317318797111511,0.10770756006240845,,,
17,549,0.9890727996826172,0.8950809240341187,0.21810030937194824,,,
17,550,0.9834232330322266,0.9040770530700684,0.15498852729797363,,,
17,551,0.9841384887695312,0.952278733253479,0.07094258069992065,,,
17,552,0.9835357666015625,0.8633626103401184,0.22673481702804565,,,
17,553,0.9811182022094727,0.8816649317741394,0.18001776933670044,,,
17,554,0.9822053909301758,0.91878741979599,0.1179955005645752,,,
17,555,0.982762336730957,0.9313849210739136,0.09640192985534668,,,
17,556,0.965087890625,0.7627648115158081,0.29740792512893677,,,
17,557,0.9827563166618347,0.8926847577095032,0.16240578889846802,,,
17,557,,,,0.9531330466270447,0.8338212966918945,0.2471594214439392
18,558,0.981903076171875,0.8733793497085571,0.1946128010749817,,,
18,559,0.9717798233032227,0.9060355424880981,0.11730808019638062,,,
18,560,0.9819936752319336,0.7995988130569458,0.3294694423675537,,,
18,561,0.983738899230957,0.8378581404685974,0.2718625068664551,,,
18,562,0.983647346496582,0.9145912528038025,0.12747758626937866,,,
18,563,0.9849519729614258,0.925511360168457,0.11410415172576904,,,
18,564,0.9859628677368164,0.9262527227401733,0.11578750610351562,,,
18,565,0.9895048141479492,0.9578601121902466,0.07098180055618286,,,
18,566,0.9750862121582031,0.7919865250587463,0.28612715005874634,,,
18,567,0.9858283996582031,0.9480595588684082,0.07748967409133911,,,
18,568,0.9795417785644531,0.8820158243179321,0.16560214757919312,,,
18,569,0.9868268966674805,0.9338400959968567,0.10546344518661499,,,
18,570,0.981414794921875,0.9238898754119873,0.10738915205001831,,,
18,571,0.9788417816162109,0.894192636013031,0.14492321014404297,,,
18,572,0.9776687622070312,0.8572899699211121,0.20576882362365723,,,
18,573,0.9879598617553711,0.8995680212974548,0.18638861179351807,,,
18,574,0.9744997024536133,0.767316997051239,0.32206618785858154,,,
18,575,0.9809103012084961,0.8742334842681885,0.18590229749679565,,,
18,576,0.9841938018798828,0.9034723043441772,0.14848357439041138,,,
18,577,0.9853391647338867,0.9544646739959717,0.06881135702133179,,,
18,578,0.9809389114379883,0.9300987720489502,0.09333944320678711,,,
18,579,0.9864625930786133,0.9378975629806519,0.09649330377578735,,,
18,580,0.9850921630859375,0.8724574446678162,0.21299415826797485,,,
18,581,0.987518310546875,0.9410397410392761,0.09363800287246704,,,
18,582,0.9837856292724609,0.9404065608978271,0.08478295803070068,,,
18,583,0.9802265167236328,0.9316068291664124,0.09277242422103882,,,
18,584,0.9831151962280273,0.9218501448631287,0.11182969808578491,,,
18,585,0.9850997924804688,0.9169726967811584,0.12807613611221313,,,
18,586,0.9859247207641602,0.9396756887435913,0.08866351842880249,,,
18,587,0.9828243255615234,0.8769893050193787,0.1902821660041809,,,
18,588,0.9840876460075378,0.9126026034355164,0.13188248872756958,,,
18,588,,,,0.9517245888710022,0.8317281007766724,0.2436375617980957
19,589,0.9886178970336914,0.9355996251106262,0.10994553565979004,,,
19,590,0.9844894409179688,0.9361785650253296,0.09326112270355225,,,
19,591,0.9771385192871094,0.9046857953071594,0.1258941888809204,,,
19,592,0.9854230880737305,0.9374971985816956,0.09232836961746216,,,
19,593,0.9843273162841797,0.9057402610778809,0.14458554983139038,,,
19,594,0.9822292327880859,0.895396888256073,0.15303927659988403,,,
19,595,0.9855680465698242,0.9038912057876587,0.15493768453598022,,,
19,596,0.9840574264526367,0.8978996276855469,0.15592175722122192,,,
19,597,0.9850502014160156,0.9192225337028503,0.1228492259979248,,,
19,598,0.9838590621948242,0.9421165585517883,0.0819806456565857,,,
19,599,0.9754400253295898,0.7692631483078003,0.3172197937965393,,,
19,600,0.9855937957763672,0.9442667365074158,0.08112221956253052,,,
19,601,0.9753322601318359,0.7664532661437988,0.3195350766181946,,,
19,602,0.9871149063110352,0.9463976621627808,0.07928526401519775,,,
19,603,0.9854860305786133,0.9316724538803101,0.10110312700271606,,,
19,604,0.9798393249511719,0.8284550309181213,0.25089675188064575,,,
19,605,0.9818181991577148,0.9185193777084351,0.11185449361801147,,,
19,606,0.9875869750976562,0.932780385017395,0.10688495635986328,,,
19,607,0.9844875335693359,0.9276539087295532,0.10359519720077515,,,
19,608,0.9822359085083008,0.9084641337394714,0.12700766324996948,,,
19,609,0.9802350997924805,0.8978107571601868,0.13826674222946167,,,
19,610,0.9849023818969727,0.9273117184638977,0.10646533966064453,,,
19,611,0.9826011657714844,0.9245326519012451,0.10380774736404419,,,
19,612,0.9814348220825195,0.8987791538238525,0.14271646738052368,,,
19,613,0.9802589416503906,0.8698563575744629,0.187122642993927,,,
19,614,0.9862537384033203,0.8910481929779053,0.1830790638923645,,,
19,615,0.9815044403076172,0.9054071307182312,0.12965238094329834,,,
19,616,0.9769382476806641,0.8603237867355347,0.18621593713760376,,,
19,617,0.9858865737915039,0.9427059292793274,0.08125925064086914,,,
19,618,0.9769983291625977,0.8787922859191895,0.15858709812164307,,,
19,619,0.9826762080192566,0.9492357969284058,0.07450485229492188,,,
19,619,,,,0.9515253901481628,0.8326920866966248,0.24008676409721375
20,620,0.987278938293457,0.9597593545913696,0.062146663665771484,,,
20,621,0.9872283935546875,0.9474153518676758,0.07649415731430054,,,
20,622,0.9839820861816406,0.9270728230476379,0.10138088464736938,,,
20,623,0.9871253967285156,0.9527405500411987,0.06907743215560913,,,
20,624,0.9855194091796875,0.9390743970870972,0.08701908588409424,,,
20,625,0.983607292175293,0.9287915825843811,0.09862661361694336,,,
20,626,0.9801578521728516,0.8604083061218262,0.19644266366958618,,,
20,627,0.982060432434082,0.8903155326843262,0.15752637386322021,,,
20,628,0.9819145202636719,0.9001405835151672,0.13892728090286255,,,
20,629,0.9835433959960938,0.9391608238220215,0.08092230558395386,,,
20,630,0.9823732376098633,0.9151716232299805,0.11509805917739868,,,
20,631,0.9819908142089844,0.9004334211349487,0.1376277208328247,,,
20,632,0.9887056350708008,0.909554660320282,0.15998172760009766,,,
20,633,0.9810791015625,0.9101473689079285,0.12146693468093872,,,
20,634,0.9666509628295898,0.69899982213974,0.3711879253387451,,,
20,635,0.9831008911132812,0.9429465532302856,0.07646411657333374,,,
20,636,0.9809503555297852,0.8564942479133606,0.20422661304473877,,,
20,637,0.9853849411010742,0.9352115392684937,0.09165990352630615,,,
20,638,0.9861345291137695,0.907945454120636,0.14412587881088257,,,
20,639,0.9850730895996094,0.896443784236908,0.16015881299972534,,,
20,640,0.9825439453125,0.9156248569488525,0.11331671476364136,,,
20,641,0.9795045852661133,0.8728011846542358,0.17338639497756958,,,
20,642,0.9832963943481445,0.8846406936645508,0.16706526279449463,,,
20,643,0.9875221252441406,0.9328495264053345,0.10530495643615723,,,
20,644,0.9819526672363281,0.935542106628418,0.08705049753189087,,,
20,645,0.9861555099487305,0.8647303581237793,0.22944539785385132,,,
20,646,0.9790220260620117,0.8677572011947632,0.1783604621887207,,,
20,647,0.9820165634155273,0.8904802799224854,0.15730708837509155,,,
20,648,0.9852209091186523,0.9136084914207458,0.12805205583572388,,,
20,649,0.9824161529541016,0.9185683727264404,0.11355608701705933,,,
20,650,0.9849866032600403,0.9255092740058899,0.10574239492416382,,,
20,650,,,,0.9532996416091919,0.8346767425537109,0.23893380165100098
21,651,0.9837989807128906,0.8939409852027893,0.15510010719299316,,,
21,652,0.9871120452880859,0.9032114744186401,0.15815287828445435,,,
21,653,0.9861917495727539,0.9302391409873962,0.10339027643203735,,,
21,654,0.9892740249633789,0.9615253210067749,0.06044471263885498,,,
21,655,0.9854612350463867,0.9122281670570374,0.13026148080825806,,,
21,656,0.9893465042114258,0.9578905701637268,0.06435245275497437,,,
21,657,0.9833126068115234,0.8854092955589294,0.16729575395584106,,,
21,658,0.9876184463500977,0.9480395317077637,0.07602864503860474,,,
21,659,0.9839200973510742,0.942322850227356,0.07736808061599731,,,
21,660,0.9865884780883789,0.9427677392959595,0.08112174272537231,,,
21,661,0.9839696884155273,0.9048096537590027,0.13647973537445068,,,
21,662,0.9806423187255859,0.8530387282371521,0.2064051628112793,,,
21,663,0.9876995086669922,0.9392603635787964,0.09213119745254517,,,
21,664,0.9828672409057617,0.9349864721298218,0.08751636743545532,,,
21,665,0.9855966567993164,0.9123193025588989,0.12987571954727173,,,
21,666,0.9822263717651367,0.9072827696800232,0.12540030479431152,,,
21,667,0.9853897094726562,0.9435355067253113,0.07697528600692749,,,
21,668,0.9840431213378906,0.8601038455963135,0.2123394012451172,,,
21,669,0.9814634323120117,0.9384595155715942,0.08081740140914917,,,
21,670,0.9818515777587891,0.8955233693122864,0.14347469806671143,,,
21,671,0.9838409423828125,0.9232288599014282,0.10633885860443115,,,
21,672,0.9873466491699219,0.9082320332527161,0.1505727767944336,,,
21,673,0.9863204956054688,0.9380757808685303,0.08848559856414795,,,
21,674,0.974452018737793,0.8300977349281311,0.21867245435714722,,,
21,675,0.9848508834838867,0.902524471282959,0.14453405141830444,,,
21,676,0.9826364517211914,0.8401253819465637,0.23732495307922363,,,
21,677,0.9846649169921875,0.9048070311546326,0.13780611753463745,,,
21,678,0.9871978759765625,0.9418007731437683,0.08282685279846191,,,
21,679,0.9876432418823242,0.9522227644920349,0.06799429655075073,,,
21,680,0.9848728179931641,0.9199305176734924,0.11286085844039917,,,
21,681,0.9809748530387878,0.8660567402839661,0.18561291694641113,,,
21,681,,,,0.9530050754547119,0.8347920775413513,0.23901528120040894
22,682,0.9831838607788086,0.9224080443382263,0.10403174161911011,,,
22,683,0.9882783889770508,0.9166039228439331,0.13496941328048706,,,
22,684,0.9824275970458984,0.9273288249969482,0.09528863430023193,,,
22,685,0.9825210571289062,0.9318917393684387,0.0880778431892395,,,
22,686,0.9839658737182617,0.8843449950218201,0.16876399517059326,,,
22,687,0.9893312454223633,0.9628395438194275,0.05574887990951538,,,
22,688,0.9846735000610352,0.9438475370407104,0.07664602994918823,,,
22,689,0.9844188690185547,0.9166900515556335,0.11752629280090332,,,
22,690,0.9830713272094727,0.9255626797676086,0.0989377498626709,,,
22,691,0.9834384918212891,0.884566068649292,0.16468971967697144,,,
22,692,0.9877147674560547,0.9406099319458008,0.08687466382980347,,,
22,693,0.9858875274658203,0.9526869654655457,0.06571906805038452,,,
22,694,0.987177848815918,0.921197772026062,0.12030339241027832,,,
22,695,0.9874095916748047,0.8821975588798523,0.1905759572982788,,,
22,696,0.9825782775878906,0.8367339372634888,0.23989522457122803,,,
22,697,0.9790372848510742,0.9040512442588806,0.12306421995162964,,,
22,698,0.9760093688964844,0.799603283405304,0.2728099822998047,,,
22,699,0.9839277267456055,0.905044436454773,0.13005143404006958,,,
22,700,0.9877004623413086,0.9177806973457336,0.1260284185409546,,,
22,701,0.9817924499511719,0.8644275069236755,0.18823987245559692,,,
22,702,0.986668586730957,0.9338300228118896,0.09521371126174927,,,
22,703,0.9883193969726562,0.9586325287818909,0.05945998430252075,,,
22,704,0.9818954467773438,0.8983388543128967,0.13383889198303223,,,
22,705,0.9869585037231445,0.9427960515022278,0.07816725969314575,,,
22,706,0.9804744720458984,0.9157392978668213,0.10670983791351318,,,
22,707,0.9836540222167969,0.9335859417915344,0.08762919902801514,,,
22,708,0.9819459915161133,0.8908284306526184,0.14542758464813232,,,
22,709,0.9857072830200195,0.9154766798019409,0.12158834934234619,,,
22,710,0.9825954437255859,0.9070556163787842,0.12453144788742065,,,
22,711,0.9746932983398438,0.892483651638031,0.12748634815216064,,,
22,712,0.9849166870117188,0.8632228374481201,0.20645934343338013,,,
22,712,,,,0.9459974765777588,0.8053133487701416,0.26459476351737976
23,713,0.9872779846191406,0.8736048340797424,0.20513051748275757,,,
23,714,0.9799900054931641,0.9334983825683594,0.08279669284820557,,,
23,715,0.9894695281982422,0.9532815217971802,0.06788283586502075,,,
23,716,0.9873199462890625,0.9170446395874023,0.12437403202056885,,,
23,717,0.9803180694580078,0.9222729802131653,0.09702563285827637,,,
23,718,0.9776391983032227,0.7291962504386902,0.3595178723335266,,,
23,719,0.985443115234375,0.9110168218612671,0.125247061252594,,,
23,720,0.9829883575439453,0.9320703148841858,0.0878058671951294,,,
23,721,0.9832429885864258,0.93597811460495,0.08335387706756592,,,
23,722,0.9835348129272461,0.8920606970787048,0.15125948190689087,,,
23,723,0.9829635620117188,0.9205281734466553,0.10293662548065186,,,
23,724,0.9840850830078125,0.9112930297851562,0.1216205358505249,,,
23,725,0.9810619354248047,0.8185688853263855,0.25508713722229004,,,
23,726,0.985356330871582,0.9454699754714966,0.07210010290145874,,,
23,727,0.9861936569213867,0.9457983374595642,0.07315611839294434,,,
23,728,0.986607551574707,0.9290018677711487,0.10196930170059204,,,
23,729,0.9774103164672852,0.9035486578941345,0.11863690614700317,,,
23,730,0.9844627380371094,0.9258908629417419,0.09864294528961182,,,
23,731,0.9836578369140625,0.9523559212684631,0.06691855192184448,,,
23,732,0.9865751266479492,0.9484766721725464,0.06965136528015137,,,
23,733,0.9761457443237305,0.8114730715751648,0.23882615566253662,,,
23,734,0.9849414825439453,0.8928096294403076,0.15341967344284058,,,
23,735,0.9871330261230469,0.9124390482902527,0.13265341520309448,,,
23,736,0.9845819473266602,0.8873575925827026,0.16218692064285278,,,
23,737,0.9822416305541992,0.929108202457428,0.0883864164352417,,,
23,738,0.9798049926757812,0.7881446480751038,0.3003699779510498,,,
23,739,0.9878253936767578,0.9247997403144836,0.11202973127365112,,,
23,740,0.9881267547607422,0.9441400766372681,0.0787690281867981,,,
23,741,0.9855680465698242,0.9120670557022095,0.12475180625915527,,,
23,742,0.9868927001953125,0.9421694874763489,0.07963186502456665,,,
23,743,0.9855816960334778,0.9017545580863953,0.14198815822601318,,,
23,743,,,,0.9477492570877075,0.824124276638031,0.2421046644449234
24,744,0.9882268905639648,0.9533224701881409,0.06536734104156494,,,
24,745,0.9836339950561523,0.8996697068214417,0.13582074642181396,,,
24,746,0.9849443435668945,0.8852213621139526,0.16524875164031982,,,
24,747,0.9852762222290039,0.9050935506820679,0.13501113653182983,,,
24,748,0.9878931045532227,0.8709752559661865,0.21327334642410278,,,
24,749,0.9866018295288086,0.9486755132675171,0.06776297092437744,,,
24,750,0.9830474853515625,0.9347557425498962,0.08189713954925537,,,
24,751,0.9762067794799805,0.8694214224815369,0.16467684507369995,,,
24,752,0.9866714477539062,0.8976492285728455,0.15171462297439575,,,
24,753,0.9836215972900391,0.8905801177024841,0.1527438759803772,,,
24,754,0.9780349731445312,0.8008852601051331,0.2668360471725464,,,
24,755,0.9868392944335938,0.9362103343009949,0.08763527870178223,,,
24,756,0.9843778610229492,0.9340571165084839,0.08633995056152344,,,
24,757,0.9843864440917969,0.8925848603248596,0.14911550283432007,,,
24,758,0.984807014465332,0.9375815391540527,0.08078324794769287,,,
24,759,0.9860858917236328,0.8832846879959106,0.17515116930007935,,,
24,760,0.9826030731201172,0.9191708564758301,0.10584670305252075,,,
24,761,0.9843873977661133,0.9321209788322449,0.08857768774032593,,,
24,762,0.9877958297729492,0.9584454894065857,0.05769157409667969,,,
24,763,0.9871225357055664,0.9278809428215027,0.10300159454345703,,,
24,764,0.9866876602172852,0.9601128101348877,0.05722683668136597,,,
24,765,0.9856462478637695,0.8846074342727661,0.16709131002426147,,,
24,766,0.9841604232788086,0.8901506662368774,0.15391701459884644,,,
24,767,0.9836320877075195,0.8755627870559692,0.17135494947433472,,,
24,768,0.9840555191040039,0.9321386814117432,0.08659857511520386,,,
24,769,0.986414909362793,0.924521803855896,0.10266321897506714,,,
24,770,0.9837608337402344,0.8396066427230835,0.2312469482421875,,,
24,771,0.9850549697875977,0.9319063425064087,0.08982640504837036,,,
24,772,0.9862079620361328,0.9332795143127441,0.09119880199432373,,,
24,773,0.9854450225830078,0.9545539617538452,0.06181800365447998,,,
24,774,0.9887847900390625,0.9595702290534973,0.05746889114379883,,,
24,774,,,,0.9531275629997253,0.8370903730392456,0.23176084458827972
25,775,0.9741134643554688,0.8106241226196289,0.23915666341781616,,,
25,776,0.987330436706543,0.944094717502594,0.07518625259399414,,,
25,777,0.9896888732910156,0.9707159996032715,0.04765307903289795,,,
25,778,0.9831686019897461,0.8606749773025513,0.1920725703239441,,,
25,779,0.9878377914428711,0.9344736337661743,0.09118813276290894,,,
25,780,0.983271598815918,0.9445220828056335,0.07073760032653809,,,
25,781,0.9879217147827148,0.9501240253448486,0.0677335262298584,,,
25,782,0.9906187057495117,0.9577608108520508,0.06193596124649048,,,
25,783,0.985590934753418,0.942295253276825,0.0748324990272522,,,
25,784,0.9856090545654297,0.935634970664978,0.08489561080932617,,,
25,785,0.9853610992431641,0.9107511639595032,0.12373232841491699,,,
25,786,0.987055778503418,0.9479818344116211,0.06872272491455078,,,
25,787,0.9861793518066406,0.9210469126701355,0.10882538557052612,,,
25,788,0.9853134155273438,0.905168890953064,0.13015329837799072,,,
25,789,0.9840335845947266,0.8716724514961243,0.18005412817001343,,,
25,790,0.9843931198120117,0.853448212146759,0.21094006299972534,,,
25,791,0.9853887557983398,0.9457031488418579,0.07070392370223999,,,
25,792,0.9811601638793945,0.842883825302124,0.21178334951400757,,,
25,793,0.9817638397216797,0.870975136756897,0.16955238580703735,,,
25,794,0.982417106628418,0.8791047930717468,0.1588382124900818,,,
25,795,0.9869928359985352,0.9242340922355652,0.10508841276168823,,,
25,796,0.9907922744750977,0.9192665219306946,0.13611376285552979,,,
25,797,0.9842233657836914,0.9241060018539429,0.09844529628753662,,,
25,798,0.9894838333129883,0.9357588291168213,0.09636282920837402,,,
25,799,0.9811439514160156,0.9408034682273865,0.07713299989700317,,,
25,800,0.9855241775512695,0.9116153717041016,0.12072950601577759,,,
25,801,0.9823951721191406,0.900365948677063,0.12878495454788208,,,
25,802,0.9838943481445312,0.8840587735176086,0.15862584114074707,,,
25,803,0.9883613586425781,0.9253290295600891,0.10809165239334106,,,
25,804,0.9860305786132812,0.9451761245727539,0.07159566879272461,,,
25,805,0.986731231212616,0.9397277235984802,0.08009517192840576,,,
25,805,,,,0.9510205388069153,0.8239868879318237,0.2468840777873993
26,806,0.9857378005981445,0.9128912687301636,0.11946117877960205,,,
26,807,0.9892282485961914,0.9200834631919861,0.12148302793502808,,,
26,808,0.9871597290039062,0.9474066495895386,0.06893730163574219,,,
26,809,0.9813146591186523,0.8792210817337036,0.15573781728744507,,,
26,810,0.9839420318603516,0.932174563407898,0.08682852983474731,,,
26,811,0.9863948822021484,0.9189528226852417,0.11044341325759888,,,
26,812,0.9847269058227539,0.9125312566757202,0.11595183610916138,,,
26,813,0.9875679016113281,0.9315627217292786,0.09553015232086182,,,
26,814,0.9855928421020508,0.9342098236083984,0.08605074882507324,,,
26,815,0.9805068969726562,0.8238462805747986,0.23537743091583252,,,
26,816,0.985081672668457,0.8851991295814514,0.15980952978134155,,,
26,817,0.9853992462158203,0.9221910238265991,0.10235363245010376,,,
26,818,0.9913549423217773,0.9669973850250244,0.04799085855484009,,,
26,819,0.9811592102050781,0.7867881059646606,0.2850397229194641,,,
26,820,0.9806842803955078,0.9129993915557861,0.10609090328216553,,,
26,821,0.9879341125488281,0.9260208010673523,0.10506337881088257,,,
26,822,0.9874706268310547,0.915317952632904,0.12036311626434326,,,
26,823,0.9857816696166992,0.9530408978462219,0.06142580509185791,,,
26,824,0.984562873840332,0.9336571097373962,0.08513545989990234,,,
26,825,0.9873523712158203,0.9596256613731384,0.05535745620727539,,,
26,826,0.9892425537109375,0.9331986904144287,0.09828794002532959,,,
26,827,0.9873600006103516,0.917688250541687,0.11847752332687378,,,
26,828,0.9897279739379883,0.9429112076759338,0.08379191160202026,,,
26,829,0.9912395477294922,0.9635600447654724,0.053398072719573975,,,
26,830,0.9828681945800781,0.9276491403579712,0.08969259262084961,,,
26,831,0.9908246994018555,0.9290842413902283,0.11640000343322754,,,
26,832,0.9870395660400391,0.9251247644424438,0.10171407461166382,,,
26,833,0.9889898300170898,0.9548217058181763,0.06110036373138428,,,
26,834,0.9837551116943359,0.8967016339302063,0.13593316078186035,,,
26,835,0.9843854904174805,0.9478272795677185,0.06709539890289307,,,
26,836,0.9818394780158997,0.9056321978569031,0.12082076072692871,,,
26,836,,,,0.9534183144569397,0.8366675972938538,0.2307673841714859
27,837,0.9810075759887695,0.9254317879676819,0.09071272611618042,,,
27,838,0.9873790740966797,0.9564329981803894,0.057682156562805176,,,
27,839,0.9867382049560547,0.9305623769760132,0.0937609076499939,,,
27,840,0.991703987121582,0.9636910557746887,0.05306243896484375,,,
27,841,0.9860763549804688,0.9389927983283997,0.07983416318893433,,,
27,842,0.9865083694458008,0.9175481796264648,0.11342555284500122,,,
27,843,0.9883031845092773,0.9204857349395752,0.11739152669906616,,,
27,844,0.9895458221435547,0.9323107600212097,0.10157269239425659,,,
27,845,0.9871454238891602,0.9060205817222595,0.1341535449028015,,,
27,846,0.9843549728393555,0.9206333756446838,0.10080671310424805,,,
27,847,0.9854984283447266,0.9054482579231262,0.12760388851165771,,,
27,848,0.9850378036499023,0.935424268245697,0.08258795738220215,,,
27,849,0.9897794723510742,0.9423581957817078,0.08287018537521362,,,
27,850,0.988245964050293,0.9481679201126099,0.0685567855834961,,,
27,851,0.9896879196166992,0.9546974301338196,0.06184983253479004,,,
27,852,0.9870357513427734,0.9043652415275574,0.13474339246749878,,,
27,853,0.9860849380493164,0.9111080169677734,0.12127810716629028,,,
27,854,0.9862499237060547,0.9278609156608582,0.09593886137008667,,,
27,855,0.9858112335205078,0.9144076704978943,0.11394327878952026,,,
27,856,0.9831094741821289,0.948714017868042,0.06498062610626221,,,
27,857,0.9867782592773438,0.9259124398231506,0.09930700063705444,,,
27,858,0.9892969131469727,0.9498350620269775,0.06885284185409546,,,
27,859,0.9884214401245117,0.9259234666824341,0.1057964563369751,,,
27,860,0.9898538589477539,0.9381186962127686,0.08948463201522827,,,
27,861,0.9824314117431641,0.8542067408561707,0.19342321157455444,,,
27,862,0.9861984252929688,0.9119569063186646,0.11795204877853394,,,
27,863,0.9859418869018555,0.9205636978149414,0.10610640048980713,,,
27,864,0.9830780029296875,0.9077500700950623,0.11861264705657959,,,
27,865,0.9864788055419922,0.8958204984664917,0.14476263523101807,,,
27,866,0.9863195419311523,0.9547130465507507,0.05883622169494629,,,
27,867,0.9849192500114441,0.9267987012863159,0.09202724695205688,,,
27,867,,,,0.9534933567047119,0.8369776606559753,0.22921469807624817
28,868,0.9894943237304688,0.9343022704124451,0.09525114297866821,,,
28,869,0.9812021255493164,0.7916186451911926,0.2793932557106018,,,
28,870,0.985447883605957,0.9235003590583801,0.0994982123374939,,,
28,871,0.9856748580932617,0.9290109276771545,0.08966231346130371,,,
28,872,0.987635612487793,0.8794301152229309,0.17871171236038208,,,
28,873,0.9846525192260742,0.9535514116287231,0.060685575008392334,,,
28,874,0.985011100769043,0.914158821105957,0.1125829815864563,,,
28,875,0.987879753112793,0.9639451503753662,0.051657259464263916,,,
28,876,0.9861125946044922,0.9571067690849304,0.05684155225753784,,,
28,877,0.9801874160766602,0.8686988353729248,0.16072851419448853,,,
28,878,0.9817705154418945,0.9127742648124695,0.1047636866569519,,,
28,879,0.9901037216186523,0.9598776698112488,0.05498802661895752,,,
28,880,0.9894180297851562,0.8879305124282837,0.1753900647163391,,,
28,881,0.9862289428710938,0.8956179618835449,0.1440138816833496,,,
28,882,0.9822368621826172,0.9267584085464478,0.08696556091308594,,,
28,883,0.9828176498413086,0.9059258103370667,0.11639493703842163,,,
28,884,0.98553466796875,0.9317556023597717,0.08516883850097656,,,
28,885,0.9885854721069336,0.9009246230125427,0.14625650644302368,,,
28,886,0.984736442565918,0.8821437358856201,0.15682083368301392,,,
28,887,0.9820423126220703,0.8928408622741699,0.13392329216003418,,,
28,888,0.9890251159667969,0.959827721118927,0.0528409481048584,,,
28,889,0.9861640930175781,0.9547508955001831,0.058368980884552,,,
28,890,0.9866771697998047,0.8784562349319458,0.17353719472885132,,,
28,891,0.9840822219848633,0.8811283707618713,0.15483951568603516,,,
28,892,0.9856739044189453,0.9442293047904968,0.06977695226669312,,,
28,893,0.9908390045166016,0.8612892031669617,0.24338608980178833,,,
28,894,0.9862937927246094,0.9308556318283081,0.08935195207595825,,,
28,895,0.9894294738769531,0.9669861793518066,0.04517251253128052,,,
28,896,0.9841489791870117,0.8658709526062012,0.17955058813095093,,,
28,897,0.9784574508666992,0.9165225625038147,0.09787869453430176,,,
28,898,0.9882037043571472,0.9327007532119751,0.09140646457672119,,,
28,898,,,,0.9539854526519775,0.836931049823761,0.2299322783946991
29,899,0.9889926910400391,0.9138412475585938,0.12638098001480103,,,
29,900,0.9885759353637695,0.9323197603225708,0.09327149391174316,,,
29,901,0.9817790985107422,0.9394396543502808,0.07464253902435303,,,
29,902,0.9869747161865234,0.9638368487358093,0.05081295967102051,,,
29,903,0.9853181838989258,0.8924584984779358,0.1445143222808838,,,
29,904,0.9842090606689453,0.8670819401741028,0.17836999893188477,,,
29,905,0.9868679046630859,0.897828221321106,0.14246875047683716,,,
29,906,0.98577880859375,0.9554821848869324,0.05770552158355713,,,
29,907,0.9876089096069336,0.9614779949188232,0.05136716365814209,,,
29,908,0.9850969314575195,0.8368533849716187,0.22674775123596191,,,
29,909,0.986851692199707,0.8776294589042664,0.17154675722122192,,,
29,910,0.988499641418457,0.9527575969696045,0.06175178289413452,,,
29,911,0.9867105484008789,0.9327983856201172,0.08790451288223267,,,
29,912,0.9855632781982422,0.9284552931785583,0.09038448333740234,,,
29,913,0.9813985824584961,0.7867093682289124,0.27457529306411743,,,
29,914,0.9867362976074219,0.9170330166816711,0.11111325025558472,,,
29,915,0.9841299057006836,0.8693327307701111,0.17308902740478516,,,
29,916,0.9877414703369141,0.9488863945007324,0.06513029336929321,,,
29,917,0.9846467971801758,0.864437460899353,0.18056881427764893,,,
29,918,0.9862432479858398,0.940000593662262,0.0748910903930664,,,
29,919,0.9865283966064453,0.9098198413848877,0.12041383981704712,,,
29,920,0.9898767471313477,0.9639453291893005,0.04920893907546997,,,
29,921,0.9861726760864258,0.9370328783988953,0.07838696241378784,,,
29,922,0.9870243072509766,0.8983951807022095,0.13860708475112915,,,
29,923,0.9805746078491211,0.8169243335723877,0.23461419343948364,,,
29,924,0.9865207672119141,0.9533471465110779,0.059077680110931396,,,
29,925,0.9860420227050781,0.9052937626838684,0.12421321868896484,,,
29,926,0.9894161224365234,0.9607052803039551,0.05168718099594116,,,
29,927,0.9902420043945312,0.9485213756561279,0.07061368227005005,,,
29,928,0.9883289337158203,0.9507848024368286,0.06360095739364624,,,
29,929,0.9896036982536316,0.9507054090499878,0.06643903255462646,,,
29,929,,,,0.9515864253044128,0.8267938494682312,0.23947399854660034
30,930,0.9848518371582031,0.8961212038993835,0.1346929669380188,,,
30,931,0.9894161224365234,0.9380103945732117,0.08577632904052734,,,
30,932,0.9906787872314453,0.956277072429657,0.05885469913482666,,,
30,933,0.9844770431518555,0.9309700131416321,0.08424490690231323,,,
30,934,0.9821071624755859,0.9226293563842773,0.09044218063354492,,,
30,935,0.9833660125732422,0.9450218081474304,0.06890863180160522,,,
30,936,0.9866123199462891,0.9429024457931519,0.07171255350112915,,,
30,937,0.9860744476318359,0.922309935092926,0.10012757778167725,,,
30,938,0.9876279830932617,0.9605591297149658,0.05123031139373779,,,
30,939,0.9877843856811523,0.9046310782432556,0.13200676441192627,,,
30,940,0.9879617691040039,0.9421727061271667,0.07479721307754517,,,
30,941,0.9866981506347656,0.9369687438011169,0.07947671413421631,,,
30,942,0.9906606674194336,0.9468600749969482,0.07382136583328247,,,
30,943,0.9862689971923828,0.9159260392189026,0.11041498184204102,,,
30,944,0.9836435317993164,0.9389854669570923,0.07398748397827148,,,
30,945,0.9857444763183594,0.9201359152793884,0.10040843486785889,,,
30,946,0.988184928894043,0.9093390703201294,0.12544769048690796,,,
30,947,0.9840154647827148,0.7904534339904785,0.2791387438774109,,,
30,948,0.9865217208862305,0.9116764664649963,0.11588716506958008,,,
30,949,0.983799934387207,0.8700534701347351,0.16663730144500732,,,
30,950,0.982548713684082,0.8471555113792419,0.19437694549560547,,,
30,951,0.9886589050292969,0.9482085108757019,0.06636440753936768,,,
30,952,0.988530158996582,0.9461445212364197,0.07076412439346313,,,
30,953,0.983220100402832,0.899352490901947,0.1250457763671875,,,
30,954,0.9867382049560547,0.9415311217308044,0.07362627983093262,,,
30,955,0.9837894439697266,0.9016507267951965,0.12338370084762573,,,
30,956,0.9898195266723633,0.9621251225471497,0.05046743154525757,,,
30,957,0.9885578155517578,0.9079484343528748,0.12878865003585815,,,
30,958,0.985844612121582,0.9271630644798279,0.09060794115066528,,,
30,959,0.9884490966796875,0.9570318460464478,0.05507838726043701,,,
30,960,0.9869918823242188,0.9333316087722778,0.08403867483139038,,,
30,960,,,,0.951928436756134,0.8330489993095398,0.22743071615695953
31,961,0.9892807006835938,0.9364939332008362,0.08715450763702393,,,
31,962,0.9897499084472656,0.9432855844497681,0.07566916942596436,,,
31,963,0.9852113723754883,0.9433486461639404,0.06965827941894531,,,
31,964,0.9870424270629883,0.9434746503829956,0.07100915908813477,,,
31,965,0.9861974716186523,0.9399194121360779,0.07439196109771729,,,
31,966,0.9893341064453125,0.9124540090560913,0.12385576963424683,,,
31,967,0.9879608154296875,0.9416376948356628,0.07383030652999878,,,
31,968,0.9855718612670898,0.9156063199043274,0.10581594705581665,,,
31,969,0.9838809967041016,0.8989120721817017,0.1292724609375,,,
31,970,0.9902868270874023,0.9386962652206421,0.08620411157608032,,,
31,971,0.9850454330444336,0.9509695768356323,0.060887694358825684,,,
31,972,0.9836053848266602,0.8578481078147888,0.18217140436172485,,,
31,973,0.9874382019042969,0.937766969203949,0.07852393388748169,,,
31,974,0.9842748641967773,0.9477291107177734,0.06451630592346191,,,
31,975,0.9862337112426758,0.8582204580307007,0.1940608024597168,,,
31,976,0.9874858856201172,0.9477909803390503,0.0661386251449585,,,
31,977,0.9875078201293945,0.9403579831123352,0.07622498273849487,,,
31,978,0.988713264465332,0.9394269585609436,0.07961195707321167,,,
31,979,0.9846830368041992,0.928071141242981,0.08897650241851807,,,
31,980,0.9862728118896484,0.914232075214386,0.11137217283248901,,,
31,981,0.9885988235473633,0.8814446926116943,0.17271846532821655,,,
31,982,0.9922285079956055,0.9405737519264221,0.09410160779953003,,,
31,983,0.9874439239501953,0.9463606476783752,0.06657153367996216,,,
31,984,0.9877796173095703,0.9454307556152344,0.06797009706497192,,,
31,985,0.985346794128418,0.9353458285331726,0.07795840501785278,,,
31,986,0.9885149002075195,0.9258079528808594,0.09830611944198608,,,
31,987,0.9857854843139648,0.8552448749542236,0.19185316562652588,,,
31,988,0.9874200820922852,0.9370126724243164,0.0806511640548706,,,
31,989,0.9891986846923828,0.9606990218162537,0.05181396007537842,,,
31,990,0.9811029434204102,0.9245929718017578,0.0876876711845398,,,
31,991,0.9850590825080872,0.9191306233406067,0.0997159481048584,,,
31,991,,,,0.9539057612419128,0.8391227126121521,0.22439442574977875
32,992,0.9862031936645508,0.8783161044120789,0.16193294525146484,,,
32,993,0.9885072708129883,0.9417057037353516,0.07564157247543335,,,
32,994,0.9886093139648438,0.925695538520813,0.09970712661743164,,,
32,995,0.9846410751342773,0.8959020376205444,0.13451266288757324,,,
32,996,0.9877214431762695,0.933605968952179,0.08414655923843384,,,
32,997,0.9910917282104492,0.9722045063972473,0.03922855854034424,,,
32,998,0.9874362945556641,0.9305179715156555,0.09059613943099976,,,
32,999,0.9902410507202148,0.967552900314331,0.044116854667663574,,,
32,1000,0.9819917678833008,0.8213021755218506,0.22295641899108887,,,
32,1001,0.9839878082275391,0.9043185114860535,0.1176496148109436,,,
32,1002,0.9826145172119141,0.834498405456543,0.20712745189666748,,,
32,1003,0.9911098480224609,0.9459293484687805,0.076640784740448,,,
32,1004,0.9875297546386719,0.931596577167511,0.08693075180053711,,,
32,1005,0.9875631332397461,0.9491440057754517,0.0625731348991394,,,
32,1006,0.9835739135742188,0.8160123825073242,0.23852449655532837,,,
32,1007,0.9881982803344727,0.9032318592071533,0.13377106189727783,,,
32,1008,0.9862232208251953,0.9173650145530701,0.10576492547988892,,,
32,1009,0.988621711730957,0.9451652765274048,0.06928789615631104,,,
32,1010,0.9895410537719727,0.959998369216919,0.05112802982330322,,,
32,1011,0.9898033142089844,0.9467298984527588,0.06988024711608887,,,
32,1012,0.9894304275512695,0.9555076360702515,0.056632041931152344,,,
32,1013,0.9886360168457031,0.9287252426147461,0.09262621402740479,,,
32,1014,0.9868125915527344,0.9523118138313293,0.06002676486968994,,,
32,1015,0.9861726760864258,0.9230985641479492,0.09481072425842285,,,
32,1016,0.9915361404418945,0.9700090885162354,0.03981339931488037,,,
32,1017,0.9853029251098633,0.9252524375915527,0.09301763772964478,,,
32,1018,0.9842853546142578,0.8989736437797546,0.1275712251663208,,,
32,1019,0.9870491027832031,0.958996593952179,0.05174827575683594,,,
32,1020,0.9862270355224609,0.9307048916816711,0.08445656299591064,,,
32,1021,0.9873418807983398,0.9116905331611633,0.11523836851119995,,,
32,1022,0.9874776005744934,0.948771059513092,0.06328749656677246,,,
32,1022,,,,0.9542643427848816,0.8376038074493408,0.22788691520690918
33,1023,0.9852666854858398,0.9495445489883423,0.06230121850967407,,,
33,1024,0.9868612289428711,0.9370283484458923,0.07792085409164429,,,
33,1025,0.9893198013305664,0.9432013034820557,0.07349890470504761,,,
33,1026,0.986083984375,0.9643370509147644,0.05066025257110596,,,
33,1027,0.9837474822998047,0.8958694934844971,0.12806159257888794,,,
33,1028,0.9882011413574219,0.9429478049278259,0.07249808311462402,,,
33,1029,0.9852809906005859,0.9263957738876343,0.08986598253250122,,,
33,1030,0.9907312393188477,0.9204071760177612,0.1168941855430603,,,
33,1031,0.9872846603393555,0.9427497982978821,0.07164305448532104,,,
33,1032,0.9844169616699219,0.908312976360321,0.11430209875106812,,,
33,1033,0.988337516784668,0.9414488077163696,0.07504552602767944,,,
33,1034,0.9909582138061523,0.9528812170028687,0.06324577331542969,,,
33,1035,0.9822626113891602,0.8784434795379639,0.15129953622817993,,,
33,1036,0.9865493774414062,0.9101616144180298,0.11467385292053223,,,
33,1037,0.9871931076049805,0.9342308640480042,0.08312469720840454,,,
33,1038,0.990880012512207,0.9493367075920105,0.06892848014831543,,,
33,1039,0.9893732070922852,0.9489225745201111,0.06630146503448486,,,
33,1040,0.9872474670410156,0.9173629283905029,0.10677105188369751,,,
33,1041,0.9861736297607422,0.8595549464225769,0.18563830852508545,,,
33,1042,0.9916553497314453,0.9699102640151978,0.04027622938156128,,,
33,1043,0.9830827713012695,0.8963504433631897,0.12606990337371826,,,
33,1044,0.9904155731201172,0.9519359469413757,0.06368130445480347,,,
33,1045,0.9891529083251953,0.9380399584770203,0.08100950717926025,,,
33,1046,0.9899911880493164,0.9648244976997375,0.04459911584854126,,,
33,1047,0.9884586334228516,0.9522466063499451,0.057869136333465576,,,
33,1048,0.9879121780395508,0.8816537857055664,0.16262733936309814,,,
33,1049,0.9892082214355469,0.9034314155578613,0.13415491580963135,,,
33,1050,0.9867286682128906,0.9334452748298645,0.0827934741973877,,,
33,1051,0.9864492416381836,0.9429975748062134,0.06966257095336914,,,
33,1052,0.9831857681274414,0.9009155035018921,0.11870533227920532,,,
33,1053,0.9887211918830872,0.9026216268539429,0.13233023881912231,,,
33,1053,,,,0.9543511867523193,0.8395595550537109,0.22384163737297058
34,1054,0.9900407791137695,0.9473633766174316,0.06813335418701172,,,
34,1055,0.9899883270263672,0.9245578646659851,0.10576337575912476,,,
34,1056,0.9879932403564453,0.9557697772979736,0.05382680892944336,,,
34,1057,0.9886369705200195,0.9619323015213013,0.04814910888671875,,,
34,1058,0.9824094772338867,0.9076619148254395,0.11009681224822998,,,
34,1059,0.9890317916870117,0.9677824378013611,0.0426906943321228,,,
34,1060,0.9871015548706055,0.9503265023231506,0.06006437540054321,,,
34,1061,0.9877529144287109,0.9498641490936279,0.06303048133850098,,,
34,1062,0.9893684387207031,0.956416666507721,0.05527663230895996,,,
34,1063,0.9877157211303711,0.9507710337638855,0.061608195304870605,,,
34,1064,0.9879446029663086,0.9105327725410461,0.11696606874465942,,,
34,1065,0.9868755340576172,0.864223837852478,0.18284261226654053,,,
34,1066,0.9882392883300781,0.9036675095558167,0.12789160013198853,,,
34,1067,0.9810476303100586,0.8839688897132874,0.1371924877166748,,,
34,1068,0.9911956787109375,0.9416763186454773,0.08279800415039062,,,
34,1069,0.9896726608276367,0.9375562071800232,0.08302116394042969,,,
34,1070,0.9913492202758789,0.9455031752586365,0.07404083013534546,,,
34,1071,0.9872570037841797,0.9511303305625916,0.059642910957336426,,,
34,1072,0.9861459732055664,0.8118020296096802,0.25836414098739624,,,
34,1073,0.9873504638671875,0.948904812335968,0.06340336799621582,,,
34,1074,0.9915809631347656,0.928138256072998,0.10661554336547852,,,
34,1075,0.9864330291748047,0.9453942179679871,0.06743103265762329,,,
34,1076,0.9886045455932617,0.9415896534919739,0.07441651821136475,,,
34,1077,0.9879436492919922,0.8596394062042236,0.19945520162582397,,,
34,1078,0.9889822006225586,0.9522904753684998,0.06011110544204712,,,
34,1079,0.9867792129516602,0.9345646500587463,0.0826793909072876,,,
34,1080,0.9881572723388672,0.8887255787849426,0.15263599157333374,,,
34,1081,0.9861001968383789,0.9114100337028503,0.11359661817550659,,,
34,1082,0.988163948059082,0.9485268592834473,0.06407874822616577,,,
34,1083,0.9892206192016602,0.957984983921051,0.052260518074035645,,,
34,1084,0.9883105158805847,0.9037976264953613,0.129805326461792,,,
34,1084,,,,0.954742431640625,0.8388710021972656,0.22595249116420746
35,1085,0.9848012924194336,0.9083032011985779,0.11295318603515625,,,
35,1086,0.9914379119873047,0.9638005495071411,0.046938419342041016,,,
35,1087,0.988224983215332,0.932510495185852,0.08607470989227295,,,
35,1088,0.986663818359375,0.927518904209137,0.09210556745529175,,,
35,1089,0.9906597137451172,0.950160026550293,0.06555581092834473,,,
35,1090,0.9902114868164062,0.9569719433784485,0.055683791637420654,,,
35,1091,0.9861268997192383,0.9441642761230469,0.06639790534973145,,,
35,1092,0.9912996292114258,0.9609383940696716,0.049832046031951904,,,
35,1093,0.9877519607543945,0.9121395349502563,0.11312156915664673,,,
35,1094,0.9828453063964844,0.9002025127410889,0.11955267190933228,,,
35,1095,0.9865150451660156,0.9597882032394409,0.05032670497894287,,,
35,1096,0.9909486770629883,0.936692476272583,0.08799821138381958,,,
35,1097,0.9917831420898438,0.9543931484222412,0.06143021583557129,,,
35,1098,0.9895706176757812,0.9441813230514526,0.07233405113220215,,,
35,1099,0.9869899749755859,0.9369701147079468,0.07645702362060547,,,
35,1100,0.9855051040649414,0.93861323595047,0.07281923294067383,,,
35,1101,0.9857025146484375,0.9414969086647034,0.06946271657943726,,,
35,1102,0.9891023635864258,0.9154469966888428,0.11323541402816772,,,
35,1103,0.98529052734375,0.917915940284729,0.10112142562866211,,,
35,1104,0.9855279922485352,0.8859819769859314,0.1465272307395935,,,
35,1105,0.9871435165405273,0.9423815011978149,0.07035011053085327,,,
35,1106,0.9880237579345703,0.9384200572967529,0.07709336280822754,,,
35,1107,0.9913625717163086,0.9568348526954651,0.05731499195098877,,,
35,1108,0.9921998977661133,0.9533519148826599,0.06492674350738525,,,
35,1109,0.9878616333007812,0.9134361743927002,0.11431843042373657,,,
35,1110,0.9884138107299805,0.9436497688293457,0.0692560076713562,,,
35,1111,0.9881782531738281,0.9355248212814331,0.08208084106445312,,,
35,1112,0.9896364212036133,0.9286202192306519,0.09394222497940063,,,
35,1113,0.9873008728027344,0.9334971308708191,0.08185166120529175,,,
35,1114,0.984339714050293,0.9099083542823792,0.10729426145553589,,,
35,1115,0.9889246821403503,0.938680112361908,0.07844674587249756,,,
35,1115,,,,0.9545555114746094,0.8392946124076843,0.22353819012641907
36,1116,0.9872961044311523,0.9359641075134277,0.07857263088226318,,,
36,1117,0.9900903701782227,0.9495472311973572,0.06526875495910645,,,
36,1118,0.9851245880126953,0.8363874554634094,0.20877110958099365,,,
36,1119,0.9861392974853516,0.9350311160087585,0.07794290781021118,,,
36,1120,0.9825849533081055,0.9152594208717346,0.10025596618652344,,,
36,1121,0.9880199432373047,0.9236528873443604,0.09662413597106934,,,
36,1122,0.9872627258300781,0.944649338722229,0.06708592176437378,,,
36,1123,0.9876327514648438,0.940663754940033,0.07317698001861572,,,
36,1124,0.9858741760253906,0.9377084374427795,0.07283687591552734,,,
36,1125,0.991246223449707,0.942001223564148,0.07968991994857788,,,
36,1126,0.9875812530517578,0.8569514155387878,0.1908266544342041,,,
36,1127,0.9891233444213867,0.943472146987915,0.07153236865997314,,,
36,1128,0.9886112213134766,0.9131162166595459,0.11410868167877197,,,
36,1129,0.9906930923461914,0.9542288780212402,0.05827909708023071,,,
36,1130,0.9870977401733398,0.9463262557983398,0.06511920690536499,,,
36,1131,0.990631103515625,0.9517906904220581,0.06144493818283081,,,
36,1132,0.9853267669677734,0.8389456868171692,0.20961153507232666,,,
36,1133,0.9852380752563477,0.9301552176475525,0.08278638124465942,,,
36,1134,0.9895000457763672,0.9401341080665588,0.07536953687667847,,,
36,1135,0.9875917434692383,0.9245108962059021,0.09257155656814575,,,
36,1136,0.9862451553344727,0.9096603393554688,0.1108207106590271,,,
36,1137,0.9881038665771484,0.923798680305481,0.09599804878234863,,,
36,1138,0.9880495071411133,0.9550154209136963,0.055278122425079346,,,
36,1139,0.9893360137939453,0.9465696811676025,0.06771343946456909,,,
36,1140,0.9867591857910156,0.953051745891571,0.05568426847457886,,,
36,1141,0.9878625869750977,0.9520756006240845,0.057809412479400635,,,
36,1142,0.9878082275390625,0.8494281768798828,0.20211797952651978,,,
36,1143,0.9884967803955078,0.9631986618041992,0.046326279640197754,,,
36,1144,0.9886875152587891,0.9416919946670532,0.07227063179016113,,,
36,1145,0.9875469207763672,0.9361282587051392,0.07802766561508179,,,
36,1146,0.9886677861213684,0.9694695472717285,0.042764246463775635,,,
36,1146,,,,0.9537217617034912,0.8365376591682434,0.22539609670639038
37,1147,0.9878778457641602,0.9503286480903625,0.06012928485870361,,,
37,1148,0.9902067184448242,0.9672706127166748,0.04244178533554077,,,
37,1149,0.9879112243652344,0.9422326683998108,0.06944704055786133,,,
37,1150,0.9913711547851562,0.9558711647987366,0.05613583326339722,,,
37,1151,0.9879531860351562,0.8945258855819702,0.13844764232635498,,,
37,1152,0.9907474517822266,0.9515793323516846,0.06275445222854614,,,
37,1153,0.9937639236450195,0.9578917026519775,0.06329381465911865,,,
37,1154,0.9893550872802734,0.9477776885032654,0.06550419330596924,,,
37,1155,0.9867687225341797,0.9343168139457703,0.07899093627929688,,,
37,1156,0.9861831665039062,0.9374211430549622,0.07402747869491577,,,
37,1157,0.9889354705810547,0.9480234384536743,0.06468725204467773,,,
37,1158,0.9875869750976562,0.9311566948890686,0.08495879173278809,,,
37,1159,0.9845027923583984,0.9039047360420227,0.11466526985168457,,,
37,1160,0.9900331497192383,0.9501071572303772,0.06331056356430054,,,
37,1161,0.982029914855957,0.9200059175491333,0.0928911566734314,,,
37,1162,0.988835334777832,0.9578585028648376,0.050795018672943115,,,
37,1163,0.9898853302001953,0.9353095293045044,0.08472079038619995,,,
37,1164,0.986607551574707,0.9309736490249634,0.08384770154953003,,,
37,1165,0.9885950088500977,0.8983596563339233,0.13394314050674438,,,
37,1166,0.9890470504760742,0.9495264887809753,0.06406348943710327,,,
37,1167,0.9896440505981445,0.961926281452179,0.04658693075180054,,,
37,1168,0.9903163909912109,0.9475716948509216,0.06593865156173706,,,
37,1169,0.9848670959472656,0.912701427936554,0.10289788246154785,,,
37,1170,0.9853639602661133,0.9306479096412659,0.08226323127746582,,,
37,1171,0.9860935211181641,0.9273649454116821,0.08810180425643921,,,
37,1172,0.9886550903320312,0.9493608474731445,0.062438130378723145,,,
37,1173,0.9868507385253906,0.9182007312774658,0.09978187084197998,,,
37,1174,0.9903478622436523,0.9094722867012024,0.12478113174438477,,,
37,1175,0.9850730895996094,0.8452121019363403,0.19325613975524902,,,
37,1176,0.9863395690917969,0.9097291231155396,0.11046421527862549,,,
37,1177,0.9883740544319153,0.9557691812515259,0.05275285243988037,,,
37,1177,,,,0.9540134072303772,0.8360012173652649,0.22766155004501343
38,1178,0.9889392852783203,0.9515480399131775,0.059203147888183594,,,
38,1179,0.9843482971191406,0.913428783416748,0.10101699829101562,,,
38,1180,0.9885368347167969,0.9324753284454346,0.0844041109085083,,,
38,1181,0.9921636581420898,0.8968750238418579,0.15817230939865112,,,
38,1182,0.9887866973876953,0.9215479493141174,0.10035121440887451,,,
38,1183,0.9917640686035156,0.9007983207702637,0.14967530965805054,,,
38,1184,0.9859542846679688,0.9258005619049072,0.0895039439201355,,,
38,1185,0.9921875,0.97779381275177,0.03222852945327759,,,
38,1186,0.9835176467895508,0.8940869569778442,0.1291561722755432,,,
38,1187,0.9904651641845703,0.9625905752182007,0.04666256904602051,,,
38,1188,0.9880990982055664,0.8946893215179443,0.13638204336166382,,,
38,1189,0.9858779907226562,0.8832995891571045,0.14561593532562256,,,
38,1190,0.9898624420166016,0.9541826248168945,0.057837843894958496,,,
38,1191,0.9852714538574219,0.9227691888809204,0.0912126898765564,,,
38,1192,0.9884796142578125,0.9254293441772461,0.09417617321014404,,,
38,1193,0.988067626953125,0.9520188570022583,0.05631190538406372,,,
38,1194,0.9882698059082031,0.9352276921272278,0.07906806468963623,,,
38,1195,0.9883995056152344,0.9615741968154907,0.04824763536453247,,,
38,1196,0.9923133850097656,0.9392601251602173,0.08543139696121216,,,
38,1197,0.9883508682250977,0.9280217289924622,0.09055089950561523,,,
38,1198,0.9889421463012695,0.8849645256996155,0.1523827314376831,,,
38,1199,0.9898090362548828,0.9403855800628662,0.07472550868988037,,,
38,1200,0.9885673522949219,0.9563421607017517,0.0526885986328125,,,
38,1201,0.9831018447875977,0.9242172241210938,0.08543866872787476,,,
38,1202,0.9863462448120117,0.9316943287849426,0.08127766847610474,,,
38,1203,0.9911899566650391,0.9672789573669434,0.04108065366744995,,,
38,1204,0.9855899810791016,0.9325066804885864,0.08035284280776978,,,
38,1205,0.9878444671630859,0.9602946639060974,0.047769784927368164,,,
38,1206,0.9880094528198242,0.934552788734436,0.07964867353439331,,,
38,1207,0.986536979675293,0.9110252261161804,0.10738545656204224,,,
38,1208,0.9909006953239441,0.9607647657394409,0.05026543140411377,,,
38,1208,,,,0.953853189945221,0.8358598351478577,0.2265927493572235
39,1209,0.9852571487426758,0.9248884916305542,0.08889329433441162,,,
39,1210,0.9889764785766602,0.9403218626976013,0.07501643896102905,,,
39,1211,0.9840278625488281,0.8961254954338074,0.12561476230621338,,,
39,1212,0.9879579544067383,0.9483311176300049,0.06265592575073242,,,
39,1213,0.9900321960449219,0.9631027579307556,0.04537838697433472,,,
39,1214,0.9912309646606445,0.9444796442985535,0.07245910167694092,,,
39,1215,0.9890556335449219,0.9271600842475891,0.09255337715148926,,,
39,1216,0.9887609481811523,0.932602047920227,0.0846448540687561,,,
39,1217,0.9896230697631836,0.926623523235321,0.09680455923080444,,,
39,1218,0.9871072769165039,0.9607293605804443,0.04808682203292847,,,
39,1219,0.9882917404174805,0.9311333298683167,0.08437353372573853,,,
39,1220,0.9865684509277344,0.9003579616546631,0.12209153175354004,,,
39,1221,0.9929780960083008,0.9719177484512329,0.03662782907485962,,,
39,1222,0.9918661117553711,0.9591374397277832,0.053523242473602295,,,
39,1223,0.9915790557861328,0.9527592658996582,0.06009268760681152,,,
39,1224,0.9914331436157227,0.9697911143302917,0.0387570858001709,,,
39,1225,0.9868030548095703,0.9060850143432617,0.115581214427948,,,
39,1226,0.988469123840332,0.8999677300453186,0.13055777549743652,,,
39,1227,0.9864416122436523,0.8432092666625977,0.20017093420028687,,,
39,1228,0.9877691268920898,0.9285141229629517,0.0885193943977356,,,
39,1229,0.9889621734619141,0.9219407439231873,0.097542405128479,,,
39,1230,0.9883174896240234,0.9542661309242249,0.05420893430709839,,,
39,1231,0.9834270477294922,0.9253028035163879,0.08670318126678467,,,
39,1232,0.9858245849609375,0.8963140845298767,0.1253066062927246,,,
39,1233,0.9892158508300781,0.9449089169502258,0.06884497404098511,,,
39,1234,0.9912080764770508,0.9606560468673706,0.048551321029663086,,,
39,1235,0.9905233383178711,0.9437249302864075,0.07216852903366089,,,
39,1236,0.9879636764526367,0.9519375562667847,0.057251930236816406,,,
39,1237,0.9849119186401367,0.9191824793815613,0.09334611892700195,,,
39,1238,0.9898538589477539,0.9586312770843506,0.0491979718208313,,,
39,1239,0.9881375432014465,0.9455447793006897,0.0651477575302124,,,
39,1239,,,,0.9540795087814331,0.8366262316703796,0.2252163290977478
40,1240,0.9887580871582031,0.9051847457885742,0.12184613943099976,,,
40,1241,0.9876174926757812,0.9504827857017517,0.058654844760894775,,,
40,1242,0.9883146286010742,0.9035857319831848,0.12425416707992554,,,
40,1243,0.9908809661865234,0.9595658183097839,0.050647854804992676,,,
40,1244,0.991612434387207,0.9523745179176331,0.06137406826019287,,,
40,1245,0.9876003265380859,0.9570692777633667,0.05119681358337402,,,
40,1246,0.9899015426635742,0.9172598719596863,0.10787928104400635,,,
40,1247,0.9889802932739258,0.9610374569892883,0.047289252281188965,,,
40,1248,0.9899520874023438,0.9149437546730042,0.11259853839874268,,,
40,1249,0.9868526458740234,0.9426734447479248,0.06826692819595337,,,
40,1250,0.9869604110717773,0.8771308660507202,0.1546534299850464,,,
40,1251,0.9902753829956055,0.9548637270927429,0.05626422166824341,,,
40,1252,0.9928770065307617,0.9627130031585693,0.04979425668716431,,,
40,1253,0.9902439117431641,0.9629766345024109,0.044898152351379395,,,
40,1254,0.9885540008544922,0.9486241936683655,0.062303364276885986,,,
40,1255,0.9877996444702148,0.9549912810325623,0.05418431758880615,,,
40,1256,0.9875249862670898,0.9078601598739624,0.11421215534210205,,,
40,1257,0.986638069152832,0.9204878211021423,0.09561014175415039,,,
40,1258,0.9819650650024414,0.9470409154891968,0.06103748083114624,,,
40,1259,0.9880037307739258,0.9289771318435669,0.08487188816070557,,,
40,1260,0.9902276992797852,0.9703273773193359,0.03795576095581055,,,
40,1261,0.9896602630615234,0.9398982524871826,0.07504099607467651,,,
40,1262,0.9893407821655273,0.9120198488235474,0.11365711688995361,,,
40,1263,0.9884977340698242,0.9363918304443359,0.0770343542098999,,,
40,1264,0.986973762512207,0.9022814631462097,0.12098127603530884,,,
40,1265,0.9874286651611328,0.8811115026473999,0.15098565816879272,,,
40,1266,0.9896326065063477,0.9512910842895508,0.06041765213012695,,,
40,1267,0.987788200378418,0.9151672124862671,0.1034885048866272,,,
40,1268,0.9907493591308594,0.9606297612190247,0.04879122972488403,,,
40,1269,0.9901618957519531,0.9394742846488953,0.07525670528411865,,,
40,1270,0.9872410893440247,0.8804593682289124,0.15353316068649292,,,
40,1270,,,,0.9547954201698303,0.8398005962371826,0.22225205600261688
41,1271,0.9889163970947266,0.8967740535736084,0.13525032997131348,,,
41,1272,0.9882564544677734,0.8592476844787598,0.18353700637817383,,,
41,1273,0.9895296096801758,0.9556364417076111,0.05347329378128052,,,
41,1274,0.9893255233764648,0.8792309165000916,0.16019093990325928,,,
41,1275,0.9856176376342773,0.9059682488441467,0.11318051815032959,,,
41,1276,0.9892339706420898,0.9615536332130432,0.048236191272735596,,,
41,1277,0.9903678894042969,0.9341629147529602,0.08611154556274414,,,
41,1278,0.9862356185913086,0.934745728969574,0.0758773684501648,,,
41,1279,0.9852085113525391,0.9008305668830872,0.11491113901138306,,,
41,1280,0.98406982421875,0.8843237161636353,0.1370002031326294,,,
41,1281,0.9904613494873047,0.941149115562439,0.07500296831130981,,,
41,1282,0.9884757995605469,0.9488987922668457,0.06116217374801636,,,
41,1283,0.9886713027954102,0.9475079774856567,0.06388282775878906,,,
41,1284,0.9862461090087891,0.9400397539138794,0.06974142789840698,,,
41,1285,0.9912776947021484,0.9711889028549194,0.037326931953430176,,,
41,1286,0.9892730712890625,0.9699957966804504,0.03964895009994507,,,
41,1287,0.9874935150146484,0.9490771889686584,0.0597570538520813,,,
41,1288,0.9908790588378906,0.9723758101463318,0.03632044792175293,,,
41,1289,0.9905633926391602,0.9612412452697754,0.0466957688331604,,,
41,1290,0.986180305480957,0.9508966207504272,0.05743938684463501,,,
41,1291,0.9891719818115234,0.9231008887290955,0.09614723920822144,,,
41,1292,0.9890327453613281,0.9565010070800781,0.052759766578674316,,,
41,1293,0.9926109313964844,0.9601802825927734,0.05228137969970703,,,
41,1294,0.9888906478881836,0.8582915663719177,0.1885509490966797,,,
41,1295,0.9874944686889648,0.9128426313400269,0.1055459976196289,,,
41,1296,0.9879922866821289,0.888075053691864,0.14197218418121338,,,
41,1297,0.9899969100952148,0.9511973857879639,0.05928480625152588,,,
41,1298,0.9900150299072266,0.92399001121521,0.09724289178848267,,,
41,1299,0.9882841110229492,0.8637377023696899,0.17396306991577148,,,
41,1300,0.988551139831543,0.9664812088012695,0.042201876640319824,,,
41,1301,0.9898719787597656,0.8666387796401978,0.18162989616394043,,,
41,1301,,,,0.9542045593261719,0.8361648917198181,0.22616569697856903
42,1302,0.9919357299804688,0.9685216546058655,0.039272189140319824,,,
42,1303,0.9912843704223633,0.9496146440505981,0.06426221132278442,,,
42,1304,0.9897546768188477,0.9295840859413147,0.08889168500900269,,,
42,1305,0.9899654388427734,0.9532222747802734,0.0565340518951416,,,
42,1306,0.9879875183105469,0.9460300207138062,0.06512689590454102,,,
42,1307,0.9884939193725586,0.9491546154022217,0.060907959938049316,,,
42,1308,0.9859170913696289,0.9266549348831177,0.0860944390296936,,,
42,1309,0.9895811080932617,0.9154025316238403,0.10803955793380737,,,
42,1310,0.9925107955932617,0.9660322666168213,0.043093085289001465,,,
42,1311,0.9899320602416992,0.9311646819114685,0.08740502595901489,,,
42,1312,0.9850759506225586,0.9024996757507324,0.11536240577697754,,,
42,1313,0.9883871078491211,0.9279318451881409,0.08823364973068237,,,
42,1314,0.9888639450073242,0.9493304491043091,0.060049355030059814,,,
42,1315,0.9909324645996094,0.9670810699462891,0.039841532707214355,,,
42,1316,0.9880552291870117,0.9147506952285767,0.10437893867492676,,,
42,1317,0.9869804382324219,0.9396591186523438,0.0689772367477417,,,
42,1318,0.9831771850585938,0.9538617134094238,0.05532604455947876,,,
42,1319,0.9882535934448242,0.9502286911010742,0.058770179748535156,,,
42,1320,0.9811582565307617,0.9275084137916565,0.0816657543182373,,,
42,1321,0.9895915985107422,0.9550461173057556,0.05307900905609131,,,
42,1322,0.9909229278564453,0.9024035334587097,0.13399916887283325,,,
42,1323,0.9906110763549805,0.9446381330490112,0.06966066360473633,,,
42,1324,0.9902420043945312,0.8649526238441467,0.18389910459518433,,,
42,1325,0.9891424179077148,0.9486794471740723,0.06079554557800293,,,
42,1326,0.9883966445922852,0.8853338360786438,0.14601850509643555,,,
42,1327,0.9895076751708984,0.9521493911743164,0.05722463130950928,,,
42,1328,0.9868898391723633,0.9607588648796082,0.048174500465393066,,,
42,1329,0.9857234954833984,0.933259904384613,0.07701247930526733,,,
42,1330,0.9887151718139648,0.9043558239936829,0.1202581524848938,,,
42,1331,0.9906539916992188,0.9137080907821655,0.11266237497329712,,,
42,1332,0.9884770512580872,0.8853346705436707,0.14721721410751343,,,
42,1332,,,,0.9543902277946472,0.8390307426452637,0.22044923901557922
43,1333,0.9877395629882812,0.9472184777259827,0.06199008226394653,,,
43,1334,0.9900922775268555,0.9570274353027344,0.051750004291534424,,,
43,1335,0.9889116287231445,0.9572393894195557,0.051332712173461914,,,
43,1336,0.99078369140625,0.8744152188301086,0.1738145351409912,,,
43,1337,0.9924688339233398,0.9575359225273132,0.05480074882507324,,,
43,1338,0.9858770370483398,0.9495286345481873,0.05794835090637207,,,
43,1339,0.9879903793334961,0.955514669418335,0.05312854051589966,,,
43,1340,0.9866647720336914,0.8713425993919373,0.16001880168914795,,,
43,1341,0.9889087677001953,0.9459210634231567,0.06530934572219849,,,
43,1342,0.9911022186279297,0.9606430530548096,0.047248661518096924,,,
43,1343,0.9894371032714844,0.855675995349884,0.1897348165512085,,,
43,1344,0.9867982864379883,0.9294127821922302,0.08344697952270508,,,
43,1345,0.9860982894897461,0.9292910695075989,0.08249533176422119,,,
43,1346,0.9891042709350586,0.9373440742492676,0.07555282115936279,,,
43,1347,0.9857606887817383,0.8994930982589722,0.11850911378860474,,,
43,1348,0.9881181716918945,0.9279230833053589,0.08716148138046265,,,
43,1349,0.9900178909301758,0.9215725660324097,0.10054934024810791,,,
43,1350,0.9885234832763672,0.9658640027046204,0.04278159141540527,,,
43,1351,0.988804817199707,0.9245997071266174,0.09303033351898193,,,
43,1352,0.9897823333740234,0.9486064910888672,0.06211519241333008,,,
43,1353,0.9888648986816406,0.8850414156913757,0.14580410718917847,,,
43,1354,0.9889488220214844,0.9468203783035278,0.0635291337966919,,,
43,1355,0.9909229278564453,0.888738214969635,0.1514180302619934,,,
43,1356,0.9882926940917969,0.9336227774620056,0.07820785045623779,,,
43,1357,0.9874153137207031,0.9379505515098572,0.07202482223510742,,,
43,1358,0.9877700805664062,0.9559687972068787,0.05083125829696655,,,
43,1359,0.9903831481933594,0.9188279509544373,0.10250383615493774,,,
43,1360,0.9878835678100586,0.9387433528900146,0.07157588005065918,,,
43,1361,0.9923563003540039,0.9539653658866882,0.05999058485031128,,,
43,1362,0.9894723892211914,0.9624519944190979,0.045124590396881104,,,
43,1363,0.9860280156135559,0.9634999632835388,0.04737275838851929,,,
43,1363,,,,0.9533318281173706,0.8349787592887878,0.22497081756591797
44,1364,0.990015983581543,0.9553328156471252,0.05267912149429321,,,
44,1365,0.9903879165649414,0.9456912279129028,0.06698989868164062,,,
44,1366,0.9854650497436523,0.953728199005127,0.05287671089172363,,,
44,1367,0.9914369583129883,0.9094941020011902,0.12210500240325928,,,
44,1368,0.9908809661865234,0.923741340637207,0.09875446557998657,,,
44,1369,0.9907865524291992,0.9148240089416504,0.1120988130569458,,,
44,1370,0.9873895645141602,0.940060019493103,0.06910449266433716,,,
44,1371,0.9909458160400391,0.9412234425544739,0.07382744550704956,,,
44,1372,0.9889698028564453,0.9188219904899597,0.09868729114532471,,,
44,1373,0.9859342575073242,0.9008477330207825,0.11798137426376343,,,
44,1374,0.9884071350097656,0.9101346135139465,0.11021173000335693,,,
44,1375,0.9910306930541992,0.9501404762268066,0.062391042709350586,,,
44,1376,0.9858837127685547,0.8372333645820618,0.1958177089691162,,,
44,1377,0.989872932434082,0.9482759237289429,0.06277960538864136,,,
44,1378,0.9905948638916016,0.9707765579223633,0.036691248416900635,,,
44,1379,0.9890832901000977,0.9436574578285217,0.06690800189971924,,,
44,1380,0.9886569976806641,0.9401532411575317,0.07083910703659058,,,
44,1381,0.9908237457275391,0.9392324090003967,0.075206458568573,,,
44,1382,0.990077018737793,0.955974280834198,0.05262160301208496,,,
44,1383,0.9866142272949219,0.9283738732337952,0.08364546298980713,,,
44,1384,0.987762451171875,0.9397988319396973,0.070198655128479,,,
44,1385,0.9875373840332031,0.9277368187904358,0.0856829285621643,,,
44,1386,0.9904594421386719,0.9686231017112732,0.03892797231674194,,,
44,1387,0.9858369827270508,0.922030508518219,0.08913785219192505,,,
44,1388,0.9863529205322266,0.9320906400680542,0.07848840951919556,,,
44,1389,0.9905843734741211,0.9432100057601929,0.07135540246963501,,,
44,1390,0.9886760711669922,0.9486238956451416,0.06030988693237305,,,
44,1391,0.9893407821655273,0.9542309045791626,0.054020702838897705,,,
44,1392,0.9878158569335938,0.9514899253845215,0.05696171522140503,,,
44,1393,0.9943265914916992,0.9771451354026794,0.029528558254241943,,,
44,1394,0.9867337346076965,0.9439161419868469,0.0645601749420166,,,
44,1394,,,,0.9541999101638794,0.8378922343254089,0.22125424444675446
45,1395,0.9831018447875977,0.8956035375595093,0.12087231874465942,,,
45,1396,0.9866819381713867,0.9537146091461182,0.054132044315338135,,,
45,1397,0.9907093048095703,0.9634895920753479,0.04486173391342163,,,
45,1398,0.9920368194580078,0.9632336497306824,0.04593062400817871,,,
45,1399,0.9898481369018555,0.9323388338088989,0.08193373680114746,,,
45,1400,0.9895687103271484,0.9532833695411682,0.05511879920959473,,,
45,1401,0.9901342391967773,0.9655429720878601,0.04242140054702759,,,
45,1402,0.9870967864990234,0.9364340901374817,0.07482308149337769,,,
45,1403,0.990168571472168,0.9570309519767761,0.051765620708465576,,,
45,1404,0.9856958389282227,0.9016871452331543,0.11389583349227905,,,
45,1405,0.9901304244995117,0.9524188041687012,0.0575980544090271,,,
45,1406,0.9862556457519531,0.9031119346618652,0.1129763126373291,,,
45,1407,0.9888954162597656,0.9354652762413025,0.07609713077545166,,,
45,1408,0.9855747222900391,0.9315050840377808,0.07818096876144409,,,
45,1409,0.9886770248413086,0.9577139019966125,0.04973649978637695,,,
45,1410,0.9863319396972656,0.9094315767288208,0.10562705993652344,,,
45,1411,0.9917936325073242,0.9389114379882812,0.0792226791381836,,,
45,1412,0.9860248565673828,0.942664623260498,0.06492847204208374,,,
45,1413,0.9919795989990234,0.9689273238182068,0.03701746463775635,,,
45,1414,0.9931554794311523,0.9487346410751343,0.0691080093383789,,,
45,1415,0.9902048110961914,0.9180241227149963,0.1033557653427124,,,
45,1416,0.9908952713012695,0.9612269997596741,0.046952009201049805,,,
45,1417,0.9918642044067383,0.948586106300354,0.06516659259796143,,,
45,1418,0.9914760589599609,0.9584108591079712,0.051299870014190674,,,
45,1419,0.991307258605957,0.9357872605323792,0.08222436904907227,,,
45,1420,0.983128547668457,0.8539575338363647,0.17066961526870728,,,
45,1421,0.9875364303588867,0.9555736184120178,0.05182790756225586,,,
45,1422,0.9894332885742188,0.9142441153526306,0.10685110092163086,,,
45,1423,0.9911384582519531,0.9324473738670349,0.08579230308532715,,,
45,1424,0.9914731979370117,0.9505926370620728,0.06248307228088379,,,
45,1425,0.9970982670783997,0.9863514304161072,0.020427346229553223,,,
45,1425,,,,0.9550963640213013,0.8421667218208313,0.21801646053791046
46,1426,0.9920196533203125,0.9666119813919067,0.04108363389968872,,,
46,1427,0.9868392944335938,0.9318373799324036,0.07831722497940063,,,
46,1428,0.9869213104248047,0.908412754535675,0.10808706283569336,,,
46,1429,0.9904232025146484,0.9642144441604614,0.041932642459869385,,,
46,1430,0.9929161071777344,0.9626725912094116,0.0476568341255188,,,
46,1431,0.9887847900390625,0.9611949324607849,0.04611766338348389,,,
46,1432,0.988917350769043,0.9373399019241333,0.07486844062805176,,,
46,1433,0.9875640869140625,0.9370099902153015,0.07270646095275879,,,
46,1434,0.9897184371948242,0.9496485590934753,0.05950576066970825,,,
46,1435,0.9896755218505859,0.9602096676826477,0.045315682888031006,,,
46,1436,0.9923877716064453,0.9686905741691589,0.038170695304870605,,,
46,1437,0.9888839721679688,0.9017863273620605,0.12443923950195312,,,
46,1438,0.9884376525878906,0.9537610411643982,0.055044710636138916,,,
46,1439,0.9907369613647461,0.8965050578117371,0.1366371512413025,,,
46,1440,0.9881324768066406,0.8867120742797852,0.13724690675735474,,,
46,1441,0.9907960891723633,0.9324694275856018,0.08330845832824707,,,
46,1442,0.9902858734130859,0.9464015960693359,0.06338685750961304,,,
46,1443,0.9895992279052734,0.9445263743400574,0.06503993272781372,,,
46,1444,0.9894123077392578,0.9159054160118103,0.10398983955383301,,,
46,1445,0.993159294128418,0.9723823070526123,0.03513914346694946,,,
46,1446,0.9890422821044922,0.9321150779724121,0.08247876167297363,,,
46,1447,0.9873828887939453,0.948197066783905,0.05959892272949219,,,
46,1448,0.9890365600585938,0.9492649435997009,0.06080728769302368,,,
46,1449,0.9843578338623047,0.9123899936676025,0.0982775092124939,,,
46,1450,0.9892683029174805,0.9532177448272705,0.05407804250717163,,,
46,1451,0.9882488250732422,0.950504720211029,0.05741626024246216,,,
46,1452,0.9904241561889648,0.9482553601264954,0.06250202655792236,,,
46,1453,0.9868307113647461,0.9027514457702637,0.11651331186294556,,,
46,1454,0.9865245819091797,0.9270803928375244,0.08288735151290894,,,
46,1455,0.9890899658203125,0.9230939745903015,0.09335100650787354,,,
46,1456,0.9916000366210938,0.9592642188072205,0.04950350522994995,,,
46,1456,,,,0.9525473117828369,0.8337987065315247,0.22326667606830597
47,1457,0.9886713027954102,0.9094967842102051,0.11089563369750977,,,
47,1458,0.988591194152832,0.8922582268714905,0.13511061668395996,,,
47,1459,0.9910402297973633,0.9383801221847534,0.07632297277450562,,,
47,1460,0.9904575347900391,0.9469636082649231,0.06302410364151001,,,
47,1461,0.9872531890869141,0.9100102186203003,0.10485047101974487,,,
47,1462,0.9877414703369141,0.9321334362030029,0.07939404249191284,,,
47,1463,0.9922447204589844,0.9597280025482178,0.049822866916656494,,,
47,1464,0.990971565246582,0.9736809134483337,0.03381621837615967,,,
47,1465,0.9892425537109375,0.9534783959388733,0.05418848991394043,,,
47,1466,0.9873991012573242,0.9347760677337646,0.07520431280136108,,,
47,1467,0.9914398193359375,0.965988278388977,0.03940010070800781,,,
47,1468,0.9888267517089844,0.9361967444419861,0.07374155521392822,,,
47,1469,0.9901762008666992,0.9586922526359558,0.0486149787902832,,,
47,1470,0.9897041320800781,0.9211665987968445,0.09716665744781494,,,
47,1471,0.9898366928100586,0.9592496156692505,0.047282397747039795,,,
47,1472,0.988612174987793,0.9418982863426208,0.06631648540496826,,,
47,1473,0.9887313842773438,0.9429498314857483,0.06579792499542236,,,
47,1474,0.9882936477661133,0.9193670153617859,0.09560155868530273,,,
47,1475,0.9901437759399414,0.9421983361244202,0.06872141361236572,,,
47,1476,0.9887428283691406,0.9539672136306763,0.05377364158630371,,,
47,1477,0.9837226867675781,0.8866847157478333,0.12784713506698608,,,
47,1478,0.9871463775634766,0.9089201092720032,0.10632634162902832,,,
47,1479,0.9885950088500977,0.9429134726524353,0.06837666034698486,,,
47,1480,0.9885730743408203,0.9123661518096924,0.10679543018341064,,,
47,1481,0.9888372421264648,0.9531041979789734,0.054785192012786865,,,
47,1482,0.9881010055541992,0.914917528629303,0.10065752267837524,,,
47,1483,0.986907958984375,0.9053887128829956,0.11194831132888794,,,
47,1484,0.9883327484130859,0.9491723775863647,0.05760300159454346,,,
47,1485,0.9891080856323242,0.9625828266143799,0.04376763105392456,,,
47,1486,0.9929275512695312,0.967913031578064,0.03902369737625122,,,
47,1487,0.9910418391227722,0.9643958210945129,0.04252737760543823,,,
47,1487,,,,0.9515944719314575,0.8317753672599792,0.22671137750148773
48,1488,0.9878969192504883,0.8853827118873596,0.13875991106033325,,,
48,1489,0.9900884628295898,0.9479368329048157,0.06248277425765991,,,
48,1490,0.9903230667114258,0.926163911819458,0.09136128425598145,,,
48,1491,0.9880685806274414,0.9467242956161499,0.06156420707702637,,,
48,1492,0.9887046813964844,0.9293915629386902,0.08269965648651123,,,
48,1493,0.9885759353637695,0.9570358991622925,0.048285484313964844,,,
48,1494,0.9889640808105469,0.9187273979187012,0.098807692527771,,,
48,1495,0.9941282272338867,0.9764038920402527,0.029621005058288574,,,
48,1496,0.9907627105712891,0.9424869418144226,0.06973659992218018,,,
48,1497,0.9914617538452148,0.9595927000045776,0.0482061505317688,,,
48,1498,0.9878873825073242,0.9402985572814941,0.0686073899269104,,,
48,1499,0.9916763305664062,0.9416323900222778,0.07252013683319092,,,
48,1500,0.9893531799316406,0.875478208065033,0.15894901752471924,,,
48,1501,0.9911909103393555,0.9739272594451904,0.0324786901473999,,,
48,1502,0.9858970642089844,0.9512760639190674,0.055295467376708984,,,
48,1503,0.9877719879150391,0.9330013394355774,0.07767850160598755,,,
48,1504,0.9905157089233398,0.9182342886924744,0.10008251667022705,,,
48,1505,0.9872617721557617,0.9450977444648743,0.06253445148468018,,,
48,1506,0.9873971939086914,0.953725278377533,0.05292844772338867,,,
48,1507,0.9847326278686523,0.8339470624923706,0.19468814134597778,,,
48,1508,0.9885082244873047,0.9336541295051575,0.07699090242385864,,,
48,1509,0.9908628463745117,0.9656618237495422,0.04131263494491577,,,
48,1510,0.989659309387207,0.9645731449127197,0.042948365211486816,,,
48,1511,0.9902458190917969,0.9057101011276245,0.11819428205490112,,,
48,1512,0.9892740249633789,0.9315163493156433,0.08165287971496582,,,
48,1513,0.9867515563964844,0.9157161712646484,0.09829628467559814,,,
48,1514,0.9857158660888672,0.898669958114624,0.11523151397705078,,,
48,1515,0.9917154312133789,0.963314414024353,0.04306936264038086,,,
48,1516,0.9879894256591797,0.9499356150627136,0.05694788694381714,,,
48,1517,0.9836082458496094,0.9028652310371399,0.10987871885299683,,,
48,1518,0.9922345280647278,0.9710800647735596,0.03430658578872681,,,
48,1518,,,,0.9520140886306763,0.8337967395782471,0.2233853042125702
49,1519,0.9883012771606445,0.9380917549133301,0.07269656658172607,,,
49,1520,0.9862852096557617,0.9196955561637878,0.09387260675430298,,,
49,1521,0.9907722473144531,0.9554999470710754,0.05211848020553589,,,
49,1522,0.9856739044189453,0.8728974461555481,0.15020251274108887,,,
49,1523,0.9902496337890625,0.9656141996383667,0.039858877658843994,,,
49,1524,0.9899845123291016,0.927466869354248,0.08718174695968628,,,
49,1525,0.988800048828125,0.8922262191772461,0.13276445865631104,,,
49,1526,0.9896993637084961,0.9632678031921387,0.04295629262924194,,,
49,1527,0.9895505905151367,0.8992413282394409,0.12559950351715088,,,
49,1528,0.9879741668701172,0.9512910842895508,0.0556064248085022,,,
49,1529,0.9866113662719727,0.962831974029541,0.04391741752624512,,,
49,1530,0.9871044158935547,0.9304473996162415,0.08104884624481201,,,
49,1531,0.9912319183349609,0.9053218960762024,0.12307900190353394,,,
49,1532,0.9853782653808594,0.9380302429199219,0.06971704959869385,,,
49,1533,0.9886579513549805,0.9152721166610718,0.10389405488967896,,,
49,1534,0.9880638122558594,0.8916494846343994,0.13017284870147705,,,
49,1535,0.9894065856933594,0.9059720039367676,0.11352825164794922,,,
49,1536,0.990534782409668,0.9630303978919983,0.04273855686187744,,,
49,1537,0.9863510131835938,0.8934492468833923,0.12497401237487793,,,
49,1538,0.9919471740722656,0.9687578678131104,0.037701427936553955,,,
49,1539,0.9933938980102539,0.9598267078399658,0.05120277404785156,,,
49,1540,0.9904260635375977,0.9302842617034912,0.08416450023651123,,,
49,1541,0.991633415222168,0.973169207572937,0.03261500597000122,,,
49,1542,0.990260124206543,0.9241870045661926,0.09086412191390991,,,
49,1543,0.9933090209960938,0.9610150456428528,0.04920893907546997,,,
49,1544,0.9884366989135742,0.9625434279441833,0.04361444711685181,,,
49,1545,0.9920263290405273,0.9615469574928284,0.04646873474121094,,,
49,1546,0.9910469055175781,0.9597970247268677,0.047470808029174805,,,
49,1547,0.9887237548828125,0.9559763669967651,0.05026125907897949,,,
49,1548,0.9878206253051758,0.9067537784576416,0.1121705174446106,,,
49,1549,0.9912287592887878,0.9501560926437378,0.05957895517349243,,,
49,1549,,,,0.9521594643592834,0.8305758833885193,0.22846047580242157
