epoch,step,train_BinaryAccuracy,train_BinaryJaccardIndex,train_loss,val_BinaryAccuracy,val_BinaryJaccardIndex,val_loss
0,0,0.3170738220214844,0.24954019486904144,0.7682382464408875,,,
0,1,0.3452157974243164,0.22835002839565277,0.7870341539382935,,,
0,2,0.3245716094970703,0.15554358065128326,0.8460214138031006,,,
0,3,0.33472251892089844,0.17477993667125702,0.8263182044029236,,,
0,4,0.41249752044677734,0.2242547869682312,0.7800822257995605,,,
0,5,0.37668514251708984,0.21061073243618011,0.7871164679527283,,,
0,6,0.452911376953125,0.20968876779079437,0.7994970679283142,,,
0,7,0.4871864318847656,0.2860570251941681,0.7221552133560181,,,
0,8,0.37854576110839844,0.18329650163650513,0.8100652098655701,,,
0,9,0.4796781539916992,0.28048840165138245,0.7219252586364746,,,
0,10,0.5391731262207031,0.3903234004974365,0.625665545463562,,,
0,11,0.5449123382568359,0.3199293613433838,0.695636510848999,,,
0,12,0.5441370010375977,0.2790448069572449,0.7383241057395935,,,
0,13,0.4646759033203125,0.24761010706424713,0.7466188669204712,,,
0,14,0.47707271575927734,0.21857617795467377,0.7775272130966187,,,
0,15,0.5095949172973633,0.1856229305267334,0.8250532150268555,,,
0,16,0.6105070114135742,0.3647806644439697,0.6626137495040894,,,
0,17,0.49142932891845703,0.2326459437608719,0.7594863176345825,,,
0,18,0.5228643417358398,0.1710798442363739,0.8454000949859619,,,
0,19,0.6000404357910156,0.2294401228427887,0.8013344407081604,,,
0,20,0.6662492752075195,0.3237403929233551,0.7402083873748779,,,
0,21,0.5822057723999023,0.34377142786979675,0.6712772846221924,,,
0,22,0.7532234191894531,0.49127396941185,0.6279079914093018,,,
0,23,0.7057552337646484,0.5004727244377136,0.5704818964004517,,,
0,24,0.65313720703125,0.2712905704975128,0.781987190246582,,,
0,25,0.6440944671630859,0.3461855947971344,0.6978726387023926,,,
0,26,0.7335910797119141,0.4816715717315674,0.6103007793426514,,,
0,27,0.7331199645996094,0.4419504404067993,0.6534776091575623,,,
0,28,0.6338987350463867,0.273492693901062,0.7701822519302368,,,
0,29,0.7630729675292969,0.522396445274353,0.5915295481681824,,,
0,30,0.7031682133674622,0.33129948377609253,0.7453400492668152,,,
0,30,,,,0.6572964787483215,0.43159905076026917,0.6213679909706116
1,31,0.7205867767333984,0.47035664319992065,0.6128120422363281,,,
1,32,0.7351169586181641,0.3796609044075012,0.7167068719863892,,,
1,33,0.7880983352661133,0.43443554639816284,0.7106961011886597,,,
1,34,0.792506217956543,0.5509662628173828,0.5883175134658813,,,
1,35,0.7115354537963867,0.3199998140335083,0.7611762285232544,,,
1,36,0.8179864883422852,0.5619276165962219,0.6067067980766296,,,
1,37,0.7405366897583008,0.3091011047363281,0.7877378463745117,,,
1,38,0.8020095825195312,0.5012252926826477,0.6516579389572144,,,
1,39,0.8075504302978516,0.5482704043388367,0.6070692539215088,,,
1,40,0.799382209777832,0.4379754066467285,0.719579815864563,,,
1,41,0.6900005340576172,0.16720980405807495,0.884005606174469,,,
1,42,0.7264461517333984,0.37320107221603394,0.7150722742080688,,,
1,43,0.8084897994995117,0.4735024869441986,0.6882715225219727,,,
1,44,0.8405227661132812,0.6002581715583801,0.5942927598953247,,,
1,45,0.7562332153320312,0.3024313151836395,0.8026520013809204,,,
1,46,0.7919282913208008,0.3472053110599518,0.7889424562454224,,,
1,47,0.7649126052856445,0.45864635705947876,0.6568540930747986,,,
1,48,0.8255882263183594,0.5836429595947266,0.5898635387420654,,,
1,49,0.8579463958740234,0.5477581024169922,0.6809175610542297,,,
1,50,0.840266227722168,0.3842010498046875,0.8011281490325928,,,
1,51,0.8519296646118164,0.5934001207351685,0.6208008527755737,,,
1,52,0.8810606002807617,0.6433916091918945,0.6130406260490417,,,
1,53,0.8723173141479492,0.5988680720329285,0.650386393070221,,,
1,54,0.8007354736328125,0.40678152441978455,0.7465863823890686,,,
1,55,0.8740234375,0.6631991267204285,0.5781227946281433,,,
1,56,0.8311729431152344,0.5031030178070068,0.6876378059387207,,,
1,57,0.8602743148803711,0.6032274961471558,0.619084894657135,,,
1,58,0.7887058258056641,0.3626229465007782,0.7767132520675659,,,
1,59,0.8835868835449219,0.6535141468048096,0.6052393913269043,,,
1,60,0.8920106887817383,0.7000166773796082,0.565369725227356,,,
1,61,0.9039115905761719,0.6654995083808899,0.6415552496910095,,,
1,61,,,,0.8423160910606384,0.6170546412467957,0.5964273810386658
2,62,0.8877544403076172,0.6723001003265381,0.5916368961334229,,,
2,63,0.903416633605957,0.7179204821586609,0.5676393508911133,,,
2,64,0.8021154403686523,0.31339219212532043,0.8223822116851807,,,
2,65,0.9261417388916016,0.7902812361717224,0.5174271464347839,,,
2,66,0.8668937683105469,0.5342025756835938,0.7065480351448059,,,
2,67,0.8629436492919922,0.6057066917419434,0.62530517578125,,,
2,68,0.8909006118774414,0.619159996509552,0.6601357460021973,,,
2,69,0.9143896102905273,0.723039448261261,0.587067723274231,,,
2,70,0.855870246887207,0.4328979253768921,0.77814781665802,,,
2,71,0.9351625442504883,0.8172034025192261,0.5026422739028931,,,
2,72,0.9254293441772461,0.7139653563499451,0.6366348266601562,,,
2,73,0.912689208984375,0.6452559232711792,0.6816942095756531,,,
2,74,0.9242687225341797,0.668529748916626,0.6884759664535522,,,
2,75,0.9234046936035156,0.6946415305137634,0.6538567543029785,,,
2,76,0.9241647720336914,0.7476820945739746,0.5806232690811157,,,
2,77,0.9139614105224609,0.6616905331611633,0.6691912412643433,,,
2,78,0.93426513671875,0.813606858253479,0.4997138977050781,,,
2,79,0.9020929336547852,0.5285974144935608,0.768722414970398,,,
2,80,0.9364595413208008,0.7785948514938354,0.5744417905807495,,,
2,81,0.904052734375,0.556544840335846,0.7465627193450928,,,
2,82,0.8772373199462891,0.5403168201446533,0.7114274501800537,,,
2,83,0.8707847595214844,0.5328732132911682,0.7074151039123535,,,
2,84,0.9500398635864258,0.8300083875656128,0.5413954854011536,,,
2,85,0.9392280578613281,0.7262855768203735,0.6659460067749023,,,
2,86,0.9015026092529297,0.5674759149551392,0.7287051677703857,,,
2,87,0.9249534606933594,0.6671417951583862,0.6859673261642456,,,
2,88,0.9303970336914062,0.7486898303031921,0.5986406207084656,,,
2,89,0.8962173461914062,0.5754700899124146,0.7123560905456543,,,
2,90,0.9361438751220703,0.7182673215866089,0.6618444323539734,,,
2,91,0.9407243728637695,0.7195588946342468,0.6784871816635132,,,
2,92,0.9116973876953125,0.568225622177124,0.7498928308486938,,,
2,92,,,,0.919134795665741,0.7531843781471252,0.575270414352417
3,93,0.9568939208984375,0.8286262154579163,0.5818930864334106,,,
3,94,0.9338359832763672,0.666973888874054,0.7145659923553467,,,
3,95,0.9231882095336914,0.6975024342536926,0.6391012668609619,,,
3,96,0.8916759490966797,0.42541924118995667,0.8196347951889038,,,
3,97,0.9559354782104492,0.8605338335037231,0.49382442235946655,,,
3,98,0.8754215240478516,0.486270934343338,0.7506315112113953,,,
3,99,0.9383506774902344,0.790791392326355,0.5490444898605347,,,
3,100,0.8996047973632812,0.5577104091644287,0.7283633947372437,,,
3,101,0.9501333236694336,0.8127231597900391,0.5669203996658325,,,
3,102,0.9086093902587891,0.47444334626197815,0.8123480677604675,,,
3,103,0.925532341003418,0.6715571284294128,0.6758146286010742,,,
3,104,0.9633283615112305,0.86601322889328,0.5327118635177612,,,
3,105,0.9240198135375977,0.6422287821769714,0.703988790512085,,,
3,106,0.9578571319580078,0.8627810478210449,0.4961223006248474,,,
3,107,0.9529838562011719,0.8221802115440369,0.5616517066955566,,,
3,108,0.9520368576049805,0.8152039051055908,0.5663914680480957,,,
3,109,0.9247713088989258,0.667297899723053,0.6729676723480225,,,
3,110,0.8308238983154297,0.2494499683380127,0.8751484155654907,,,
3,111,0.8672857284545898,0.3594282865524292,0.8317738175392151,,,
3,112,0.9042396545410156,0.6195318698883057,0.6708451509475708,,,
3,113,0.9621009826660156,0.874283492565155,0.4863755702972412,,,
3,114,0.9342947006225586,0.6648065447807312,0.7069403529167175,,,
3,115,0.9524269104003906,0.8242289423942566,0.5461204051971436,,,
3,116,0.9615106582641602,0.8538093566894531,0.5384060144424438,,,
3,117,0.8592948913574219,0.3987775146961212,0.7896094918251038,,,
3,118,0.9572286605834961,0.8422825932502747,0.5337440967559814,,,
3,119,0.9725923538208008,0.9108497500419617,0.45705944299697876,,,
3,120,0.9427490234375,0.7912082672119141,0.5552419424057007,,,
3,121,0.909214973449707,0.6114870309829712,0.6871594190597534,,,
3,122,0.9583215713500977,0.874087393283844,0.4515242576599121,,,
3,123,0.9307085871696472,0.7094605565071106,0.6327439546585083,,,
3,123,,,,0.8569018244743347,0.642716646194458,0.5686872005462646
4,124,0.9116945266723633,0.6062317490577698,0.6969231367111206,,,
4,125,0.9462242126464844,0.8035761117935181,0.5460718274116516,,,
4,126,0.9201536178588867,0.6102442145347595,0.7155500650405884,,,
4,127,0.9375581741333008,0.7301557660102844,0.6303771734237671,,,
4,128,0.9313259124755859,0.6887588500976562,0.6630420684814453,,,
4,129,0.953953742980957,0.8167523741722107,0.5621041655540466,,,
4,130,0.9021406173706055,0.5073361992835999,0.7667597532272339,,,
4,131,0.961522102355957,0.8152322173118591,0.6171606779098511,,,
4,132,0.969512939453125,0.8846511840820312,0.5104733109474182,,,
4,133,0.9681301116943359,0.8771826028823853,0.5191327333450317,,,
4,134,0.958404541015625,0.8228777647018433,0.5750501751899719,,,
4,135,0.9539451599121094,0.8075640201568604,0.5750468969345093,,,
4,136,0.9645767211914062,0.8800134658813477,0.4728694558143616,,,
4,137,0.9461517333984375,0.7734271287918091,0.5940097570419312,,,
4,138,0.9324445724487305,0.6975388526916504,0.6482023596763611,,,
4,139,0.9539985656738281,0.7915552258491516,0.6043193340301514,,,
4,140,0.9674711227416992,0.9201351404190063,0.3512430191040039,,,
4,141,0.9585809707641602,0.8185468316078186,0.5791200995445251,,,
4,142,0.8741455078125,0.28999075293540955,0.8742402195930481,,,
4,143,0.9369392395019531,0.7060985565185547,0.6495853066444397,,,
4,144,0.9460716247558594,0.7356359362602234,0.647639811038971,,,
4,145,0.9627704620361328,0.8694869875907898,0.4799613356590271,,,
4,146,0.9336385726928711,0.6931499242782593,0.6528021693229675,,,
4,147,0.9386863708496094,0.7480207681655884,0.594605565071106,,,
4,148,0.9621706008911133,0.8126670718193054,0.6159173250198364,,,
4,149,0.9356269836425781,0.7074984312057495,0.6391938924789429,,,
4,150,0.9584865570068359,0.822996973991394,0.563514232635498,,,
4,151,0.956639289855957,0.7870278358459473,0.6226836442947388,,,
4,152,0.944951057434082,0.7207983136177063,0.6595642566680908,,,
4,153,0.9653949737548828,0.8655999302864075,0.5130079984664917,,,
4,154,0.9352645874023438,0.6548474431037903,0.6991792917251587,,,
4,154,,,,0.9190428256988525,0.7561028003692627,0.532709538936615
5,155,0.9612932205200195,0.8144814968109131,0.599419116973877,,,
5,156,0.956298828125,0.7420850992202759,0.6861816644668579,,,
5,157,0.9194469451904297,0.3976309299468994,0.8609049320220947,,,
5,158,0.9594335556030273,0.8254684805870056,0.5597175359725952,,,
5,159,0.9401121139526367,0.6768022775650024,0.6904604434967041,,,
5,160,0.9651165008544922,0.7592491507530212,0.7148005962371826,,,
5,161,0.9805088043212891,0.9261891841888428,0.46462905406951904,,,
5,162,0.9562244415283203,0.7761827707290649,0.6305090188980103,,,
5,163,0.9586668014526367,0.8450114727020264,0.5037263631820679,,,
5,164,0.9592256546020508,0.8465885519981384,0.5032305717468262,,,
5,165,0.9244480133056641,0.6224161386489868,0.6937780380249023,,,
5,166,0.9483118057250977,0.7589709162712097,0.6104539632797241,,,
5,167,0.9505138397216797,0.7744903564453125,0.5956212282180786,,,
5,168,0.9060211181640625,0.4859146177768707,0.7744961977005005,,,
5,169,0.9442853927612305,0.6866347193717957,0.690210223197937,,,
5,170,0.9357452392578125,0.6337563991546631,0.7162749767303467,,,
5,171,0.9570913314819336,0.7456212043762207,0.6768351793289185,,,
5,172,0.9774637222290039,0.914292573928833,0.4663936495780945,,,
5,173,0.9752817153930664,0.8956003189086914,0.5101222395896912,,,
5,174,0.9686870574951172,0.8590161800384521,0.5449962615966797,,,
5,175,0.9631023406982422,0.8907595872879028,0.39527076482772827,,,
5,176,0.9610567092895508,0.8528993129730225,0.4913111925125122,,,
5,177,0.966160774230957,0.9051206111907959,0.3661075830459595,,,
5,178,0.935053825378418,0.690176784992218,0.6427161693572998,,,
5,179,0.9385137557983398,0.7114217281341553,0.6277061700820923,,,
5,180,0.9315252304077148,0.7205175161361694,0.5856344103813171,,,
5,181,0.9625816345214844,0.870480477809906,0.44902747869491577,,,
5,182,0.9717178344726562,0.8976882100105286,0.447478711605072,,,
5,183,0.9460821151733398,0.7310157418251038,0.6326892375946045,,,
5,184,0.9556760787963867,0.8368449211120605,0.48855602741241455,,,
5,185,0.9626070857048035,0.8630053400993347,0.4671732783317566,,,
5,185,,,,0.9280509948730469,0.7766537070274353,0.5171682834625244
6,186,0.9691219329833984,0.8472318053245544,0.5712686777114868,,,
6,187,0.9597225189208984,0.803360641002655,0.5892090797424316,,,
6,188,0.9553518295288086,0.723695695400238,0.6858208179473877,,,
6,189,0.9748907089233398,0.9108171463012695,0.427726686000824,,,
6,190,0.9747562408447266,0.895110547542572,0.48843586444854736,,,
6,191,0.9756221771240234,0.9233214855194092,0.3776894807815552,,,
6,192,0.9382562637329102,0.6518950462341309,0.6940532326698303,,,
6,193,0.9718751907348633,0.8869383335113525,0.47950679063796997,,,
6,194,0.9409170150756836,0.7171444892883301,0.6193989515304565,,,
6,195,0.9689178466796875,0.880656898021698,0.46510159969329834,,,
6,196,0.9655857086181641,0.8730831742286682,0.4577958583831787,,,
6,197,0.9698905944824219,0.9064611196517944,0.37880051136016846,,,
6,198,0.9472618103027344,0.662932276725769,0.7151228189468384,,,
6,199,0.9470243453979492,0.6892537474632263,0.6818439364433289,,,
6,200,0.94342041015625,0.7243545651435852,0.6183610558509827,,,
6,201,0.9636878967285156,0.8752506375312805,0.4301608204841614,,,
6,202,0.9614057540893555,0.7120627760887146,0.7274551391601562,,,
6,203,0.96875,0.8695328235626221,0.49409353733062744,,,
6,204,0.9621000289916992,0.7785844206809998,0.6383234858512878,,,
6,205,0.979771614074707,0.925387978553772,0.41796547174453735,,,
6,206,0.9300107955932617,0.5290565490722656,0.7777512669563293,,,
6,207,0.9674892425537109,0.8660563230514526,0.48731815814971924,,,
6,208,0.9661741256713867,0.8282464146614075,0.5729919075965881,,,
6,209,0.9743270874023438,0.9149532914161682,0.3854182958602905,,,
6,210,0.960474967956543,0.8464676141738892,0.47850602865219116,,,
6,211,0.9667930603027344,0.859464168548584,0.4981592297554016,,,
6,212,0.9517421722412109,0.7341954708099365,0.6373772025108337,,,
6,213,0.9474554061889648,0.7296397089958191,0.6214884519577026,,,
6,214,0.9659700393676758,0.8169492483139038,0.5912039875984192,,,
6,215,0.9214267730712891,0.5443131923675537,0.7380551695823669,,,
6,216,0.9336624145507812,0.6614997386932373,0.6529558897018433,,,
6,216,,,,0.9442850947380066,0.8141822814941406,0.4902937710285187
7,217,0.9660015106201172,0.7904592752456665,0.6398990154266357,,,
7,218,0.9721584320068359,0.8414239883422852,0.5928547382354736,,,
7,219,0.9706697463989258,0.8506777882575989,0.5530264973640442,,,
7,220,0.9686679840087891,0.8354939222335815,0.5718377232551575,,,
7,221,0.9692068099975586,0.8788159489631653,0.45535528659820557,,,
7,222,0.9288845062255859,0.4642459452152252,0.8146328330039978,,,
7,223,0.9745330810546875,0.8941682577133179,0.4627724885940552,,,
7,224,0.9486246109008789,0.7521782517433167,0.585302472114563,,,
7,225,0.9535446166992188,0.7580357789993286,0.6031544208526611,,,
7,226,0.9690122604370117,0.8955081105232239,0.3902798295021057,,,
7,227,0.9653463363647461,0.855823278427124,0.4807004928588867,,,
7,228,0.9644279479980469,0.8383440971374512,0.5180047750473022,,,
7,229,0.9687108993530273,0.8228618502616882,0.5915696620941162,,,
7,230,0.9614286422729492,0.7908132672309875,0.5958647727966309,,,
7,231,0.9768276214599609,0.8799642324447632,0.5375790596008301,,,
7,232,0.9754304885864258,0.9049385190010071,0.42425107955932617,,,
7,233,0.9705228805541992,0.8684337139129639,0.49275362491607666,,,
7,234,0.9666404724121094,0.8515235781669617,0.5018227100372314,,,
7,235,0.9821386337280273,0.9449871778488159,0.3215845227241516,,,
7,236,0.9482994079589844,0.7075565457344055,0.6428165435791016,,,
7,237,0.9429121017456055,0.6247076988220215,0.7148436903953552,,,
7,238,0.9740219116210938,0.9056054353713989,0.39749395847320557,,,
7,239,0.9440784454345703,0.694819450378418,0.6376268863677979,,,
7,240,0.9602804183959961,0.8083164691925049,0.5426398515701294,,,
7,241,0.965571403503418,0.8365294337272644,0.5239963531494141,,,
7,242,0.9656515121459961,0.8219113945960999,0.5572024583816528,,,
7,243,0.9697065353393555,0.8621466159820557,0.4960021376609802,,,
7,244,0.9783773422241211,0.9434234499931335,0.2649438977241516,,,
7,245,0.9600296020507812,0.7763548493385315,0.6010633707046509,,,
7,246,0.9606542587280273,0.7740543484687805,0.6077216863632202,,,
7,247,0.9787585139274597,0.9208856225013733,0.3897704482078552,,,
7,247,,,,0.9441952109336853,0.8146174550056458,0.4745820462703705
8,248,0.9538564682006836,0.6526960134506226,0.7278313636779785,,,
8,249,0.9569578170776367,0.8062087893486023,0.5163588523864746,,,
8,250,0.9682369232177734,0.8973829746246338,0.3556585907936096,,,
8,251,0.9655132293701172,0.7648565769195557,0.6559957265853882,,,
8,252,0.9601840972900391,0.7673485279083252,0.6123309135437012,,,
8,253,0.974217414855957,0.8757434487342834,0.4962524175643921,,,
8,254,0.9688262939453125,0.8590062260627747,0.486297607421875,,,
8,255,0.960540771484375,0.8086986541748047,0.5364465713500977,,,
8,256,0.967158317565918,0.811397135257721,0.5825099349021912,,,
8,257,0.9796075820922852,0.9125747084617615,0.4334564208984375,,,
8,258,0.9727945327758789,0.8961181044578552,0.404293954372406,,,
8,259,0.967808723449707,0.881381630897522,0.4010959267616272,,,
8,260,0.9626483917236328,0.8308741450309753,0.4970560669898987,,,
8,261,0.965580940246582,0.7894439101219177,0.607475221157074,,,
8,262,0.9424514770507812,0.6588190197944641,0.6626341342926025,,,
8,263,0.9742393493652344,0.8793455362319946,0.47715669870376587,,,
8,264,0.9712095260620117,0.8751844763755798,0.4537641406059265,,,
8,265,0.9673299789428711,0.8841572999954224,0.38200610876083374,,,
8,266,0.9713687896728516,0.8709724545478821,0.46759992837905884,,,
8,267,0.9788608551025391,0.9188703298568726,0.3842476010322571,,,
8,268,0.9546279907226562,0.6610091924667358,0.7118962407112122,,,
8,269,0.9620246887207031,0.8124343752861023,0.5275135040283203,,,
8,270,0.9641447067260742,0.7829134464263916,0.600196361541748,,,
8,271,0.9789438247680664,0.930229127407074,0.32397937774658203,,,
8,272,0.9791431427001953,0.8588549494743347,0.5951465964317322,,,
8,273,0.9713172912597656,0.8741642832756042,0.4500601291656494,,,
8,274,0.9687814712524414,0.8490584492683411,0.49580806493759155,,,
8,275,0.9719076156616211,0.8505949378013611,0.5256938338279724,,,
8,276,0.9764041900634766,0.8852055072784424,0.4752134084701538,,,
8,277,0.9752016067504883,0.9055315852165222,0.38133150339126587,,,
8,278,0.9802055358886719,0.9191673398017883,0.3951805830001831,,,
8,278,,,,0.9449729919433594,0.816217839717865,0.4578820765018463
9,279,0.967778205871582,0.815055251121521,0.5628260374069214,,,
9,280,0.9809560775756836,0.9247446656227112,0.3791196942329407,,,
9,281,0.9797706604003906,0.9250234365463257,0.35672515630722046,,,
9,282,0.9730463027954102,0.7672907710075378,0.6949903964996338,,,
9,283,0.9629325866699219,0.778264582157135,0.591496467590332,,,
9,284,0.9637556076049805,0.7868993878364563,0.5806392431259155,,,
9,285,0.9768295288085938,0.8703044056892395,0.5202493071556091,,,
9,286,0.9678688049316406,0.7512605786323547,0.6694132089614868,,,
9,287,0.9554653167724609,0.6703422665596008,0.6962528228759766,,,
9,288,0.9864683151245117,0.9577596187591553,0.2724776864051819,,,
9,289,0.9754199981689453,0.8535118699073792,0.547085165977478,,,
9,290,0.9592370986938477,0.7668851613998413,0.579970121383667,,,
9,291,0.9633007049560547,0.8085548877716064,0.5288324356079102,,,
9,292,0.9726924896240234,0.8749694228172302,0.44842296838760376,,,
9,293,0.9665088653564453,0.7818012237548828,0.6050443649291992,,,
9,294,0.9675674438476562,0.8572076559066772,0.44432854652404785,,,
9,295,0.9579000473022461,0.6611919403076172,0.7112448215484619,,,
9,296,0.9783248901367188,0.9128798246383667,0.3807637095451355,,,
9,297,0.967045783996582,0.8614646792411804,0.42740583419799805,,,
9,298,0.9771671295166016,0.8692872524261475,0.5219216346740723,,,
9,299,0.9719762802124023,0.892077624797821,0.37559181451797485,,,
9,300,0.9776401519775391,0.9325510263442993,0.2715829610824585,,,
9,301,0.9737567901611328,0.8980357646942139,0.3726697564125061,,,
9,302,0.9746990203857422,0.8671780228614807,0.48759204149246216,,,
9,303,0.9782905578613281,0.9111437201499939,0.3800619840621948,,,
9,304,0.9709920883178711,0.8868107795715332,0.3800605535507202,,,
9,305,0.9780902862548828,0.9144625067710876,0.3612849712371826,,,
9,306,0.9785890579223633,0.9120644330978394,0.37792468070983887,,,
9,307,0.9741621017456055,0.8990893363952637,0.3683627247810364,,,
9,308,0.9665765762329102,0.8213173151016235,0.5165631771087646,,,
9,309,0.9602063298225403,0.7750244140625,0.5586502552032471,,,
9,309,,,,0.9445716142654419,0.8154288530349731,0.4362510144710541
10,310,0.9767436981201172,0.8880441188812256,0.4433397054672241,,,
10,311,0.9637384414672852,0.757901668548584,0.6145484447479248,,,
10,312,0.9795637130737305,0.8967007994651794,0.4522068500518799,,,
10,313,0.9741611480712891,0.8182513117790222,0.5960372686386108,,,
10,314,0.9760313034057617,0.8986605405807495,0.3908650875091553,,,
10,315,0.9661941528320312,0.8386754989624023,0.4667986035346985,,,
10,316,0.9779644012451172,0.8933890461921692,0.43522346019744873,,,
10,317,0.9715757369995117,0.8676762580871582,0.4386630058288574,,,
10,318,0.9699792861938477,0.8601405620574951,0.4406415820121765,,,
10,319,0.9709815979003906,0.8231968283653259,0.5440176129341125,,,
10,320,0.9182529449462891,0.5202305912971497,0.7057923078536987,,,
10,321,0.9767904281616211,0.9305781722068787,0.2558194398880005,,,
10,322,0.9766645431518555,0.9126793146133423,0.33333486318588257,,,
10,323,0.9728384017944336,0.90444415807724,0.3200739026069641,,,
10,324,0.9633417129516602,0.8322166204452515,0.4500519037246704,,,
10,325,0.9667797088623047,0.8476722836494446,0.4393845200538635,,,
10,326,0.9794692993164062,0.9012132883071899,0.4211217761039734,,,
10,327,0.9723272323608398,0.7709877490997314,0.6518325805664062,,,
10,328,0.980402946472168,0.9064359664916992,0.4132840037345886,,,
10,329,0.9768457412719727,0.8977459669113159,0.39352017641067505,,,
10,330,0.9808578491210938,0.9308059811592102,0.3044065237045288,,,
10,331,0.9699802398681641,0.8247532248497009,0.5216464400291443,,,
10,332,0.9704627990722656,0.8758343458175659,0.38683241605758667,,,
10,333,0.9716424942016602,0.8692254424095154,0.4189923405647278,,,
10,334,0.9568243026733398,0.7665112614631653,0.5316094756126404,,,
10,335,0.9762029647827148,0.9034229516983032,0.35677844285964966,,,
10,336,0.9696664810180664,0.833283543586731,0.4941902160644531,,,
10,337,0.9658994674682617,0.7852252125740051,0.5620408058166504,,,
10,338,0.9828071594238281,0.9393323659896851,0.28462713956832886,,,
10,339,0.9791545867919922,0.8916031718254089,0.44120359420776367,,,
10,340,0.9692001342773438,0.7763269543647766,0.6052132844924927,,,
10,340,,,,0.9466014504432678,0.81950443983078,0.42713606357574463
11,341,0.9784040451049805,0.8496826887130737,0.5538986921310425,,,
11,342,0.974247932434082,0.9233964085578918,0.2471224069595337,,,
11,343,0.9741134643554688,0.8796883225440979,0.40881288051605225,,,
11,344,0.9715890884399414,0.8484489321708679,0.4694676399230957,,,
11,345,0.9822330474853516,0.9358236789703369,0.28838497400283813,,,
11,346,0.9697742462158203,0.8770158290863037,0.36517810821533203,,,
11,347,0.9670705795288086,0.8160660266876221,0.49943435192108154,,,
11,348,0.9735908508300781,0.8927402496337891,0.3518308401107788,,,
11,349,0.9771537780761719,0.9176311492919922,0.29860955476760864,,,
11,350,0.981781005859375,0.9246304035186768,0.3354291319847107,,,
11,351,0.9741706848144531,0.8347619771957397,0.5285815000534058,,,
11,352,0.9826126098632812,0.9060022234916687,0.4359729290008545,,,
11,353,0.9799118041992188,0.9024074077606201,0.40015673637390137,,,
11,354,0.9467105865478516,0.58150714635849,0.7104846239089966,,,
11,355,0.9823827743530273,0.9288062453269958,0.3227729797363281,,,
11,356,0.9801435470581055,0.8755722045898438,0.49483150243759155,,,
11,357,0.9752464294433594,0.8843001127243042,0.3965038061141968,,,
11,358,0.970454216003418,0.7982692718505859,0.5611950159072876,,,
11,359,0.9652042388916016,0.7876065969467163,0.5346200466156006,,,
11,360,0.9787998199462891,0.9165753722190857,0.3172439932823181,,,
11,361,0.977177619934082,0.9215783476829529,0.27396297454833984,,,
11,362,0.9686899185180664,0.7821173071861267,0.5718935132026672,,,
11,363,0.977691650390625,0.9071789979934692,0.33957868814468384,,,
11,364,0.9658021926879883,0.7993486523628235,0.5130736231803894,,,
11,365,0.9772500991821289,0.8857890963554382,0.4105120897293091,,,
11,366,0.9799318313598633,0.8640817403793335,0.518176794052124,,,
11,367,0.9785985946655273,0.9124134182929993,0.3275526165962219,,,
11,368,0.9826745986938477,0.9074867963790894,0.4145357608795166,,,
11,369,0.9757146835327148,0.9064708352088928,0.31531190872192383,,,
11,370,0.9442243576049805,0.5951390266418457,0.6815645694732666,,,
11,371,0.9684880375862122,0.8396806716918945,0.4391307830810547,,,
11,371,,,,0.941778838634491,0.8084151148796082,0.4118368923664093
12,372,0.9681205749511719,0.8039551377296448,0.5161136984825134,,,
12,373,0.9827003479003906,0.9153570532798767,0.374700665473938,,,
12,374,0.978856086730957,0.9171335697174072,0.3042635917663574,,,
12,375,0.9826765060424805,0.9453731775283813,0.22249209880828857,,,
12,376,0.9726352691650391,0.841011106967926,0.47765618562698364,,,
12,377,0.9821376800537109,0.9129784107208252,0.37345635890960693,,,
12,378,0.9845829010009766,0.9259405136108398,0.3608192801475525,,,
12,379,0.9741096496582031,0.8444552421569824,0.48311299085617065,,,
12,380,0.9829683303833008,0.9430423974990845,0.235609769821167,,,
12,381,0.9743680953979492,0.9073018431663513,0.28566545248031616,,,
12,382,0.9750909805297852,0.9059679508209229,0.2953226566314697,,,
12,383,0.970128059387207,0.7996866703033447,0.5368188619613647,,,
12,384,0.9762210845947266,0.8841851949691772,0.3862755298614502,,,
12,385,0.9746742248535156,0.9011873602867126,0.3089664578437805,,,
12,386,0.9781837463378906,0.8797670602798462,0.4274597764015198,,,
12,387,0.9762649536132812,0.9046970009803772,0.31349289417266846,,,
12,388,0.9824867248535156,0.9138010144233704,0.36737602949142456,,,
12,389,0.9808273315429688,0.9255412817001343,0.2848156690597534,,,
12,390,0.9847030639648438,0.9287111163139343,0.3379868268966675,,,
12,391,0.9800958633422852,0.8557726144790649,0.5240007638931274,,,
12,392,0.974146842956543,0.8410560488700867,0.4805285930633545,,,
12,393,0.9810609817504883,0.8794165849685669,0.46901023387908936,,,
12,394,0.9611368179321289,0.6851527094841003,0.642992377281189,,,
12,395,0.9763507843017578,0.8673520684242249,0.43505972623825073,,,
12,396,0.9818153381347656,0.9339931011199951,0.25457364320755005,,,
12,397,0.9760589599609375,0.8837799429893494,0.3755897283554077,,,
12,398,0.9744796752929688,0.8595600128173828,0.42850261926651,,,
12,399,0.9623851776123047,0.6920590400695801,0.635766863822937,,,
12,400,0.9723596572875977,0.8570674657821655,0.4117828607559204,,,
12,401,0.98406982421875,0.9385045766830444,0.2639254331588745,,,
12,402,0.9496841430664062,0.4541316032409668,0.8049349784851074,,,
12,402,,,,0.9462296962738037,0.816605806350708,0.39786216616630554
13,403,0.9810400009155273,0.9122492074966431,0.33712852001190186,,,
13,404,0.9723625183105469,0.8924667239189148,0.3027222752571106,,,
13,405,0.9790306091308594,0.8904969096183777,0.38691526651382446,,,
13,406,0.9697561264038086,0.7726259231567383,0.5671050548553467,,,
13,407,0.9597673416137695,0.6509951949119568,0.6643517017364502,,,
13,408,0.9789867401123047,0.8630237579345703,0.4701695442199707,,,
13,409,0.9800949096679688,0.931754469871521,0.23514515161514282,,,
13,410,0.9857187271118164,0.9397677779197693,0.28354310989379883,,,
13,411,0.9845180511474609,0.942126452922821,0.2452353835105896,,,
13,412,0.9814863204956055,0.8686295747756958,0.4893586039543152,,,
13,413,0.9814949035644531,0.8912301063537598,0.4169861078262329,,,
13,414,0.9771566390991211,0.8516419529914856,0.471699595451355,,,
13,415,0.9826211929321289,0.9457747340202332,0.19467604160308838,,,
13,416,0.9839544296264648,0.9171426892280579,0.35722845792770386,,,
13,417,0.9821376800537109,0.8887767195701599,0.4345388412475586,,,
13,418,0.9789533615112305,0.8887421488761902,0.38221031427383423,,,
13,419,0.9761419296264648,0.8829044103622437,0.36464691162109375,,,
13,420,0.9901371002197266,0.9692871570587158,0.17207324504852295,,,
13,421,0.9819793701171875,0.9449657797813416,0.18637865781784058,,,
13,422,0.9762411117553711,0.8188487887382507,0.5307602286338806,,,
13,423,0.9764871597290039,0.8683311343193054,0.4098209738731384,,,
13,424,0.9797496795654297,0.8908137083053589,0.3833417296409607,,,
13,425,0.9762907028198242,0.866445004940033,0.4135432243347168,,,
13,426,0.9827985763549805,0.9000155329704285,0.39905065298080444,,,
13,427,0.9794073104858398,0.9063291549682617,0.3180546760559082,,,
13,428,0.980433464050293,0.8836172223091125,0.41543930768966675,,,
13,429,0.9830198287963867,0.9318205118179321,0.26135921478271484,,,
13,430,0.9740514755249023,0.8533017635345459,0.41768044233322144,,,
13,431,0.9723625183105469,0.8329105377197266,0.4473937153816223,,,
13,432,0.9782886505126953,0.886281430721283,0.36745768785476685,,,
13,433,0.980963408946991,0.9131067991256714,0.3058503270149231,,,
13,433,,,,0.948944091796875,0.8253946900367737,0.3745540976524353
14,434,0.9875917434692383,0.959572434425354,0.18162912130355835,,,
14,435,0.969390869140625,0.821945071220398,0.44071030616760254,,,
14,436,0.9835309982299805,0.9193643927574158,0.320834755897522,,,
14,437,0.9804315567016602,0.866256058216095,0.4580051302909851,,,
14,438,0.9837656021118164,0.9330425262451172,0.25991058349609375,,,
14,439,0.9807577133178711,0.8332065939903259,0.544641375541687,,,
14,440,0.9826993942260742,0.9307203888893127,0.2522924542427063,,,
14,441,0.9693632125854492,0.8206239342689514,0.4411330223083496,,,
14,442,0.9824504852294922,0.9223138093948364,0.2834157943725586,,,
14,443,0.9774389266967773,0.8743453621864319,0.3841158151626587,,,
14,444,0.9792890548706055,0.891593337059021,0.35391783714294434,,,
14,445,0.9795017242431641,0.853547215461731,0.471604585647583,,,
14,446,0.9790372848510742,0.8841636180877686,0.37345606088638306,,,
14,447,0.9768028259277344,0.8822287917137146,0.3494419455528259,,,
14,448,0.9814271926879883,0.886955976486206,0.3967199921607971,,,
14,449,0.9815454483032227,0.9353216290473938,0.2062443494796753,,,
14,450,0.9802017211914062,0.9083940982818604,0.29719680547714233,,,
14,451,0.9834775924682617,0.9050127863883972,0.362821102142334,,,
14,452,0.9829492568969727,0.8815489411354065,0.43509727716445923,,,
14,453,0.9782791137695312,0.8602416515350342,0.4275551438331604,,,
14,454,0.9864473342895508,0.935779333114624,0.28070682287216187,,,
14,455,0.9809589385986328,0.9320283532142639,0.2110757827758789,,,
14,456,0.9668245315551758,0.7468010783195496,0.5408885478973389,,,
14,457,0.9828519821166992,0.9424746036529541,0.18648093938827515,,,
14,458,0.977900505065918,0.8594306111335754,0.41729044914245605,,,
14,459,0.9788703918457031,0.8853428959846497,0.35134029388427734,,,
14,460,0.9838161468505859,0.9219192266464233,0.28905850648880005,,,
14,461,0.9770030975341797,0.814604640007019,0.5103284120559692,,,
14,462,0.9862680435180664,0.9522241950035095,0.18208080530166626,,,
14,463,0.9837923049926758,0.9343368411064148,0.23288589715957642,,,
14,464,0.9862454533576965,0.942822277545929,0.2299795150756836,,,
14,464,,,,0.9482532143592834,0.8202656507492065,0.35412144660949707
15,465,0.9837331771850586,0.9568660855293274,0.12819164991378784,,,
15,466,0.9723081588745117,0.8590156435966492,0.34784406423568726,,,
15,467,0.9800691604614258,0.8804548382759094,0.3752443194389343,,,
15,468,0.984135627746582,0.8570680022239685,0.5093564391136169,,,
15,469,0.9700736999511719,0.8949904441833496,0.22661155462265015,,,
15,470,0.9854764938354492,0.9413294196128845,0.2192499041557312,,,
15,471,0.9790935516357422,0.935926079750061,0.1656283140182495,,,
15,472,0.981532096862793,0.8714305758476257,0.4251284599304199,,,
15,473,0.9840936660766602,0.9133288264274597,0.3202506899833679,,,
15,474,0.9813394546508789,0.8714380264282227,0.41791319847106934,,,
15,475,0.9774570465087891,0.8625425696372986,0.38752490282058716,,,
15,476,0.9761371612548828,0.857360303401947,0.3826252818107605,,,
15,477,0.9806966781616211,0.9357544779777527,0.17770224809646606,,,
15,478,0.976038932800293,0.8275163769721985,0.4510589838027954,,,
15,479,0.9804544448852539,0.8862197995185852,0.3527335524559021,,,
15,480,0.978205680847168,0.8669914603233337,0.3780788779258728,,,
15,481,0.983738899230957,0.9091436862945557,0.3226233720779419,,,
15,482,0.9790573120117188,0.8994583487510681,0.29086077213287354,,,
15,483,0.9889736175537109,0.8995778560638428,0.47494155168533325,,,
15,484,0.9801654815673828,0.9185091853141785,0.23346155881881714,,,
15,485,0.9845247268676758,0.9155520796775818,0.3055146336555481,,,
15,486,0.9821090698242188,0.8962268829345703,0.3350245952606201,,,
15,487,0.9865236282348633,0.9498774409294128,0.17993730306625366,,,
15,488,0.9804811477661133,0.9254319071769714,0.20640575885772705,,,
15,489,0.9760780334472656,0.8910977244377136,0.27413153648376465,,,
15,490,0.9793157577514648,0.9291965961456299,0.18144291639328003,,,
15,491,0.9829816818237305,0.9086427092552185,0.30220574140548706,,,
15,492,0.9813051223754883,0.8812277913093567,0.3701949119567871,,,
15,493,0.9797306060791016,0.8862759470939636,0.3337838053703308,,,
15,494,0.9697399139404297,0.6502964496612549,0.6681854724884033,,,
15,495,0.9842808842658997,0.9066455364227295,0.3274543285369873,,,
15,495,,,,0.9525206089019775,0.8319655060768127,0.33665162324905396
16,496,0.9831790924072266,0.8951404690742493,0.35231930017471313,,,
16,497,0.9838676452636719,0.89316725730896,0.3663666844367981,,,
16,498,0.9800119400024414,0.9251856803894043,0.19837236404418945,,,
16,499,0.961176872253418,0.716641366481781,0.5108973383903503,,,
16,500,0.9734735488891602,0.8453338742256165,0.3621554374694824,,,
16,501,0.9770431518554688,0.8963298797607422,0.2591729164123535,,,
16,502,0.9761209487915039,0.8669228553771973,0.33291375637054443,,,
16,503,0.9846906661987305,0.9331998825073242,0.22188258171081543,,,
16,504,0.9840793609619141,0.9355990886688232,0.20111137628555298,,,
16,505,0.9846887588500977,0.9364528656005859,0.20508325099945068,,,
16,506,0.9829435348510742,0.8980650305747986,0.326596200466156,,,
16,507,0.9856777191162109,0.9453310370445251,0.17811113595962524,,,
16,508,0.9813385009765625,0.8339048624038696,0.4784085750579834,,,
16,509,0.9829292297363281,0.9329826235771179,0.19291043281555176,,,
16,510,0.9797677993774414,0.9193533062934875,0.20702844858169556,,,
16,511,0.9716472625732422,0.786734938621521,0.46189165115356445,,,
16,512,0.978759765625,0.863462507724762,0.3673619031906128,,,
16,513,0.9811944961547852,0.8883333206176758,0.32732051610946655,,,
16,514,0.9849452972412109,0.8937920928001404,0.36983567476272583,,,
16,515,0.9819393157958984,0.8820385932922363,0.3549266457557678,,,
16,516,0.9841842651367188,0.9354977011680603,0.19517648220062256,,,
16,517,0.9826889038085938,0.9054814577102661,0.2887679934501648,,,
16,518,0.9837942123413086,0.9292883276939392,0.21313726902008057,,,
16,519,0.979304313659668,0.8776760697364807,0.3302064538002014,,,
16,520,0.9791879653930664,0.90345299243927,0.2470816969871521,,,
16,521,0.9807615280151367,0.925646185874939,0.18963730335235596,,,
16,522,0.9859027862548828,0.909407913684845,0.3210507035255432,,,
16,523,0.9725351333618164,0.8747314214706421,0.2695344090461731,,,
16,524,0.9818010330200195,0.954570472240448,0.10446226596832275,,,
16,525,0.9836549758911133,0.8956770896911621,0.3295936584472656,,,
16,526,0.9858906865119934,0.8953335881233215,0.36733824014663696,,,
16,526,,,,0.9533318281173706,0.8371753096580505,0.31325024366378784
17,527,0.98828125,0.9582366347312927,0.14133495092391968,,,
17,528,0.9864683151245117,0.951022744178772,0.15031927824020386,,,
17,529,0.9824800491333008,0.9356234669685364,0.16627109050750732,,,
17,530,0.9779939651489258,0.8902011513710022,0.26968175172805786,,,
17,531,0.9809341430664062,0.9049918055534363,0.2547914385795593,,,
17,532,0.9808931350708008,0.9072011113166809,0.24527335166931152,,,
17,533,0.9843978881835938,0.9328035116195679,0.198591947555542,,,
17,534,0.9833793640136719,0.9049447774887085,0.2878224849700928,,,
17,535,0.9724111557006836,0.7957625985145569,0.4371010661125183,,,
17,536,0.9797077178955078,0.9121223092079163,0.21724748611450195,,,
17,537,0.9831361770629883,0.9307502508163452,0.1870783567428589,,,
17,538,0.9856252670288086,0.874574601650238,0.4237826466560364,,,
17,539,0.9814939498901367,0.9231271743774414,0.1957101821899414,,,
17,540,0.9867277145385742,0.9578755497932434,0.11927169561386108,,,
17,541,0.9848394393920898,0.8759762048721313,0.39845895767211914,,,
17,542,0.9850587844848633,0.9347971677780151,0.1923934817314148,,,
17,543,0.9845085144042969,0.8730252981185913,0.39673811197280884,,,
17,544,0.983642578125,0.8970060348510742,0.3101375102996826,,,
17,545,0.9838361740112305,0.9359965920448303,0.17545866966247559,,,
17,546,0.9887104034423828,0.9276237487792969,0.2892453670501709,,,
17,547,0.9814538955688477,0.8856845498085022,0.3147941827774048,,,
17,548,0.9807214736938477,0.9039297699928284,0.2471306324005127,,,
17,549,0.9829158782958984,0.8786807656288147,0.35117799043655396,,,
17,550,0.9834613800048828,0.8727127313613892,0.37421315908432007,,,
17,551,0.9739389419555664,0.7617212533950806,0.49552392959594727,,,
17,552,0.9786357879638672,0.9180299639701843,0.1794399619102478,,,
17,553,0.9847869873046875,0.9298794865608215,0.20264559984207153,,,
17,554,0.9853134155273438,0.8838586211204529,0.37073206901550293,,,
17,555,0.9825534820556641,0.9285878539085388,0.17952269315719604,,,
17,556,0.9813632965087891,0.9145888090133667,0.21661967039108276,,,
17,557,0.9841601252555847,0.8996317982673645,0.29915738105773926,,,
17,557,,,,0.9532517194747925,0.8376274704933167,0.30585458874702454
18,558,0.9884719848632812,0.9232858419418335,0.2926105260848999,,,
18,559,0.9797735214233398,0.8390880227088928,0.40045690536499023,,,
18,560,0.9786367416381836,0.8475521206855774,0.36673206090927124,,,
18,561,0.9771232604980469,0.8879913091659546,0.2493077516555786,,,
18,562,0.9779186248779297,0.7804829478263855,0.4974859952926636,,,
18,563,0.9875459671020508,0.9545843601226807,0.133844256401062,,,
18,564,0.9869089126586914,0.9558321833610535,0.1198238730430603,,,
18,565,0.9771337509155273,0.8557427525520325,0.3291792869567871,,,
18,566,0.9837989807128906,0.86639404296875,0.3855428695678711,,,
18,567,0.9827938079833984,0.9240860939025879,0.19108963012695312,,,
18,568,0.981410026550293,0.908829391002655,0.2257431149482727,,,
18,569,0.9869594573974609,0.9545773267745972,0.12311279773712158,,,
18,570,0.9843721389770508,0.8994094729423523,0.2921859622001648,,,
18,571,0.9867954254150391,0.8680013418197632,0.42986875772476196,,,
18,572,0.99249267578125,0.9241625666618347,0.3961983919143677,,,
18,573,0.9815130233764648,0.9231732487678528,0.1775786280632019,,,
18,574,0.9864349365234375,0.9526333808898926,0.12255609035491943,,,
18,575,0.9877710342407227,0.9425500631332397,0.18032991886138916,,,
18,576,0.9794368743896484,0.882285475730896,0.27351123094558716,,,
18,577,0.9813957214355469,0.9271273612976074,0.16150379180908203,,,
18,578,0.9734649658203125,0.8478407263755798,0.3034680485725403,,,
18,579,0.9831018447875977,0.9076394438743591,0.2401653528213501,,,
18,580,0.9833364486694336,0.9373031258583069,0.14577096700668335,,,
18,581,0.9832592010498047,0.9005827903747559,0.26470327377319336,,,
18,582,0.9829721450805664,0.8809468150138855,0.3172752857208252,,,
18,583,0.9831295013427734,0.9164667725563049,0.2110329270362854,,,
18,584,0.9805917739868164,0.9226750731468201,0.16752135753631592,,,
18,585,0.9838733673095703,0.9331483244895935,0.16101664304733276,,,
18,586,0.9781198501586914,0.8821998238563538,0.25411856174468994,,,
18,587,0.9857625961303711,0.9581907391548157,0.09440964460372925,,,
18,588,0.9772046208381653,0.8474116325378418,0.32839804887771606,,,
18,588,,,,0.9524095058441162,0.8332791328430176,0.29262277483940125
19,589,0.9855585098266602,0.9516497850418091,0.1133718490600586,,,
19,590,0.9836797714233398,0.8823872804641724,0.3143046498298645,,,
19,591,0.9874753952026367,0.9402464032173157,0.17727196216583252,,,
19,592,0.9824428558349609,0.8252690434455872,0.44991880655288696,,,
19,593,0.9843263626098633,0.937835693359375,0.14693307876586914,,,
19,594,0.9850034713745117,0.938534140586853,0.1516890525817871,,,
19,595,0.9851198196411133,0.9069061279296875,0.2582865357398987,,,
19,596,0.9851818084716797,0.940647542476654,0.14713960886001587,,,
19,597,0.9788799285888672,0.8650555610656738,0.301474928855896,,,
19,598,0.9836549758911133,0.920543909072876,0.19511103630065918,,,
19,599,0.9839468002319336,0.9501486420631409,0.10327804088592529,,,
19,600,0.9820060729980469,0.8992040157318115,0.2399357557296753,,,
19,601,0.9862289428710938,0.9390091896057129,0.15899580717086792,,,
19,602,0.9831819534301758,0.9256769418716431,0.17371439933776855,,,
19,603,0.9861297607421875,0.9405540227890015,0.15385472774505615,,,
19,604,0.9755449295043945,0.846802294254303,0.3082647919654846,,,
19,605,0.9782371520996094,0.8027743101119995,0.4218518137931824,,,
19,606,0.9808311462402344,0.8655392527580261,0.31346672773361206,,,
19,607,0.9813737869262695,0.8982839584350586,0.23161619901657104,,,
19,608,0.9807186126708984,0.8706933259963989,0.29936128854751587,,,
19,609,0.9861230850219727,0.937436580657959,0.16194921731948853,,,
19,610,0.9884157180786133,0.9407327771186829,0.179814875125885,,,
19,611,0.9862194061279297,0.9294857382774353,0.18812459707260132,,,
19,612,0.9863386154174805,0.9363740682601929,0.16717541217803955,,,
19,613,0.9814529418945312,0.9067733883857727,0.20626342296600342,,,
19,614,0.9856805801391602,0.8319116234779358,0.46564429998397827,,,
19,615,0.9859027862548828,0.9419450759887695,0.13864099979400635,,,
19,616,0.9816713333129883,0.8936755061149597,0.24158889055252075,,,
19,617,0.9831953048706055,0.9029723405838013,0.23166334629058838,,,
19,618,0.9854888916015625,0.9338971972465515,0.16119986772537231,,,
19,619,0.9908892512321472,0.9626741409301758,0.11878997087478638,,,
19,619,,,,0.9514355063438416,0.8279381990432739,0.28816521167755127
20,620,0.9833259582519531,0.9072102308273315,0.2206059694290161,,,
20,621,0.9866046905517578,0.9242991209030151,0.2067166566848755,,,
20,622,0.9835386276245117,0.8706091642379761,0.3206806182861328,,,
20,623,0.983790397644043,0.9340710639953613,0.14256888628005981,,,
20,624,0.9790964126586914,0.9084411859512329,0.17891442775726318,,,
20,625,0.9878568649291992,0.8537411689758301,0.4364640712738037,,,
20,626,0.9857292175292969,0.9351359605789185,0.1554185152053833,,,
20,627,0.9850254058837891,0.8906553387641907,0.28408169746398926,,,
20,628,0.9831581115722656,0.9414487481117249,0.11394709348678589,,,
20,629,0.9830617904663086,0.8658818602561951,0.31991052627563477,,,
20,630,0.9873037338256836,0.915730357170105,0.24132102727890015,,,
20,631,0.9836158752441406,0.9066689610481262,0.21966177225112915,,,
20,632,0.9827404022216797,0.937036395072937,0.12384015321731567,,,
20,633,0.9874820709228516,0.9440882802009583,0.14067941904067993,,,
20,634,0.9869174957275391,0.9407214522361755,0.14536398649215698,,,
20,635,0.9825906753540039,0.923876941204071,0.15695810317993164,,,
20,636,0.985499382019043,0.9131916761398315,0.21764129400253296,,,
20,637,0.9876298904418945,0.9312801957130432,0.18549883365631104,,,
20,638,0.9870109558105469,0.9132384657859802,0.23618650436401367,,,
20,639,0.9877166748046875,0.931686282157898,0.18760907649993896,,,
20,640,0.9820661544799805,0.937757134437561,0.1156303882598877,,,
20,641,0.9874687194824219,0.8829419612884521,0.3365497589111328,,,
20,642,0.9875946044921875,0.959298849105835,0.088692307472229,,,
20,643,0.9922914505004883,0.9694600701332092,0.1088603138923645,,,
20,644,0.977360725402832,0.8241047263145447,0.3411419987678528,,,
20,645,0.9869260787963867,0.9385480880737305,0.14918267726898193,,,
20,646,0.9853878021240234,0.9241368770599365,0.17659121751785278,,,
20,647,0.9857730865478516,0.9360209107398987,0.14681679010391235,,,
20,648,0.9811763763427734,0.9091030359268188,0.18095558881759644,,,
20,649,0.9747562408447266,0.8130332827568054,0.34222179651260376,,,
20,650,0.9832585453987122,0.940431535243988,0.11278104782104492,,,
20,650,,,,0.9482184648513794,0.8201435804367065,0.28553488850593567
21,651,0.9793186187744141,0.9150038361549377,0.15240198373794556,,,
21,652,0.9858179092407227,0.9287814497947693,0.16682356595993042,,,
21,653,0.9840593338012695,0.9385613203048706,0.12174314260482788,,,
21,654,0.9904689788818359,0.9550815224647522,0.12865108251571655,,,
21,655,0.9889230728149414,0.964564323425293,0.07871973514556885,,,
21,656,0.9863395690917969,0.9139306545257568,0.21546334028244019,,,
21,657,0.986872673034668,0.9280069470405579,0.1765378713607788,,,
21,658,0.983983039855957,0.9292749762535095,0.14439058303833008,,,
21,659,0.9802217483520508,0.9116477966308594,0.16307049989700317,,,
21,660,0.989715576171875,0.9625083208084106,0.09044903516769409,,,
21,661,0.9829559326171875,0.9177470803260803,0.1664382815361023,,,
21,662,0.9838066101074219,0.8653812408447266,0.31403493881225586,,,
21,663,0.9830503463745117,0.8865410685539246,0.24858969449996948,,,
21,664,0.9879016876220703,0.9239325523376465,0.2044128179550171,,,
21,665,0.9847078323364258,0.8730122447013855,0.3045504093170166,,,
21,666,0.9847421646118164,0.905776858329773,0.21476787328720093,,,
21,667,0.9856882095336914,0.8925231099128723,0.2622007727622986,,,
21,668,0.9916448593139648,0.9651357531547546,0.10038250684738159,,,
21,669,0.9841537475585938,0.9416534304618835,0.10974466800689697,,,
21,670,0.9840326309204102,0.9100974798202515,0.19481289386749268,,,
21,671,0.9810361862182617,0.9214773178100586,0.1409725546836853,,,
21,672,0.9765462875366211,0.8684247136116028,0.23202019929885864,,,
21,673,0.9836196899414062,0.9116529226303101,0.1839178204536438,,,
21,674,0.9867639541625977,0.931334912776947,0.1608561873435974,,,
21,675,0.9902734756469727,0.9345844984054565,0.20115983486175537,,,
21,676,0.9840030670166016,0.9079883694648743,0.19725853204727173,,,
21,677,0.9824504852294922,0.9074453115463257,0.18604284524917603,,,
21,678,0.9884777069091797,0.9422596096992493,0.1432364583015442,,,
21,679,0.9906454086303711,0.9595152735710144,0.10617226362228394,,,
21,680,0.9837350845336914,0.8712451457977295,0.28383052349090576,,,
21,681,0.9886805415153503,0.9150799512863159,0.23584586381912231,,,
21,681,,,,0.9526795148849487,0.8332228064537048,0.2715722620487213
22,682,0.9799470901489258,0.8937531113624573,0.19443947076797485,,,
22,683,0.9854068756103516,0.8885157108306885,0.26119375228881836,,,
22,684,0.9811735153198242,0.8617925643920898,0.2779409885406494,,,
22,685,0.9846096038818359,0.8986147046089172,0.2246779203414917,,,
22,686,0.9827547073364258,0.9159692525863647,0.16166800260543823,,,
22,687,0.9850616455078125,0.9302988648414612,0.1418352723121643,,,
22,688,0.9877080917358398,0.9405167698860168,0.13719630241394043,,,
22,689,0.9830236434936523,0.9066886901855469,0.18739968538284302,,,
22,690,0.9858264923095703,0.8974617123603821,0.23791831731796265,,,
22,691,0.9854907989501953,0.959129273891449,0.0716596245765686,,,
22,692,0.9852275848388672,0.940557062625885,0.11479473114013672,,,
22,693,0.9887514114379883,0.9343963861465454,0.16621333360671997,,,
22,694,0.9906978607177734,0.9701893329620361,0.06600528955459595,,,
22,695,0.9860725402832031,0.9233466386795044,0.16723114252090454,,,
22,696,0.9880208969116211,0.913184404373169,0.22321945428848267,,,
22,697,0.9845304489135742,0.8949042558670044,0.2287757396697998,,,
22,698,0.9862756729125977,0.8487768769264221,0.3628367781639099,,,
22,699,0.9867372512817383,0.9535594582557678,0.08769798278808594,,,
22,700,0.9851188659667969,0.916804850101471,0.17508232593536377,,,
22,701,0.9862680435180664,0.9060381054878235,0.21987265348434448,,,
22,702,0.9822158813476562,0.8974697589874268,0.19700491428375244,,,
22,703,0.9853076934814453,0.9265891313552856,0.1491650938987732,,,
22,704,0.9849920272827148,0.8794607520103455,0.2674483060836792,,,
22,705,0.9886360168457031,0.9600452184677124,0.08117175102233887,,,
22,706,0.9869546890258789,0.9524871110916138,0.09174829721450806,,,
22,707,0.9892005920410156,0.9636303186416626,0.0726047158241272,,,
22,708,0.987091064453125,0.9179377555847168,0.19233620166778564,,,
22,709,0.9867029190063477,0.9290370941162109,0.15544801950454712,,,
22,710,0.9892911911010742,0.9302706718444824,0.18224817514419556,,,
22,711,0.9846286773681641,0.8165615797042847,0.39466243982315063,,,
22,712,0.9873313903808594,0.960046648979187,0.07273358106613159,,,
22,712,,,,0.9521251320838928,0.8283860087394714,0.2697314918041229
23,713,0.9839000701904297,0.8506718277931213,0.31690090894699097,,,
23,714,0.9870367050170898,0.9553846716880798,0.08119285106658936,,,
23,715,0.9836549758911133,0.9110701680183411,0.17209017276763916,,,
23,716,0.98809814453125,0.9271972179412842,0.17517000436782837,,,
23,717,0.9753446578979492,0.7790455222129822,0.36770325899124146,,,
23,718,0.9880256652832031,0.9068145155906677,0.2306162714958191,,,
23,719,0.983464241027832,0.9049298167228699,0.1847623586654663,,,
23,720,0.9853477478027344,0.9135858416557312,0.1790604591369629,,,
23,721,0.9835414886474609,0.9075381755828857,0.17797964811325073,,,
23,722,0.9907989501953125,0.9591283202171326,0.09909796714782715,,,
23,723,0.9865570068359375,0.9309046864509583,0.14522796869277954,,,
23,724,0.9883480072021484,0.9527607560157776,0.09615272283554077,,,
23,725,0.9870529174804688,0.9403899908065796,0.11961543560028076,,,
23,726,0.9871940612792969,0.9571983218193054,0.07764166593551636,,,
23,727,0.9889907836914062,0.9673230051994324,0.06405055522918701,,,
23,728,0.9876213073730469,0.936134934425354,0.13823503255844116,,,
23,729,0.9819707870483398,0.8748891353607178,0.23495924472808838,,,
23,730,0.9818267822265625,0.8045137524604797,0.37880927324295044,,,
23,731,0.9853572845458984,0.9560759663581848,0.07099050283432007,,,
23,732,0.984471321105957,0.9292178750038147,0.12743902206420898,,,
23,733,0.9864988327026367,0.8905383944511414,0.2459689974784851,,,
23,734,0.9847650527954102,0.9475545287132263,0.08720827102661133,,,
23,735,0.986231803894043,0.9298005700111389,0.13980633020401,,,
23,736,0.9829168319702148,0.8918231725692749,0.20507746934890747,,,
23,737,0.987213134765625,0.9414753317832947,0.11701256036758423,,,
23,738,0.985255241394043,0.9356772303581238,0.11687982082366943,,,
23,739,0.9903421401977539,0.9532566070556641,0.10973137617111206,,,
23,740,0.9857301712036133,0.9194368124008179,0.16167306900024414,,,
23,741,0.9879999160766602,0.9012641310691833,0.23587721586227417,,,
23,742,0.9841222763061523,0.913098156452179,0.16516977548599243,,,
23,743,0.9818102717399597,0.8571528196334839,0.2665380835533142,,,
23,743,,,,0.9541854858398438,0.8386357426643372,0.2540769577026367
24,744,0.9837818145751953,0.932279109954834,0.11619371175765991,,,
24,745,0.9821510314941406,0.9131725430488586,0.14925909042358398,,,
24,746,0.9910974502563477,0.9397493004798889,0.16688603162765503,,,
24,747,0.9851369857788086,0.9343444108963013,0.11792027950286865,,,
24,748,0.9851932525634766,0.9332252144813538,0.12165707349777222,,,
24,749,0.9834165573120117,0.9068193435668945,0.17135226726531982,,,
24,750,0.9870405197143555,0.9643678665161133,0.05971324443817139,,,
24,751,0.9875602722167969,0.9525458812713623,0.08564871549606323,,,
24,752,0.9842863082885742,0.9330576062202454,0.11527425050735474,,,
24,753,0.9837226867675781,0.8919760584831238,0.2049853801727295,,,
24,754,0.9882755279541016,0.9387462139129639,0.12860232591629028,,,
24,755,0.9852828979492188,0.888079822063446,0.22917544841766357,,,
24,756,0.9873590469360352,0.9135084748268127,0.19005829095840454,,,
24,757,0.9808845520019531,0.9152114987373352,0.13526546955108643,,,
24,758,0.9874229431152344,0.9312842488288879,0.14172065258026123,,,
24,759,0.9869575500488281,0.9372758269309998,0.12057381868362427,,,
24,760,0.9877099990844727,0.9190377593040466,0.17856049537658691,,,
24,761,0.9877386093139648,0.9162808656692505,0.18573683500289917,,,
24,762,0.987208366394043,0.8987522125244141,0.2234107255935669,,,
24,763,0.9889249801635742,0.9114187359809875,0.21414607763290405,,,
24,764,0.9872770309448242,0.9467610120773315,0.09827172756195068,,,
24,765,0.9871444702148438,0.9400787949562073,0.11412137746810913,,,
24,766,0.9845943450927734,0.9358657598495483,0.10781913995742798,,,
24,767,0.9848299026489258,0.911994457244873,0.16579997539520264,,,
24,768,0.9871711730957031,0.9245418310165405,0.15522903203964233,,,
24,769,0.9872283935546875,0.9134989976882935,0.18200886249542236,,,
24,770,0.9883632659912109,0.9468489289283752,0.10527104139328003,,,
24,771,0.9876413345336914,0.918807327747345,0.17227745056152344,,,
24,772,0.9865293502807617,0.9164507985115051,0.16846191883087158,,,
24,773,0.9872074127197266,0.9589638113975525,0.06714564561843872,,,
24,774,0.9861412048339844,0.8596954345703125,0.29853641986846924,,,
24,774,,,,0.9536162614822388,0.83517986536026,0.25565895438194275
25,775,0.9851646423339844,0.9325128197669983,0.11812269687652588,,,
25,776,0.9796609878540039,0.8520991802215576,0.24736809730529785,,,
25,777,0.9823503494262695,0.9052700996398926,0.15748178958892822,,,
25,778,0.9842214584350586,0.91482013463974,0.1509329080581665,,,
25,779,0.9852313995361328,0.9121964573860168,0.16361075639724731,,,
25,780,0.9895162582397461,0.9555410742759705,0.08766496181488037,,,
25,781,0.9858932495117188,0.945024847984314,0.09143942594528198,,,
25,782,0.986546516418457,0.9396922588348389,0.10803574323654175,,,
25,783,0.9870767593383789,0.8634536266326904,0.29717469215393066,,,
25,784,0.9844522476196289,0.8942256569862366,0.1979338526725769,,,
25,785,0.9864997863769531,0.9338220357894897,0.12203323841094971,,,
25,786,0.9901885986328125,0.9295631647109985,0.17103898525238037,,,
25,787,0.9864044189453125,0.9455549716949463,0.09136015176773071,,,
25,788,0.988673210144043,0.9541849493980408,0.08417415618896484,,,
25,789,0.9894599914550781,0.9506596326828003,0.0979471206665039,,,
25,790,0.9824094772338867,0.8635896444320679,0.24259978532791138,,,
25,791,0.9899024963378906,0.9557030200958252,0.08897840976715088,,,
25,792,0.9875078201293945,0.9405809044837952,0.10997664928436279,,,
25,793,0.9811420440673828,0.7904919385910034,0.3667910099029541,,,
25,794,0.9878959655761719,0.9081461429595947,0.19514578580856323,,,
25,795,0.9869318008422852,0.9096012711524963,0.18172210454940796,,,
25,796,0.9859638214111328,0.9356539249420166,0.11152434349060059,,,
25,797,0.9850330352783203,0.9494110941886902,0.07834935188293457,,,
25,798,0.9833135604858398,0.9169203042984009,0.13757044076919556,,,
25,799,0.9874401092529297,0.9475864768028259,0.09009534120559692,,,
25,800,0.9842824935913086,0.9245050549507141,0.12653464078903198,,,
25,801,0.9801321029663086,0.8312502503395081,0.2795755863189697,,,
25,802,0.9890222549438477,0.9673465490341187,0.05443978309631348,,,
25,803,0.9885282516479492,0.9386482238769531,0.12257373332977295,,,
25,804,0.9835271835327148,0.922850489616394,0.12448030710220337,,,
25,805,0.9877179265022278,0.9229916930198669,0.1560320258140564,,,
25,805,,,,0.9457393288612366,0.8069844245910645,0.2724436819553375
26,806,0.9878005981445312,0.8947420120239258,0.22800272703170776,,,
26,807,0.986851692199707,0.9469261169433594,0.08951771259307861,,,
26,808,0.9880285263061523,0.8981947302818298,0.21929055452346802,,,
26,809,0.9865922927856445,0.9404363036155701,0.10151678323745728,,,
26,810,0.9823980331420898,0.8643506169319153,0.23821330070495605,,,
26,811,0.9896993637084961,0.9022852182388306,0.23098188638687134,,,
26,812,0.9843854904174805,0.8880991339683533,0.20230907201766968,,,
26,813,0.9877347946166992,0.9496564865112305,0.08725827932357788,,,
26,814,0.9891119003295898,0.9394015073776245,0.12224191427230835,,,
26,815,0.9824438095092773,0.9251682162284851,0.11275780200958252,,,
26,816,0.9837188720703125,0.9210911989212036,0.12661373615264893,,,
26,817,0.9891319274902344,0.9693511724472046,0.05126088857650757,,,
26,818,0.9896507263183594,0.9607992172241211,0.07024359703063965,,,
26,819,0.9855680465698242,0.9194221496582031,0.14160895347595215,,,
26,820,0.9853534698486328,0.8686822652816772,0.24915194511413574,,,
26,821,0.9865598678588867,0.9102030396461487,0.16970807313919067,,,
26,822,0.9863519668579102,0.9538595676422119,0.07084923982620239,,,
26,823,0.985504150390625,0.9327808618545532,0.11281329393386841,,,
26,824,0.9876480102539062,0.9463391900062561,0.09227430820465088,,,
26,825,0.9872770309448242,0.9303600192070007,0.12821102142333984,,,
26,826,0.9867916107177734,0.8856392502784729,0.22785311937332153,,,
26,827,0.991429328918457,0.8655506372451782,0.39901238679885864,,,
26,828,0.9820451736450195,0.8798693418502808,0.19653385877609253,,,
26,829,0.974543571472168,0.9358505010604858,0.09433066844940186,,,
26,830,0.9825162887573242,0.9196773767471313,0.12062543630599976,,,
26,831,0.9812660217285156,0.9270802140235901,0.10310202836990356,,,
26,832,0.9782218933105469,0.8785203099250793,0.17894697189331055,,,
26,833,0.9760446548461914,0.8343641757965088,0.24659448862075806,,,
26,834,0.9714956283569336,0.870071530342102,0.1703675389289856,,,
26,835,0.9853105545043945,0.9284470081329346,0.12071049213409424,,,
26,836,0.9781112670898438,0.8612300157546997,0.21333515644073486,,,
26,836,,,,0.9529851078987122,0.8350104093551636,0.24710223078727722
27,837,0.9890155792236328,0.9281991720199585,0.14917755126953125,,,
27,838,0.9877386093139648,0.9205774664878845,0.15601831674575806,,,
27,839,0.9851789474487305,0.9006838202476501,0.18084710836410522,,,
27,840,0.9840421676635742,0.8882671594619751,0.19753491878509521,,,
27,841,0.9871072769165039,0.9004213213920593,0.1982918381690979,,,
27,842,0.9875211715698242,0.8874408602714539,0.23249024152755737,,,
27,843,0.9802665710449219,0.901694655418396,0.14465981721878052,,,
27,844,0.9691705703735352,0.880908191204071,0.1457974910736084,,,
27,845,0.9837732315063477,0.9036692380905151,0.16164910793304443,,,
27,846,0.9789524078369141,0.9207799434661865,0.10683375597000122,,,
27,847,0.9754037857055664,0.8223246335983276,0.25852006673812866,,,
27,848,0.9844293594360352,0.9066756367683411,0.15474599599838257,,,
27,849,0.9788436889648438,0.8622727990150452,0.20630598068237305,,,
27,850,0.9881505966186523,0.9318408966064453,0.13098269701004028,,,
27,851,0.9850797653198242,0.9531074166297913,0.06935960054397583,,,
27,852,0.9828100204467773,0.8747193813323975,0.20770293474197388,,,
27,853,0.9861726760864258,0.9218071103096008,0.13622933626174927,,,
27,854,0.9813070297241211,0.9101613163948059,0.13243669271469116,,,
27,855,0.9819984436035156,0.9185466766357422,0.11906391382217407,,,
27,856,0.9810314178466797,0.8777744770050049,0.1927301287651062,,,
27,857,0.9815769195556641,0.9242449402809143,0.10763764381408691,,,
27,858,0.9896984100341797,0.9631385207176208,0.06290394067764282,,,
27,859,0.9833593368530273,0.901244580745697,0.1609652042388916,,,
27,860,0.9863443374633789,0.9437875151634216,0.08838295936584473,,,
27,861,0.9860448837280273,0.9084848165512085,0.1628817915916443,,,
27,862,0.9733905792236328,0.8349394798278809,0.22864055633544922,,,
27,863,0.9821376800537109,0.9522146582603455,0.06803905963897705,,,
27,864,0.9838075637817383,0.9255613684654236,0.11404794454574585,,,
27,865,0.9872188568115234,0.9552042484283447,0.06902849674224854,,,
27,866,0.9825983047485352,0.9077889323234558,0.14276349544525146,,,
27,867,0.9839884638786316,0.8977457284927368,0.1697503924369812,,,
27,867,,,,0.9504852294921875,0.8228972554206848,0.26370638608932495
28,868,0.9700565338134766,0.7422654032707214,0.3488200306892395,,,
28,869,0.9850330352783203,0.8856388926506042,0.20256036520004272,,,
28,870,0.9858770370483398,0.9064237475395203,0.1648842692375183,,,
28,871,0.9830112457275391,0.9344174265861511,0.09602677822113037,,,
28,872,0.9863834381103516,0.9157809019088745,0.1490127444267273,,,
28,873,0.9848289489746094,0.9025453925132751,0.16536521911621094,,,
28,874,0.9818763732910156,0.9006035923957825,0.1560034155845642,,,
28,875,0.9871129989624023,0.9261653423309326,0.12891000509262085,,,
28,876,0.9825525283813477,0.9212213754653931,0.11459696292877197,,,
28,877,0.9858732223510742,0.9144701361656189,0.14635026454925537,,,
28,878,0.9845609664916992,0.9185537099838257,0.12800240516662598,,,
28,879,0.9846200942993164,0.9116019010543823,0.14250534772872925,,,
28,880,0.9815683364868164,0.8865533471107483,0.17548853158950806,,,
28,881,0.9829988479614258,0.9034813046455383,0.1492234468460083,,,
28,882,0.9832639694213867,0.9225620031356812,0.11543405055999756,,,
28,883,0.9876556396484375,0.942707896232605,0.09583526849746704,,,
28,884,0.9857826232910156,0.9347593784332275,0.10123080015182495,,,
28,885,0.9862957000732422,0.9482734203338623,0.07745027542114258,,,
28,886,0.98248291015625,0.9409149885177612,0.08053714036941528,,,
28,887,0.9828424453735352,0.9376364946365356,0.08689963817596436,,,
28,888,0.985102653503418,0.9357705116271973,0.09562462568283081,,,
28,889,0.9817628860473633,0.9110276699066162,0.12864190340042114,,,
28,890,0.9844369888305664,0.9352923631668091,0.09386509656906128,,,
28,891,0.9772253036499023,0.878293514251709,0.16947484016418457,,,
28,892,0.9855327606201172,0.9416215419769287,0.0862886905670166,,,
28,893,0.9768905639648438,0.9155917763710022,0.10661673545837402,,,
28,894,0.9798307418823242,0.8440108895301819,0.23855048418045044,,,
28,895,0.9841508865356445,0.9007008671760559,0.15918952226638794,,,
28,896,0.9867000579833984,0.8934891223907471,0.19270241260528564,,,
28,897,0.9858112335205078,0.9189664721488953,0.13208156824111938,,,
28,898,0.9857075810432434,0.9289610385894775,0.110862135887146,,,
28,898,,,,0.946262776851654,0.8047909736633301,0.27523258328437805
29,899,0.9809350967407227,0.7874722480773926,0.3368789553642273,,,
29,900,0.9804859161376953,0.9312307834625244,0.08970522880554199,,,
29,901,0.9868268966674805,0.9363649487495422,0.10343283414840698,,,
29,902,0.9862632751464844,0.9054495692253113,0.1638096570968628,,,
29,903,0.9861001968383789,0.9368112087249756,0.09844303131103516,,,
29,904,0.9836082458496094,0.9272428750991821,0.10553842782974243,,,
29,905,0.986480712890625,0.9117502570152283,0.14883005619049072,,,
29,906,0.9821405410766602,0.9302961230278015,0.09508025646209717,,,
29,907,0.9906635284423828,0.9552561640739441,0.08108961582183838,,,
29,908,0.9843778610229492,0.9181849956512451,0.12635290622711182,,,
29,909,0.9865798950195312,0.9209615588188171,0.13140350580215454,,,
29,910,0.982696533203125,0.8777729272842407,0.1932869553565979,,,
29,911,0.9894332885742188,0.9528040885925293,0.08624255657196045,,,
29,912,0.9780197143554688,0.8109828233718872,0.28287971019744873,,,
29,913,0.98529052734375,0.9360594153404236,0.09415549039840698,,,
29,914,0.984405517578125,0.9298010468482971,0.10364145040512085,,,
29,915,0.9862241744995117,0.9247279763221741,0.12077450752258301,,,
29,916,0.9902067184448242,0.9625368118286133,0.061014413833618164,,,
29,917,0.9853487014770508,0.9341863989830017,0.0966598391532898,,,
29,918,0.982574462890625,0.9022098183631897,0.14479702711105347,,,
29,919,0.9864788055419922,0.9248732328414917,0.12117916345596313,,,
29,920,0.9841327667236328,0.928810715675354,0.10245007276535034,,,
29,921,0.9843072891235352,0.9247320890426636,0.11173003911972046,,,
29,922,0.9862327575683594,0.9138252139091492,0.1437651515007019,,,
29,923,0.9855566024780273,0.9064534306526184,0.1529896855354309,,,
29,924,0.9849481582641602,0.8912769556045532,0.1790638566017151,,,
29,925,0.9846487045288086,0.8660057187080383,0.22287088632583618,,,
29,926,0.9822168350219727,0.8978610634803772,0.1509903073310852,,,
29,927,0.9862022399902344,0.9345954656600952,0.10007691383361816,,,
29,928,0.9870328903198242,0.9494102597236633,0.07451319694519043,,,
29,929,0.9849840998649597,0.9465513229370117,0.07402849197387695,,,
29,929,,,,0.9521183371543884,0.8307065367698669,0.24372322857379913
30,930,0.9857625961303711,0.9166308045387268,0.13312667608261108,,,
30,931,0.9846315383911133,0.8785615563392639,0.19751548767089844,,,
30,932,0.9848833084106445,0.9284114241600037,0.10465073585510254,,,
30,933,0.9859619140625,0.9420182704925537,0.08402323722839355,,,
30,934,0.9889888763427734,0.9451790452003479,0.09204447269439697,,,
30,935,0.9867305755615234,0.940277636051178,0.09016364812850952,,,
30,936,0.9898910522460938,0.9627066254615784,0.05811786651611328,,,
30,937,0.9892759323120117,0.9418742656707764,0.10094958543777466,,,
30,938,0.9873371124267578,0.9479969143867493,0.07808363437652588,,,
30,939,0.9907894134521484,0.9508923292160034,0.08992874622344971,,,
30,940,0.9891862869262695,0.9501174688339233,0.08212554454803467,,,
30,941,0.9829273223876953,0.8694104552268982,0.20363879203796387,,,
30,942,0.985870361328125,0.8903225064277649,0.1848016381263733,,,
30,943,0.9836435317993164,0.928497850894928,0.10153734683990479,,,
30,944,0.9817543029785156,0.8436455726623535,0.24175536632537842,,,
30,945,0.9869499206542969,0.918182373046875,0.13695263862609863,,,
30,946,0.9878025054931641,0.9264278411865234,0.12342017889022827,,,
30,947,0.9869384765625,0.9113779664039612,0.14836931228637695,,,
30,948,0.9891948699951172,0.9352900385856628,0.11513286828994751,,,
30,949,0.9827394485473633,0.930298924446106,0.09472286701202393,,,
30,950,0.9862995147705078,0.9521697759628296,0.06779545545578003,,,
30,951,0.9856863021850586,0.9213513135910034,0.12076252698898315,,,
30,952,0.9835262298583984,0.9169371724128723,0.1201058030128479,,,
30,953,0.9828882217407227,0.8507412075996399,0.23280459642410278,,,
30,954,0.9875993728637695,0.9559961557388306,0.06400114297866821,,,
30,955,0.9848518371582031,0.9328837394714355,0.09653323888778687,,,
30,956,0.9830961227416992,0.8502867817878723,0.23790544271469116,,,
30,957,0.9864034652709961,0.9436428546905518,0.08181637525558472,,,
30,958,0.9862842559814453,0.7990498542785645,0.3491870164871216,,,
30,959,0.9850826263427734,0.9535923004150391,0.06299817562103271,,,
30,960,0.9889996647834778,0.9495545029640198,0.0813676118850708,,,
30,960,,,,0.9527108669281006,0.8298739790916443,0.24846304953098297
31,961,0.9903640747070312,0.9536964297294617,0.08184564113616943,,,
31,962,0.9841442108154297,0.9442443251609802,0.07519638538360596,,,
31,963,0.9852390289306641,0.8957008123397827,0.16615933179855347,,,
31,964,0.9845952987670898,0.845184326171875,0.25601446628570557,,,
31,965,0.9878902435302734,0.9569964408874512,0.062490761280059814,,,
31,966,0.9847221374511719,0.8926446437835693,0.16733849048614502,,,
31,967,0.9852781295776367,0.9171803593635559,0.12800246477127075,,,
31,968,0.9884366989135742,0.8975427150726318,0.1883571743965149,,,
31,969,0.9888830184936523,0.9439338445663452,0.09135568141937256,,,
31,970,0.9895076751708984,0.9113478064537048,0.16969901323318481,,,
31,971,0.9921741485595703,0.9017892479896545,0.23939460515975952,,,
31,972,0.9827785491943359,0.9401174783706665,0.07783037424087524,,,
31,973,0.9856042861938477,0.9495015144348145,0.06868147850036621,,,
31,974,0.9887294769287109,0.9214427471160889,0.1410413384437561,,,
31,975,0.9885778427124023,0.9311381578445435,0.11810809373855591,,,
31,976,0.9861888885498047,0.873383641242981,0.21466553211212158,,,
31,977,0.9852495193481445,0.9181995391845703,0.12311571836471558,,,
31,978,0.9869899749755859,0.9551202654838562,0.06315797567367554,,,
31,979,0.9813861846923828,0.9525672793388367,0.06337827444076538,,,
31,980,0.9878606796264648,0.9321145415306091,0.10749620199203491,,,
31,981,0.9855566024780273,0.9134823679924011,0.1322382688522339,,,
31,982,0.9846429824829102,0.8765164017677307,0.193243145942688,,,
31,983,0.989628791809082,0.9566185474395752,0.06744873523712158,,,
31,984,0.985234260559082,0.8982378840446472,0.16073763370513916,,,
31,985,0.9910554885864258,0.9596161246299744,0.06761538982391357,,,
31,986,0.9902448654174805,0.9605987668037415,0.060816168785095215,,,
31,987,0.9870014190673828,0.9262238144874573,0.11553996801376343,,,
31,988,0.9853963851928711,0.9351734519004822,0.0904315710067749,,,
31,989,0.9870481491088867,0.9463294744491577,0.07728385925292969,,,
31,990,0.9875011444091797,0.9083201885223389,0.15677684545516968,,,
31,991,0.9849535822868347,0.9270890951156616,0.10315495729446411,,,
31,991,,,,0.951364278793335,0.8316450715065002,0.24300074577331543
32,992,0.9834089279174805,0.9209345579147339,0.1096222996711731,,,
32,993,0.985630989074707,0.9253273606300354,0.11054009199142456,,,
32,994,0.9858827590942383,0.9417619705200195,0.08161669969558716,,,
32,995,0.9907999038696289,0.9558465480804443,0.07440793514251709,,,
32,996,0.9843988418579102,0.8353430032730103,0.2652536630630493,,,
32,997,0.9863748550415039,0.9275297522544861,0.1086888313293457,,,
32,998,0.9863491058349609,0.9238434433937073,0.11517906188964844,,,
32,999,0.989161491394043,0.9303892254829407,0.11938172578811646,,,
32,1000,0.9887485504150391,0.9665751457214355,0.04674762487411499,,,
32,1001,0.9922037124633789,0.9761079549789429,0.038566648960113525,,,
32,1002,0.9877281188964844,0.9113706946372986,0.14886242151260376,,,
32,1003,0.9846782684326172,0.9385647177696228,0.08285951614379883,,,
32,1004,0.9868202209472656,0.8932472467422485,0.17530161142349243,,,
32,1005,0.9871578216552734,0.944994330406189,0.07941949367523193,,,
32,1006,0.9863204956054688,0.9301437735557556,0.10366344451904297,,,
32,1007,0.987971305847168,0.9577596783638,0.05758184194564819,,,
32,1008,0.9820489883422852,0.8636074066162109,0.1976560354232788,,,
32,1009,0.9867191314697266,0.9240738153457642,0.11662155389785767,,,
32,1010,0.9905576705932617,0.9253115653991699,0.1426246166229248,,,
32,1011,0.9854898452758789,0.8790915608406067,0.1928676962852478,,,
32,1012,0.9876575469970703,0.9621855616569519,0.05118274688720703,,,
32,1013,0.9898357391357422,0.9415369033813477,0.09915179014205933,,,
32,1014,0.9875373840332031,0.82957524061203,0.2967231273651123,,,
32,1015,0.9885578155517578,0.9478200078010559,0.07850420475006104,,,
32,1016,0.9882240295410156,0.9419463872909546,0.0879630446434021,,,
32,1017,0.9883155822753906,0.9602161049842834,0.05518382787704468,,,
32,1018,0.987462043762207,0.8975300192832947,0.17211836576461792,,,
32,1019,0.9875259399414062,0.9127307534217834,0.14300233125686646,,,
32,1020,0.9889631271362305,0.944138765335083,0.08558571338653564,,,
32,1021,0.9842453002929688,0.90377277135849,0.1411535143852234,,,
32,1022,0.9898274540901184,0.9355218410491943,0.10936957597732544,,,
32,1022,,,,0.953877329826355,0.8383542895317078,0.23249615728855133
33,1023,0.9840726852416992,0.7554615139961243,0.3742893934249878,,,
33,1024,0.9914474487304688,0.9483144879341125,0.09462273120880127,,,
33,1025,0.9886808395385742,0.9431207180023193,0.08729571104049683,,,
33,1026,0.9856481552124023,0.9319785237312317,0.0954822301864624,,,
33,1027,0.9888935089111328,0.9546065926551819,0.06669235229492188,,,
33,1028,0.9874134063720703,0.8977786898612976,0.16634052991867065,,,
33,1029,0.9899139404296875,0.9623008966445923,0.0551946759223938,,,
33,1030,0.9868326187133789,0.9298763275146484,0.10462427139282227,,,
33,1031,0.9862804412841797,0.9611536860466003,0.052506089210510254,,,
33,1032,0.9845666885375977,0.9227855205535889,0.10747820138931274,,,
33,1033,0.990168571472168,0.9490594267845154,0.08319050073623657,,,
33,1034,0.9858856201171875,0.9438210725784302,0.07555645704269409,,,
33,1035,0.9853610992431641,0.917472243309021,0.1194601058959961,,,
33,1036,0.9904546737670898,0.9465070962905884,0.09046417474746704,,,
33,1037,0.9860038757324219,0.9191333651542664,0.11895215511322021,,,
33,1038,0.9888858795166016,0.937181293964386,0.09995567798614502,,,
33,1039,0.9869241714477539,0.9485946297645569,0.06966662406921387,,,
33,1040,0.9886875152587891,0.9258137941360474,0.12088418006896973,,,
33,1041,0.9870090484619141,0.9330939650535583,0.09844404458999634,,,
33,1042,0.9860115051269531,0.8590008616447449,0.22662609815597534,,,
33,1043,0.9907350540161133,0.9540079236030579,0.07470232248306274,,,
33,1044,0.9901037216186523,0.9104790687561035,0.16606122255325317,,,
33,1045,0.9852218627929688,0.8625656366348267,0.21366369724273682,,,
33,1046,0.9884366989135742,0.9597887992858887,0.05527883768081665,,,
33,1047,0.9872226715087891,0.9052126407623291,0.15249377489089966,,,
33,1048,0.9880542755126953,0.9374547600746155,0.09412169456481934,,,
33,1049,0.9838581085205078,0.9381440877914429,0.08117592334747314,,,
33,1050,0.9894838333129883,0.9463727474212646,0.08336484432220459,,,
33,1051,0.9905900955200195,0.9470537900924683,0.08801853656768799,,,
33,1052,0.9866790771484375,0.9301093220710754,0.10197556018829346,,,
33,1053,0.9900372624397278,0.9629073739051819,0.053065598011016846,,,
33,1053,,,,0.9531826376914978,0.8373094201087952,0.23057426512241364
34,1054,0.9939956665039062,0.968323290348053,0.06238281726837158,,,
34,1055,0.9882841110229492,0.957754909992218,0.058017611503601074,,,
34,1056,0.9887533187866211,0.9502487182617188,0.0721895694732666,,,
34,1057,0.9905338287353516,0.957251250743866,0.06616157293319702,,,
34,1058,0.9876413345336914,0.9113926887512207,0.140308678150177,,,
34,1059,0.9903879165649414,0.9391394257545471,0.10538244247436523,,,
34,1060,0.9857711791992188,0.9418980479240417,0.07880687713623047,,,
34,1061,0.9876699447631836,0.9142087697982788,0.137589693069458,,,
34,1062,0.9877958297729492,0.9038737416267395,0.15454673767089844,,,
34,1063,0.9839887619018555,0.8977652192115784,0.14538341760635376,,,
34,1064,0.9888839721679688,0.9528334140777588,0.06753665208816528,,,
34,1065,0.9877681732177734,0.9482764005661011,0.0719761848449707,,,
34,1066,0.9889850616455078,0.954710841178894,0.06496143341064453,,,
34,1067,0.9899539947509766,0.9631866216659546,0.052778780460357666,,,
34,1068,0.9874105453491211,0.9250900745391846,0.11270719766616821,,,
34,1069,0.9886684417724609,0.952821671962738,0.06820881366729736,,,
34,1070,0.9896030426025391,0.9513059854507446,0.07372897863388062,,,
34,1071,0.9882259368896484,0.9359883069992065,0.09467148780822754,,,
34,1072,0.989924430847168,0.9477210640907288,0.08303654193878174,,,
34,1073,0.989283561706543,0.9454149007797241,0.08461624383926392,,,
34,1074,0.984344482421875,0.8874320983886719,0.16390466690063477,,,
34,1075,0.9854850769042969,0.944474458694458,0.07191222906112671,,,
34,1076,0.9903831481933594,0.9237596988677979,0.1365605592727661,,,
34,1077,0.9841794967651367,0.8526901602745056,0.22022175788879395,,,
34,1078,0.9898910522460938,0.944973349571228,0.0884084701538086,,,
34,1079,0.9886608123779297,0.9505518674850464,0.07080823183059692,,,
34,1080,0.9892129898071289,0.919931173324585,0.13288521766662598,,,
34,1081,0.9913082122802734,0.8831912875175476,0.23025423288345337,,,
34,1082,0.9892368316650391,0.9447617530822754,0.08265286684036255,,,
34,1083,0.9894514083862305,0.9530278444290161,0.06942176818847656,,,
34,1084,0.9866256713867188,0.9435023665428162,0.0766478180885315,,,
34,1084,,,,0.9535399675369263,0.8357365727424622,0.23323208093643188
35,1085,0.9909963607788086,0.957476794719696,0.0660967230796814,,,
35,1086,0.9900054931640625,0.9445781111717224,0.09047675132751465,,,
35,1087,0.9869785308837891,0.9077051877975464,0.14258736371994019,,,
35,1088,0.9890203475952148,0.9283812642097473,0.1129726767539978,,,
35,1089,0.9867219924926758,0.9567438364028931,0.05582749843597412,,,
35,1090,0.9886903762817383,0.9497893452644348,0.0719711184501648,,,
35,1091,0.9897623062133789,0.9498120546340942,0.0757632851600647,,,
35,1092,0.9901618957519531,0.950379490852356,0.07780510187149048,,,
35,1093,0.9913225173950195,0.9530889987945557,0.07651901245117188,,,
35,1094,0.9848394393920898,0.9280737042427063,0.09524261951446533,,,
35,1095,0.9902706146240234,0.9335742592811584,0.11230385303497314,,,
35,1096,0.9885311126708984,0.936892569065094,0.09421467781066895,,,
35,1097,0.988800048828125,0.9188737273216248,0.13076114654541016,,,
35,1098,0.988123893737793,0.9146312475204468,0.13195598125457764,,,
35,1099,0.9918603897094727,0.9665876030921936,0.05248528718948364,,,
35,1100,0.9697380065917969,0.9320502281188965,0.08657479286193848,,,
35,1101,0.98907470703125,0.9374375343322754,0.09711378812789917,,,
35,1102,0.9873819351196289,0.9135612845420837,0.132243812084198,,,
35,1103,0.9834451675415039,0.9100122451782227,0.12383246421813965,,,
35,1104,0.9823970794677734,0.8982436060905457,0.13888412714004517,,,
35,1105,0.985041618347168,0.9278804063796997,0.0967826247215271,,,
35,1106,0.9883766174316406,0.9441171288490295,0.08014523983001709,,,
35,1107,0.9879875183105469,0.9122657775878906,0.1345084309577942,,,
35,1108,0.9851751327514648,0.9444462060928345,0.06953614950180054,,,
35,1109,0.990081787109375,0.9428558945655823,0.09011483192443848,,,
35,1110,0.9813995361328125,0.8714601397514343,0.17373919486999512,,,
35,1111,0.9873790740966797,0.9568060040473938,0.05621618032455444,,,
35,1112,0.9771633148193359,0.7665899991989136,0.30521160364151,,,
35,1113,0.9837846755981445,0.9102075695991516,0.11895179748535156,,,
35,1114,0.9879617691040039,0.9051344394683838,0.14770615100860596,,,
35,1115,0.9840176701545715,0.8966569304466248,0.14308494329452515,,,
35,1115,,,,0.9416821599006653,0.7884970903396606,0.2790440320968628
36,1116,0.9857120513916016,0.9116512537002563,0.12533652782440186,,,
36,1117,0.9880437850952148,0.943896472454071,0.07813477516174316,,,
36,1118,0.9875602722167969,0.8616974949836731,0.2246696949005127,,,
36,1119,0.9917201995849609,0.9460427165031433,0.09301066398620605,,,
36,1120,0.9891853332519531,0.9417209029197693,0.08677875995635986,,,
36,1121,0.9855861663818359,0.8752980828285217,0.18547451496124268,,,
36,1122,0.9862136840820312,0.949816882610321,0.06584322452545166,,,
36,1123,0.9916954040527344,0.9676954746246338,0.04699599742889404,,,
36,1124,0.9875345230102539,0.9065248966217041,0.14165818691253662,,,
36,1125,0.9831905364990234,0.8949707746505737,0.14365369081497192,,,
36,1126,0.9866313934326172,0.9550853371620178,0.057509779930114746,,,
36,1127,0.9862098693847656,0.9043055772781372,0.13859480619430542,,,
36,1128,0.9902563095092773,0.9704861044883728,0.04014819860458374,,,
36,1129,0.9893198013305664,0.9612788558006287,0.05154716968536377,,,
36,1130,0.9885616302490234,0.9411779046058655,0.08616936206817627,,,
36,1131,0.9853706359863281,0.917876124382019,0.11221331357955933,,,
36,1132,0.9883127212524414,0.8977548480033875,0.16355592012405396,,,
36,1133,0.9882383346557617,0.9290232062339783,0.10457664728164673,,,
36,1134,0.9858980178833008,0.9407289624214172,0.07666707038879395,,,
36,1135,0.9892129898071289,0.9344301223754883,0.09853148460388184,,,
36,1136,0.9831476211547852,0.8953765630722046,0.13988715410232544,,,
36,1137,0.9835786819458008,0.8516958355903625,0.2098783254623413,,,
36,1138,0.9776487350463867,0.946450412273407,0.06595730781555176,,,
36,1139,0.9880771636962891,0.9247021675109863,0.1116023063659668,,,
36,1140,0.9866228103637695,0.9159415364265442,0.1215202808380127,,,
36,1141,0.99005126953125,0.9182695150375366,0.13649791479110718,,,
36,1142,0.9893245697021484,0.8989328145980835,0.16915994882583618,,,
36,1143,0.9897394180297852,0.953723132610321,0.06644994020462036,,,
36,1144,0.9884204864501953,0.9639909267425537,0.046181559562683105,,,
36,1145,0.9890308380126953,0.912926971912384,0.13920694589614868,,,
36,1146,0.9879010319709778,0.951806902885437,0.06364500522613525,,,
36,1146,,,,0.9542906284332275,0.8365004658699036,0.2349037528038025
37,1147,0.9876632690429688,0.942646861076355,0.0782475471496582,,,
37,1148,0.9861412048339844,0.899695634841919,0.14444345235824585,,,
37,1149,0.9894351959228516,0.9423974752426147,0.08646440505981445,,,
37,1150,0.9857473373413086,0.8792508840560913,0.17660290002822876,,,
37,1151,0.9870567321777344,0.9315575361251831,0.09482312202453613,,,
37,1152,0.9891977310180664,0.8807797431945801,0.19772565364837646,,,
37,1153,0.9876461029052734,0.9598547220230103,0.050011634826660156,,,
37,1154,0.9921731948852539,0.975017249584198,0.03518801927566528,,,
37,1155,0.9884223937988281,0.9493734240531921,0.06984376907348633,,,
37,1156,0.9818592071533203,0.9266796708106995,0.09121435880661011,,,
37,1157,0.9903488159179688,0.9201609492301941,0.13232851028442383,,,
37,1158,0.9907369613647461,0.9406201243400574,0.09595948457717896,,,
37,1159,0.9860715866088867,0.9349263310432434,0.08470672369003296,,,
37,1160,0.9925136566162109,0.9666510820388794,0.05110275745391846,,,
37,1161,0.9889116287231445,0.9026377201080322,0.15373069047927856,,,
37,1162,0.9907245635986328,0.934217095375061,0.10775655508041382,,,
37,1163,0.9818353652954102,0.9015918374061584,0.12508219480514526,,,
37,1164,0.9904909133911133,0.9570713043212891,0.06173992156982422,,,
37,1165,0.9887046813964844,0.9271761178970337,0.10980963706970215,,,
37,1166,0.9842252731323242,0.9419053196907043,0.07137465476989746,,,
37,1167,0.9889450073242188,0.9240387082099915,0.1156262755393982,,,
37,1168,0.9871349334716797,0.9374750852584839,0.08493709564208984,,,
37,1169,0.990412712097168,0.9611600041389465,0.05299103260040283,,,
37,1170,0.9909944534301758,0.9515966773033142,0.07330119609832764,,,
37,1171,0.9885854721069336,0.9354506134986877,0.09376198053359985,,,
37,1172,0.988494873046875,0.9458879828453064,0.07412362098693848,,,
37,1173,0.986119270324707,0.9277825355529785,0.09674787521362305,,,
37,1174,0.9895648956298828,0.9615328907966614,0.05139350891113281,,,
37,1175,0.9862575531005859,0.8822942972183228,0.17122602462768555,,,
37,1176,0.9907732009887695,0.9513234496116638,0.0736391544342041,,,
37,1177,0.9898363947868347,0.9531740546226501,0.06678009033203125,,,
37,1177,,,,0.9546347856521606,0.8388335704803467,0.2304827868938446
38,1178,0.9877910614013672,0.9175845980644226,0.12038230895996094,,,
38,1179,0.9840097427368164,0.9051473736763,0.1248248815536499,,,
38,1180,0.9885778427124023,0.9443497061729431,0.07653450965881348,,,
38,1181,0.9874811172485352,0.9051154255867004,0.13990724086761475,,,
38,1182,0.9861955642700195,0.9314338564872742,0.08964961767196655,,,
38,1183,0.9906110763549805,0.9276576638221741,0.11903727054595947,,,
38,1184,0.9882736206054688,0.9078212380409241,0.14029687643051147,,,
38,1185,0.9908237457275391,0.948177695274353,0.07809549570083618,,,
38,1186,0.9914588928222656,0.9766411185264587,0.03242748975753784,,,
38,1187,0.9891939163208008,0.955967366695404,0.05896669626235962,,,
38,1188,0.9881792068481445,0.939790666103363,0.08222359418869019,,,
38,1189,0.9888095855712891,0.9500927329063416,0.0670783519744873,,,
38,1190,0.9890670776367188,0.9441567659378052,0.07894855737686157,,,
38,1191,0.9874143600463867,0.8708493709564209,0.19776403903961182,,,
38,1192,0.9905376434326172,0.9064703583717346,0.15899139642715454,,,
38,1193,0.9871454238891602,0.9208560585975647,0.11299055814743042,,,
38,1194,0.9902372360229492,0.9512124061584473,0.06950521469116211,,,
38,1195,0.9862098693847656,0.9268226027488708,0.0974467396736145,,,
38,1196,0.9925718307495117,0.9691704511642456,0.04584985971450806,,,
38,1197,0.9875144958496094,0.9509916305541992,0.06267088651657104,,,
38,1198,0.9891424179077148,0.9618224501609802,0.04916536808013916,,,
38,1199,0.9887990951538086,0.9438854455947876,0.07734507322311401,,,
38,1200,0.9880256652832031,0.9291893839836121,0.09948831796646118,,,
38,1201,0.988642692565918,0.9161107540130615,0.1256352663040161,,,
38,1202,0.9871931076049805,0.9361241459846497,0.08565706014633179,,,
38,1203,0.9900608062744141,0.9543597102165222,0.06460314989089966,,,
38,1204,0.9876317977905273,0.9452752470970154,0.07232362031936646,,,
38,1205,0.9882221221923828,0.9453288316726685,0.07349318265914917,,,
38,1206,0.9884662628173828,0.9196796417236328,0.11869770288467407,,,
38,1207,0.9899845123291016,0.9412784576416016,0.0881454348564148,,,
38,1208,0.990606963634491,0.9640355110168457,0.0485958456993103,,,
38,1208,,,,0.9539464116096497,0.8387877345085144,0.2262353152036667
39,1209,0.9876432418823242,0.9012822508811951,0.14563900232315063,,,
39,1210,0.9873199462890625,0.9080885648727417,0.13158565759658813,,,
39,1211,0.9911909103393555,0.9601573348045349,0.056901395320892334,,,
39,1212,0.9884614944458008,0.9492663741111755,0.06640392541885376,,,
39,1213,0.9903526306152344,0.9555565118789673,0.06328576803207397,,,
39,1214,0.9916534423828125,0.9088674783706665,0.16334474086761475,,,
39,1215,0.9870462417602539,0.8820418119430542,0.17443984746932983,,,
39,1216,0.991520881652832,0.9359986782073975,0.10764628648757935,,,
39,1217,0.9888534545898438,0.9588860273361206,0.05291372537612915,,,
39,1218,0.9886722564697266,0.9644861221313477,0.045332908630371094,,,
39,1219,0.9900808334350586,0.9471166133880615,0.07641339302062988,,,
39,1220,0.98651123046875,0.9557298421859741,0.05384939908981323,,,
39,1221,0.9855213165283203,0.8934842944145203,0.1474049687385559,,,
39,1222,0.9901256561279297,0.9246033430099487,0.1190805435180664,,,
39,1223,0.991668701171875,0.9229575395584106,0.13247275352478027,,,
39,1224,0.9927387237548828,0.9617905616760254,0.06083756685256958,,,
39,1225,0.9891357421875,0.949731707572937,0.06814944744110107,,,
39,1226,0.9854145050048828,0.9286337494850159,0.09375393390655518,,,
39,1227,0.9907474517822266,0.9707533121109009,0.03890430927276611,,,
39,1228,0.9919271469116211,0.9505817294120789,0.07874619960784912,,,
39,1229,0.9900922775268555,0.9355096817016602,0.09648853540420532,,,
39,1230,0.9809789657592773,0.8328402638435364,0.2218461036682129,,,
39,1231,0.989598274230957,0.952957272529602,0.06403756141662598,,,
39,1232,0.9879550933837891,0.894548773765564,0.16021496057510376,,,
39,1233,0.9858541488647461,0.9166844487190247,0.11073178052902222,,,
39,1234,0.9899082183837891,0.9510124325752258,0.06754249334335327,,,
39,1235,0.99334716796875,0.9723260402679443,0.0413472056388855,,,
39,1236,0.9859867095947266,0.9008421897888184,0.1367473006248474,,,
39,1237,0.9900064468383789,0.9670906066894531,0.04287010431289673,,,
39,1238,0.9906444549560547,0.9710588455200195,0.03804051876068115,,,
39,1239,0.9879658818244934,0.9263455867767334,0.10409468412399292,,,
39,1239,,,,0.9525078535079956,0.8334230184555054,0.23171387612819672
40,1240,0.9923095703125,0.9274461269378662,0.13019925355911255,,,
40,1241,0.9900531768798828,0.9089758992195129,0.14379167556762695,,,
40,1242,0.9900007247924805,0.9552215933799744,0.06112021207809448,,,
40,1243,0.9917154312133789,0.95753014087677,0.06375139951705933,,,
40,1244,0.9901847839355469,0.950888991355896,0.06924957036972046,,,
40,1245,0.9876556396484375,0.8942337036132812,0.15323585271835327,,,
40,1246,0.9883060455322266,0.9414302110671997,0.07963019609451294,,,
40,1247,0.9843902587890625,0.9235047101974487,0.09715038537979126,,,
40,1248,0.9837913513183594,0.8999941349029541,0.12884986400604248,,,
40,1249,0.9871006011962891,0.9426166415214539,0.07437163591384888,,,
40,1250,0.9913291931152344,0.9581776857376099,0.05897057056427002,,,
40,1251,0.9881372451782227,0.9389832615852356,0.08207225799560547,,,
40,1252,0.9929513931274414,0.9337266683578491,0.11964166164398193,,,
40,1253,0.9866981506347656,0.9261158108711243,0.09746551513671875,,,
40,1254,0.9902858734130859,0.9472525715827942,0.07587814331054688,,,
40,1255,0.9890022277832031,0.9216278195381165,0.11436194181442261,,,
40,1256,0.9894590377807617,0.9482365250587463,0.07145780324935913,,,
40,1257,0.9903116226196289,0.9193307757377625,0.12700951099395752,,,
40,1258,0.9917106628417969,0.9487536549568176,0.08130604028701782,,,
40,1259,0.9913835525512695,0.9650552272796631,0.04802381992340088,,,
40,1260,0.9850215911865234,0.9296678900718689,0.08790987730026245,,,
40,1261,0.9844436645507812,0.9302049875259399,0.08643454313278198,,,
40,1262,0.9875221252441406,0.9215192198753357,0.10839122533798218,,,
40,1263,0.9888858795166016,0.9204613566398621,0.11701309680938721,,,
40,1264,0.9898366928100586,0.9507356882095337,0.0673486590385437,,,
40,1265,0.9906234741210938,0.9703366756439209,0.03879028558731079,,,
40,1266,0.9867038726806641,0.9532892107963562,0.056989848613739014,,,
40,1267,0.9918041229248047,0.9643972516059875,0.04949009418487549,,,
40,1268,0.990138053894043,0.9611862301826477,0.051624953746795654,,,
40,1269,0.9898748397827148,0.955651044845581,0.05866974592208862,,,
40,1270,0.9918263554573059,0.9663508534431458,0.045767903327941895,,,
40,1270,,,,0.9516491293907166,0.8301975131034851,0.2340823858976364
41,1271,0.9901609420776367,0.9515588283538818,0.06758075952529907,,,
41,1272,0.9889430999755859,0.967984676361084,0.04031813144683838,,,
41,1273,0.9895057678222656,0.904830276966095,0.148834228515625,,,
41,1274,0.9894094467163086,0.9552978277206421,0.05968958139419556,,,
41,1275,0.9891901016235352,0.916808545589447,0.12469333410263062,,,
41,1276,0.990138053894043,0.9741756319999695,0.03532916307449341,,,
41,1277,0.989227294921875,0.9493781924247742,0.06910115480422974,,,
41,1278,0.9895448684692383,0.9529080986976624,0.06203162670135498,,,
41,1279,0.9906425476074219,0.9067184925079346,0.15006256103515625,,,
41,1280,0.9868412017822266,0.9317656755447388,0.09063386917114258,,,
41,1281,0.9885139465332031,0.8931455016136169,0.15970474481582642,,,
41,1282,0.9892120361328125,0.9579535722732544,0.05404174327850342,,,
41,1283,0.992950439453125,0.9626266360282898,0.058130502700805664,,,
41,1284,0.9914188385009766,0.9337222576141357,0.10713207721710205,,,
41,1285,0.9921751022338867,0.9592318534851074,0.0616992712020874,,,
41,1286,0.9869098663330078,0.9230389595031738,0.1026463508605957,,,
41,1287,0.9872198104858398,0.9390159845352173,0.0777401328086853,,,
41,1288,0.986480712890625,0.9155350923538208,0.11286699771881104,,,
41,1289,0.9870939254760742,0.9400738477706909,0.07728701829910278,,,
41,1290,0.9916563034057617,0.967466413974762,0.04366803169250488,,,
41,1291,0.987828254699707,0.9310201406478882,0.09230691194534302,,,
41,1292,0.9909400939941406,0.95307457447052,0.06864750385284424,,,
41,1293,0.9871816635131836,0.9238806366920471,0.10260993242263794,,,
41,1294,0.9912099838256836,0.934924304485321,0.10048079490661621,,,
41,1295,0.9924077987670898,0.9738829731941223,0.03547704219818115,,,
41,1296,0.9919672012329102,0.9409525394439697,0.09559899568557739,,,
41,1297,0.9875602722167969,0.9546079635620117,0.0550307035446167,,,
41,1298,0.9890127182006836,0.8990705013275146,0.14925140142440796,,,
41,1299,0.9879817962646484,0.923974871635437,0.10443127155303955,,,
41,1300,0.9918909072875977,0.9282180666923523,0.12050092220306396,,,
41,1301,0.9904034733772278,0.9404425621032715,0.08506327867507935,,,
41,1301,,,,0.9529796242713928,0.8342688083648682,0.23137028515338898
42,1302,0.9920387268066406,0.9616356492042542,0.05552023649215698,,,
42,1303,0.992732048034668,0.9569780230522156,0.06727266311645508,,,
42,1304,0.9873189926147461,0.9274656176567078,0.09648948907852173,,,
42,1305,0.9938497543334961,0.973304808139801,0.03980827331542969,,,
42,1306,0.9901666641235352,0.9367609620094299,0.09178793430328369,,,
42,1307,0.9893808364868164,0.9477097392082214,0.07083284854888916,,,
42,1308,0.9845027923583984,0.9283967614173889,0.08786618709564209,,,
42,1309,0.9864511489868164,0.9162737727165222,0.11145144701004028,,,
42,1310,0.9877023696899414,0.9364731311798096,0.08302825689315796,,,
42,1311,0.9908905029296875,0.9578622579574585,0.057937562465667725,,,
42,1312,0.9903163909912109,0.940697193145752,0.08573520183563232,,,
42,1313,0.9891033172607422,0.9089046120643616,0.13514560461044312,,,
42,1314,0.9898281097412109,0.9196728467941284,0.1215859055519104,,,
42,1315,0.9893608093261719,0.847355842590332,0.24930530786514282,,,
42,1316,0.9898586273193359,0.9564305543899536,0.057284772396087646,,,
42,1317,0.9844112396240234,0.9262863397598267,0.09073483943939209,,,
42,1318,0.9867324829101562,0.9556564092636108,0.05379652976989746,,,
42,1319,0.9906606674194336,0.965376079082489,0.04455286264419556,,,
42,1320,0.9910688400268555,0.8957556486129761,0.17226606607437134,,,
42,1321,0.9888238906860352,0.9443954229354858,0.07378631830215454,,,
42,1322,0.9903936386108398,0.960443913936615,0.05225849151611328,,,
42,1323,0.99249267578125,0.9690338373184204,0.043614089488983154,,,
42,1324,0.9905357360839844,0.9385852813720703,0.09155237674713135,,,
42,1325,0.9898653030395508,0.9352300763130188,0.09403687715530396,,,
42,1326,0.9909772872924805,0.9719639420509338,0.03562343120574951,,,
42,1327,0.994786262512207,0.9736843109130859,0.043909430503845215,,,
42,1328,0.9905786514282227,0.9692732095718384,0.03881394863128662,,,
42,1329,0.9875755310058594,0.8774884343147278,0.17812591791152954,,,
42,1330,0.9892406463623047,0.9234365820884705,0.10932493209838867,,,
42,1331,0.9891681671142578,0.9151590466499329,0.1217392086982727,,,
42,1332,0.9865226745605469,0.9507970809936523,0.058366477489471436,,,
42,1332,,,,0.9533767700195312,0.8347852230072021,0.22942757606506348
43,1333,0.9887428283691406,0.9450142979621887,0.07278013229370117,,,
43,1334,0.9897642135620117,0.9491180181503296,0.06927084922790527,,,
43,1335,0.9877738952636719,0.9546053409576416,0.056691884994506836,,,
43,1336,0.9877243041992188,0.9472614526748657,0.06633812189102173,,,
43,1337,0.9878625869750977,0.9572269320487976,0.052070438861846924,,,
43,1338,0.9906949996948242,0.9582923650741577,0.05629545450210571,,,
43,1339,0.9915742874145508,0.9695178866386414,0.039977192878723145,,,
43,1340,0.9884014129638672,0.9316242337226868,0.09263002872467041,,,
43,1341,0.9900588989257812,0.9379280209541321,0.08856916427612305,,,
43,1342,0.9894962310791016,0.9180700778961182,0.12177294492721558,,,
43,1343,0.9928264617919922,0.9606064558029175,0.05911135673522949,,,
43,1344,0.9921054840087891,0.9606730937957764,0.05637621879577637,,,
43,1345,0.9914979934692383,0.9050201177597046,0.15725558996200562,,,
43,1346,0.9911165237426758,0.9533524513244629,0.06510400772094727,,,
43,1347,0.9903163909912109,0.8781397938728333,0.1956130862236023,,,
43,1348,0.9902162551879883,0.9114809632301331,0.13462859392166138,,,
43,1349,0.991154670715332,0.9615983366966248,0.05084526538848877,,,
43,1350,0.9930791854858398,0.9427631497383118,0.09752023220062256,,,
43,1351,0.9884538650512695,0.9516902565956116,0.061360061168670654,,,
43,1352,0.9879608154296875,0.9509899616241455,0.060189783573150635,,,
43,1353,0.9917316436767578,0.9560714364051819,0.06280434131622314,,,
43,1354,0.9844169616699219,0.943897008895874,0.06484073400497437,,,
43,1355,0.9870719909667969,0.9307200908660889,0.08916866779327393,,,
43,1356,0.9900283813476562,0.9435960054397583,0.07735580205917358,,,
43,1357,0.9894590377807617,0.9583538770675659,0.05308109521865845,,,
43,1358,0.9901371002197266,0.9560423493385315,0.05816847085952759,,,
43,1359,0.9910306930541992,0.910871684551239,0.13661658763885498,,,
43,1360,0.9911623001098633,0.9585641622543335,0.055507004261016846,,,
43,1361,0.9882650375366211,0.9178082942962646,0.1133190393447876,,,
43,1362,0.9893665313720703,0.9556825757026672,0.05633050203323364,,,
43,1363,0.9833183288574219,0.8344438672065735,0.21543514728546143,,,
43,1363,,,,0.9547593593597412,0.8398602604866028,0.2263117879629135
44,1364,0.989105224609375,0.9561261534690857,0.05541259050369263,,,
44,1365,0.9915227890014648,0.9174253344535828,0.13256758451461792,,,
44,1366,0.9898138046264648,0.9546952843666077,0.05840510129928589,,,
44,1367,0.9914922714233398,0.967274010181427,0.04287296533584595,,,
44,1368,0.9871444702148438,0.8606113195419312,0.19231802225112915,,,
44,1369,0.9880895614624023,0.9536730647087097,0.05598050355911255,,,
44,1370,0.9902591705322266,0.93229079246521,0.09611940383911133,,,
44,1371,0.9875593185424805,0.932797908782959,0.08575284481048584,,,
44,1372,0.9909334182739258,0.9743929505348206,0.03378409147262573,,,
44,1373,0.990234375,0.9443202614784241,0.0770922303199768,,,
44,1374,0.9902839660644531,0.9468414187431335,0.0730818510055542,,,
44,1375,0.9878854751586914,0.9422112703323364,0.07435804605484009,,,
44,1376,0.9860324859619141,0.9078044295310974,0.11779594421386719,,,
44,1377,0.989863395690918,0.9357033967971802,0.08744597434997559,,,
44,1378,0.9880437850952148,0.9398607015609741,0.07662487030029297,,,
44,1379,0.9880352020263672,0.9046830534934998,0.13102811574935913,,,
44,1380,0.9892053604125977,0.9630416631698608,0.04577445983886719,,,
44,1381,0.9859638214111328,0.9246236085891724,0.09415936470031738,,,
44,1382,0.9881725311279297,0.9673025608062744,0.04067474603652954,,,
44,1383,0.98529052734375,0.8519371747970581,0.19520282745361328,,,
44,1384,0.9889507293701172,0.9505205750465393,0.06204468011856079,,,
44,1385,0.9923229217529297,0.9590832591056824,0.05987727642059326,,,
44,1386,0.9931983947753906,0.9596975445747375,0.06274598836898804,,,
44,1387,0.9896211624145508,0.9528267979621887,0.06043905019760132,,,
44,1388,0.9901247024536133,0.8762089014053345,0.18738752603530884,,,
44,1389,0.9898195266723633,0.9379836320877075,0.08440274000167847,,,
44,1390,0.9904623031616211,0.9574642777442932,0.05509430170059204,,,
44,1391,0.9902915954589844,0.9444953203201294,0.07621484994888306,,,
44,1392,0.9902353286743164,0.939965546131134,0.0827336311340332,,,
44,1393,0.9896392822265625,0.9362927079200745,0.08680450916290283,,,
44,1394,0.9927647709846497,0.9554685950279236,0.07180517911911011,,,
44,1394,,,,0.9524307250976562,0.8351282477378845,0.22763125598430634
45,1395,0.990386962890625,0.9330441951751709,0.09487634897232056,,,
45,1396,0.9920263290405273,0.970782995223999,0.038169920444488525,,,
45,1397,0.9913568496704102,0.968525767326355,0.04094099998474121,,,
45,1398,0.9885597229003906,0.8981456160545349,0.14093875885009766,,,
45,1399,0.9911746978759766,0.9612190127372742,0.05108153820037842,,,
45,1400,0.9878177642822266,0.9395654201507568,0.07757967710494995,,,
45,1401,0.9893617630004883,0.9354138374328613,0.08684372901916504,,,
45,1402,0.9891395568847656,0.9445801377296448,0.07169950008392334,,,
45,1403,0.9895133972167969,0.9532092809677124,0.060302555561065674,,,
45,1404,0.9867057800292969,0.9203387498855591,0.10034412145614624,,,
45,1405,0.9872112274169922,0.9264472126960754,0.0953437089920044,,,
45,1406,0.9878015518188477,0.8799248933792114,0.1683802604675293,,,
45,1407,0.9929399490356445,0.9705841541290283,0.039622962474823,,,
45,1408,0.9913711547851562,0.9001456499099731,0.15930509567260742,,,
45,1409,0.9921035766601562,0.9501975774765015,0.07442164421081543,,,
45,1410,0.9911489486694336,0.9488633275032043,0.07287532091140747,,,
45,1411,0.9886760711669922,0.9542069435119629,0.05670708417892456,,,
45,1412,0.9912528991699219,0.9561402201652527,0.05978578329086304,,,
45,1413,0.9882984161376953,0.9188110828399658,0.10940903425216675,,,
45,1414,0.9886541366577148,0.8766242265701294,0.17969393730163574,,,
45,1415,0.9866065979003906,0.9472254514694214,0.06315618753433228,,,
45,1416,0.9900979995727539,0.9670490622520447,0.04102963209152222,,,
45,1417,0.9913921356201172,0.9540043473243713,0.06386172771453857,,,
45,1418,0.990117073059082,0.9641222357749939,0.044184982776641846,,,
45,1419,0.9907541275024414,0.9073011875152588,0.14238256216049194,,,
45,1420,0.9907941818237305,0.9532897472381592,0.06386309862136841,,,
45,1421,0.9929819107055664,0.9624318480491638,0.05544513463973999,,,
45,1422,0.9879837036132812,0.934946596622467,0.08345896005630493,,,
45,1423,0.9881858825683594,0.9580809473991394,0.051546573638916016,,,
45,1424,0.9909982681274414,0.9579896926879883,0.05552583932876587,,,
45,1425,0.9891548156738281,0.9361324310302734,0.08498400449752808,,,
45,1425,,,,0.95346999168396,0.8352532386779785,0.2301987260580063
46,1426,0.9886674880981445,0.8641259670257568,0.19710510969161987,,,
46,1427,0.9910764694213867,0.9661401510238647,0.043150365352630615,,,
46,1428,0.9878215789794922,0.9506080150604248,0.06055539846420288,,,
46,1429,0.9919099807739258,0.944471001625061,0.08427220582962036,,,
46,1430,0.9917192459106445,0.973149299621582,0.03434312343597412,,,
46,1431,0.9901123046875,0.9521921277046204,0.06272423267364502,,,
46,1432,0.9892444610595703,0.9314823746681213,0.09481197595596313,,,
46,1433,0.9903640747070312,0.9303542375564575,0.10054934024810791,,,
46,1434,0.9894008636474609,0.9482535719871521,0.06863945722579956,,,
46,1435,0.9880008697509766,0.9149031043052673,0.1150660514831543,,,
46,1436,0.9920101165771484,0.9443074464797974,0.0835883617401123,,,
46,1437,0.9921998977661133,0.9654078483581543,0.04831928014755249,,,
46,1438,0.9909343719482422,0.9377219080924988,0.09060198068618774,,,
46,1439,0.9856758117675781,0.9239659309387207,0.0932767391204834,,,
46,1440,0.9903078079223633,0.9423450827598572,0.07933604717254639,,,
46,1441,0.9923782348632812,0.9669339656829834,0.04577380418777466,,,
46,1442,0.9887809753417969,0.9267815947532654,0.09918510913848877,,,
46,1443,0.9915046691894531,0.9164595603942871,0.13079655170440674,,,
46,1444,0.9906778335571289,0.97262042760849,0.034764230251312256,,,
46,1445,0.9903650283813477,0.963912308216095,0.04553920030593872,,,
46,1446,0.9930505752563477,0.9399173855781555,0.09984469413757324,,,
46,1447,0.9895992279052734,0.9328303337097168,0.09310132265090942,,,
46,1448,0.9919319152832031,0.9336891770362854,0.10227811336517334,,,
46,1449,0.9893093109130859,0.9505679607391357,0.06235933303833008,,,
46,1450,0.9894580841064453,0.9444871544837952,0.07317602634429932,,,
46,1451,0.9887304306030273,0.8922445774078369,0.15328377485275269,,,
46,1452,0.9910974502563477,0.9661885499954224,0.04341310262680054,,,
46,1453,0.9917259216308594,0.9453442692756653,0.08208125829696655,,,
46,1454,0.9879131317138672,0.9629761576652527,0.044568777084350586,,,
46,1455,0.9878416061401367,0.910656213760376,0.12081938982009888,,,
46,1456,0.9921684265136719,0.97813481092453,0.029352962970733643,,,
46,1456,,,,0.9535132646560669,0.8355134725570679,0.22842775285243988
47,1457,0.9908199310302734,0.9586147665977478,0.05488497018814087,,,
47,1458,0.9902191162109375,0.9465699791908264,0.07101666927337646,,,
47,1459,0.9890499114990234,0.9242562055587769,0.10523128509521484,,,
47,1460,0.9883203506469727,0.935808002948761,0.08171731233596802,,,
47,1461,0.9911117553710938,0.9665452241897583,0.04323452711105347,,,
47,1462,0.9925546646118164,0.9568352103233337,0.06480836868286133,,,
47,1463,0.989100456237793,0.9002025723457336,0.14193600416183472,,,
47,1464,0.9886770248413086,0.9423128366470337,0.07371145486831665,,,
47,1465,0.9915981292724609,0.9724863767623901,0.03543412685394287,,,
47,1466,0.9888143539428711,0.945491373538971,0.06990671157836914,,,
47,1467,0.9886236190795898,0.9588674902915955,0.049425482749938965,,,
47,1468,0.988306999206543,0.8838502764701843,0.16498064994812012,,,
47,1469,0.9884119033813477,0.9194380640983582,0.10910731554031372,,,
47,1470,0.992619514465332,0.9596552848815918,0.058408260345458984,,,
47,1471,0.9912347793579102,0.936229407787323,0.09341275691986084,,,
47,1472,0.9926881790161133,0.9510533809661865,0.07596039772033691,,,
47,1473,0.9914350509643555,0.9607559442520142,0.054174602031707764,,,
47,1474,0.9904813766479492,0.9470877051353455,0.07313072681427002,,,
47,1475,0.988123893737793,0.9332354068756104,0.08762270212173462,,,
47,1476,0.9900007247924805,0.948077380657196,0.06987547874450684,,,
47,1477,0.9912776947021484,0.9470082521438599,0.077015221118927,,,
47,1478,0.9884223937988281,0.9320691227912903,0.08916091918945312,,,
47,1479,0.9926786422729492,0.9419898986816406,0.09230899810791016,,,
47,1480,0.9907131195068359,0.9558010697364807,0.05939990282058716,,,
47,1481,0.990351676940918,0.96875,0.03968161344528198,,,
47,1482,0.9907054901123047,0.9513728618621826,0.0671699047088623,,,
47,1483,0.9915008544921875,0.9622155427932739,0.05144810676574707,,,
47,1484,0.9940671920776367,0.977570116519928,0.0317348837852478,,,
47,1485,0.9891119003295898,0.9345115423202515,0.08861160278320312,,,
47,1486,0.9928560256958008,0.9655570387840271,0.04874980449676514,,,
47,1487,0.9879684448242188,0.9149169325828552,0.11561566591262817,,,
47,1487,,,,0.9537332057952881,0.8363978266716003,0.2281370759010315
48,1488,0.9921913146972656,0.912716269493103,0.1440640687942505,,,
48,1489,0.9910726547241211,0.9463122487068176,0.07681846618652344,,,
48,1490,0.9913549423217773,0.9497538805007935,0.07042545080184937,,,
48,1491,0.9861078262329102,0.9492896795272827,0.059686124324798584,,,
48,1492,0.9904708862304688,0.9402846097946167,0.08381026983261108,,,
48,1493,0.9928970336914062,0.9699098467826843,0.042213261127471924,,,
48,1494,0.9916667938232422,0.9496479034423828,0.07313346862792969,,,
48,1495,0.9923925399780273,0.975520133972168,0.03198528289794922,,,
48,1496,0.990931510925293,0.9301999807357788,0.1053476333618164,,,
48,1497,0.9907703399658203,0.9035007953643799,0.1460360884666443,,,
48,1498,0.988743782043457,0.9363152980804443,0.08496206998825073,,,
48,1499,0.9903497695922852,0.9694870114326477,0.03804546594619751,,,
48,1500,0.9898796081542969,0.950760006904602,0.06625193357467651,,,
48,1501,0.9906158447265625,0.942776083946228,0.07955807447433472,,,
48,1502,0.9905757904052734,0.9647135734558105,0.045324623584747314,,,
48,1503,0.9926080703735352,0.9772168397903442,0.029988110065460205,,,
48,1504,0.9922666549682617,0.9569238424301147,0.06309640407562256,,,
48,1505,0.9924869537353516,0.9688006043434143,0.04295027256011963,,,
48,1506,0.9905662536621094,0.9599716663360596,0.0521390438079834,,,
48,1507,0.9907073974609375,0.9298781156539917,0.10173606872558594,,,
48,1508,0.9897222518920898,0.9364166259765625,0.08767896890640259,,,
48,1509,0.9925384521484375,0.9506677389144897,0.07606226205825806,,,
48,1510,0.9898920059204102,0.9207515716552734,0.11401861906051636,,,
48,1511,0.9835548400878906,0.8301886916160583,0.2215142846107483,,,
48,1512,0.993016242980957,0.9636687636375427,0.05361437797546387,,,
48,1513,0.9902715682983398,0.9398032426834106,0.08383643627166748,,,
48,1514,0.9896984100341797,0.9239702820777893,0.10651922225952148,,,
48,1515,0.9894123077392578,0.9649896025657654,0.04211479425430298,,,
48,1516,0.9881095886230469,0.9275882244110107,0.09742230176925659,,,
48,1517,0.9901266098022461,0.9647340178489685,0.04464089870452881,,,
48,1518,0.9925384521484375,0.9250832796096802,0.1232636570930481,,,
48,1518,,,,0.9533771872520447,0.8347949385643005,0.22969596087932587
