epoch,step,train_BinaryAccuracy,train_BinaryJaccardIndex,train_loss,val_BinaryAccuracy,val_BinaryJaccardIndex,val_loss
0,0,0.6589298248291016,0.05775386840105057,0.9333618879318237,,,
0,1,0.6968717575073242,0.20024104416370392,0.8389846086502075,,,
0,2,0.6817417144775391,0.31844907999038696,0.7429208755493164,,,
0,3,0.7463340759277344,0.43567460775375366,0.7122129797935486,,,
0,4,0.7885303497314453,0.48377829790115356,0.6975191831588745,,,
0,5,0.7886409759521484,0.40549370646476746,0.7488877773284912,,,
0,6,0.8066282272338867,0.46125149726867676,0.7066587209701538,,,
0,7,0.8620777130126953,0.6261113286018372,0.6188130378723145,,,
0,8,0.7787027359008789,0.38376495242118835,0.7438240051269531,,,
0,9,0.8242197036743164,0.5140125751495361,0.6668938398361206,,,
0,10,0.8154115676879883,0.4682101905345917,0.691129207611084,,,
0,11,0.7240591049194336,0.17668265104293823,0.8775269389152527,,,
0,12,0.8760757446289062,0.6493194103240967,0.5834584832191467,,,
0,13,0.8556671142578125,0.5000049471855164,0.6881223917007446,,,
0,14,0.9012460708618164,0.6870086193084717,0.5728058815002441,,,
0,15,0.923710823059082,0.7619883418083191,0.5297465324401855,,,
0,16,0.9073066711425781,0.6751101613044739,0.5843623280525208,,,
0,17,0.9112472534179688,0.6682990789413452,0.5974515080451965,,,
0,18,0.8987092971801758,0.6490470170974731,0.5915819406509399,,,
0,19,0.8275251388549805,0.3988279104232788,0.7374078035354614,,,
0,20,0.891754150390625,0.6402910351753235,0.5813688039779663,,,
0,21,0.8783931732177734,0.5501183867454529,0.6491773724555969,,,
0,22,0.8246841430664062,0.3329269289970398,0.7815400958061218,,,
0,23,0.9194736480712891,0.7444586753845215,0.5074794292449951,,,
0,24,0.9231929779052734,0.7201744318008423,0.539742112159729,,,
0,25,0.9108552932739258,0.7420703172683716,0.49779438972473145,,,
0,26,0.9220199584960938,0.7349488735198975,0.5129276514053345,,,
0,27,0.8614292144775391,0.3883540630340576,0.766381025314331,,,
0,28,0.9026575088500977,0.5821540355682373,0.6442219614982605,,,
0,29,0.9211931228637695,0.6447532773017883,0.6223058700561523,,,
0,30,0.8972905278205872,0.562262237071991,0.6474035978317261,,,
0,30,,,,0.90828537940979,0.7322896122932434,0.4934883117675781
1,31,0.9023361206054688,0.5386237502098083,0.6828662753105164,,,
1,32,0.9665508270263672,0.9004800915718079,0.37833356857299805,,,
1,33,0.9366750717163086,0.7915569543838501,0.4614330530166626,,,
1,34,0.9437255859375,0.7774248719215393,0.49898964166641235,,,
1,35,0.9129219055175781,0.6653337478637695,0.5676871538162231,,,
1,36,0.9141683578491211,0.6283760666847229,0.6019699573516846,,,
1,37,0.8932075500488281,0.6221321821212769,0.579487681388855,,,
1,38,0.9381685256958008,0.7732875347137451,0.49072855710983276,,,
1,39,0.9574165344238281,0.829258382320404,0.46307098865509033,,,
1,40,0.8789176940917969,0.44472581148147583,0.7177252769470215,,,
1,41,0.9183597564697266,0.6042549014091492,0.631597638130188,,,
1,42,0.8959417343139648,0.5486647486686707,0.645206093788147,,,
1,43,0.9397773742675781,0.7035068273544312,0.5863785743713379,,,
1,44,0.9601898193359375,0.8813464045524597,0.35650205612182617,,,
1,45,0.9338245391845703,0.7326052784919739,0.5156782269477844,,,
1,46,0.9089031219482422,0.5718038082122803,0.6379811763763428,,,
1,47,0.9578847885131836,0.8370653390884399,0.4315570592880249,,,
1,48,0.9573602676391602,0.8342754244804382,0.4331654906272888,,,
1,49,0.9534120559692383,0.7932232618331909,0.4866482615470886,,,
1,50,0.9203987121582031,0.6732792854309082,0.5387204885482788,,,
1,51,0.903533935546875,0.5623929500579834,0.6307179927825928,,,
1,52,0.9545965194702148,0.826316773891449,0.42213958501815796,,,
1,53,0.9469337463378906,0.768206000328064,0.48925065994262695,,,
1,54,0.9490575790405273,0.7693735957145691,0.49421870708465576,,,
1,55,0.9333982467651367,0.6952558159828186,0.5448038578033447,,,
1,56,0.9389839172363281,0.7418620586395264,0.5002167224884033,,,
1,57,0.9318199157714844,0.6507900953292847,0.5940724611282349,,,
1,58,0.9653310775756836,0.8563423752784729,0.4120022654533386,,,
1,59,0.9529533386230469,0.7731048464775085,0.5019383430480957,,,
1,60,0.9669160842895508,0.8514933586120605,0.43206214904785156,,,
1,61,0.9314765930175781,0.5714387893676758,0.6811844110488892,,,
1,61,,,,0.9295196533203125,0.7813916802406311,0.4404345750808716
2,62,0.938908576965332,0.7344539761543274,0.49757933616638184,,,
2,63,0.9580726623535156,0.8162454962730408,0.44385820627212524,,,
2,64,0.944605827331543,0.7233494520187378,0.5318268537521362,,,
2,65,0.960087776184082,0.842603862285614,0.40063077211380005,,,
2,66,0.9542598724365234,0.7851982712745667,0.4788970351219177,,,
2,67,0.9231739044189453,0.5001271963119507,0.7195216417312622,,,
2,68,0.9649820327758789,0.8711708784103394,0.3590054512023926,,,
2,69,0.9305572509765625,0.6021940112113953,0.6300805807113647,,,
2,70,0.9468564987182617,0.72956383228302,0.5230897665023804,,,
2,71,0.9479856491088867,0.8254995346069336,0.37181299924850464,,,
2,72,0.9691953659057617,0.8967656493186951,0.31046217679977417,,,
2,73,0.9668073654174805,0.85991370677948,0.3894994854927063,,,
2,74,0.9292593002319336,0.6812347173690796,0.520591676235199,,,
2,75,0.9442596435546875,0.7352922558784485,0.49215269088745117,,,
2,76,0.9751987457275391,0.9097418189048767,0.31939637660980225,,,
2,77,0.9463624954223633,0.6827376484870911,0.5823874473571777,,,
2,78,0.9567527770996094,0.8241241574287415,0.40216904878616333,,,
2,79,0.941889762878418,0.6465049386024475,0.6047849059104919,,,
2,80,0.9765357971191406,0.9188963770866394,0.2836158871650696,,,
2,81,0.8918018341064453,0.408446729183197,0.7320455312728882,,,
2,82,0.9683904647827148,0.8782709240913391,0.33722323179244995,,,
2,83,0.9600200653076172,0.835705041885376,0.3769189119338989,,,
2,84,0.9643135070800781,0.8086129426956177,0.4663735032081604,,,
2,85,0.9693641662597656,0.8944553136825562,0.2944464683532715,,,
2,86,0.9640302658081055,0.8699288368225098,0.32295870780944824,,,
2,87,0.9569158554077148,0.8116542100906372,0.4035990238189697,,,
2,88,0.9400787353515625,0.7538538575172424,0.4393121004104614,,,
2,89,0.8833246231079102,0.3525318205356598,0.7658840417861938,,,
2,90,0.9524908065795898,0.715422511100769,0.5482770204544067,,,
2,91,0.9665746688842773,0.7956469655036926,0.5030581951141357,,,
2,92,0.9687067866325378,0.8475528359413147,0.4085988998413086,,,
2,92,,,,0.9505225419998169,0.8330673575401306,0.3854318857192993
3,93,0.9576625823974609,0.8247277736663818,0.3804100751876831,,,
3,94,0.9642295837402344,0.8330410122871399,0.4009249806404114,,,
3,95,0.9606351852416992,0.7973508238792419,0.4514159560203552,,,
3,96,0.9527273178100586,0.7336460947990417,0.5124801397323608,,,
3,97,0.9568815231323242,0.7067252397537231,0.5784704685211182,,,
3,98,0.9624500274658203,0.7852100729942322,0.4786597490310669,,,
3,99,0.9597539901733398,0.788979172706604,0.45264923572540283,,,
3,100,0.97552490234375,0.8875933885574341,0.3576843738555908,,,
3,101,0.960148811340332,0.8100556135177612,0.41082167625427246,,,
3,102,0.9683141708374023,0.8490712642669678,0.3859553337097168,,,
3,103,0.9241676330566406,0.5091605186462402,0.6842070817947388,,,
3,104,0.9779415130615234,0.9097400903701782,0.2962464690208435,,,
3,105,0.9692802429199219,0.8469862341880798,0.3958512544631958,,,
3,106,0.9705266952514648,0.8412637114524841,0.4134392738342285,,,
3,107,0.9594936370849609,0.782549262046814,0.45225977897644043,,,
3,108,0.9722528457641602,0.8522698879241943,0.3993843197822571,,,
3,109,0.9683914184570312,0.8531794548034668,0.3676667809486389,,,
3,110,0.9533243179321289,0.7582966089248657,0.4727709889411926,,,
3,111,0.9667282104492188,0.7877032160758972,0.48855018615722656,,,
3,112,0.9684772491455078,0.8600568771362305,0.34499579668045044,,,
3,113,0.9692516326904297,0.8529676198959351,0.3657994270324707,,,
3,114,0.9764366149902344,0.9141925573348999,0.2577986717224121,,,
3,115,0.9635066986083984,0.8778486251831055,0.27604812383651733,,,
3,116,0.9741582870483398,0.8891624808311462,0.3060219883918762,,,
3,117,0.9799785614013672,0.9336101412773132,0.22176969051361084,,,
3,118,0.97344970703125,0.8950269818305969,0.28426170349121094,,,
3,119,0.9574356079101562,0.778800904750824,0.43064385652542114,,,
3,120,0.953190803527832,0.7774669528007507,0.4156453609466553,,,
3,121,0.9698085784912109,0.8541979193687439,0.3558969497680664,,,
3,122,0.9641561508178711,0.8269949555397034,0.37480807304382324,,,
3,123,0.973028838634491,0.8747926354408264,0.32657063007354736,,,
3,123,,,,0.9536734819412231,0.8431559801101685,0.3456960916519165
4,124,0.9685640335083008,0.8953907489776611,0.24399608373641968,,,
4,125,0.9687881469726562,0.8705768585205078,0.3045583963394165,,,
4,126,0.9799041748046875,0.9249080419540405,0.23993217945098877,,,
4,127,0.9662055969238281,0.8502522706985474,0.3349418640136719,,,
4,128,0.9566001892089844,0.8035908341407776,0.37806034088134766,,,
4,129,0.966618537902832,0.8909152746200562,0.24439901113510132,,,
4,130,0.9659128189086914,0.8039556741714478,0.4291573762893677,,,
4,131,0.9727764129638672,0.8500963449478149,0.39012354612350464,,,
4,132,0.9747343063354492,0.8667481541633606,0.35976552963256836,,,
4,133,0.9789323806762695,0.9220005869865417,0.23208391666412354,,,
4,134,0.9754142761230469,0.8662453889846802,0.3644596338272095,,,
4,135,0.9593544006347656,0.8021300435066223,0.38450491428375244,,,
4,136,0.9477739334106445,0.63364577293396,0.5898775458335876,,,
4,137,0.9657554626464844,0.837734043598175,0.3521842360496521,,,
4,138,0.9733285903930664,0.8845497965812683,0.29163455963134766,,,
4,139,0.9748725891113281,0.9093274474143982,0.23262685537338257,,,
4,140,0.9706535339355469,0.8491879105567932,0.3547707200050354,,,
4,141,0.9713888168334961,0.8012836575508118,0.47036975622177124,,,
4,142,0.9694700241088867,0.8194192051887512,0.414326012134552,,,
4,143,0.9763412475585938,0.9159253239631653,0.220281183719635,,,
4,144,0.9728450775146484,0.9053516983985901,0.22510671615600586,,,
4,145,0.9711408615112305,0.8143200874328613,0.4323582649230957,,,
4,146,0.963836669921875,0.776704728603363,0.4489291310310364,,,
4,147,0.97296142578125,0.8642860651016235,0.328870952129364,,,
4,148,0.9758682250976562,0.8529145121574402,0.3908988833427429,,,
4,149,0.973780632019043,0.8829656839370728,0.28622007369995117,,,
4,150,0.9779043197631836,0.8093792200088501,0.5183148384094238,,,
4,151,0.966339111328125,0.6871393322944641,0.6087874174118042,,,
4,152,0.9665107727050781,0.8125837445259094,0.39793020486831665,,,
4,153,0.9763336181640625,0.8522399663925171,0.3937346935272217,,,
4,154,0.9641812443733215,0.8426840305328369,0.33227598667144775,,,
4,154,,,,0.9486537575721741,0.8302686214447021,0.33717110753059387
5,155,0.9799985885620117,0.9082802534103394,0.2677628993988037,,,
5,156,0.977900505065918,0.9058283567428589,0.2543398141860962,,,
5,157,0.9793024063110352,0.9052737951278687,0.27002352476119995,,,
5,158,0.9432821273803711,0.5850827097892761,0.6141215562820435,,,
5,159,0.9578409194946289,0.7148266434669495,0.5125336647033691,,,
5,160,0.9780902862548828,0.8575803637504578,0.3948296904563904,,,
5,161,0.9691076278686523,0.7735816240310669,0.48511505126953125,,,
5,162,0.9806652069091797,0.818359375,0.5182607173919678,,,
5,163,0.9762248992919922,0.9005794525146484,0.24602621793746948,,,
5,164,0.9668445587158203,0.7921936511993408,0.4257014989852905,,,
5,165,0.9579362869262695,0.7714366912841797,0.40952229499816895,,,
5,166,0.965606689453125,0.8268576264381409,0.3447471857070923,,,
5,167,0.9788808822631836,0.9225379824638367,0.20450425148010254,,,
5,168,0.974365234375,0.8885867595672607,0.2599251866340637,,,
5,169,0.9723625183105469,0.8562257289886475,0.323058545589447,,,
5,170,0.9745550155639648,0.8384379744529724,0.381644070148468,,,
5,171,0.9443454742431641,0.5310463309288025,0.6581839323043823,,,
5,172,0.9801197052001953,0.8926089406013489,0.2995092272758484,,,
5,173,0.9690494537353516,0.8823294639587402,0.23999816179275513,,,
5,174,0.9713249206542969,0.8772779703140259,0.2604690194129944,,,
5,175,0.9694490432739258,0.866402804851532,0.2767934799194336,,,
5,176,0.9688167572021484,0.8639635443687439,0.2758694887161255,,,
5,177,0.9760618209838867,0.8883586525917053,0.2667762041091919,,,
5,178,0.9747419357299805,0.9041277170181274,0.2161354422569275,,,
5,179,0.9794082641601562,0.9097867608070374,0.23916476964950562,,,
5,180,0.9800748825073242,0.8810451030731201,0.3288722038269043,,,
5,181,0.982635498046875,0.9424065351486206,0.16430503129959106,,,
5,182,0.9798984527587891,0.926557719707489,0.18803095817565918,,,
5,183,0.9671669006347656,0.7418552041053772,0.49424391984939575,,,
5,184,0.9793844223022461,0.9274458289146423,0.18219900131225586,,,
5,185,0.9756901860237122,0.8895825743675232,0.2536326050758362,,,
5,185,,,,0.95966637134552,0.8598469495773315,0.2918549180030823
6,186,0.9470939636230469,0.576848566532135,0.6129680871963501,,,
6,187,0.9735794067382812,0.8694629669189453,0.2888743281364441,,,
6,188,0.9645109176635742,0.8216632008552551,0.3340888023376465,,,
6,189,0.979827880859375,0.9273581504821777,0.1844225525856018,,,
6,190,0.9802417755126953,0.9093185067176819,0.23688340187072754,,,
6,191,0.9803705215454102,0.901055634021759,0.2630847096443176,,,
6,192,0.9790439605712891,0.9121938943862915,0.21793729066848755,,,
6,193,0.9682407379150391,0.7293378710746765,0.5240256190299988,,,
6,194,0.9720277786254883,0.8885968327522278,0.2274843454360962,,,
6,195,0.9737911224365234,0.7766290307044983,0.4816488027572632,,,
6,196,0.9772748947143555,0.9196258783340454,0.18321669101715088,,,
6,197,0.9806098937988281,0.9091043472290039,0.235132098197937,,,
6,198,0.9701671600341797,0.708399772644043,0.5604912042617798,,,
6,199,0.9750442504882812,0.8875283002853394,0.24998176097869873,,,
6,200,0.9712429046630859,0.8769701719284058,0.25224173069000244,,,
6,201,0.9767923355102539,0.9064559936523438,0.20984601974487305,,,
6,202,0.9749898910522461,0.8996394872665405,0.21476048231124878,,,
6,203,0.973078727722168,0.8970109224319458,0.20926707983016968,,,
6,204,0.9684638977050781,0.8129670023918152,0.362393319606781,,,
6,205,0.9781761169433594,0.9030795097351074,0.22536665201187134,,,
6,206,0.983978271484375,0.9209861755371094,0.23005884885787964,,,
6,207,0.9792757034301758,0.8761582970619202,0.3081192970275879,,,
6,208,0.9774408340454102,0.8322673439979553,0.39374423027038574,,,
6,209,0.982813835144043,0.9342702031135559,0.17301654815673828,,,
6,210,0.9792308807373047,0.8755350708961487,0.3088558316230774,,,
6,211,0.9461593627929688,0.615511417388916,0.5445464253425598,,,
6,212,0.9744949340820312,0.9036349654197693,0.1976306438446045,,,
6,213,0.9793415069580078,0.8991930484771729,0.2413458228111267,,,
6,214,0.9832868576049805,0.9227204322814941,0.20951396226882935,,,
6,215,0.9801130294799805,0.8688960671424866,0.3302307724952698,,,
6,216,0.981329619884491,0.9123094081878662,0.21977108716964722,,,
6,216,,,,0.9581180214881897,0.8560813069343567,0.28660300374031067
7,217,0.9811544418334961,0.8855754733085632,0.296440064907074,,,
7,218,0.9795131683349609,0.921183168888092,0.18152689933776855,,,
7,219,0.9778499603271484,0.9071747064590454,0.20498347282409668,,,
7,220,0.9786739349365234,0.8933319449424744,0.2463526725769043,,,
7,221,0.9860658645629883,0.9183939099311829,0.2540600895881653,,,
7,222,0.9778738021850586,0.9132062792778015,0.18899977207183838,,,
7,223,0.9774656295776367,0.8719226121902466,0.28620320558547974,,,
7,224,0.9808788299560547,0.8971383571624756,0.2552218437194824,,,
7,225,0.9753236770629883,0.8483560681343079,0.3240036368370056,,,
7,226,0.9780654907226562,0.8974056839942932,0.22843414545059204,,,
7,227,0.9742288589477539,0.857645571231842,0.29635125398635864,,,
7,228,0.9753332138061523,0.7899817824363708,0.44322657585144043,,,
7,229,0.97796630859375,0.9238901138305664,0.16046863794326782,,,
7,230,0.9768161773681641,0.8815215826034546,0.25514185428619385,,,
7,231,0.9816961288452148,0.9335238337516785,0.15702414512634277,,,
7,232,0.9710350036621094,0.8859134912490845,0.20852720737457275,,,
7,233,0.9675092697143555,0.7934486269950867,0.3706700801849365,,,
7,234,0.968414306640625,0.789628803730011,0.3831824064254761,,,
7,235,0.9806594848632812,0.9215367436408997,0.1776357889175415,,,
7,236,0.9746541976928711,0.8224921822547913,0.3650698661804199,,,
7,237,0.9770889282226562,0.8926565647125244,0.22356384992599487,,,
7,238,0.9816455841064453,0.8233663439750671,0.44256067276000977,,,
7,239,0.9808254241943359,0.9049271941184998,0.22354155778884888,,,
7,240,0.9743204116821289,0.7567657828330994,0.4800192713737488,,,
7,241,0.9790878295898438,0.8755180239677429,0.2842639088630676,,,
7,242,0.9750127792358398,0.9003787040710449,0.1926109790802002,,,
7,243,0.9858245849609375,0.9472563862800598,0.14184856414794922,,,
7,244,0.9843645095825195,0.9386396408081055,0.15354382991790771,,,
7,245,0.9832401275634766,0.9251501560211182,0.1830042004585266,,,
7,246,0.9643268585205078,0.6516256332397461,0.5578100681304932,,,
7,247,0.9714037775993347,0.898572564125061,0.18255633115768433,,,
7,247,,,,0.963169515132904,0.8692938089370728,0.2607477903366089
8,248,0.9737205505371094,0.9041260480880737,0.17527711391448975,,,
8,249,0.9771661758422852,0.7690526843070984,0.48217999935150146,,,
8,250,0.974761962890625,0.8623279929161072,0.2721112370491028,,,
8,251,0.9798755645751953,0.901594877243042,0.21589094400405884,,,
8,252,0.9793453216552734,0.9021553993225098,0.20967739820480347,,,
8,253,0.9866762161254883,0.9277080297470093,0.21259081363677979,,,
8,254,0.9848413467407227,0.9097490310668945,0.2450762391090393,,,
8,255,0.9736242294311523,0.9019672274589539,0.18196022510528564,,,
8,256,0.9623680114746094,0.6512439846992493,0.5492129325866699,,,
8,257,0.9788017272949219,0.9296007752418518,0.14063674211502075,,,
8,258,0.9824008941650391,0.9067381620407104,0.22199445962905884,,,
8,259,0.9776325225830078,0.8139737844467163,0.39391326904296875,,,
8,260,0.982203483581543,0.9407063722610474,0.1316712498664856,,,
8,261,0.9741220474243164,0.8664339780807495,0.252913236618042,,,
8,262,0.9751815795898438,0.8284757733345032,0.3428460955619812,,,
8,263,0.9850835800170898,0.9395792484283447,0.14897173643112183,,,
8,264,0.9815940856933594,0.9251816272735596,0.1617971658706665,,,
8,265,0.9764747619628906,0.8929112553596497,0.20678704977035522,,,
8,266,0.98077392578125,0.8747149109840393,0.2878117561340332,,,
8,267,0.9828996658325195,0.9111315011978149,0.20904028415679932,,,
8,268,0.9773578643798828,0.8824658989906311,0.23410290479660034,,,
8,269,0.9767580032348633,0.8770296573638916,0.24092578887939453,,,
8,270,0.9790916442871094,0.9113472700119019,0.17685401439666748,,,
8,271,0.9827489852905273,0.9497494101524353,0.11449086666107178,,,
8,272,0.9774675369262695,0.8917568325996399,0.21409547328948975,,,
8,273,0.9809207916259766,0.8705649375915527,0.29469871520996094,,,
8,274,0.9770622253417969,0.8825591802597046,0.2322312593460083,,,
8,275,0.9602441787719727,0.7032890319824219,0.45309996604919434,,,
8,276,0.9786205291748047,0.8601802587509155,0.29384297132492065,,,
8,277,0.9761142730712891,0.8777808547019958,0.2326068878173828,,,
8,278,0.9816741943359375,0.8865053653717041,0.25697457790374756,,,
8,278,,,,0.9614020586013794,0.8654139637947083,0.254700243473053
9,279,0.9775533676147461,0.9195923805236816,0.14972561597824097,,,
9,280,0.9757909774780273,0.7716498374938965,0.4397789239883423,,,
9,281,0.9771347045898438,0.8592172861099243,0.2824433445930481,,,
9,282,0.981684684753418,0.9101902842521667,0.19339531660079956,,,
9,283,0.9797143936157227,0.9268728494644165,0.14220064878463745,,,
9,284,0.9789228439331055,0.9157128930091858,0.1639602780342102,,,
9,285,0.9817609786987305,0.8408544063568115,0.3632891774177551,,,
9,286,0.977198600769043,0.9134402871131897,0.15935516357421875,,,
9,287,0.9837484359741211,0.9284069538116455,0.16013973951339722,,,
9,288,0.9812278747558594,0.885834276676178,0.24981611967086792,,,
9,289,0.9751291275024414,0.7606179118156433,0.44610702991485596,,,
9,290,0.9749536514282227,0.8276841640472412,0.3257865309715271,,,
9,291,0.9756546020507812,0.8452454805374146,0.2945442199707031,,,
9,292,0.9774045944213867,0.8710795640945435,0.2509269118309021,,,
9,293,0.9788007736206055,0.9306405782699585,0.13050925731658936,,,
9,294,0.9850654602050781,0.899102509021759,0.2563568949699402,,,
9,295,0.9868488311767578,0.944346010684967,0.13781756162643433,,,
9,296,0.9800682067871094,0.9095708131790161,0.17937397956848145,,,
9,297,0.9808177947998047,0.8425937294960022,0.3429688811302185,,,
9,298,0.9838733673095703,0.959111750125885,0.10217666625976562,,,
9,299,0.9799957275390625,0.9300909638404846,0.13188546895980835,,,
9,300,0.9780616760253906,0.8700566291809082,0.2483273148536682,,,
9,301,0.9816513061523438,0.8827122449874878,0.25126004219055176,,,
9,302,0.9795780181884766,0.9120545983314514,0.17256605625152588,,,
9,303,0.983922004699707,0.9189919233322144,0.18489623069763184,,,
9,304,0.9818859100341797,0.8755014538764954,0.2722843885421753,,,
9,305,0.9767751693725586,0.8695342540740967,0.24433118104934692,,,
9,306,0.9849710464477539,0.9198777675628662,0.1874365210533142,,,
9,307,0.9763803482055664,0.8611761927604675,0.25751471519470215,,,
9,308,0.9776630401611328,0.8923141360282898,0.19814175367355347,,,
9,309,0.9780171513557434,0.8231858611106873,0.3513328433036804,,,
9,309,,,,0.9599232077598572,0.8578798174858093,0.2553988993167877
10,310,0.9849452972412109,0.9408637881278992,0.12882834672927856,,,
10,311,0.9853572845458984,0.9499546885490417,0.11020493507385254,,,
10,312,0.9819507598876953,0.9106003046035767,0.18450772762298584,,,
10,313,0.9847583770751953,0.925443172454834,0.17111599445343018,,,
10,314,0.9734430313110352,0.9168105721473694,0.13694381713867188,,,
10,315,0.9742879867553711,0.908782422542572,0.15024781227111816,,,
10,316,0.9849405288696289,0.9465639591217041,0.11207765340805054,,,
10,317,0.9799938201904297,0.8425015807151794,0.3215482831001282,,,
10,318,0.9669723510742188,0.7489852905273438,0.3935743570327759,,,
10,319,0.9851274490356445,0.9364180564880371,0.13982033729553223,,,
10,320,0.9784574508666992,0.9037836790084839,0.17451608180999756,,,
10,321,0.9758157730102539,0.8586872220039368,0.25639212131500244,,,
10,322,0.9806890487670898,0.8810421824455261,0.24124032258987427,,,
10,323,0.9809417724609375,0.8382006287574768,0.33904558420181274,,,
10,324,0.9757299423217773,0.81822270154953,0.3311624526977539,,,
10,325,0.9799671173095703,0.8853878378868103,0.22202128171920776,,,
10,326,0.980097770690918,0.9074155688285828,0.17252010107040405,,,
10,327,0.9789266586303711,0.9090774655342102,0.16183173656463623,,,
10,328,0.9677085876464844,0.8652408123016357,0.20171058177947998,,,
10,329,0.9837512969970703,0.9236536026000977,0.1575164794921875,,,
10,330,0.9852981567382812,0.9227763414382935,0.174363374710083,,,
10,331,0.9864215850830078,0.918893039226532,0.195556640625,,,
10,332,0.9861087799072266,0.9380470514297485,0.13636744022369385,,,
10,333,0.9820098876953125,0.8983017802238464,0.20485049486160278,,,
10,334,0.9805660247802734,0.8671256899833679,0.26583588123321533,,,
10,335,0.9793453216552734,0.8735771775245667,0.2394425868988037,,,
10,336,0.9832000732421875,0.8554549217224121,0.3190445899963379,,,
10,337,0.9803314208984375,0.9038006067276001,0.1789960265159607,,,
10,338,0.9785528182983398,0.8476726412773132,0.2882954478263855,,,
10,339,0.9856271743774414,0.9263374209403992,0.1623551845550537,,,
10,340,0.9768206477165222,0.8571283221244812,0.2551710605621338,,,
10,340,,,,0.9565569758415222,0.852041482925415,0.24774037301540375
11,341,0.9866094589233398,0.9480016827583313,0.11195170879364014,,,
11,342,0.9797277450561523,0.8571793437004089,0.2717425227165222,,,
11,343,0.9829921722412109,0.9166662693023682,0.16487252712249756,,,
11,344,0.9815435409545898,0.8491405844688416,0.30894535779953003,,,
11,345,0.983123779296875,0.9392309784889221,0.11271548271179199,,,
11,346,0.9794368743896484,0.9175124168395996,0.14293289184570312,,,
11,347,0.9814004898071289,0.9001106023788452,0.19003510475158691,,,
11,348,0.9764013290405273,0.9232915639877319,0.1219332218170166,,,
11,349,0.9819602966308594,0.928674578666687,0.13082516193389893,,,
11,350,0.9831066131591797,0.9282147884368896,0.13648581504821777,,,
11,351,0.9776859283447266,0.8677855134010315,0.23453599214553833,,,
11,352,0.9813003540039062,0.9028089642524719,0.18191570043563843,,,
11,353,0.9752044677734375,0.8507788181304932,0.25529903173446655,,,
11,354,0.9853363037109375,0.9254518747329712,0.1592513918876648,,,
11,355,0.9870700836181641,0.9403235912322998,0.13110262155532837,,,
11,356,0.980891227722168,0.867382824420929,0.2597394585609436,,,
11,357,0.9846515655517578,0.9497582316398621,0.09755814075469971,,,
11,358,0.9848928451538086,0.9433402419090271,0.11074727773666382,,,
11,359,0.9820880889892578,0.8534991145133972,0.2971140742301941,,,
11,360,0.9769191741943359,0.801868200302124,0.35104185342788696,,,
11,361,0.9748287200927734,0.9093964099884033,0.14229124784469604,,,
11,362,0.9767665863037109,0.863478422164917,0.23259609937667847,,,
11,363,0.9735012054443359,0.7101367712020874,0.47717058658599854,,,
11,364,0.982426643371582,0.9115405082702637,0.16586732864379883,,,
11,365,0.9810237884521484,0.9121081829071045,0.15841716527938843,,,
11,366,0.9822025299072266,0.9002821445465088,0.19314754009246826,,,
11,367,0.9834575653076172,0.9078854322433472,0.18158107995986938,,,
11,368,0.9848203659057617,0.9289232492446899,0.13950318098068237,,,
11,369,0.9877986907958984,0.9400322437286377,0.13618969917297363,,,
11,370,0.9867563247680664,0.8873457908630371,0.27317214012145996,,,
11,371,0.97802734375,0.7980789542198181,0.3617097735404968,,,
11,371,,,,0.9609239101409912,0.8639580011367798,0.23265855014324188
12,372,0.9785070419311523,0.8895981311798096,0.18761509656906128,,,
12,373,0.9873580932617188,0.9513935446739197,0.100955069065094,,,
12,374,0.9774084091186523,0.9276638627052307,0.11767464876174927,,,
12,375,0.9709577560424805,0.6781411170959473,0.5005022287368774,,,
12,376,0.9830598831176758,0.9271981120109558,0.1354389786720276,,,
12,377,0.9856500625610352,0.9516788721084595,0.09299033880233765,,,
12,378,0.9852094650268555,0.9399753212928772,0.11431640386581421,,,
12,379,0.9885425567626953,0.9483548402786255,0.11526209115982056,,,
12,380,0.9822597503662109,0.927559494972229,0.12630468606948853,,,
12,381,0.9792642593383789,0.8552329540252686,0.26081955432891846,,,
12,382,0.9832324981689453,0.8821637034416199,0.2353869080543518,,,
12,383,0.9781808853149414,0.9000139832496643,0.16134721040725708,,,
12,384,0.9813938140869141,0.900149941444397,0.18017452955245972,,,
12,385,0.9806613922119141,0.9138448238372803,0.14652079343795776,,,
12,386,0.9844274520874023,0.8763338923454285,0.2633879780769348,,,
12,387,0.9820384979248047,0.9241417646408081,0.13193893432617188,,,
12,388,0.9843254089355469,0.9160966277122498,0.16353577375411987,,,
12,389,0.9804954528808594,0.8709237575531006,0.23391509056091309,,,
12,390,0.9849090576171875,0.8350790739059448,0.360137403011322,,,
12,391,0.9832649230957031,0.8960235714912415,0.1979658603668213,,,
12,392,0.9780817031860352,0.8274381160736084,0.2976416349411011,,,
12,393,0.9805583953857422,0.9182621240615845,0.137847900390625,,,
12,394,0.9832086563110352,0.9069170951843262,0.17590469121932983,,,
12,395,0.9864749908447266,0.9345918297767639,0.13426917791366577,,,
12,396,0.9869346618652344,0.8452187180519104,0.36280161142349243,,,
12,397,0.9827766418457031,0.9368994832038879,0.10712087154388428,,,
12,398,0.982478141784668,0.922738254070282,0.1319659948348999,,,
12,399,0.9770822525024414,0.8977051377296448,0.15955901145935059,,,
12,400,0.9832744598388672,0.9121408462524414,0.158433198928833,,,
12,401,0.9782562255859375,0.9076317548751831,0.14311587810516357,,,
12,402,0.9802386164665222,0.8326711654663086,0.2985542416572571,,,
12,402,,,,0.9555816650390625,0.8492306470870972,0.23503324389457703
13,403,0.9828824996948242,0.9215721487998962,0.13587528467178345,,,
13,404,0.9841928482055664,0.9176450967788696,0.15587282180786133,,,
13,405,0.9845104217529297,0.9126713275909424,0.16988760232925415,,,
13,406,0.9884414672851562,0.9511595368385315,0.10055005550384521,,,
13,407,0.9842367172241211,0.928077220916748,0.12989020347595215,,,
13,408,0.9812431335449219,0.8643380403518677,0.24755406379699707,,,
13,409,0.9856042861938477,0.9286484122276306,0.13790875673294067,,,
13,410,0.9746866226196289,0.7229737043380737,0.43871432542800903,,,
13,411,0.9786701202392578,0.8546113967895508,0.24691426753997803,,,
13,412,0.9803504943847656,0.9415011405944824,0.09403461217880249,,,
13,413,0.9857378005981445,0.888385534286499,0.23579305410385132,,,
13,414,0.9791851043701172,0.915840208530426,0.13272511959075928,,,
13,415,0.9812479019165039,0.9177215099334717,0.1349407434463501,,,
13,416,0.986210823059082,0.9158734679222107,0.1708577275276184,,,
13,417,0.9847860336303711,0.9084134697914124,0.17391705513000488,,,
13,418,0.9782075881958008,0.876224160194397,0.2001020908355713,,,
13,419,0.9798288345336914,0.8885422945022583,0.18515199422836304,,,
13,420,0.9842634201049805,0.8849462866783142,0.22415882349014282,,,
13,421,0.9853534698486328,0.9147748351097107,0.16322964429855347,,,
13,422,0.9846649169921875,0.951548159122467,0.08637857437133789,,,
13,423,0.9824295043945312,0.8666483163833618,0.2434326410293579,,,
13,424,0.9812765121459961,0.9068572521209717,0.15531688928604126,,,
13,425,0.9870662689208984,0.8985973000526428,0.2192479968070984,,,
13,426,0.9806108474731445,0.9227483868598938,0.12273192405700684,,,
13,427,0.9862833023071289,0.8695467114448547,0.2769649028778076,,,
13,428,0.9830837249755859,0.9572254419326782,0.0827837586402893,,,
13,429,0.9814577102661133,0.9037089347839355,0.15925908088684082,,,
13,430,0.9837675094604492,0.9192402958869934,0.14076083898544312,,,
13,431,0.9844226837158203,0.9181519746780396,0.14733541011810303,,,
13,432,0.9830427169799805,0.9100301861763,0.1579025387763977,,,
13,433,0.981683075428009,0.9118216037750244,0.14464259147644043,,,
13,433,,,,0.9620806574821472,0.8665874600410461,0.2182183414697647
14,434,0.9840831756591797,0.8954902291297913,0.19677788019180298,,,
14,435,0.9842748641967773,0.9278771877288818,0.1259518265724182,,,
14,436,0.9825687408447266,0.9273012280464172,0.11995929479598999,,,
14,437,0.9763059616088867,0.802131175994873,0.31168484687805176,,,
14,438,0.9805231094360352,0.9250485301017761,0.1164177656173706,,,
14,439,0.9804449081420898,0.8179970383644104,0.31449735164642334,,,
14,440,0.9847688674926758,0.9112638235092163,0.16421973705291748,,,
14,441,0.986842155456543,0.9433090090751648,0.10514241456985474,,,
14,442,0.9841670989990234,0.858528196811676,0.27693629264831543,,,
14,443,0.9842691421508789,0.8812035918235779,0.22587376832962036,,,
14,444,0.9861907958984375,0.9374573230743408,0.11343508958816528,,,
14,445,0.9829492568969727,0.9381860494613647,0.10084354877471924,,,
14,446,0.9812116622924805,0.8988416194915771,0.16327744722366333,,,
14,447,0.9888515472412109,0.9663377404212952,0.06732970476150513,,,
14,448,0.9851493835449219,0.9377095103263855,0.10748755931854248,,,
14,449,0.9839811325073242,0.8986911773681641,0.18063336610794067,,,
14,450,0.9791975021362305,0.8681834936141968,0.21289390325546265,,,
14,451,0.9822492599487305,0.9205377697944641,0.12687557935714722,,,
14,452,0.9829626083374023,0.8543452024459839,0.26733285188674927,,,
14,453,0.9843463897705078,0.8948851227760315,0.19449788331985474,,,
14,454,0.9860382080078125,0.9316523671150208,0.12099283933639526,,,
14,455,0.9870738983154297,0.941585898399353,0.10571831464767456,,,
14,456,0.9881525039672852,0.9504051804542542,0.0912739634513855,,,
14,457,0.9815311431884766,0.91424560546875,0.13404089212417603,,,
14,458,0.9854583740234375,0.9297825694084167,0.12354141473770142,,,
14,459,0.9790124893188477,0.8941792845726013,0.16135704517364502,,,
14,460,0.9830226898193359,0.9232361316680908,0.12622076272964478,,,
14,461,0.9831409454345703,0.8743299841880798,0.22057896852493286,,,
14,462,0.9787464141845703,0.9132364392280579,0.12671852111816406,,,
14,463,0.9825935363769531,0.8977352976799011,0.1741597056388855,,,
14,464,0.9814796447753906,0.9101452827453613,0.1431283950805664,,,
14,464,,,,0.9644143581390381,0.8735977411270142,0.20829910039901733
15,465,0.965789794921875,0.6215155124664307,0.5123271942138672,,,
15,466,0.9846010208129883,0.9219732880592346,0.13271868228912354,,,
15,467,0.9844198226928711,0.9232146739959717,0.13106626272201538,,,
15,468,0.9822587966918945,0.9084637761116028,0.1507505178451538,,,
15,469,0.9864540100097656,0.9369990825653076,0.1116449236869812,,,
15,470,0.9811639785766602,0.9007871150970459,0.15611082315444946,,,
15,471,0.9823999404907227,0.9423344135284424,0.09011781215667725,,,
15,472,0.9862489700317383,0.9315122365951538,0.12229901552200317,,,
15,473,0.9795083999633789,0.9219857454299927,0.11397606134414673,,,
15,474,0.9835052490234375,0.9339317679405212,0.10616135597229004,,,
15,475,0.9699163436889648,0.7538047432899475,0.3465392589569092,,,
15,476,0.9822568893432617,0.8874443173408508,0.18868398666381836,,,
15,477,0.9862565994262695,0.9057019948959351,0.1893269419670105,,,
15,478,0.9851150512695312,0.929969072341919,0.11864662170410156,,,
15,479,0.9823675155639648,0.9064425826072693,0.1511656641960144,,,
15,480,0.9863643646240234,0.9427248239517212,0.09744900465011597,,,
15,481,0.9837226867675781,0.9262698888778687,0.11736375093460083,,,
15,482,0.9835481643676758,0.8979357481002808,0.17344027757644653,,,
15,483,0.9835548400878906,0.9011051654815674,0.1661694049835205,,,
15,484,0.9821147918701172,0.8291113972663879,0.29227524995803833,,,
15,485,0.9755926132202148,0.8867836594581604,0.15853166580200195,,,
15,486,0.9801244735717773,0.86719810962677,0.2123454213142395,,,
15,487,0.9823369979858398,0.8985839486122131,0.16336512565612793,,,
15,488,0.9841213226318359,0.9169774651527405,0.13760614395141602,,,
15,489,0.982696533203125,0.9040791988372803,0.15614598989486694,,,
15,490,0.9780464172363281,0.9038393497467041,0.13654524087905884,,,
15,491,0.9835138320922852,0.9326097965240479,0.10402560234069824,,,
15,492,0.9741020202636719,0.9025622606277466,0.13128137588500977,,,
15,493,0.9870758056640625,0.9452972412109375,0.09404528141021729,,,
15,494,0.9811525344848633,0.8950400948524475,0.16071200370788574,,,
15,495,0.9840494990348816,0.9168577790260315,0.1351853609085083,,,
15,495,,,,0.9637904763221741,0.8706167936325073,0.20619022846221924
16,496,0.9848098754882812,0.9474754929542542,0.08355087041854858,,,
16,497,0.9838685989379883,0.939615786075592,0.09103786945343018,,,
16,498,0.9849338531494141,0.8974282145500183,0.1819819211959839,,,
16,499,0.9839048385620117,0.9066997170448303,0.15465623140335083,,,
16,500,0.9820022583007812,0.9288831353187561,0.10502034425735474,,,
16,501,0.9863796234130859,0.9067863821983337,0.1704920530319214,,,
16,502,0.9835996627807617,0.89056396484375,0.1819072961807251,,,
16,503,0.9849176406860352,0.9201166033744812,0.13110405206680298,,,
16,504,0.9809045791625977,0.9310034513473511,0.10133165121078491,,,
16,505,0.9847536087036133,0.8992697596549988,0.17389953136444092,,,
16,506,0.983642578125,0.9441679120063782,0.08459824323654175,,,
16,507,0.9839181900024414,0.9190306663513184,0.13012409210205078,,,
16,508,0.9771232604980469,0.8042195439338684,0.2991354465484619,,,
16,509,0.9827117919921875,0.9239498376846313,0.11485743522644043,,,
16,510,0.9847135543823242,0.8588288426399231,0.2578403949737549,,,
16,511,0.9881486892700195,0.9399592280387878,0.10836535692214966,,,
16,512,0.984593391418457,0.9173069596290588,0.13571196794509888,,,
16,513,0.9839153289794922,0.9035699367523193,0.1602104902267456,,,
16,514,0.9788389205932617,0.930871307849884,0.09795171022415161,,,
16,515,0.977818489074707,0.8913084864616394,0.15400677919387817,,,
16,516,0.9797143936157227,0.91253662109375,0.12499403953552246,,,
16,517,0.9778928756713867,0.8727500438690186,0.18234717845916748,,,
16,518,0.9789018630981445,0.8291396498680115,0.263691246509552,,,
16,519,0.9820137023925781,0.7550267577171326,0.4092451333999634,,,
16,520,0.9829463958740234,0.9068563580513,0.1478961706161499,,,
16,521,0.9836263656616211,0.9537790417671204,0.07776308059692383,,,
16,522,0.9794435501098633,0.8197441101074219,0.2839721441268921,,,
16,523,0.9850912094116211,0.9439972639083862,0.08533835411071777,,,
16,524,0.9860830307006836,0.9120564460754395,0.15279799699783325,,,
16,525,0.9842090606689453,0.8474704027175903,0.26848435401916504,,,
16,526,0.9867630004882812,0.934694230556488,0.11047881841659546,,,
16,526,,,,0.9597485661506653,0.8611005544662476,0.2096487134695053
17,527,0.9804801940917969,0.8804501891136169,0.1806367039680481,,,
17,528,0.9838590621948242,0.884977400302887,0.19060039520263672,,,
17,529,0.9778289794921875,0.8953542113304138,0.1457868218421936,,,
17,530,0.9867620468139648,0.9346792101860046,0.11077451705932617,,,
17,531,0.9900503158569336,0.9612277150154114,0.07021975517272949,,,
17,532,0.9854202270507812,0.944728672504425,0.08519566059112549,,,
17,533,0.9827947616577148,0.8705699443817139,0.2099231481552124,,,
17,534,0.9871339797973633,0.8896477818489075,0.21445101499557495,,,
17,535,0.985072135925293,0.9235417246818542,0.12216430902481079,,,
17,536,0.9791593551635742,0.8343101739883423,0.2523704767227173,,,
17,537,0.9811267852783203,0.8819719552993774,0.18199265003204346,,,
17,538,0.9863414764404297,0.9187648296356201,0.13859862089157104,,,
17,539,0.9831066131591797,0.9222906827926636,0.1163862943649292,,,
17,540,0.9848184585571289,0.8752331733703613,0.21588021516799927,,,
17,541,0.9854030609130859,0.9125451445579529,0.14556795358657837,,,
17,542,0.983942985534668,0.9558559060096741,0.07164305448532104,,,
17,543,0.9823493957519531,0.774666428565979,0.371942400932312,,,
17,544,0.9864597320556641,0.9420123100280762,0.09165018796920776,,,
17,545,0.9837045669555664,0.9255150556564331,0.11226391792297363,,,
17,546,0.9849338531494141,0.9321132302284241,0.10421174764633179,,,
17,547,0.9871788024902344,0.9499664902687073,0.08115625381469727,,,
17,548,0.9840993881225586,0.8788493275642395,0.20239514112472534,,,
17,549,0.9839153289794922,0.9098224639892578,0.1430177092552185,,,
17,550,0.9827413558959961,0.9468674659729004,0.07946717739105225,,,
17,551,0.984105110168457,0.8804556131362915,0.20048516988754272,,,
17,552,0.9838886260986328,0.9596533179283142,0.0726209282875061,,,
17,553,0.9863786697387695,0.9256132245063782,0.12166303396224976,,,
17,554,0.9853153228759766,0.9116965532302856,0.14422845840454102,,,
17,555,0.9858675003051758,0.9179462194442749,0.13690948486328125,,,
17,556,0.980687141418457,0.8920522332191467,0.15874677896499634,,,
17,557,0.9873428344726562,0.8994179964065552,0.1883031129837036,,,
17,557,,,,0.9614054560661316,0.8648577928543091,0.20531252026557922
18,558,0.9833564758300781,0.931143045425415,0.10133552551269531,,,
18,559,0.9835071563720703,0.920022189617157,0.11871212720870972,,,
18,560,0.9861211776733398,0.8796974420547485,0.2162875533103943,,,
18,561,0.9837579727172852,0.9257092475891113,0.11092591285705566,,,
18,562,0.9868326187133789,0.9392866492271423,0.09688019752502441,,,
18,563,0.9880962371826172,0.9118072986602783,0.16284966468811035,,,
18,564,0.9817695617675781,0.8811615109443665,0.18293428421020508,,,
18,565,0.9844369888305664,0.9059813618659973,0.14957016706466675,,,
18,566,0.9855213165283203,0.9222965836524963,0.12463641166687012,,,
18,567,0.9882059097290039,0.9482454657554626,0.08560425043106079,,,
18,568,0.9855155944824219,0.8268384337425232,0.3053172826766968,,,
18,569,0.9814453125,0.8701990246772766,0.1983581781387329,,,
18,570,0.9888362884521484,0.9082860350608826,0.1769922375679016,,,
18,571,0.9881668090820312,0.939127504825592,0.10403555631637573,,,
18,572,0.98626708984375,0.9389755725860596,0.0948418378829956,,,
18,573,0.9863491058349609,0.8873746991157532,0.1943393349647522,,,
18,574,0.9858007431030273,0.9591895341873169,0.0652991533279419,,,
18,575,0.9867362976074219,0.9521057605743408,0.07390177249908447,,,
18,576,0.9861068725585938,0.9149278998374939,0.1387038230895996,,,
18,577,0.979405403137207,0.8908974528312683,0.15465348958969116,,,
18,578,0.9855356216430664,0.9454172849655151,0.08194971084594727,,,
18,579,0.9877758026123047,0.9240774512290955,0.13129347562789917,,,
18,580,0.9827089309692383,0.9124820828437805,0.127508282661438,,,
18,581,0.987156867980957,0.9219639301300049,0.12909048795700073,,,
18,582,0.9856634140014648,0.9622465968132019,0.06528788805007935,,,
18,583,0.9864387512207031,0.9050499796867371,0.16132056713104248,,,
18,584,0.9857864379882812,0.9042707085609436,0.15730023384094238,,,
18,585,0.9859323501586914,0.9250438213348389,0.11815541982650757,,,
18,586,0.9823112487792969,0.8231924176216125,0.2808070778846741,,,
18,587,0.9837446212768555,0.9333869814872742,0.09610915184020996,,,
18,588,0.9852396845817566,0.9530312418937683,0.07022392749786377,,,
18,588,,,,0.963446319103241,0.8708644509315491,0.19750183820724487
19,589,0.9802350997924805,0.8990747332572937,0.1394287347793579,,,
19,590,0.9848833084106445,0.8245095610618591,0.2982628345489502,,,
19,591,0.9856643676757812,0.9160743951797485,0.13214612007141113,,,
19,592,0.9833030700683594,0.9179730415344238,0.1193041205406189,,,
19,593,0.98382568359375,0.9304111003875732,0.10076910257339478,,,
19,594,0.9861574172973633,0.9528868198394775,0.07055836915969849,,,
19,595,0.986598014831543,0.9512102603912354,0.07425791025161743,,,
19,596,0.9884214401245117,0.9381722211837769,0.10323739051818848,,,
19,597,0.9766712188720703,0.7300149202346802,0.3821612000465393,,,
19,598,0.9865560531616211,0.9270020723342896,0.11546057462692261,,,
19,599,0.9870395660400391,0.9492842555046082,0.07707661390304565,,,
19,600,0.9870519638061523,0.9197031259536743,0.13144433498382568,,,
19,601,0.9790534973144531,0.9366927742958069,0.0853772759437561,,,
19,602,0.9787492752075195,0.7977526783943176,0.3152065873146057,,,
19,603,0.9843015670776367,0.813405454158783,0.31159353256225586,,,
19,604,0.9841318130493164,0.9266771674156189,0.10757601261138916,,,
19,605,0.9863348007202148,0.8788624405860901,0.20941781997680664,,,
19,606,0.9884567260742188,0.9312530755996704,0.1171802282333374,,,
19,607,0.9834861755371094,0.9039632678031921,0.14493966102600098,,,
19,608,0.9843921661376953,0.8450394868850708,0.2544219493865967,,,
19,609,0.9825820922851562,0.9298549890518188,0.09640300273895264,,,
19,610,0.9920206069946289,0.9600713849067688,0.07548528909683228,,,
19,611,0.9836339950561523,0.9198799133300781,0.1151309609413147,,,
19,612,0.9877185821533203,0.9333091378211975,0.106109619140625,,,
19,613,0.9861421585083008,0.9270455241203308,0.11304247379302979,,,
19,614,0.9847116470336914,0.9531261324882507,0.06902152299880981,,,
19,615,0.9878387451171875,0.9444775581359863,0.08581793308258057,,,
19,616,0.986053466796875,0.9224388599395752,0.12092286348342896,,,
19,617,0.9899330139160156,0.9443472027778625,0.09845107793807983,,,
19,618,0.9876623153686523,0.9488435983657837,0.07933741807937622,,,
19,619,0.984185516834259,0.9241151213645935,0.11090266704559326,,,
19,619,,,,0.9605246782302856,0.8631207942962646,0.20040780305862427
20,620,0.98553466796875,0.9062053561210632,0.1479319930076599,,,
20,621,0.9880056381225586,0.9528163075447083,0.07255017757415771,,,
20,622,0.9843006134033203,0.9292894005775452,0.1013803482055664,,,
20,623,0.9906673431396484,0.9221045970916748,0.15561789274215698,,,
20,624,0.9788188934326172,0.9196762442588806,0.10618162155151367,,,
20,625,0.9898805618286133,0.9285382628440857,0.13220316171646118,,,
20,626,0.9846124649047852,0.9290229678153992,0.1026771068572998,,,
20,627,0.9877634048461914,0.938724935054779,0.09562009572982788,,,
20,628,0.9803476333618164,0.9147949814796448,0.11503231525421143,,,
20,629,0.9884662628173828,0.9054328799247742,0.1682245135307312,,,
20,630,0.9868993759155273,0.8993449211120605,0.1670534610748291,,,
20,631,0.9839248657226562,0.9104223847389221,0.13073748350143433,,,
20,632,0.9843435287475586,0.9059396982192993,0.13945651054382324,,,
20,633,0.9867076873779297,0.8928142786026001,0.17879927158355713,,,
20,634,0.9847373962402344,0.9336844682693481,0.09461486339569092,,,
20,635,0.9865713119506836,0.8890954256057739,0.18410640954971313,,,
20,636,0.9854536056518555,0.9371533989906311,0.09163141250610352,,,
20,637,0.9848957061767578,0.8810192942619324,0.18591612577438354,,,
20,638,0.9879636764526367,0.9510383009910583,0.07507151365280151,,,
20,639,0.9888954162597656,0.9525725841522217,0.07427233457565308,,,
20,640,0.9879961013793945,0.9416798949241638,0.09210479259490967,,,
20,641,0.9871950149536133,0.8831398487091064,0.19857454299926758,,,
20,642,0.9807882308959961,0.9330528378486633,0.08918315172195435,,,
20,643,0.9834680557250977,0.9134587049484253,0.12522095441818237,,,
20,644,0.9844636917114258,0.9348125457763672,0.0900682806968689,,,
20,645,0.9880142211914062,0.967949628829956,0.056345582008361816,,,
20,646,0.9894447326660156,0.9144733548164368,0.1541001796722412,,,
20,647,0.9842987060546875,0.941625714302063,0.08039212226867676,,,
20,648,0.9802255630493164,0.9002952575683594,0.13452816009521484,,,
20,649,0.9874324798583984,0.9148944616317749,0.1375247836112976,,,
20,650,0.9886614680290222,0.91403728723526,0.14951568841934204,,,
20,650,,,,0.9634755253791809,0.870419979095459,0.19499069452285767
21,651,0.9824628829956055,0.9063658118247986,0.1328861117362976,,,
21,652,0.9841556549072266,0.9258350133895874,0.10441410541534424,,,
21,653,0.9863319396972656,0.9248914122581482,0.11365073919296265,,,
21,654,0.986846923828125,0.9219304323196411,0.12134701013565063,,,
21,655,0.9839973449707031,0.8911181688308716,0.16200411319732666,,,
21,656,0.985203742980957,0.922762930393219,0.11345863342285156,,,
21,657,0.9829530715942383,0.8499273657798767,0.22399920225143433,,,
21,658,0.9873762130737305,0.9451102018356323,0.08161544799804688,,,
21,659,0.9841156005859375,0.9451800584793091,0.07578307390213013,,,
21,660,0.9864730834960938,0.938052773475647,0.09113180637359619,,,
21,661,0.9853038787841797,0.8483372330665588,0.2422999143600464,,,
21,662,0.9836301803588867,0.9126098155975342,0.12218493223190308,,,
21,663,0.9860401153564453,0.9433197975158691,0.08082520961761475,,,
21,664,0.9872808456420898,0.9467699527740479,0.07894212007522583,,,
21,665,0.9862680435180664,0.9419364929199219,0.08415055274963379,,,
21,666,0.9885711669921875,0.9579926133155823,0.06337100267410278,,,
21,667,0.9875259399414062,0.9225444197654724,0.12184780836105347,,,
21,668,0.9882450103759766,0.9108858704566956,0.1490451693534851,,,
21,669,0.9909954071044922,0.9694138765335083,0.0500604510307312,,,
21,670,0.9860935211181641,0.8880710005760193,0.17685431241989136,,,
21,671,0.9817190170288086,0.8748375773429871,0.1781664490699768,,,
21,672,0.9857492446899414,0.9495034217834473,0.07034522294998169,,,
21,673,0.9861087799072266,0.8894177675247192,0.17628955841064453,,,
21,674,0.98687744140625,0.9136220812797546,0.13333261013031006,,,
21,675,0.9873371124267578,0.9219790101051331,0.12309366464614868,,,
21,676,0.9856739044189453,0.9272785186767578,0.1058472990989685,,,
21,677,0.9915037155151367,0.9597216844558716,0.06798821687698364,,,
21,678,0.9871425628662109,0.9378870129585266,0.0898638367652893,,,
21,679,0.9894609451293945,0.930097222328186,0.11790764331817627,,,
21,680,0.9869709014892578,0.9052473902702332,0.15092700719833374,,,
21,681,0.9915847778320312,0.972781240940094,0.04623764753341675,,,
21,681,,,,0.9635984897613525,0.8704113960266113,0.19435207545757294
22,682,0.9853601455688477,0.8788875937461853,0.18765830993652344,,,
22,683,0.9775161743164062,0.8524304628372192,0.19541513919830322,,,
22,684,0.9861631393432617,0.9405415058135986,0.0841633677482605,,,
22,685,0.9853658676147461,0.9511575102806091,0.06848806142807007,,,
22,686,0.9900417327880859,0.9706100821495056,0.049517035484313965,,,
22,687,0.9846868515014648,0.8988274335861206,0.14987093210220337,,,
22,688,0.9852056503295898,0.925733208656311,0.10600793361663818,,,
22,689,0.9875812530517578,0.9330312609672546,0.10108143091201782,,,
22,690,0.9866962432861328,0.8756750822067261,0.1998993158340454,,,
22,691,0.9859027862548828,0.9073693156242371,0.14025413990020752,,,
22,692,0.9867658615112305,0.9236255884170532,0.11450779438018799,,,
22,693,0.9884614944458008,0.943335235118866,0.08619856834411621,,,
22,694,0.9917726516723633,0.9536939859390259,0.0804552435874939,,,
22,695,0.9812154769897461,0.9055734276771545,0.12608516216278076,,,
22,696,0.9840936660766602,0.9365102648735046,0.08679687976837158,,,
22,697,0.9877042770385742,0.9434490203857422,0.0830388069152832,,,
22,698,0.9870891571044922,0.9498456716537476,0.070229172706604,,,
22,699,0.986903190612793,0.9297817945480347,0.10389482975006104,,,
22,700,0.9873180389404297,0.93317049741745,0.09886455535888672,,,
22,701,0.9872703552246094,0.9421448111534119,0.08404046297073364,,,
22,702,0.9889507293701172,0.9485893845558167,0.07897567749023438,,,
22,703,0.9892082214355469,0.9410628080368042,0.09258466958999634,,,
22,704,0.9927520751953125,0.9678625464439392,0.05600696802139282,,,
22,705,0.9891929626464844,0.9427656531333923,0.08935129642486572,,,
22,706,0.9839315414428711,0.8623290061950684,0.20347321033477783,,,
22,707,0.9884214401245117,0.9418865442276001,0.0870104432106018,,,
22,708,0.9867973327636719,0.9296619892120361,0.1042318344116211,,,
22,709,0.9870681762695312,0.9429153800010681,0.08054959774017334,,,
22,710,0.9822988510131836,0.8510329127311707,0.21233725547790527,,,
22,711,0.9851884841918945,0.8559890985488892,0.2223222851753235,,,
22,712,0.9912796020507812,0.9601823091506958,0.06386762857437134,,,
22,712,,,,0.9621115922927856,0.865820050239563,0.19587551057338715
23,713,0.98822021484375,0.9365411996841431,0.09643787145614624,,,
23,714,0.9812088012695312,0.9112735986709595,0.11414968967437744,,,
23,715,0.9863138198852539,0.9229741096496582,0.11123710870742798,,,
23,716,0.9869709014892578,0.9124365448951721,0.13465440273284912,,,
23,717,0.9848861694335938,0.9251623153686523,0.10691612958908081,,,
23,718,0.9869937896728516,0.9206926822662354,0.1163073182106018,,,
23,719,0.984431266784668,0.9224225878715515,0.1050301194190979,,,
23,720,0.9868736267089844,0.9461771845817566,0.07486236095428467,,,
23,721,0.9889421463012695,0.9509312510490417,0.071766197681427,,,
23,722,0.9848299026489258,0.944677472114563,0.07511287927627563,,,
23,723,0.9868812561035156,0.9016480445861816,0.15020126104354858,,,
23,724,0.9846782684326172,0.9069947600364685,0.13265925645828247,,,
23,725,0.992034912109375,0.971237301826477,0.04602569341659546,,,
23,726,0.9870014190673828,0.9021269083023071,0.15230929851531982,,,
23,727,0.9874839782714844,0.9298710823059082,0.10248982906341553,,,
23,728,0.9867391586303711,0.9380137920379639,0.08897113800048828,,,
23,729,0.9900636672973633,0.94896000623703,0.07852011919021606,,,
23,730,0.9847288131713867,0.9289224147796631,0.09604299068450928,,,
23,731,0.9848031997680664,0.9244901537895203,0.10435974597930908,,,
23,732,0.9871702194213867,0.9394066333770752,0.08685582876205444,,,
23,733,0.9900579452514648,0.9356648325920105,0.10630100965499878,,,
23,734,0.9836492538452148,0.9112600684165955,0.12168985605239868,,,
23,735,0.9867639541625977,0.9444188475608826,0.07625740766525269,,,
23,736,0.9838418960571289,0.9035273790359497,0.13329964876174927,,,
23,737,0.9868755340576172,0.9142025113105774,0.12822675704956055,,,
23,738,0.9902286529541016,0.9529083967208862,0.0738644003868103,,,
23,739,0.9878635406494141,0.9633193016052246,0.053759634494781494,,,
23,740,0.9832792282104492,0.870043158531189,0.18180817365646362,,,
23,741,0.988133430480957,0.940400242805481,0.08770006895065308,,,
23,742,0.990717887878418,0.9474811553955078,0.08546125888824463,,,
23,743,0.9870007634162903,0.8166672587394714,0.3000143766403198,,,
23,743,,,,0.9635751247406006,0.8701661825180054,0.19103525578975677
24,744,0.9902381896972656,0.9513794183731079,0.07599812746047974,,,
24,745,0.9888734817504883,0.9293118715286255,0.11071687936782837,,,
24,746,0.9870882034301758,0.9132915735244751,0.13008558750152588,,,
24,747,0.9858951568603516,0.9257127642631531,0.10355019569396973,,,
24,748,0.9887962341308594,0.9131963849067688,0.13847076892852783,,,
24,749,0.9864788055419922,0.916138768196106,0.12144100666046143,,,
24,750,0.9885330200195312,0.9533852338790894,0.06596958637237549,,,
24,751,0.987091064453125,0.92240309715271,0.11281323432922363,,,
24,752,0.9873113632202148,0.9326035380363464,0.09615159034729004,,,
24,753,0.9891843795776367,0.9621070027351379,0.0553167462348938,,,
24,754,0.988037109375,0.9607346057891846,0.056819021701812744,,,
24,755,0.9870662689208984,0.9318355321884155,0.09842944145202637,,,
24,756,0.9860334396362305,0.9515536427497864,0.0652502179145813,,,
24,757,0.984898567199707,0.9316411018371582,0.09215384721755981,,,
24,758,0.9865865707397461,0.8913622498512268,0.16464239358901978,,,
24,759,0.9870109558105469,0.9392476677894592,0.08512347936630249,,,
24,760,0.9875755310058594,0.9324603080749512,0.09762191772460938,,,
24,761,0.9842367172241211,0.9413663744926453,0.07712805271148682,,,
24,762,0.9839258193969727,0.922192394733429,0.1028207540512085,,,
24,763,0.9901294708251953,0.9389870166778564,0.09836810827255249,,,
24,764,0.9895172119140625,0.9583244919776917,0.05966681241989136,,,
24,765,0.9888505935668945,0.9410839676856995,0.08820825815200806,,,
24,766,0.9869289398193359,0.9282836318016052,0.10199815034866333,,,
24,767,0.9845514297485352,0.8356382846832275,0.2460041046142578,,,
24,768,0.9889039993286133,0.9537935853004456,0.06678056716918945,,,
24,769,0.9877738952636719,0.95600426197052,0.061002373695373535,,,
24,770,0.9868688583374023,0.9411543607711792,0.08060401678085327,,,
24,771,0.986393928527832,0.9119967222213745,0.1289786696434021,,,
24,772,0.9854154586791992,0.8952820897102356,0.15057432651519775,,,
24,773,0.985896110534668,0.8528311252593994,0.22164207696914673,,,
24,774,0.9821891784667969,0.7823479175567627,0.31157374382019043,,,
24,774,,,,0.9635522365570068,0.8704958558082581,0.18964356184005737
25,775,0.9890241622924805,0.9517460465431213,0.06894230842590332,,,
25,776,0.9846534729003906,0.8620701432228088,0.19908392429351807,,,
25,777,0.9879999160766602,0.9584645628929138,0.0577317476272583,,,
25,778,0.9844474792480469,0.9350457191467285,0.08489841222763062,,,
25,779,0.9841461181640625,0.9298529624938965,0.09148496389389038,,,
25,780,0.9880132675170898,0.9316203594207764,0.0983172059059143,,,
25,781,0.9884700775146484,0.9613105058670044,0.054463207721710205,,,
25,782,0.9848031997680664,0.8692694902420044,0.18844276666641235,,,
25,783,0.9921636581420898,0.9426159262657166,0.10168558359146118,,,
25,784,0.9844560623168945,0.9419267773628235,0.07527226209640503,,,
25,785,0.9877309799194336,0.9348792433738708,0.09253424406051636,,,
25,786,0.9863224029541016,0.9477996230125427,0.0695067048072815,,,
25,787,0.982203483581543,0.8723694086074829,0.17158424854278564,,,
25,788,0.9841814041137695,0.8628618121147156,0.19438350200653076,,,
25,789,0.9897737503051758,0.966318666934967,0.05004507303237915,,,
25,790,0.98187255859375,0.9276100993156433,0.08979368209838867,,,
25,791,0.9825410842895508,0.9090520739555359,0.11468541622161865,,,
25,792,0.9839468002319336,0.909830629825592,0.1181713342666626,,,
25,793,0.9797706604003906,0.8655025362968445,0.1727362871170044,,,
25,794,0.9886016845703125,0.9313099384307861,0.10194003582000732,,,
25,795,0.9854202270507812,0.9384697079658508,0.08025211095809937,,,
25,796,0.986445426940918,0.9050586819648743,0.13450032472610474,,,
25,797,0.9870815277099609,0.9418689012527466,0.0770072340965271,,,
25,798,0.9881324768066406,0.8942798376083374,0.16632825136184692,,,
25,799,0.9899578094482422,0.9123581051826477,0.14483284950256348,,,
25,800,0.9882268905639648,0.9377081394195557,0.0876278281211853,,,
25,801,0.9839658737182617,0.8928309679031372,0.1462969183921814,,,
25,802,0.9858522415161133,0.941290557384491,0.07741343975067139,,,
25,803,0.9840564727783203,0.9008298516273499,0.13163506984710693,,,
25,804,0.9865560531616211,0.9424283504486084,0.07583534717559814,,,
25,805,0.986199676990509,0.9094232320785522,0.12612378597259521,,,
25,805,,,,0.9596579074859619,0.8606760501861572,0.1956261247396469
26,806,0.9821414947509766,0.882881224155426,0.15495556592941284,,,
26,807,0.9855022430419922,0.9045807719230652,0.1324290633201599,,,
26,808,0.9870939254760742,0.8962201476097107,0.15286874771118164,,,
26,809,0.9887523651123047,0.949106752872467,0.06971096992492676,,,
26,810,0.9866132736206055,0.9079257249832153,0.13196855783462524,,,
26,811,0.9862947463989258,0.9125425815582275,0.12155234813690186,,,
26,812,0.9893512725830078,0.9130772948265076,0.13756674528121948,,,
26,813,0.9847965240478516,0.9392025470733643,0.07746285200119019,,,
26,814,0.9879512786865234,0.95505690574646,0.06178176403045654,,,
26,815,0.9844694137573242,0.9299461245536804,0.09035629034042358,,,
26,816,0.9865436553955078,0.9533527493476868,0.062064528465270996,,,
26,817,0.9847421646118164,0.9363912343978882,0.08217012882232666,,,
26,818,0.9856843948364258,0.9118979573249817,0.11784970760345459,,,
26,819,0.9842386245727539,0.9178533554077148,0.10620713233947754,,,
26,820,0.9815788269042969,0.8894263505935669,0.1429840326309204,,,
26,821,0.9890012741088867,0.9420108199119568,0.08255130052566528,,,
26,822,0.9877557754516602,0.8404121994972229,0.252225399017334,,,
26,823,0.9816122055053711,0.9095892310142517,0.11177343130111694,,,
26,824,0.9807834625244141,0.9276005625724792,0.08566105365753174,,,
26,825,0.986058235168457,0.9602929949760437,0.05645596981048584,,,
26,826,0.9881324768066406,0.9161964058876038,0.12353122234344482,,,
26,827,0.9875373840332031,0.9466294050216675,0.07044857740402222,,,
26,828,0.9886941909790039,0.9191938042640686,0.12103879451751709,,,
26,829,0.9857082366943359,0.9429511427879333,0.07284879684448242,,,
26,830,0.9860801696777344,0.9224149584770203,0.10397183895111084,,,
26,831,0.9847040176391602,0.9019938707351685,0.12930601835250854,,,
26,832,0.9858121871948242,0.9499660134315491,0.06474477052688599,,,
26,833,0.9881763458251953,0.9394315481185913,0.08273673057556152,,,
26,834,0.9855432510375977,0.9153440594673157,0.1130022406578064,,,
26,835,0.9842662811279297,0.8804960250854492,0.16447728872299194,,,
26,836,0.987921416759491,0.924709677696228,0.10718244314193726,,,
26,836,,,,0.9639201760292053,0.8720912933349609,0.18405795097351074
27,837,0.9868297576904297,0.9038247466087341,0.1368747353553772,,,
27,838,0.9818601608276367,0.9319080710411072,0.08182233572006226,,,
27,839,0.9849023818969727,0.9307625889778137,0.08794587850570679,,,
27,840,0.9898614883422852,0.9688903093338013,0.044445812702178955,,,
27,841,0.98760986328125,0.9016129970550537,0.14553594589233398,,,
27,842,0.9860811233520508,0.8824462890625,0.16886895895004272,,,
27,843,0.9894590377807617,0.9575405716896057,0.059236109256744385,,,
27,844,0.9824380874633789,0.9214313626289368,0.09888780117034912,,,
27,845,0.9886751174926758,0.9366579055786133,0.0892828106880188,,,
27,846,0.9863681793212891,0.9057329297065735,0.13227379322052002,,,
27,847,0.9870672225952148,0.9453878998756409,0.07186007499694824,,,
27,848,0.9920625686645508,0.955382227897644,0.07115280628204346,,,
27,849,0.9897928237915039,0.9567805528640747,0.05912142992019653,,,
27,850,0.9876317977905273,0.9582836031913757,0.05566227436065674,,,
27,851,0.9901638031005859,0.9118536710739136,0.141696035861969,,,
27,852,0.9885492324829102,0.9517155289649963,0.06479448080062866,,,
27,853,0.9858188629150391,0.9418604373931885,0.07503288984298706,,,
27,854,0.9865303039550781,0.9372668266296387,0.0818374752998352,,,
27,855,0.9818525314331055,0.8507131338119507,0.19884198904037476,,,
27,856,0.9874868392944336,0.9320788979530334,0.09177178144454956,,,
27,857,0.9895267486572266,0.9480945467948914,0.07208371162414551,,,
27,858,0.9868507385253906,0.8341712355613708,0.2503114342689514,,,
27,859,0.9867067337036133,0.8747078776359558,0.18427783250808716,,,
27,860,0.9878520965576172,0.9427814483642578,0.07634830474853516,,,
27,861,0.9818716049194336,0.9239518046379089,0.09333175420761108,,,
27,862,0.9858608245849609,0.9235706329345703,0.10089075565338135,,,
27,863,0.9863815307617188,0.8752533197402954,0.18118131160736084,,,
27,864,0.9890451431274414,0.9558727145195007,0.060118913650512695,,,
27,865,0.9894933700561523,0.9337131977081299,0.09916442632675171,,,
27,866,0.9886388778686523,0.9021832942962646,0.14567571878433228,,,
27,867,0.9861018061637878,0.9539905786514282,0.0607571005821228,,,
27,867,,,,0.9635509848594666,0.8709821701049805,0.1851544976234436
28,868,0.990199089050293,0.9477816224098206,0.07652008533477783,,,
28,869,0.9882192611694336,0.8897693157196045,0.16564947366714478,,,
28,870,0.9924077987670898,0.964366614818573,0.05551236867904663,,,
28,871,0.9875545501708984,0.9593513607978821,0.05419439077377319,,,
28,872,0.9846296310424805,0.9354636073112488,0.08020317554473877,,,
28,873,0.9897050857543945,0.9539914131164551,0.06394881010055542,,,
28,874,0.9864988327026367,0.9157606959342957,0.11377668380737305,,,
28,875,0.9880180358886719,0.9152203798294067,0.12103009223937988,,,
28,876,0.9848098754882812,0.920996367931366,0.10222166776657104,,,
28,877,0.9854869842529297,0.9259450435638428,0.09711384773254395,,,
28,878,0.9883956909179688,0.9325655698776245,0.09493762254714966,,,
28,879,0.9851045608520508,0.8967031240463257,0.13933271169662476,,,
28,880,0.988459587097168,0.9342151284217834,0.09115773439407349,,,
28,881,0.9907455444335938,0.9132285118103027,0.14329224824905396,,,
28,882,0.987579345703125,0.9655548334121704,0.049977004528045654,,,
28,883,0.9873743057250977,0.9347437024116516,0.08766257762908936,,,
28,884,0.9856891632080078,0.8565515279769897,0.20425963401794434,,,
28,885,0.9909324645996094,0.9642089605331421,0.05159354209899902,,,
28,886,0.9875450134277344,0.9200934767723083,0.11165893077850342,,,
28,887,0.9874362945556641,0.9048004746437073,0.13507533073425293,,,
28,888,0.9874286651611328,0.9269331097602844,0.09919142723083496,,,
28,889,0.9880733489990234,0.9448545575141907,0.07399904727935791,,,
28,890,0.9867334365844727,0.9270012974739075,0.09740978479385376,,,
28,891,0.9902400970458984,0.9541752338409424,0.06376630067825317,,,
28,892,0.9918661117553711,0.9634277820587158,0.05455833673477173,,,
28,893,0.9893474578857422,0.9532252550125122,0.06401365995407104,,,
28,894,0.985020637512207,0.8921844363212585,0.14338934421539307,,,
28,895,0.989842414855957,0.9390169382095337,0.08815419673919678,,,
28,896,0.9870128631591797,0.94528728723526,0.07210785150527954,,,
28,897,0.9867935180664062,0.9090407490730286,0.12503832578659058,,,
28,898,0.9869053959846497,0.9588751196861267,0.05541086196899414,,,
28,898,,,,0.9629359841346741,0.8694063425064087,0.18438105285167694
29,899,0.9888973236083984,0.9326300621032715,0.09592956304550171,,,
29,900,0.9918909072875977,0.9585549235343933,0.061125338077545166,,,
29,901,0.9915666580200195,0.9760735630989075,0.038478732109069824,,,
29,902,0.9885759353637695,0.9407484531402588,0.08048737049102783,,,
29,903,0.9909229278564453,0.963478684425354,0.05100882053375244,,,
29,904,0.9893722534179688,0.9412112236022949,0.08300328254699707,,,
29,905,0.9837856292724609,0.8383486866950989,0.21659964323043823,,,
29,906,0.9902839660644531,0.9472323656082153,0.07596909999847412,,,
29,907,0.9868593215942383,0.9474887847900391,0.06682634353637695,,,
29,908,0.9913969039916992,0.9199769496917725,0.13279682397842407,,,
29,909,0.9931554794311523,0.9596500992774963,0.06651955842971802,,,
29,910,0.9881019592285156,0.9329293966293335,0.0914493203163147,,,
29,911,0.9848842620849609,0.938291072845459,0.07788419723510742,,,
29,912,0.9914951324462891,0.9679179787635803,0.04602724313735962,,,
29,913,0.9889669418334961,0.953992486000061,0.060514748096466064,,,
29,914,0.9857769012451172,0.9373753666877747,0.07961231470108032,,,
29,915,0.9864749908447266,0.9571020007133484,0.05644559860229492,,,
29,916,0.9904251098632812,0.9455088376998901,0.07744252681732178,,,
29,917,0.9856243133544922,0.9236364960670471,0.10015004873275757,,,
29,918,0.9795150756835938,0.8110884428024292,0.23923134803771973,,,
29,919,0.9893827438354492,0.9509490132331848,0.06591910123825073,,,
29,920,0.9832906723022461,0.8973567485809326,0.1316249966621399,,,
29,921,0.9863042831420898,0.9372248649597168,0.08051329851150513,,,
29,922,0.9896039962768555,0.9380878210067749,0.08628958463668823,,,
29,923,0.9900636672973633,0.9198809862136841,0.12055540084838867,,,
29,924,0.9877233505249023,0.897304356098175,0.1487637758255005,,,
29,925,0.9808244705200195,0.9099995493888855,0.11002713441848755,,,
29,926,0.9864044189453125,0.9112892150878906,0.11986565589904785,,,
29,927,0.9898290634155273,0.9399979710578918,0.08389681577682495,,,
29,928,0.9858627319335938,0.9073546528816223,0.12205058336257935,,,
29,929,0.9902928471565247,0.9458715915679932,0.07808762788772583,,,
29,929,,,,0.9620039463043213,0.8670151829719543,0.18690797686576843
30,930,0.9881067276000977,0.9508714079856873,0.06462788581848145,,,
30,931,0.9843339920043945,0.8636333346366882,0.18467479944229126,,,
30,932,0.9872608184814453,0.8940034508705139,0.14591515064239502,,,
30,933,0.9855051040649414,0.9187371134757996,0.10483133792877197,,,
30,934,0.9867649078369141,0.9482281804084778,0.06604993343353271,,,
30,935,0.9879007339477539,0.9277883768081665,0.09961402416229248,,,
30,936,0.9936933517456055,0.9724818468093872,0.041579246520996094,,,
30,937,0.9905519485473633,0.9506991505622864,0.07006591558456421,,,
30,938,0.9878416061401367,0.9418751001358032,0.07580006122589111,,,
30,939,0.9869899749755859,0.9510497450828552,0.06232869625091553,,,
30,940,0.9903440475463867,0.9611462950706482,0.05282557010650635,,,
30,941,0.9859342575073242,0.894408643245697,0.14261621236801147,,,
30,942,0.9888410568237305,0.9171604514122009,0.11766386032104492,,,
30,943,0.9864187240600586,0.9492740631103516,0.06402808427810669,,,
30,944,0.9854698181152344,0.9290362000465393,0.08832377195358276,,,
30,945,0.9899168014526367,0.9196977019309998,0.11831653118133545,,,
30,946,0.9894905090332031,0.9619174003601074,0.050783753395080566,,,
30,947,0.9821205139160156,0.9194351434707642,0.09823191165924072,,,
30,948,0.9861431121826172,0.9279248118400574,0.09275603294372559,,,
30,949,0.9899311065673828,0.9342184662818909,0.09435182809829712,,,
30,950,0.9893684387207031,0.9178439378738403,0.12107408046722412,,,
30,951,0.990941047668457,0.9588322639465332,0.056621253490448,,,
30,952,0.9877605438232422,0.9118537902832031,0.12453287839889526,,,
30,953,0.9882068634033203,0.9525007605552673,0.06174743175506592,,,
30,954,0.9882926940917969,0.8954067826271057,0.15143251419067383,,,
30,955,0.9932565689086914,0.9714580774307251,0.042401254177093506,,,
30,956,0.985753059387207,0.9410024881362915,0.07324165105819702,,,
30,957,0.9937324523925781,0.9799433946609497,0.0314289927482605,,,
30,958,0.986720085144043,0.9032569527626038,0.12996023893356323,,,
30,959,0.9892396926879883,0.9082750082015991,0.1341192126274109,,,
30,960,0.9908269047737122,0.9322355389595032,0.10364454984664917,,,
30,960,,,,0.9620564579963684,0.8667920827865601,0.18566188216209412
31,961,0.987548828125,0.9192643761634827,0.1090124249458313,,,
31,962,0.9903173446655273,0.9647970199584961,0.04810607433319092,,,
31,963,0.9884471893310547,0.9242240190505981,0.10604095458984375,,,
31,964,0.9884319305419922,0.9323604702949524,0.09148722887039185,,,
31,965,0.9902849197387695,0.9501953125,0.06776237487792969,,,
31,966,0.9868230819702148,0.9300872087478638,0.09003853797912598,,,
31,967,0.987945556640625,0.9457892179489136,0.07317638397216797,,,
31,968,0.9913368225097656,0.9431574940681458,0.08482640981674194,,,
31,969,0.9922418594360352,0.9705244302749634,0.04179024696350098,,,
31,970,0.9886245727539062,0.9362881779670715,0.08596396446228027,,,
31,971,0.9882011413574219,0.9219943881034851,0.10655969381332397,,,
31,972,0.9881401062011719,0.9386661052703857,0.08048117160797119,,,
31,973,0.9917049407958984,0.9697885513305664,0.04173094034194946,,,
31,974,0.9847240447998047,0.8939521312713623,0.13589376211166382,,,
31,975,0.9869747161865234,0.9241992831230164,0.10068655014038086,,,
31,976,0.9893007278442383,0.9308066964149475,0.09497952461242676,,,
31,977,0.9880657196044922,0.8959828019142151,0.14647245407104492,,,
31,978,0.9893808364868164,0.9532745480537415,0.06299114227294922,,,
31,979,0.989558219909668,0.9592006206512451,0.05408167839050293,,,
31,980,0.9868059158325195,0.9106208682060242,0.11829715967178345,,,
31,981,0.9901647567749023,0.9682258367538452,0.04304349422454834,,,
31,982,0.9907293319702148,0.9589471220970154,0.057042598724365234,,,
31,983,0.9891910552978516,0.9350081086158752,0.08892351388931274,,,
31,984,0.9882698059082031,0.9155753254890442,0.11664670705795288,,,
31,985,0.9870052337646484,0.9237475991249084,0.10164350271224976,,,
31,986,0.9907321929931641,0.9535121917724609,0.06332600116729736,,,
31,987,0.9900579452514648,0.9607576727867126,0.051863014698028564,,,
31,988,0.9861726760864258,0.8905743956565857,0.14636552333831787,,,
31,989,0.9920253753662109,0.9533357620239258,0.07000261545181274,,,
31,990,0.9857854843139648,0.9327488541603088,0.08327078819274902,,,
31,991,0.9859797358512878,0.9260570406913757,0.09361767768859863,,,
31,991,,,,0.96337890625,0.8697832226753235,0.1834431290626526
32,992,0.9897060394287109,0.9563199281692505,0.05801284313201904,,,
32,993,0.987574577331543,0.9659090638160706,0.047205567359924316,,,
32,994,0.9898862838745117,0.9147747755050659,0.12438404560089111,,,
32,995,0.9883966445922852,0.9293917417526245,0.0931243896484375,,,
32,996,0.9886074066162109,0.9547991156578064,0.05878496170043945,,,
32,997,0.9880046844482422,0.9252604246139526,0.10110974311828613,,,
32,998,0.9883890151977539,0.9111994504928589,0.1253839135169983,,,
32,999,0.9894437789916992,0.9594176411628723,0.05378371477127075,,,
32,1000,0.9897298812866211,0.9615694880485535,0.04928988218307495,,,
32,1001,0.9906244277954102,0.9414438009262085,0.08266735076904297,,,
32,1002,0.9907665252685547,0.9553112387657166,0.061778128147125244,,,
32,1003,0.9898109436035156,0.9658094644546509,0.045361340045928955,,,
32,1004,0.9895343780517578,0.9618484377861023,0.05033677816390991,,,
32,1005,0.9868431091308594,0.9179176092147827,0.10618460178375244,,,
32,1006,0.9869194030761719,0.9359511137008667,0.08147585391998291,,,
32,1007,0.9873008728027344,0.9288971424102783,0.09213954210281372,,,
32,1008,0.9896306991577148,0.9421738386154175,0.07856470346450806,,,
32,1009,0.9832792282104492,0.9101558327674866,0.11056417226791382,,,
32,1010,0.9896297454833984,0.9557591676712036,0.057592928409576416,,,
32,1011,0.9900503158569336,0.9543761014938354,0.05948972702026367,,,
32,1012,0.9867334365844727,0.9167892932891846,0.10887289047241211,,,
32,1013,0.988067626953125,0.882390558719635,0.16510683298110962,,,
32,1014,0.9865007400512695,0.8919721245765686,0.14389050006866455,,,
32,1015,0.9917125701904297,0.9451589584350586,0.0806611180305481,,,
32,1016,0.9882116317749023,0.9125739336013794,0.11957031488418579,,,
32,1017,0.9851665496826172,0.9251001477241516,0.09344810247421265,,,
32,1018,0.9938344955444336,0.9135024547576904,0.1699041724205017,,,
32,1019,0.9865055084228516,0.944411039352417,0.06860828399658203,,,
32,1020,0.9863862991333008,0.9355257153511047,0.08196139335632324,,,
32,1021,0.9927139282226562,0.9642481207847595,0.050323486328125,,,
32,1022,0.9799588322639465,0.7863060235977173,0.26521211862564087,,,
32,1022,,,,0.9626337885856628,0.8685142993927002,0.18290653824806213
33,1023,0.9901504516601562,0.9186066389083862,0.11656248569488525,,,
33,1024,0.9891586303710938,0.9661770462989807,0.04429328441619873,,,
33,1025,0.9891328811645508,0.9628272652626038,0.04778999090194702,,,
33,1026,0.9876260757446289,0.9547392129898071,0.0556793212890625,,,
33,1027,0.9883937835693359,0.8968661427497864,0.1432003378868103,,,
33,1028,0.9916820526123047,0.963333249092102,0.051360487937927246,,,
33,1029,0.9877767562866211,0.8471017479896545,0.21649932861328125,,,
33,1030,0.988612174987793,0.9457486271858215,0.07043248414993286,,,
33,1031,0.9899482727050781,0.9416040778160095,0.0778014063835144,,,
33,1032,0.9861831665039062,0.948975682258606,0.06194847822189331,,,
33,1033,0.988245964050293,0.96336829662323,0.04779022932052612,,,
33,1034,0.9905996322631836,0.938479483127594,0.08744782209396362,,,
33,1035,0.987757682800293,0.9328678846359253,0.08637243509292603,,,
33,1036,0.9828596115112305,0.9182019233703613,0.09868818521499634,,,
33,1037,0.9865303039550781,0.9147703647613525,0.10936611890792847,,,
33,1038,0.9848146438598633,0.9351117014884949,0.07687115669250488,,,
33,1039,0.9860124588012695,0.8845463395118713,0.15024840831756592,,,
33,1040,0.9872283935546875,0.9353312253952026,0.08112114667892456,,,
33,1041,0.9892969131469727,0.9277026653289795,0.09933716058731079,,,
33,1042,0.9871377944946289,0.9428354501724243,0.07174819707870483,,,
33,1043,0.9890842437744141,0.919967532157898,0.1086111068725586,,,
33,1044,0.9910078048706055,0.9217848181724548,0.11673504114151001,,,
33,1045,0.9894638061523438,0.9553244113922119,0.05893796682357788,,,
33,1046,0.9889049530029297,0.942121684551239,0.07420140504837036,,,
33,1047,0.9872055053710938,0.9169519543647766,0.10729807615280151,,,
33,1048,0.9903297424316406,0.9577508568763733,0.05549401044845581,,,
33,1049,0.9900636672973633,0.9503601789474487,0.06504517793655396,,,
33,1050,0.9855279922485352,0.9298609495162964,0.08830457925796509,,,
33,1051,0.9849004745483398,0.806117832660675,0.2579919695854187,,,
33,1052,0.9888648986816406,0.9467331171035767,0.06762683391571045,,,
33,1053,0.9881337285041809,0.9381331205368042,0.07898330688476562,,,
33,1053,,,,0.9618068337440491,0.8662545084953308,0.18489909172058105
34,1054,0.9845380783081055,0.9308958649635315,0.08349752426147461,,,
34,1055,0.9902400970458984,0.9657272696495056,0.045877158641815186,,,
34,1056,0.9909877777099609,0.9347186088562012,0.09423547983169556,,,
34,1057,0.9875478744506836,0.9440428018569946,0.06801784038543701,,,
34,1058,0.9891653060913086,0.945622444152832,0.07123667001724243,,,
34,1059,0.9925775527954102,0.9691590070724487,0.04183304309844971,,,
34,1060,0.9895486831665039,0.943242609500885,0.07604110240936279,,,
34,1061,0.9849052429199219,0.889019787311554,0.1405656933784485,,,
34,1062,0.9886636734008789,0.8872799873352051,0.15799230337142944,,,
34,1063,0.9879035949707031,0.9084504842758179,0.12168920040130615,,,
34,1064,0.9929952621459961,0.9555449485778809,0.06703126430511475,,,
34,1065,0.9840517044067383,0.897659182548523,0.12577158212661743,,,
34,1066,0.9868478775024414,0.9415667653083801,0.07230108976364136,,,
34,1067,0.9899473190307617,0.9306517839431763,0.09663158655166626,,,
34,1068,0.9903955459594727,0.9553976058959961,0.05849069356918335,,,
34,1069,0.9887723922729492,0.9297008514404297,0.09198999404907227,,,
34,1070,0.989283561706543,0.9587528705596924,0.052430689334869385,,,
34,1071,0.9890518188476562,0.9480434656143188,0.06588488817214966,,,
34,1072,0.9913005828857422,0.9446164965629578,0.07803142070770264,,,
34,1073,0.9894084930419922,0.9582589268684387,0.05376923084259033,,,
34,1074,0.9856348037719727,0.8577472567558289,0.18942391872406006,,,
34,1075,0.9888639450073242,0.9568341970443726,0.052230894565582275,,,
34,1076,0.9905929565429688,0.9517485499382019,0.06546437740325928,,,
34,1077,0.9913549423217773,0.9626593589782715,0.05145329236984253,,,
34,1078,0.987095832824707,0.9463443160057068,0.06566953659057617,,,
34,1079,0.9893808364868164,0.9369175434112549,0.08312863111495972,,,
34,1080,0.9890947341918945,0.9407064318656921,0.07732182741165161,,,
34,1081,0.9850578308105469,0.9519305229187012,0.0590512752532959,,,
34,1082,0.989659309387207,0.9502614736557007,0.06522625684738159,,,
34,1083,0.9883995056152344,0.9319218397140503,0.08893710374832153,,,
34,1084,0.9889106750488281,0.8458124995231628,0.218505859375,,,
34,1084,,,,0.9637646079063416,0.8715682029724121,0.17988234758377075
35,1085,0.987492561340332,0.9244244694709778,0.09715235233306885,,,
35,1086,0.9891901016235352,0.9463921785354614,0.06947094202041626,,,
35,1087,0.9867687225341797,0.9509065747261047,0.06036132574081421,,,
35,1088,0.98834228515625,0.946315586566925,0.06685793399810791,,,
35,1089,0.9897890090942383,0.948127031326294,0.0667155385017395,,,
35,1090,0.9883995056152344,0.9321318864822388,0.08623027801513672,,,
35,1091,0.9850778579711914,0.8698458671569824,0.16801780462265015,,,
35,1092,0.9894657135009766,0.9589865207672119,0.05228966474533081,,,
35,1093,0.9909477233886719,0.94478440284729,0.07603442668914795,,,
35,1094,0.9920749664306641,0.9699851274490356,0.039637207984924316,,,
35,1095,0.986424446105957,0.9198281168937683,0.10157531499862671,,,
35,1096,0.9892377853393555,0.9597088098526001,0.051563918590545654,,,
35,1097,0.989506721496582,0.9456722736358643,0.07087993621826172,,,
35,1098,0.9875307083129883,0.9526041150093079,0.05833888053894043,,,
35,1099,0.9941740036010742,0.9777693152427673,0.03171277046203613,,,
35,1100,0.9876241683959961,0.9208796620368958,0.10143375396728516,,,
35,1101,0.9898052215576172,0.9480225443840027,0.06954240798950195,,,
35,1102,0.9843225479125977,0.9648536443710327,0.05575603246688843,,,
35,1103,0.9893159866333008,0.9556460976600647,0.05606341361999512,,,
35,1104,0.9881381988525391,0.9164982438087463,0.10728108882904053,,,
35,1105,0.9910182952880859,0.9422300457954407,0.0799248218536377,,,
35,1106,0.9878015518188477,0.9383506774902344,0.07776719331741333,,,
35,1107,0.9878749847412109,0.8935666084289551,0.1438056230545044,,,
35,1108,0.9907369613647461,0.9080591201782227,0.13235533237457275,,,
35,1109,0.990199089050293,0.9321690201759338,0.09347105026245117,,,
35,1110,0.9922304153442383,0.9515615701675415,0.06962108612060547,,,
35,1111,0.9803619384765625,0.8582891821861267,0.1682913899421692,,,
35,1112,0.9898443222045898,0.9538042545318604,0.057837843894958496,,,
35,1113,0.9856996536254883,0.8300272226333618,0.22240304946899414,,,
35,1114,0.9906110763549805,0.9347429871559143,0.09074318408966064,,,
35,1115,0.9876047968864441,0.9032763838768005,0.1265055537223816,,,
35,1115,,,,0.9637658596038818,0.8715929388999939,0.17838835716247559
36,1116,0.9901905059814453,0.9512835144996643,0.06363469362258911,,,
36,1117,0.9885168075561523,0.9289478063583374,0.09087306261062622,,,
36,1118,0.987818717956543,0.9025861620903015,0.1294662356376648,,,
36,1119,0.9889678955078125,0.9075801968574524,0.12487274408340454,,,
36,1120,0.988347053527832,0.9486314058303833,0.0650516152381897,,,
36,1121,0.9870119094848633,0.9003942012786865,0.12901735305786133,,,
36,1122,0.9896411895751953,0.9388968348503113,0.07960289716720581,,,
36,1123,0.9854497909545898,0.8853331208229065,0.14423894882202148,,,
36,1124,0.987879753112793,0.9404052495956421,0.07433098554611206,,,
36,1125,0.9881486892700195,0.9206175804138184,0.10082703828811646,,,
36,1126,0.9896726608276367,0.9405466914176941,0.07528787851333618,,,
36,1127,0.9883556365966797,0.9546371698379517,0.05500614643096924,,,
36,1128,0.9913511276245117,0.9359972476959229,0.09046989679336548,,,
36,1129,0.9878520965576172,0.9144290685653687,0.11145204305648804,,,
36,1130,0.9882478713989258,0.9444997310638428,0.06905925273895264,,,
36,1131,0.9920520782470703,0.9715302586555481,0.03783470392227173,,,
36,1132,0.9866352081298828,0.9335542917251587,0.08210229873657227,,,
36,1133,0.9856033325195312,0.9523863792419434,0.058334946632385254,,,
36,1134,0.9882259368896484,0.9430668950080872,0.06911253929138184,,,
36,1135,0.9912624359130859,0.9512026309967041,0.06430381536483765,,,
36,1136,0.9866361618041992,0.9303618669509888,0.08368110656738281,,,
36,1137,0.9914703369140625,0.9511368870735168,0.06639206409454346,,,
36,1138,0.9908838272094727,0.9675394892692566,0.04061704874038696,,,
36,1139,0.9928226470947266,0.9578979015350342,0.057933270931243896,,,
36,1140,0.9849739074707031,0.9355946183204651,0.07519054412841797,,,
36,1141,0.9889125823974609,0.9518031477928162,0.06037747859954834,,,
36,1142,0.9888172149658203,0.9370213150978088,0.08043724298477173,,,
36,1143,0.9878511428833008,0.9151231050491333,0.10872036218643188,,,
36,1144,0.9911174774169922,0.9510719180107117,0.06572437286376953,,,
36,1145,0.9876108169555664,0.9452828764915466,0.0661700963973999,,,
36,1146,0.9890162348747253,0.9582967162132263,0.0525091290473938,,,
36,1146,,,,0.962439239025116,0.8678671717643738,0.1808129847049713
37,1147,0.9885835647583008,0.915719747543335,0.1105692982673645,,,
37,1148,0.9893760681152344,0.959470272064209,0.05165696144104004,,,
37,1149,0.992772102355957,0.9536322355270386,0.0659227967262268,,,
37,1150,0.9892063140869141,0.9509310722351074,0.06119745969772339,,,
37,1151,0.9938259124755859,0.9621261954307556,0.055759310722351074,,,
37,1152,0.9887228012084961,0.9189146757125854,0.10638099908828735,,,
37,1153,0.9898481369018555,0.9640326499938965,0.045495688915252686,,,
37,1154,0.988062858581543,0.9528446793556213,0.05851632356643677,,,
37,1155,0.9906225204467773,0.9188776612281799,0.11292660236358643,,,
37,1156,0.9905414581298828,0.9524697065353394,0.06109476089477539,,,
37,1157,0.9844608306884766,0.9227080345153809,0.09136879444122314,,,
37,1158,0.9906320571899414,0.9231623411178589,0.10664314031600952,,,
37,1159,0.9899368286132812,0.9587209224700928,0.05215609073638916,,,
37,1160,0.9880790710449219,0.9602411985397339,0.049735844135284424,,,
37,1161,0.9841165542602539,0.9332612156867981,0.0771436095237732,,,
37,1162,0.9925575256347656,0.9578476548194885,0.05861145257949829,,,
37,1163,0.9911127090454102,0.9316152334213257,0.093677818775177,,,
37,1164,0.9911975860595703,0.9430415630340576,0.07602757215499878,,,
37,1165,0.9896326065063477,0.9223538637161255,0.10455775260925293,,,
37,1166,0.9908885955810547,0.9597269892692566,0.05161762237548828,,,
37,1167,0.9917278289794922,0.9340099096298218,0.09672915935516357,,,
37,1168,0.9849758148193359,0.8982568979263306,0.1252354383468628,,,
37,1169,0.9893121719360352,0.920749306678772,0.10498958826065063,,,
37,1170,0.9878501892089844,0.9599364995956421,0.04985684156417847,,,
37,1171,0.990020751953125,0.9507398009300232,0.06144613027572632,,,
37,1172,0.9916820526123047,0.947807788848877,0.07040691375732422,,,
37,1173,0.9813556671142578,0.937237560749054,0.07348459959030151,,,
37,1174,0.9918851852416992,0.9642119407653809,0.04597371816635132,,,
37,1175,0.9869203567504883,0.943943977355957,0.0687861442565918,,,
37,1176,0.987483024597168,0.918171763420105,0.10296523571014404,,,
37,1177,0.9851303100585938,0.839992344379425,0.2049652338027954,,,
37,1177,,,,0.9616881608963013,0.8655585646629333,0.18353500962257385
38,1178,0.9882316589355469,0.9104336500167847,0.11632317304611206,,,
38,1179,0.9903898239135742,0.9393824338912964,0.07924902439117432,,,
38,1180,0.9881219863891602,0.9036020636558533,0.1251329779624939,,,
38,1181,0.9872875213623047,0.9020940065383911,0.12381315231323242,,,
38,1182,0.9910116195678711,0.9520792961120605,0.063373863697052,,,
38,1183,0.9900045394897461,0.9444959163665771,0.07150262594223022,,,
38,1184,0.986668586730957,0.9200391173362732,0.09906935691833496,,,
38,1185,0.9893684387207031,0.9459506869316101,0.06710094213485718,,,
38,1186,0.9917974472045898,0.9605773091316223,0.051840007305145264,,,
38,1187,0.9859542846679688,0.929804801940918,0.08424609899520874,,,
38,1188,0.9877605438232422,0.9445359110832214,0.06734281778335571,,,
38,1189,0.9920549392700195,0.9494784474372864,0.07079809904098511,,,
38,1190,0.9929780960083008,0.9597951173782349,0.05622422695159912,,,
38,1191,0.9910516738891602,0.8901956677436829,0.1587722897529602,,,
38,1192,0.9894800186157227,0.9517261981964111,0.05870962142944336,,,
38,1193,0.9906063079833984,0.8872572183609009,0.1650857925415039,,,
38,1194,0.9892921447753906,0.9558392763137817,0.05384469032287598,,,
38,1195,0.9879827499389648,0.9399875402450562,0.07337707281112671,,,
38,1196,0.9871463775634766,0.9374460577964783,0.0746147632598877,,,
38,1197,0.9872016906738281,0.9371375441551208,0.07690399885177612,,,
38,1198,0.9869537353515625,0.9553322196006775,0.05381202697753906,,,
38,1199,0.9891881942749023,0.9214361310005188,0.10287505388259888,,,
38,1200,0.9894933700561523,0.9616066813468933,0.047206997871398926,,,
38,1201,0.9871912002563477,0.9405071139335632,0.06957519054412842,,,
38,1202,0.9870023727416992,0.8832383751869202,0.1498207449913025,,,
38,1203,0.9878196716308594,0.9315023422241211,0.08574473857879639,,,
38,1204,0.9926528930664062,0.9737980365753174,0.03533446788787842,,,
38,1205,0.9906148910522461,0.9461966753005981,0.0704265832901001,,,
38,1206,0.9924459457397461,0.9647866487503052,0.046263039112091064,,,
38,1207,0.9876699447631836,0.9617545008659363,0.04726952314376831,,,
38,1208,0.9843597412109375,0.9525290727615356,0.057287395000457764,,,
38,1208,,,,0.9624587297439575,0.8665928840637207,0.1830158680677414
39,1209,0.9891233444213867,0.9579105973243713,0.05045473575592041,,,
39,1210,0.9895401000976562,0.9143205285072327,0.11361032724380493,,,
39,1211,0.9909238815307617,0.9463534951210022,0.07067835330963135,,,
39,1212,0.991084098815918,0.9339559078216553,0.0907677412033081,,,
39,1213,0.9890527725219727,0.9489109516143799,0.06270831823348999,,,
39,1214,0.9885854721069336,0.9161857962608337,0.10950911045074463,,,
39,1215,0.9888525009155273,0.8934690952301025,0.14320433139801025,,,
39,1216,0.9898185729980469,0.9461346864700317,0.06667071580886841,,,
39,1217,0.9881973266601562,0.9218844771385193,0.09896546602249146,,,
39,1218,0.9906530380249023,0.9676348567008972,0.04031777381896973,,,
39,1219,0.9914894104003906,0.9637392163276672,0.04609721899032593,,,
39,1220,0.9909906387329102,0.9375739097595215,0.0858227014541626,,,
39,1221,0.9884319305419922,0.941349983215332,0.07089930772781372,,,
39,1222,0.9885768890380859,0.948030412197113,0.06410038471221924,,,
39,1223,0.9905462265014648,0.9184873104095459,0.11427873373031616,,,
39,1224,0.9907655715942383,0.9233400225639343,0.10635107755661011,,,
39,1225,0.9860420227050781,0.9282351732254028,0.08711838722229004,,,
39,1226,0.9920282363891602,0.9668478965759277,0.041409969329833984,,,
39,1227,0.987879753112793,0.947870135307312,0.06255596876144409,,,
39,1228,0.9872856140136719,0.9547742605209351,0.05336713790893555,,,
39,1229,0.9929256439208984,0.9694001078605652,0.04006141424179077,,,
39,1230,0.986485481262207,0.9376641511917114,0.07435745000839233,,,
39,1231,0.9847211837768555,0.9428043961524963,0.06642866134643555,,,
39,1232,0.9895534515380859,0.9520411491394043,0.05925440788269043,,,
39,1233,0.9899530410766602,0.9403707385063171,0.07504802942276001,,,
39,1234,0.9894018173217773,0.9417490363121033,0.07179248332977295,,,
39,1235,0.9837989807128906,0.9152629375457764,0.10020273923873901,,,
39,1236,0.9929447174072266,0.9764451384544373,0.030763626098632812,,,
39,1237,0.991302490234375,0.9357714653015137,0.08755439519882202,,,
39,1238,0.989593505859375,0.9208725094795227,0.10407072305679321,,,
39,1239,0.9851061701774597,0.9048852324485779,0.11644792556762695,,,
39,1239,,,,0.9607102870941162,0.8624413013458252,0.1860225647687912
40,1240,0.989558219909668,0.94126296043396,0.07251185178756714,,,
40,1241,0.9888830184936523,0.936373233795166,0.08006584644317627,,,
40,1242,0.9906234741210938,0.9344437122344971,0.08723706007003784,,,
40,1243,0.98809814453125,0.9439695477485657,0.06714427471160889,,,
40,1244,0.9912986755371094,0.9536106586456299,0.06116515398025513,,,
40,1245,0.9922380447387695,0.9591590166091919,0.05480319261550903,,,
40,1246,0.9922018051147461,0.9751406908035278,0.03293168544769287,,,
40,1247,0.9883108139038086,0.9523583650588989,0.05839681625366211,,,
40,1248,0.9894485473632812,0.9359462857246399,0.0796162486076355,,,
40,1249,0.9900302886962891,0.9466545581817627,0.06672084331512451,,,
40,1250,0.9919748306274414,0.9450979828834534,0.07682830095291138,,,
40,1251,0.9911870956420898,0.9427556991577148,0.0768425464630127,,,
40,1252,0.9909486770629883,0.9128097891807556,0.1223486065864563,,,
40,1253,0.9895315170288086,0.9092682600021362,0.11850875616073608,,,
40,1254,0.9866676330566406,0.9532536864280701,0.05495792627334595,,,
40,1255,0.9857168197631836,0.8967516422271729,0.12458193302154541,,,
40,1256,0.9889001846313477,0.9162986874580383,0.10713905096054077,,,
40,1257,0.9905509948730469,0.9485531449317932,0.06587326526641846,,,
40,1258,0.9868011474609375,0.9496990442276001,0.059686124324798584,,,
40,1259,0.9902992248535156,0.9313833713531494,0.08848023414611816,,,
40,1260,0.9900312423706055,0.9634830951690674,0.046609342098236084,,,
40,1261,0.990814208984375,0.9616250395774841,0.04794973134994507,,,
40,1262,0.9869260787963867,0.9408342242240906,0.07007509469985962,,,
40,1263,0.9887962341308594,0.9601706266403198,0.04809445142745972,,,
40,1264,0.9882602691650391,0.9371691942214966,0.07727396488189697,,,
40,1265,0.9890050888061523,0.9079440236091614,0.11867666244506836,,,
40,1266,0.9921092987060547,0.9254399538040161,0.10621142387390137,,,
40,1267,0.9922714233398438,0.948957622051239,0.0709460973739624,,,
40,1268,0.991511344909668,0.9566399455070496,0.0552370548248291,,,
40,1269,0.9865102767944336,0.9410654306411743,0.0703316330909729,,,
40,1270,0.9888954162597656,0.96259605884552,0.04582780599594116,,,
40,1270,,,,0.9590309858322144,0.8583194613456726,0.1889532506465912
41,1271,0.991490364074707,0.936872124671936,0.08343672752380371,,,
41,1272,0.9864969253540039,0.9422272443771362,0.0673058032989502,,,
41,1273,0.9851474761962891,0.9189774394035339,0.0961197018623352,,,
41,1274,0.9890689849853516,0.9237239360809326,0.0975351333618164,,,
41,1275,0.9896144866943359,0.937018871307373,0.07876580953598022,,,
41,1276,0.9888648986816406,0.9412767887115479,0.07123768329620361,,,
41,1277,0.9895915985107422,0.9290159940719604,0.09143757820129395,,,
41,1278,0.989619255065918,0.960828423500061,0.047593772411346436,,,
41,1279,0.9924211502075195,0.9576376676559448,0.0561293363571167,,,
41,1280,0.9911088943481445,0.9539295434951782,0.05991131067276001,,,
41,1281,0.9855585098266602,0.8425572514533997,0.19501662254333496,,,
41,1282,0.9884185791015625,0.9012426137924194,0.12666994333267212,,,
41,1283,0.9904928207397461,0.9725291132926941,0.03636413812637329,,,
41,1284,0.9888677597045898,0.9417526721954346,0.0717427134513855,,,
41,1285,0.9881486892700195,0.95151686668396,0.05822795629501343,,,
41,1286,0.98876953125,0.9469757080078125,0.0647229552268982,,,
41,1287,0.9889516830444336,0.9113252758979797,0.11475729942321777,,,
41,1288,0.9878568649291992,0.9464214444160461,0.06392139196395874,,,
41,1289,0.9932489395141602,0.9503607749938965,0.07119756937026978,,,
41,1290,0.9875822067260742,0.9019650816917419,0.12385022640228271,,,
41,1291,0.9919052124023438,0.9675136804580688,0.041453540325164795,,,
41,1292,0.9900312423706055,0.9351776242256165,0.08281302452087402,,,
41,1293,0.9916267395019531,0.9455905556678772,0.07041829824447632,,,
41,1294,0.988011360168457,0.9574410915374756,0.05079293251037598,,,
41,1295,0.9862260818481445,0.956925630569458,0.05200260877609253,,,
41,1296,0.9900836944580078,0.9400936961174011,0.0744016170501709,,,
41,1297,0.9899435043334961,0.9104960560798645,0.12090659141540527,,,
41,1298,0.9885683059692383,0.9524470567703247,0.05608630180358887,,,
41,1299,0.9922037124633789,0.9687017798423767,0.0383000373840332,,,
41,1300,0.9910564422607422,0.9342761635780334,0.08746868371963501,,,
41,1301,0.992523193359375,0.9714496731758118,0.03733032941818237,,,
41,1301,,,,0.96219801902771,0.8666290044784546,0.18162189424037933
42,1302,0.9897785186767578,0.9442870616912842,0.06877022981643677,,,
42,1303,0.9920854568481445,0.9525095820426941,0.06272494792938232,,,
42,1304,0.9889001846313477,0.9527090787887573,0.056189537048339844,,,
42,1305,0.9847011566162109,0.9082176089286804,0.10777270793914795,,,
42,1306,0.9899129867553711,0.9211559891700745,0.10266876220703125,,,
42,1307,0.9896430969238281,0.9693040251731873,0.038804590702056885,,,
42,1308,0.9905481338500977,0.9335148930549622,0.08650678396224976,,,
42,1309,0.9884548187255859,0.9354535937309265,0.07837122678756714,,,
42,1310,0.9861507415771484,0.9045484662055969,0.11728054285049438,,,
42,1311,0.9892292022705078,0.935131847858429,0.07970225811004639,,,
42,1312,0.989954948425293,0.9372665882110596,0.07813256978988647,,,
42,1313,0.9890727996826172,0.9345970749855042,0.08200085163116455,,,
42,1314,0.9929561614990234,0.9777056574821472,0.02994668483734131,,,
42,1315,0.9913053512573242,0.9626004695892334,0.047082483768463135,,,
42,1316,0.9939565658569336,0.967104434967041,0.04576408863067627,,,
42,1317,0.9923219680786133,0.9541366100311279,0.062116920948028564,,,
42,1318,0.9876260757446289,0.8586508631706238,0.18297111988067627,,,
42,1319,0.9869823455810547,0.9421705603599548,0.06743055582046509,,,
42,1320,0.9908008575439453,0.9462923407554626,0.068900465965271,,,
42,1321,0.9912986755371094,0.9329497218132019,0.08992528915405273,,,
42,1322,0.9912586212158203,0.9632579684257507,0.04445016384124756,,,
42,1323,0.9921951293945312,0.9572031497955322,0.05777186155319214,,,
42,1324,0.9896678924560547,0.9513430595397949,0.0603451132774353,,,
42,1325,0.9903087615966797,0.9638358950614929,0.04518437385559082,,,
42,1326,0.9914970397949219,0.9579162001609802,0.05302095413208008,,,
42,1327,0.985966682434082,0.92058265209198,0.09506475925445557,,,
42,1328,0.9903154373168945,0.9363729953765869,0.08489084243774414,,,
42,1329,0.9890146255493164,0.9456917643547058,0.06533610820770264,,,
42,1330,0.9900503158569336,0.9549421668052673,0.05650007724761963,,,
42,1331,0.9919633865356445,0.940049946308136,0.08285325765609741,,,
42,1332,0.9908244013786316,0.9649274349212646,0.045124053955078125,,,
42,1332,,,,0.9630110263824463,0.8694149851799011,0.17820514738559723
43,1333,0.9884748458862305,0.9401785731315613,0.07303184270858765,,,
43,1334,0.9913301467895508,0.9545965194702148,0.05824810266494751,,,
43,1335,0.986750602722168,0.946540892124176,0.06392902135848999,,,
43,1336,0.9910593032836914,0.9616600275039673,0.04730266332626343,,,
43,1337,0.9901294708251953,0.9064728021621704,0.12398266792297363,,,
43,1338,0.9896879196166992,0.9394229650497437,0.07796370983123779,,,
43,1339,0.9901494979858398,0.9572294354438782,0.05444002151489258,,,
43,1340,0.9905033111572266,0.9587534070014954,0.05135136842727661,,,
43,1341,0.9878034591674805,0.851625382900238,0.19415408372879028,,,
43,1342,0.9885826110839844,0.963610827922821,0.04481285810470581,,,
43,1343,0.9914636611938477,0.9654741287231445,0.0446392297744751,,,
43,1344,0.9886445999145508,0.9308885931968689,0.08462899923324585,,,
43,1345,0.9920864105224609,0.9657848477363586,0.04387944936752319,,,
43,1346,0.9907026290893555,0.9444549083709717,0.07178276777267456,,,
43,1347,0.9883260726928711,0.9514996409416199,0.05860358476638794,,,
43,1348,0.9912738800048828,0.970075249671936,0.03808039426803589,,,
43,1349,0.9896955490112305,0.9136014580726624,0.11335927248001099,,,
43,1350,0.9882326126098633,0.9530615210533142,0.05755692720413208,,,
43,1351,0.9912004470825195,0.9591557383537292,0.05075913667678833,,,
43,1352,0.9887237548828125,0.9183876514434814,0.10433924198150635,,,
43,1353,0.9882106781005859,0.9284937381744385,0.08680838346481323,,,
43,1354,0.9892759323120117,0.9215019941329956,0.10108059644699097,,,
43,1355,0.9932422637939453,0.954127311706543,0.06480705738067627,,,
43,1356,0.9915266036987305,0.9117991328239441,0.12404626607894897,,,
43,1357,0.9920225143432617,0.9576178789138794,0.05602836608886719,,,
43,1358,0.9914112091064453,0.934937596321106,0.08856594562530518,,,
43,1359,0.9909353256225586,0.9437593817710876,0.07091206312179565,,,
43,1360,0.9887456893920898,0.9131800532341003,0.10986155271530151,,,
43,1361,0.9914760589599609,0.9453871250152588,0.0721350908279419,,,
43,1362,0.9932193756103516,0.9787914156913757,0.02939128875732422,,,
43,1363,0.9922714233398438,0.9677359461784363,0.04181855916976929,,,
43,1363,,,,0.9628159999847412,0.8688165545463562,0.1788947880268097
44,1364,0.9901504516601562,0.9743232131004333,0.03640925884246826,,,
44,1365,0.99066162109375,0.963982105255127,0.04583197832107544,,,
44,1366,0.9878177642822266,0.9340319037437439,0.07901960611343384,,,
44,1367,0.9890060424804688,0.928607702255249,0.08803021907806396,,,
44,1368,0.991119384765625,0.9545578956604004,0.05693948268890381,,,
44,1369,0.9910879135131836,0.9430137872695923,0.0723770260810852,,,
44,1370,0.9918642044067383,0.9547463059425354,0.058936119079589844,,,
44,1371,0.9903497695922852,0.9270760416984558,0.09746205806732178,,,
44,1372,0.9895248413085938,0.9432359933853149,0.06958544254302979,,,
44,1373,0.9913911819458008,0.9379583597183228,0.08430176973342896,,,
44,1374,0.9831953048706055,0.9106326699256897,0.10473954677581787,,,
44,1375,0.9884376525878906,0.9312659502029419,0.08542758226394653,,,
44,1376,0.9877262115478516,0.9307617545127869,0.0849226713180542,,,
44,1377,0.9911575317382812,0.954151451587677,0.05864077806472778,,,
44,1378,0.9912805557250977,0.9523166418075562,0.06112039089202881,,,
44,1379,0.9902658462524414,0.9028968214988708,0.1330428123474121,,,
44,1380,0.9921588897705078,0.974319338798523,0.03374171257019043,,,
44,1381,0.9922399520874023,0.9220571517944336,0.11286717653274536,,,
44,1382,0.9928197860717773,0.9571302533149719,0.05836302042007446,,,
44,1383,0.9872770309448242,0.936160147190094,0.07810813188552856,,,
44,1384,0.9932270050048828,0.9573153257369995,0.05824565887451172,,,
44,1385,0.9945440292358398,0.9671161770820618,0.05129891633987427,,,
44,1386,0.9893684387207031,0.9690029621124268,0.040528059005737305,,,
44,1387,0.9894208908081055,0.941079318523407,0.07433140277862549,,,
44,1388,0.9912872314453125,0.9238780736923218,0.1047443151473999,,,
44,1389,0.9891414642333984,0.8998249173164368,0.12942266464233398,,,
44,1390,0.990382194519043,0.9659599661827087,0.04342770576477051,,,
44,1391,0.9906349182128906,0.9600424766540527,0.05034297704696655,,,
44,1392,0.9879226684570312,0.9389839768409729,0.07412874698638916,,,
44,1393,0.9925222396850586,0.9629694223403931,0.049088358879089355,,,
44,1394,0.9921887516975403,0.9618031978607178,0.05035489797592163,,,
44,1394,,,,0.9630534052848816,0.869403600692749,0.1785268783569336
45,1395,0.9894981384277344,0.9506783485412598,0.060596764087677,,,
45,1396,0.9914455413818359,0.9574322700500488,0.055634915828704834,,,
45,1397,0.9869594573974609,0.9539220333099365,0.05561906099319458,,,
45,1398,0.991032600402832,0.9330899715423584,0.08960884809494019,,,
45,1399,0.9906435012817383,0.9223414063453674,0.10568338632583618,,,
45,1400,0.9898281097412109,0.9220959544181824,0.10493028163909912,,,
45,1401,0.9882946014404297,0.9154665470123291,0.10454356670379639,,,
45,1402,0.9899139404296875,0.9361845850944519,0.08179652690887451,,,
45,1403,0.9895601272583008,0.9450892806053162,0.06742364168167114,,,
45,1404,0.9898538589477539,0.9320695400238037,0.08943861722946167,,,
45,1405,0.9924812316894531,0.9526494741439819,0.06370598077774048,,,
45,1406,0.9922542572021484,0.960277795791626,0.05124109983444214,,,
45,1407,0.9894428253173828,0.9511879086494446,0.05931884050369263,,,
45,1408,0.9864645004272461,0.9154927134513855,0.10205191373825073,,,
45,1409,0.9908542633056641,0.9685134887695312,0.0410236120223999,,,
45,1410,0.990077018737793,0.9653516411781311,0.042783498764038086,,,
45,1411,0.9885578155517578,0.9333151578903198,0.08353900909423828,,,
45,1412,0.9910135269165039,0.9317989349365234,0.0901220440864563,,,
45,1413,0.9919710159301758,0.9487789273262024,0.07066714763641357,,,
45,1414,0.9896783828735352,0.9303230047225952,0.08864080905914307,,,
45,1415,0.9875946044921875,0.920259416103363,0.09831619262695312,,,
45,1416,0.9917001724243164,0.9754706025123596,0.03356611728668213,,,
45,1417,0.9912929534912109,0.9550022482872009,0.05650585889816284,,,
45,1418,0.991480827331543,0.9702150821685791,0.037932634353637695,,,
45,1419,0.989262580871582,0.9524117708206177,0.05810803174972534,,,
45,1420,0.9900522232055664,0.8776465058326721,0.17237848043441772,,,
45,1421,0.9934453964233398,0.9598769545555115,0.056330740451812744,,,
45,1422,0.9918603897094727,0.9767476320266724,0.03162151575088501,,,
45,1423,0.9920463562011719,0.9542080163955688,0.06223684549331665,,,
45,1424,0.9916505813598633,0.952933669090271,0.060555100440979004,,,
45,1425,0.9939689636230469,0.9547034502029419,0.06726008653640747,,,
45,1425,,,,0.9626634120941162,0.8683322072029114,0.17912262678146362
46,1426,0.9878816604614258,0.9599463939666748,0.04932081699371338,,,
46,1427,0.9930667877197266,0.974449098110199,0.03491377830505371,,,
46,1428,0.9890718460083008,0.9107387661933899,0.11669063568115234,,,
46,1429,0.9916563034057617,0.963775098323822,0.044641315937042236,,,
46,1430,0.9920492172241211,0.9364640116691589,0.08874911069869995,,,
46,1431,0.9914464950561523,0.9527800679206848,0.06045722961425781,,,
46,1432,0.9925374984741211,0.9635276198387146,0.0488010048866272,,,
46,1433,0.9922924041748047,0.9683856964111328,0.0410994291305542,,,
46,1434,0.99249267578125,0.9560993313789368,0.05814725160598755,,,
46,1435,0.9911270141601562,0.9647161364555359,0.0442771315574646,,,
46,1436,0.989837646484375,0.9692962169647217,0.039723753929138184,,,
46,1437,0.9931535720825195,0.9694496393203735,0.041344523429870605,,,
46,1438,0.9878120422363281,0.9348514080047607,0.08026421070098877,,,
46,1439,0.9920387268066406,0.9474568963050842,0.07039672136306763,,,
46,1440,0.9931058883666992,0.9626247882843018,0.05150836706161499,,,
46,1441,0.9906530380249023,0.8449699282646179,0.22320455312728882,,,
46,1442,0.988835334777832,0.9183179140090942,0.10397064685821533,,,
46,1443,0.9857006072998047,0.9096328020095825,0.10795348882675171,,,
46,1444,0.9897279739379883,0.9219040274620056,0.10343831777572632,,,
46,1445,0.9895944595336914,0.9196231365203857,0.10537153482437134,,,
46,1446,0.9897127151489258,0.9657558798789978,0.042902231216430664,,,
46,1447,0.9917030334472656,0.9516403079032898,0.06347543001174927,,,
46,1448,0.9887933731079102,0.9505560398101807,0.06004774570465088,,,
46,1449,0.9917821884155273,0.9486441612243652,0.06816208362579346,,,
46,1450,0.9937553405761719,0.9717115759849548,0.03852170705795288,,,
46,1451,0.9891319274902344,0.9394261240959167,0.07639271020889282,,,
46,1452,0.9890260696411133,0.9346215724945068,0.08173298835754395,,,
46,1453,0.9870338439941406,0.913132905960083,0.10854864120483398,,,
46,1454,0.9905576705932617,0.9475948810577393,0.06584340333938599,,,
46,1455,0.9905538558959961,0.9580138325691223,0.052222251892089844,,,
46,1456,0.9914588928222656,0.9400674700737,0.08064943552017212,,,
46,1456,,,,0.9626930952072144,0.8684841990470886,0.17919450998306274
47,1457,0.9915885925292969,0.943488359451294,0.07588440179824829,,,
47,1458,0.9933109283447266,0.9625977873802185,0.05164694786071777,,,
47,1459,0.9898643493652344,0.9493682980537415,0.06461960077285767,,,
47,1460,0.9923162460327148,0.9613109230995178,0.05092686414718628,,,
47,1461,0.9915609359741211,0.9581599831581116,0.0548856258392334,,,
47,1462,0.992671012878418,0.9556922912597656,0.059036970138549805,,,
47,1463,0.9910163879394531,0.9542940258979797,0.05946063995361328,,,
47,1464,0.9897241592407227,0.9433073997497559,0.07251089811325073,,,
47,1465,0.9907083511352539,0.9573063254356384,0.053139448165893555,,,
47,1466,0.9913578033447266,0.9555923342704773,0.05626910924911499,,,
47,1467,0.9939680099487305,0.9732668995857239,0.03595072031021118,,,
47,1468,0.9910068511962891,0.9571527242660522,0.05469048023223877,,,
47,1469,0.9931735992431641,0.970763623714447,0.037381887435913086,,,
47,1470,0.9883213043212891,0.9377832412719727,0.0769658088684082,,,
47,1471,0.9908103942871094,0.9566734433174133,0.0534631609916687,,,
47,1472,0.9885654449462891,0.9344066977500916,0.07992154359817505,,,
47,1473,0.9870948791503906,0.8769426345825195,0.155434250831604,,,
47,1474,0.9917850494384766,0.9690979719161987,0.0412745475769043,,,
47,1475,0.9875640869140625,0.9046769738197327,0.12073540687561035,,,
47,1476,0.9909801483154297,0.9580099582672119,0.05369138717651367,,,
47,1477,0.9900026321411133,0.9520772695541382,0.05989563465118408,,,
47,1478,0.9937114715576172,0.9689667820930481,0.04239547252655029,,,
47,1479,0.9911899566650391,0.9380253553390503,0.0840882658958435,,,
47,1480,0.9939403533935547,0.9741994738578796,0.03624129295349121,,,
47,1481,0.9913482666015625,0.9490731954574585,0.06720125675201416,,,
47,1482,0.9875707626342773,0.922776997089386,0.09535282850265503,,,
47,1483,0.9879474639892578,0.9548658728599548,0.05424678325653076,,,
47,1484,0.9921369552612305,0.9632229804992676,0.04803591966629028,,,
47,1485,0.9870939254760742,0.9144417643547058,0.1057172417640686,,,
47,1486,0.9918756484985352,0.9453160166740417,0.0709654688835144,,,
47,1487,0.988732635974884,0.9418649673461914,0.07182413339614868,,,
47,1487,,,,0.9626515507698059,0.8684240579605103,0.1789962500333786
48,1488,0.98577880859375,0.911712110042572,0.1065824031829834,,,
48,1489,0.989990234375,0.947966456413269,0.06598031520843506,,,
48,1490,0.9904546737670898,0.944484531879425,0.07195091247558594,,,
48,1491,0.990086555480957,0.9328388571739197,0.08522140979766846,,,
48,1492,0.9915809631347656,0.962083101272583,0.04908394813537598,,,
48,1493,0.9917716979980469,0.938720703125,0.08366870880126953,,,
48,1494,0.9878959655761719,0.8526909351348877,0.19168305397033691,,,
48,1495,0.9928188323974609,0.96764075756073,0.04325228929519653,,,
48,1496,0.9899673461914062,0.931884229183197,0.08850443363189697,,,
48,1497,0.9873533248901367,0.9261229634284973,0.0909038782119751,,,
48,1498,0.9924068450927734,0.9640145301818848,0.04809772968292236,,,
48,1499,0.9900484085083008,0.9578452110290527,0.05134153366088867,,,
48,1500,0.9909639358520508,0.9626784920692444,0.047513604164123535,,,
48,1501,0.9929332733154297,0.9767104387283325,0.03174757957458496,,,
48,1502,0.9897060394287109,0.9546077847480774,0.0563240647315979,,,
48,1503,0.9893941879272461,0.9284790754318237,0.09119868278503418,,,
48,1504,0.9902095794677734,0.9665782451629639,0.04163283109664917,,,
48,1505,0.9942359924316406,0.9681901335716248,0.043742477893829346,,,
48,1506,0.9926843643188477,0.9758127927780151,0.03263050317764282,,,
48,1507,0.9896469116210938,0.915473461151123,0.11053574085235596,,,
48,1508,0.9901256561279297,0.940740168094635,0.0751386284828186,,,
48,1509,0.9878606796264648,0.9429545998573303,0.06888991594314575,,,
48,1510,0.9890966415405273,0.9457398056983948,0.06607431173324585,,,
48,1511,0.9916858673095703,0.9145905375480652,0.12060999870300293,,,
48,1512,0.9909896850585938,0.952693521976471,0.06185942888259888,,,
48,1513,0.9922828674316406,0.9576742649078369,0.0569644570350647,,,
48,1514,0.9913387298583984,0.9615177512168884,0.05073648691177368,,,
48,1515,0.9938621520996094,0.9726502299308777,0.03672194480895996,,,
48,1516,0.9926509857177734,0.9647946357727051,0.046221137046813965,,,
48,1517,0.9902496337890625,0.9537659883499146,0.05683541297912598,,,
48,1518,0.9922828674316406,0.8815296292304993,0.1820765733718872,,,
48,1518,,,,0.9624862670898438,0.8678823709487915,0.1797945201396942
49,1519,0.9894771575927734,0.9261969327926636,0.0946388840675354,,,
49,1520,0.9904279708862305,0.9647128582000732,0.04495888948440552,,,
49,1521,0.9887285232543945,0.9630776047706604,0.04537159204483032,,,
49,1522,0.9896488189697266,0.9305837154388428,0.09051001071929932,,,
49,1523,0.9872322082519531,0.9515959024429321,0.05845499038696289,,,
49,1524,0.9922218322753906,0.9579546451568604,0.05473095178604126,,,
49,1525,0.9897708892822266,0.878644585609436,0.16415733098983765,,,
49,1526,0.9901628494262695,0.9470112323760986,0.06588155031204224,,,
49,1527,0.9904375076293945,0.9456604719161987,0.07027167081832886,,,
49,1528,0.9937524795532227,0.9743664264678955,0.03403270244598389,,,
49,1529,0.9915876388549805,0.9657411575317383,0.044015467166900635,,,
49,1530,0.993626594543457,0.9744139313697815,0.03588104248046875,,,
49,1531,0.9859123229980469,0.9404739141464233,0.07049304246902466,,,
49,1532,0.9912052154541016,0.9493474960327148,0.06629782915115356,,,
49,1533,0.9929819107055664,0.9410228133201599,0.08321088552474976,,,
49,1534,0.9897756576538086,0.9453957676887512,0.07115691900253296,,,
49,1535,0.9912691116333008,0.967921793460846,0.04003190994262695,,,
49,1536,0.990931510925293,0.9328522086143494,0.0895158052444458,,,
49,1537,0.987701416015625,0.9167177677154541,0.1051168441772461,,,
49,1538,0.9921092987060547,0.9610393047332764,0.05098837614059448,,,
49,1539,0.9930009841918945,0.9012021422386169,0.15455693006515503,,,
49,1540,0.9895877838134766,0.947202742099762,0.06771349906921387,,,
49,1541,0.9904460906982422,0.9536195397377014,0.058430373668670654,,,
49,1542,0.9930009841918945,0.9662234783172607,0.045002639293670654,,,
49,1543,0.9918308258056641,0.932162344455719,0.09229141473770142,,,
49,1544,0.9910516738891602,0.8889204859733582,0.15761828422546387,,,
49,1545,0.9893589019775391,0.9409660696983337,0.07376992702484131,,,
49,1546,0.9915189743041992,0.9659801125526428,0.04412108659744263,,,
49,1547,0.9920053482055664,0.9443718194961548,0.07462728023529053,,,
49,1548,0.9916601181030273,0.9634415507316589,0.047733306884765625,,,
49,1549,0.9917920231819153,0.9687209129333496,0.03886371850967407,,,
49,1549,,,,0.9624794721603394,0.8678575158119202,0.17963798344135284
