epoch,step,train_BinaryAccuracy,train_BinaryJaccardIndex,train_loss,val_BinaryAccuracy,val_BinaryJaccardIndex,val_loss
0,0,0.5892839431762695,0.1986159384250641,0.7709673047065735,,,
0,1,0.7019081115722656,0.3018021583557129,0.781902551651001,,,
0,2,0.7183752059936523,0.3421717882156372,0.770024836063385,,,
0,3,0.7194099426269531,0.33108407258987427,0.7797212600708008,,,
0,4,0.7369699478149414,0.40877512097358704,0.7286096215248108,,,
0,5,0.7613840103149414,0.2769586741924286,0.836259663105011,,,
0,6,0.7839450836181641,0.4848279356956482,0.684364914894104,,,
0,7,0.7996349334716797,0.4651844799518585,0.6983630657196045,,,
0,8,0.8014640808105469,0.4353690445423126,0.7193896770477295,,,
0,9,0.8413305282592773,0.5092384219169617,0.6866759061813354,,,
0,10,0.903834342956543,0.7909529209136963,0.4915083050727844,,,
0,11,0.8082590103149414,0.4712432324886322,0.6780878305435181,,,
0,12,0.7715158462524414,0.375830739736557,0.7324583530426025,,,
0,13,0.8824024200439453,0.6504570841789246,0.5872837901115417,,,
0,14,0.873377799987793,0.5958573222160339,0.6224819421768188,,,
0,15,0.8242254257202148,0.41368812322616577,0.7352694272994995,,,
0,16,0.8876533508300781,0.6505493521690369,0.5831317901611328,,,
0,17,0.8730783462524414,0.5663307905197144,0.6394004821777344,,,
0,18,0.8189926147460938,0.47176679968833923,0.6733863353729248,,,
0,19,0.8982381820678711,0.7096296548843384,0.52310711145401,,,
0,20,0.8544826507568359,0.47972941398620605,0.6965769529342651,,,
0,21,0.8473806381225586,0.4942850172519684,0.6680484414100647,,,
0,22,0.9071750640869141,0.5809770822525024,0.6848821043968201,,,
0,23,0.9082050323486328,0.6747450232505798,0.5776447057723999,,,
0,24,0.9121952056884766,0.6977664828300476,0.5517383217811584,,,
0,25,0.8911590576171875,0.5640708208084106,0.6542177200317383,,,
0,26,0.901092529296875,0.6309745907783508,0.6016644835472107,,,
0,27,0.910888671875,0.5125030875205994,0.748605489730835,,,
0,28,0.9261894226074219,0.7298483848571777,0.5296832323074341,,,
0,29,0.8380060195922852,0.2650473117828369,0.840325653553009,,,
0,30,0.8326148986816406,0.3590095639228821,0.7631384134292603,,,
0,30,,,,0.8371505737304688,0.6097735166549683,0.5455172061920166
1,31,0.9441089630126953,0.8262119889259338,0.43598607182502747,,,
1,32,0.9610147476196289,0.8819450736045837,0.39309167861938477,,,
1,33,0.9428653717041016,0.8089726567268372,0.4531106948852539,,,
1,34,0.9174737930297852,0.6681316494941711,0.5740941762924194,,,
1,35,0.8745050430297852,0.5608978867530823,0.6197239756584167,,,
1,36,0.9140634536743164,0.7054811120033264,0.5163284540176392,,,
1,37,0.9280729293823242,0.6642867922782898,0.6102254986763,,,
1,38,0.9168252944946289,0.6505347490310669,0.5895956158638,,,
1,39,0.9474525451660156,0.8167200684547424,0.4460577070713043,,,
1,40,0.9394197463989258,0.7786515951156616,0.47697576880455017,,,
1,41,0.9550237655639648,0.8240910768508911,0.4655260443687439,,,
1,42,0.9543161392211914,0.8406065106391907,0.4201682507991791,,,
1,43,0.954193115234375,0.8562595844268799,0.3826921582221985,,,
1,44,0.9317760467529297,0.7501903176307678,0.4814305901527405,,,
1,45,0.8805179595947266,0.5459122061729431,0.6261428594589233,,,
1,46,0.937586784362793,0.7650612592697144,0.4728694260120392,,,
1,47,0.8816938400268555,0.5282348394393921,0.6398757696151733,,,
1,48,0.9080476760864258,0.4848889708518982,0.732029914855957,,,
1,49,0.9463472366333008,0.7254587411880493,0.5735902190208435,,,
1,50,0.9224014282226562,0.6922436952590942,0.533050537109375,,,
1,51,0.921900749206543,0.6208113431930542,0.6170937418937683,,,
1,52,0.9329013824462891,0.6755527853965759,0.5864986181259155,,,
1,53,0.9395227432250977,0.6504384875297546,0.6445463299751282,,,
1,54,0.9444131851196289,0.7454560399055481,0.5262390375137329,,,
1,55,0.959345817565918,0.7694346308708191,0.56984943151474,,,
1,56,0.9508657455444336,0.7732440233230591,0.5068783760070801,,,
1,57,0.9394454956054688,0.7496876120567322,0.4864479899406433,,,
1,58,0.913177490234375,0.5687433481216431,0.640836238861084,,,
1,59,0.9103679656982422,0.6005287170410156,0.6017125844955444,,,
1,60,0.9253320693969727,0.6604093313217163,0.5646781325340271,,,
1,61,0.921593964099884,0.6122583746910095,0.6106032133102417,,,
1,61,,,,0.9087851047515869,0.7312566041946411,0.4727526307106018
2,62,0.9494056701660156,0.784884512424469,0.47319239377975464,,,
2,63,0.9610185623168945,0.8146224617958069,0.4731177091598511,,,
2,64,0.9503183364868164,0.8052647113800049,0.4396871030330658,,,
2,65,0.9656448364257812,0.8481191992759705,0.4306725263595581,,,
2,66,0.9435091018676758,0.7163699865341187,0.5446683168411255,,,
2,67,0.9463891983032227,0.7398898601531982,0.5189591646194458,,,
2,68,0.9268674850463867,0.5580955743789673,0.6771148443222046,,,
2,69,0.9411182403564453,0.6794521808624268,0.5794948935508728,,,
2,70,0.9331998825073242,0.6614073514938354,0.5728239417076111,,,
2,71,0.9423179626464844,0.6922482252120972,0.5666223168373108,,,
2,72,0.9231729507446289,0.6359853148460388,0.5776697397232056,,,
2,73,0.9640007019042969,0.8231579065322876,0.4615030884742737,,,
2,74,0.939244270324707,0.6138665676116943,0.6519802808761597,,,
2,75,0.9603433609008789,0.8197521567344666,0.43686991930007935,,,
2,76,0.9576845169067383,0.8738926649093628,0.2984458804130554,,,
2,77,0.9677448272705078,0.8495850563049316,0.4219067096710205,,,
2,78,0.9502840042114258,0.7823421955108643,0.44152307510375977,,,
2,79,0.9281625747680664,0.6325960159301758,0.5740094780921936,,,
2,80,0.9602270126342773,0.8437962532043457,0.37022337317466736,,,
2,81,0.9697179794311523,0.9000515937805176,0.2913222908973694,,,
2,82,0.9448089599609375,0.7919126749038696,0.407315731048584,,,
2,83,0.9596099853515625,0.8522714376449585,0.34630516171455383,,,
2,84,0.9590959548950195,0.8734509944915771,0.2876532971858978,,,
2,85,0.9631891250610352,0.8308055996894836,0.4119224548339844,,,
2,86,0.9295692443847656,0.6207525134086609,0.589049756526947,,,
2,87,0.9627599716186523,0.7910913228988647,0.4956299960613251,,,
2,88,0.9002704620361328,0.5180588364601135,0.6354798078536987,,,
2,89,0.9702224731445312,0.9036926627159119,0.2673805356025696,,,
2,90,0.9497823715209961,0.7687490582466125,0.4506968855857849,,,
2,91,0.9464340209960938,0.6716588735580444,0.5853253602981567,,,
2,92,0.9637438654899597,0.8362131118774414,0.39162173867225647,,,
2,92,,,,0.9305064082145691,0.780243992805481,0.4157983958721161
3,93,0.9602956771850586,0.8005165457725525,0.4473250210285187,,,
3,94,0.9663829803466797,0.901228666305542,0.2523869574069977,,,
3,95,0.954838752746582,0.8202286958694458,0.37793585658073425,,,
3,96,0.9704790115356445,0.8641114830970764,0.37275630235671997,,,
3,97,0.9409646987915039,0.5794804692268372,0.6711851358413696,,,
3,98,0.9447040557861328,0.6852994561195374,0.5456243753433228,,,
3,99,0.9504146575927734,0.691891074180603,0.5649479627609253,,,
3,100,0.9562549591064453,0.764793336391449,0.4794885814189911,,,
3,101,0.943211555480957,0.6804801225662231,0.5471768379211426,,,
3,102,0.9709148406982422,0.8727760314941406,0.34468579292297363,,,
3,103,0.9617252349853516,0.7785367965698242,0.48968401551246643,,,
3,104,0.9341068267822266,0.5298928618431091,0.686952531337738,,,
3,105,0.9667415618896484,0.8657049536705017,0.327189564704895,,,
3,106,0.9561691284179688,0.8611421585083008,0.2804454565048218,,,
3,107,0.9640769958496094,0.8986179232597351,0.24313217401504517,,,
3,108,0.9550161361694336,0.7723778486251831,0.4411626160144806,,,
3,109,0.9371156692504883,0.7788906693458557,0.38410478830337524,,,
3,110,0.8781585693359375,0.3259292542934418,0.7711798548698425,,,
3,111,0.9445047378540039,0.7593812346458435,0.4134937524795532,,,
3,112,0.9712295532226562,0.9186747670173645,0.21155275404453278,,,
3,113,0.9629554748535156,0.8302072286605835,0.3696287274360657,,,
3,114,0.9487667083740234,0.7664930820465088,0.4266335666179657,,,
3,115,0.9421405792236328,0.6415467858314514,0.5761693120002747,,,
3,116,0.941014289855957,0.60345059633255,0.6221453547477722,,,
3,117,0.9686641693115234,0.7988958954811096,0.4885161221027374,,,
3,118,0.971745491027832,0.8360586166381836,0.42912566661834717,,,
3,119,0.9701652526855469,0.8742245435714722,0.31835663318634033,,,
3,120,0.9739580154418945,0.8688727021217346,0.3575713336467743,,,
3,121,0.966364860534668,0.8799749612808228,0.2712908983230591,,,
3,122,0.9647426605224609,0.8122988343238831,0.4142434000968933,,,
3,123,0.9611231684684753,0.8542339205741882,0.3027135133743286,,,
3,123,,,,0.9319737553596497,0.7834627032279968,0.38713517785072327
4,124,0.9652214050292969,0.8138495087623596,0.4103570878505707,,,
4,125,0.9624300003051758,0.811019778251648,0.39292070269584656,,,
4,126,0.9525814056396484,0.7717121839523315,0.41822198033332825,,,
4,127,0.9699611663818359,0.8644921183586121,0.3267887830734253,,,
4,128,0.9467296600341797,0.6746824383735657,0.5384883284568787,,,
4,129,0.9694633483886719,0.9115269184112549,0.21077492833137512,,,
4,130,0.9605789184570312,0.7901683449745178,0.4208641052246094,,,
4,131,0.9701204299926758,0.8762745261192322,0.29820147156715393,,,
4,132,0.9747724533081055,0.8841274976730347,0.312904953956604,,,
4,133,0.965641975402832,0.8421550989151001,0.34473222494125366,,,
4,134,0.9658718109130859,0.8577425479888916,0.3075638711452484,,,
4,135,0.9478979110717773,0.6025794744491577,0.6365885138511658,,,
4,136,0.9631853103637695,0.7718700766563416,0.4736558794975281,,,
4,137,0.9623661041259766,0.8537149429321289,0.293753057718277,,,
4,138,0.9645538330078125,0.7565706968307495,0.5064272284507751,,,
4,139,0.9402980804443359,0.6722391247749329,0.5046629905700684,,,
4,140,0.9545021057128906,0.7141795754432678,0.5041545629501343,,,
4,141,0.9738292694091797,0.9068262577056885,0.2295093983411789,,,
4,142,0.9792308807373047,0.9196152687072754,0.23602722585201263,,,
4,143,0.943572998046875,0.6762246489524841,0.5168870687484741,,,
4,144,0.9652900695800781,0.6736574769020081,0.6355555057525635,,,
4,145,0.9663324356079102,0.8376388549804688,0.3504300117492676,,,
4,146,0.9574995040893555,0.8458486795425415,0.29317253828048706,,,
4,147,0.9763479232788086,0.8821116089820862,0.31585371494293213,,,
4,148,0.9635477066040039,0.8549626469612122,0.2958248257637024,,,
4,149,0.9846935272216797,0.942732572555542,0.2048790156841278,,,
4,150,0.9605617523193359,0.7770770192146301,0.4270794093608856,,,
4,151,0.9665813446044922,0.8685418963432312,0.27717718482017517,,,
4,152,0.9730701446533203,0.8839232325553894,0.27723708748817444,,,
4,153,0.9755592346191406,0.8721891045570374,0.33020374178886414,,,
4,154,0.9424629211425781,0.6988198757171631,0.47527316212654114,,,
4,154,,,,0.946681559085846,0.8202123641967773,0.3554852604866028
5,155,0.9698505401611328,0.817658543586731,0.40788936614990234,,,
5,156,0.9607219696044922,0.7825770378112793,0.4141162037849426,,,
5,157,0.9744749069213867,0.8733736872673035,0.31414833664894104,,,
5,158,0.9708414077758789,0.8964201807975769,0.22571831941604614,,,
5,159,0.950474739074707,0.6051715016365051,0.6180688738822937,,,
5,160,0.9562444686889648,0.730781614780426,0.470083624124527,,,
5,161,0.9734525680541992,0.9030552506446838,0.22475728392601013,,,
5,162,0.9715995788574219,0.9001247882843018,0.2230582982301712,,,
5,163,0.9722919464111328,0.8932446837425232,0.23927834630012512,,,
5,164,0.9490890502929688,0.5772334337234497,0.6358320116996765,,,
5,165,0.969172477722168,0.8535574078559875,0.31039249897003174,,,
5,166,0.9533853530883789,0.7324469685554504,0.45440593361854553,,,
5,167,0.9714345932006836,0.8555061221122742,0.32325100898742676,,,
5,168,0.9753856658935547,0.8851873278617859,0.2793346643447876,,,
5,169,0.9770994186401367,0.8727781176567078,0.3293822705745697,,,
5,170,0.9705400466918945,0.8273628354072571,0.37565505504608154,,,
5,171,0.9600458145141602,0.6859468817710876,0.5536263585090637,,,
5,172,0.969120979309082,0.807455837726593,0.40502142906188965,,,
5,173,0.970733642578125,0.8915127515792847,0.23064182698726654,,,
5,174,0.9791316986083984,0.892421543598175,0.2903769910335541,,,
5,175,0.9716911315917969,0.8912235498428345,0.23443113267421722,,,
5,176,0.9732580184936523,0.8680137991905212,0.3001173734664917,,,
5,177,0.9775896072387695,0.9239959716796875,0.18611468374729156,,,
5,178,0.9761714935302734,0.9049173593521118,0.22786231338977814,,,
5,179,0.9691829681396484,0.8067413568496704,0.3991311192512512,,,
5,180,0.9772472381591797,0.9242146015167236,0.179536834359169,,,
5,181,0.9718904495239258,0.8625367879867554,0.29475831985473633,,,
5,182,0.9681997299194336,0.8375023603439331,0.3265683948993683,,,
5,183,0.9702825546264648,0.8427895307540894,0.3301999270915985,,,
5,184,0.9768218994140625,0.8581749200820923,0.35118407011032104,,,
5,185,0.9768155217170715,0.8799251914024353,0.2924160063266754,,,
5,185,,,,0.9473876953125,0.8212694525718689,0.33584344387054443
6,186,0.9621009826660156,0.7420753240585327,0.4700961410999298,,,
6,187,0.9688024520874023,0.8649768829345703,0.2703159749507904,,,
6,188,0.9726066589355469,0.8623353838920593,0.2954258918762207,,,
6,189,0.9774656295776367,0.9186096787452698,0.18930688500404358,,,
6,190,0.9710597991943359,0.8468441367149353,0.32114318013191223,,,
6,191,0.9799766540527344,0.9038393497467041,0.2518632411956787,,,
6,192,0.9694337844848633,0.8923751711845398,0.21103428304195404,,,
6,193,0.9680728912353516,0.8219851851463318,0.3462117314338684,,,
6,194,0.9721746444702148,0.8691749572753906,0.27417829632759094,,,
6,195,0.9689702987670898,0.8256118297576904,0.3467724621295929,,,
6,196,0.9825716018676758,0.9300890564918518,0.1945589929819107,,,
6,197,0.9596662521362305,0.6900817155838013,0.5211216807365417,,,
6,198,0.9730520248413086,0.8027613759040833,0.4253900349140167,,,
6,199,0.9781379699707031,0.9011806845664978,0.23510485887527466,,,
6,200,0.9714603424072266,0.8470314741134644,0.31737133860588074,,,
6,201,0.9711456298828125,0.8136934638023376,0.38329455256462097,,,
6,202,0.9776725769042969,0.8527102470397949,0.3538056015968323,,,
6,203,0.9709711074829102,0.8928623199462891,0.21082931756973267,,,
6,204,0.9749069213867188,0.8569105863571167,0.3191324770450592,,,
6,205,0.9768857955932617,0.8656485676765442,0.3145083785057068,,,
6,206,0.9745950698852539,0.8631672859191895,0.2971377968788147,,,
6,207,0.9745311737060547,0.9106547832489014,0.18453872203826904,,,
6,208,0.9750547409057617,0.8572021126747131,0.31339067220687866,,,
6,209,0.9747896194458008,0.932806134223938,0.14565862715244293,,,
6,210,0.9636421203613281,0.815545380115509,0.31958362460136414,,,
6,211,0.9686317443847656,0.8569564819335938,0.26378312706947327,,,
6,212,0.9739046096801758,0.7586355805397034,0.5113769769668579,,,
6,213,0.9737920761108398,0.8258138298988342,0.3720373511314392,,,
6,214,0.9760551452636719,0.8954491019248962,0.2243567407131195,,,
6,215,0.9814157485961914,0.8944475054740906,0.27709609270095825,,,
6,216,0.9811719059944153,0.9244208931922913,0.18318039178848267,,,
6,216,,,,0.9474627375602722,0.8136876225471497,0.3262254595756531
7,217,0.977874755859375,0.8742417693138123,0.293050080537796,,,
7,218,0.9643878936767578,0.6395072937011719,0.6032220125198364,,,
7,219,0.9752769470214844,0.8871667385101318,0.23532237112522125,,,
7,220,0.9625606536865234,0.8378190994262695,0.28717806935310364,,,
7,221,0.981816291809082,0.9455373287200928,0.13440129160881042,,,
7,222,0.9692153930664062,0.8811644911766052,0.21597106754779816,,,
7,223,0.9763479232788086,0.903875470161438,0.19819492101669312,,,
7,224,0.9752368927001953,0.8606780171394348,0.2929076850414276,,,
7,225,0.9586610794067383,0.5989990234375,0.6094591021537781,,,
7,226,0.9755277633666992,0.8936062455177307,0.2176954299211502,,,
7,227,0.9751424789428711,0.8723267912864685,0.266356885433197,,,
7,228,0.9684658050537109,0.7227588295936584,0.5057480931282043,,,
7,229,0.9733657836914062,0.8538451194763184,0.29277271032333374,,,
7,230,0.9792490005493164,0.9175979495048523,0.18344590067863464,,,
7,231,0.9689168930053711,0.8022545576095581,0.36875540018081665,,,
7,232,0.980961799621582,0.8972266912460327,0.24973805248737335,,,
7,233,0.9732933044433594,0.8782736659049988,0.2362884134054184,,,
7,234,0.9747943878173828,0.7914875149726868,0.43019017577171326,,,
7,235,0.9655370712280273,0.7427312135696411,0.4438636600971222,,,
7,236,0.9809398651123047,0.8990830183029175,0.24021068215370178,,,
7,237,0.9807491302490234,0.9202011227607727,0.18022075295448303,,,
7,238,0.9718246459960938,0.8094550371170044,0.3726935088634491,,,
7,239,0.9759674072265625,0.894832193851471,0.20996178686618805,,,
7,240,0.9790630340576172,0.8993526697158813,0.22106638550758362,,,
7,241,0.9787397384643555,0.9081515073776245,0.19449906051158905,,,
7,242,0.9778757095336914,0.9096041917800903,0.18714874982833862,,,
7,243,0.975428581237793,0.9142315983772278,0.1682942658662796,,,
7,244,0.9747743606567383,0.8912729620933533,0.20856814086437225,,,
7,245,0.9775867462158203,0.9129497408866882,0.17700938880443573,,,
7,246,0.9795083999633789,0.9062141180038452,0.2048645317554474,,,
7,247,0.9701576232910156,0.7557373642921448,0.44361892342567444,,,
7,247,,,,0.950387716293335,0.8249554634094238,0.30502790212631226
8,248,0.9793224334716797,0.9112368226051331,0.1877276748418808,,,
8,249,0.9693832397460938,0.898903489112854,0.16790920495986938,,,
8,250,0.9811420440673828,0.8969143033027649,0.24380084872245789,,,
8,251,0.981633186340332,0.884219765663147,0.28089600801467896,,,
8,252,0.9751367568969727,0.8795913457870483,0.23302264511585236,,,
8,253,0.9773797988891602,0.9036553502082825,0.19111207127571106,,,
8,254,0.9718608856201172,0.8748111724853516,0.22540399432182312,,,
8,255,0.9742612838745117,0.8163251280784607,0.359280526638031,,,
8,256,0.9708995819091797,0.797398567199707,0.37007394433021545,,,
8,257,0.974390983581543,0.8811240792274475,0.22373339533805847,,,
8,258,0.9825592041015625,0.8621084690093994,0.35041606426239014,,,
8,259,0.9805994033813477,0.8807498812675476,0.2744210362434387,,,
8,260,0.9829788208007812,0.9175783395767212,0.19256971776485443,,,
8,261,0.9716997146606445,0.8140966892242432,0.3410121500492096,,,
8,262,0.9697608947753906,0.851933479309082,0.2559828758239746,,,
8,263,0.9774236679077148,0.8721277117729187,0.2599189579486847,,,
8,264,0.9775657653808594,0.8738436102867126,0.2572031617164612,,,
8,265,0.9704484939575195,0.8403834700584412,0.28373876214027405,,,
8,266,0.9809894561767578,0.8476238250732422,0.3528705835342407,,,
8,267,0.977726936340332,0.9194071292877197,0.153272807598114,,,
8,268,0.9717941284179688,0.8898879289627075,0.18753503262996674,,,
8,269,0.977330207824707,0.877443790435791,0.24416375160217285,,,
8,270,0.9743862152099609,0.7719705104827881,0.4388587176799774,,,
8,271,0.9612436294555664,0.6362488865852356,0.561967134475708,,,
8,272,0.9743585586547852,0.8354166150093079,0.31023794412612915,,,
8,273,0.9785327911376953,0.8854925036430359,0.2343059778213501,,,
8,274,0.9599189758300781,0.735218346118927,0.4027468264102936,,,
8,275,0.9793920516967773,0.9380640983581543,0.12355227768421173,,,
8,276,0.9736452102661133,0.9045867919921875,0.17429441213607788,,,
8,277,0.9798822402954102,0.923032283782959,0.15248282253742218,,,
8,278,0.9619305729866028,0.9035342931747437,0.15461218357086182,,,
8,278,,,,0.9350624084472656,0.7910915017127991,0.3162385821342468
9,279,0.9733180999755859,0.8660262823104858,0.24340438842773438,,,
9,280,0.9810914993286133,0.9176151156425476,0.16897635161876678,,,
9,281,0.9775934219360352,0.8972078561782837,0.19547855854034424,,,
9,282,0.9771842956542969,0.851640522480011,0.2932741343975067,,,
9,283,0.9750528335571289,0.8048811554908752,0.3729604482650757,,,
9,284,0.9783134460449219,0.9076499342918396,0.17493249475955963,,,
9,285,0.9798192977905273,0.9018470048904419,0.19810394942760468,,,
9,286,0.975275993347168,0.8028517365455627,0.38030707836151123,,,
9,287,0.9765024185180664,0.8399597406387329,0.31578078866004944,,,
9,288,0.9802064895629883,0.8819316625595093,0.2505896985530853,,,
9,289,0.9736213684082031,0.8522940874099731,0.2743801176548004,,,
9,290,0.9834508895874023,0.9158315658569336,0.18916203081607819,,,
9,291,0.9813032150268555,0.8790322542190552,0.2658192813396454,,,
9,292,0.9740810394287109,0.8846963047981262,0.20187348127365112,,,
9,293,0.9812259674072266,0.9135125875473022,0.17534619569778442,,,
9,294,0.9780483245849609,0.8908214569091797,0.2080984115600586,,,
9,295,0.9760522842407227,0.9251914024353027,0.13248883187770844,,,
9,296,0.9795904159545898,0.8754640817642212,0.2547866404056549,,,
9,297,0.9822092056274414,0.9237902760505676,0.15592293441295624,,,
9,298,0.9810934066772461,0.9033902287483215,0.1963748037815094,,,
9,299,0.9805669784545898,0.8953028321266174,0.21256591379642487,,,
9,300,0.9823246002197266,0.9011092782020569,0.21445021033287048,,,
9,301,0.9768638610839844,0.8992976546287537,0.18123793601989746,,,
9,302,0.9776372909545898,0.8960511088371277,0.18939486145973206,,,
9,303,0.9667253494262695,0.7788209319114685,0.35461536049842834,,,
9,304,0.9752779006958008,0.8378545641899109,0.2972545623779297,,,
9,305,0.9748058319091797,0.8480020761489868,0.27253153920173645,,,
9,306,0.9795522689819336,0.9064181447029114,0.17987699806690216,,,
9,307,0.9775476455688477,0.9401791095733643,0.113377146422863,,,
9,308,0.9771909713745117,0.8912087082862854,0.19462324678897858,,,
9,309,0.9715461730957031,0.8517107367515564,0.2463819682598114,,,
9,309,,,,0.9523404240608215,0.8334918022155762,0.2797218859195709
10,310,0.9819574356079102,0.8551411628723145,0.32174187898635864,,,
10,311,0.9810304641723633,0.8407841324806213,0.33921483159065247,,,
10,312,0.9823274612426758,0.926887035369873,0.14304201304912567,,,
10,313,0.9678421020507812,0.9201745986938477,0.12919320166110992,,,
10,314,0.9717226028442383,0.7517415285110474,0.4287926256656647,,,
10,315,0.9787998199462891,0.8624772429466248,0.2668870985507965,,,
10,316,0.9795026779174805,0.8700206279754639,0.25640150904655457,,,
10,317,0.9796171188354492,0.8812505602836609,0.2294139266014099,,,
10,318,0.9758272171020508,0.896365225315094,0.1763073205947876,,,
10,319,0.9813375473022461,0.8977356553077698,0.20463548600673676,,,
10,320,0.9812688827514648,0.8816051483154297,0.24198272824287415,,,
10,321,0.9735488891601562,0.9146453142166138,0.14003567397594452,,,
10,322,0.9802122116088867,0.8921653628349304,0.211143359541893,,,
10,323,0.9784717559814453,0.8783597350120544,0.23042982816696167,,,
10,324,0.9806947708129883,0.9201286435127258,0.14738401770591736,,,
10,325,0.9779291152954102,0.8056892156600952,0.3757088780403137,,,
10,326,0.9796056747436523,0.8546631932258606,0.28760194778442383,,,
10,327,0.9804849624633789,0.9017680287361145,0.18639864027500153,,,
10,328,0.9736003875732422,0.7994595766067505,0.3439171612262726,,,
10,329,0.9754142761230469,0.8696419596672058,0.2222091406583786,,,
10,330,0.9755401611328125,0.885381817817688,0.19060750305652618,,,
10,331,0.9790201187133789,0.8845633268356323,0.21397416293621063,,,
10,332,0.9780635833740234,0.9118856191635132,0.1505981832742691,,,
10,333,0.9861059188842773,0.9346292018890381,0.14579710364341736,,,
10,334,0.9680614471435547,0.8498892784118652,0.22670695185661316,,,
10,335,0.9857015609741211,0.9562830328941345,0.09400232136249542,,,
10,336,0.9767637252807617,0.9024037718772888,0.16442394256591797,,,
10,337,0.9811077117919922,0.9076219797134399,0.17331354320049286,,,
10,338,0.9827775955200195,0.898465633392334,0.2058594971895218,,,
10,339,0.9794712066650391,0.8550212979316711,0.2767391800880432,,,
10,340,0.979546844959259,0.918928861618042,0.14076444506645203,,,
10,340,,,,0.9538281559944153,0.8356437683105469,0.2724343538284302
11,341,0.9797430038452148,0.9235981702804565,0.13350801169872284,,,
11,342,0.9795408248901367,0.8803707361221313,0.22382226586341858,,,
11,343,0.9801397323608398,0.8445744514465332,0.30314815044403076,,,
11,344,0.985774040222168,0.9081629514694214,0.2137846052646637,,,
11,345,0.9805107116699219,0.8805945515632629,0.22950637340545654,,,
11,346,0.9732027053833008,0.8187453746795654,0.29870691895484924,,,
11,347,0.9852619171142578,0.9485348463058472,0.10239853709936142,,,
11,348,0.9797267913818359,0.9246165156364441,0.12840239703655243,,,
11,349,0.9808874130249023,0.8854623436927795,0.21815845370292664,,,
11,350,0.9848337173461914,0.9478882551193237,0.10091166198253632,,,
11,351,0.9864053726196289,0.9480677247047424,0.10838697105646133,,,
11,352,0.9827451705932617,0.930160403251648,0.12810951471328735,,,
11,353,0.9829339981079102,0.9203700423240662,0.15158924460411072,,,
11,354,0.9844598770141602,0.9049327373504639,0.2001630812883377,,,
11,355,0.9827728271484375,0.894045352935791,0.21457378566265106,,,
11,356,0.9821891784667969,0.9096096754074097,0.1714162826538086,,,
11,357,0.9746856689453125,0.7245787382125854,0.46925562620162964,,,
11,358,0.9871711730957031,0.9266629219055176,0.16997206211090088,,,
11,359,0.9710140228271484,0.8245798349380493,0.28041866421699524,,,
11,360,0.9777002334594727,0.9072750806808472,0.15104633569717407,,,
11,361,0.9862489700317383,0.9391487836837769,0.12569411098957062,,,
11,362,0.9793357849121094,0.9115375280380249,0.14914949238300323,,,
11,363,0.9658575057983398,0.7650945782661438,0.346085786819458,,,
11,364,0.9800558090209961,0.8658666610717773,0.2536669373512268,,,
11,365,0.9780416488647461,0.9327905774116516,0.10928361862897873,,,
11,366,0.9774580001831055,0.905275821685791,0.15424014627933502,,,
11,367,0.9848451614379883,0.9381557703018188,0.11906535178422928,,,
11,368,0.9760904312133789,0.8765947818756104,0.2052675038576126,,,
11,369,0.9804821014404297,0.8927656412124634,0.19364982843399048,,,
11,370,0.9723148345947266,0.7831672430038452,0.3504911959171295,,,
11,371,0.9714711308479309,0.5712265372276306,0.6441707015037537,,,
11,371,,,,0.9499897360801697,0.8281036019325256,0.2718772888183594
12,372,0.97869873046875,0.8203924298286438,0.3279510736465454,,,
12,373,0.9825534820556641,0.9376444220542908,0.10855549573898315,,,
12,374,0.9835481643676758,0.8980160355567932,0.20392081141471863,,,
12,375,0.9818038940429688,0.922963559627533,0.13378682732582092,,,
12,376,0.9804811477661133,0.9147648811340332,0.1505640149116516,,,
12,377,0.9813146591186523,0.9222071170806885,0.13353800773620605,,,
12,378,0.9856252670288086,0.9464746713638306,0.10285750776529312,,,
12,379,0.9818058013916016,0.9150185585021973,0.15259520709514618,,,
12,380,0.9808320999145508,0.9044742584228516,0.16610212624073029,,,
12,381,0.9826841354370117,0.8801644444465637,0.2331312894821167,,,
12,382,0.9746370315551758,0.915432870388031,0.12875011563301086,,,
12,383,0.968480110168457,0.650098443031311,0.5170732736587524,,,
12,384,0.9847955703735352,0.9402883648872375,0.1107090562582016,,,
12,385,0.979884147644043,0.855023980140686,0.2667314410209656,,,
12,386,0.9801168441772461,0.8766630291938782,0.2207978516817093,,,
12,387,0.9770965576171875,0.8078305125236511,0.32906460762023926,,,
12,388,0.9770050048828125,0.8729998469352722,0.20484919846057892,,,
12,389,0.9853610992431641,0.8700562119483948,0.2965109944343567,,,
12,390,0.9833498001098633,0.919167160987854,0.14532943069934845,,,
12,391,0.9785594940185547,0.8804218769073486,0.20264220237731934,,,
12,392,0.98223876953125,0.894024670124054,0.19454175233840942,,,
12,393,0.9822301864624023,0.8587606549263,0.27169349789619446,,,
12,394,0.9822635650634766,0.9360493421554565,0.10484448820352554,,,
12,395,0.9815530776977539,0.9291325211524963,0.11729579418897629,,,
12,396,0.9836635589599609,0.8869030475616455,0.21952147781848907,,,
12,397,0.9838142395019531,0.9448333978652954,0.09607694298028946,,,
12,398,0.9819536209106445,0.9152240753173828,0.1433442234992981,,,
12,399,0.9748239517211914,0.8256916403770447,0.2793509066104889,,,
12,400,0.9810686111450195,0.8969303965568542,0.17814776301383972,,,
12,401,0.9758424758911133,0.9021855592727661,0.14237728714942932,,,
12,402,0.9689661860466003,0.847334623336792,0.22386674582958221,,,
12,402,,,,0.950964629650116,0.8268859386444092,0.2698768377304077
13,403,0.9834623336791992,0.9202166199684143,0.14131544530391693,,,
13,404,0.9794626235961914,0.9078010320663452,0.14923615753650665,,,
13,405,0.9814004898071289,0.9021719694137573,0.16919352114200592,,,
13,406,0.9768800735473633,0.9057044982910156,0.14353880286216736,,,
13,407,0.9802627563476562,0.8865419030189514,0.19386596977710724,,,
13,408,0.9768962860107422,0.9123069047927856,0.13499101996421814,,,
13,409,0.978877067565918,0.8810606598854065,0.19372442364692688,,,
13,410,0.9799880981445312,0.8324296474456787,0.2977411448955536,,,
13,411,0.983281135559082,0.8919966220855713,0.2038569152355194,,,
13,412,0.9748392105102539,0.7720474600791931,0.36893218755722046,,,
13,413,0.9776201248168945,0.8237459063529968,0.3034505248069763,,,
13,414,0.9839248657226562,0.9444032311439514,0.09451689571142197,,,
13,415,0.9850978851318359,0.9069703817367554,0.18227091431617737,,,
13,416,0.9784355163574219,0.895070493221283,0.16501888632774353,,,
13,417,0.9835453033447266,0.8993783593177795,0.18347711861133575,,,
13,418,0.9859762191772461,0.9650856852531433,0.07651408761739731,,,
13,419,0.9765472412109375,0.8470256924629211,0.24331966042518616,,,
13,420,0.9829788208007812,0.9260137677192688,0.12296640872955322,,,
13,421,0.9838790893554688,0.926842451095581,0.12465643882751465,,,
13,422,0.9829387664794922,0.8448072671890259,0.29605337977409363,,,
13,423,0.9822797775268555,0.8957734107971191,0.17936737835407257,,,
13,424,0.9804248809814453,0.8599672317504883,0.24062055349349976,,,
13,425,0.9800395965576172,0.897591233253479,0.166677325963974,,,
13,426,0.9780702590942383,0.9443867802619934,0.092533178627491,,,
13,427,0.9761753082275391,0.8224688768386841,0.27970215678215027,,,
13,428,0.9809017181396484,0.9107122421264648,0.14535082876682281,,,
13,429,0.9785842895507812,0.8760083913803101,0.20061206817626953,,,
13,430,0.9863491058349609,0.8897990584373474,0.2306564450263977,,,
13,431,0.9807167053222656,0.9259817600250244,0.11602601408958435,,,
13,432,0.9797229766845703,0.8092854619026184,0.3289521038532257,,,
13,433,0.9800491333007812,0.9275649785995483,0.10994280874729156,,,
13,433,,,,0.9485176801681519,0.8149006366729736,0.27909520268440247
14,434,0.9834880828857422,0.9127753973007202,0.15037819743156433,,,
14,435,0.9784364700317383,0.8831461071968079,0.1849992424249649,,,
14,436,0.9835700988769531,0.9346453547477722,0.1088818833231926,,,
14,437,0.9782037734985352,0.8631641864776611,0.2164783626794815,,,
14,438,0.9712543487548828,0.853503942489624,0.2060350775718689,,,
14,439,0.969538688659668,0.7693990468978882,0.32481664419174194,,,
14,440,0.9865751266479492,0.9404931664466858,0.10645774006843567,,,
14,441,0.9792451858520508,0.8133517503738403,0.3120727837085724,,,
14,442,0.9820280075073242,0.9149355888366699,0.13586999475955963,,,
14,443,0.9838790893554688,0.9391747713088989,0.09781970083713531,,,
14,444,0.9834127426147461,0.8761367797851562,0.22526147961616516,,,
14,445,0.9877090454101562,0.951653003692627,0.08751778304576874,,,
14,446,0.9806289672851562,0.8811204433441162,0.19796569645404816,,,
14,447,0.9790067672729492,0.8509705066680908,0.241641566157341,,,
14,448,0.9761934280395508,0.9019894003868103,0.14259600639343262,,,
14,449,0.9776210784912109,0.8916625380516052,0.1651574671268463,,,
14,450,0.9836082458496094,0.9424574971199036,0.09399566054344177,,,
14,451,0.9810991287231445,0.8847752809524536,0.18996599316596985,,,
14,452,0.9803762435913086,0.7777021527290344,0.37963980436325073,,,
14,453,0.9843683242797852,0.9224164485931396,0.13350249826908112,,,
14,454,0.9833221435546875,0.9480661153793335,0.08271744847297668,,,
14,455,0.982177734375,0.8939694166183472,0.17677192389965057,,,
14,456,0.9808998107910156,0.8833342790603638,0.1965869665145874,,,
14,457,0.9833097457885742,0.9186329245567322,0.13412225246429443,,,
14,458,0.9853763580322266,0.9149019122123718,0.1546563059091568,,,
14,459,0.9825839996337891,0.922531008720398,0.12183747440576553,,,
14,460,0.9832944869995117,0.9039906859397888,0.1620798259973526,,,
14,461,0.9783010482788086,0.9035571217536926,0.14197050034999847,,,
14,462,0.9842424392700195,0.935838520526886,0.10404245555400848,,,
14,463,0.9884786605834961,0.9231209754943848,0.16086238622665405,,,
14,464,0.9772771000862122,0.9005044102668762,0.14625464379787445,,,
14,464,,,,0.9527638554573059,0.8311278223991394,0.25708529353141785
15,465,0.9880361557006836,0.9397199749946594,0.11457931995391846,,,
15,466,0.9844484329223633,0.9392715096473694,0.09796634316444397,,,
15,467,0.9751262664794922,0.8139286041259766,0.2816556394100189,,,
15,468,0.9786844253540039,0.8792092204093933,0.18340615928173065,,,
15,469,0.9829950332641602,0.9185821413993835,0.1293957531452179,,,
15,470,0.9830656051635742,0.9222602844238281,0.12545987963676453,,,
15,471,0.9821977615356445,0.9230654835700989,0.11829707026481628,,,
15,472,0.9817018508911133,0.9399839639663696,0.09230351448059082,,,
15,473,0.9833707809448242,0.8974963426589966,0.17393313348293304,,,
15,474,0.9838409423828125,0.8854213953018188,0.202162966132164,,,
15,475,0.9873485565185547,0.9317768216133118,0.1281551718711853,,,
15,476,0.9861068725585938,0.9382798075675964,0.10395538061857224,,,
15,477,0.9801177978515625,0.8530247211456299,0.23919615149497986,,,
15,478,0.9828729629516602,0.9542959332466125,0.07587773352861404,,,
15,479,0.9858179092407227,0.9326643943786621,0.11386600881814957,,,
15,480,0.985386848449707,0.8983427286148071,0.18694627285003662,,,
15,481,0.9812507629394531,0.8925859332084656,0.16980256140232086,,,
15,482,0.9797325134277344,0.8964054584503174,0.1572352945804596,,,
15,483,0.983576774597168,0.9042873382568359,0.16029010713100433,,,
15,484,0.9823417663574219,0.9040383100509644,0.1509813815355301,,,
15,485,0.9825944900512695,0.9087582230567932,0.1444598287343979,,,
15,486,0.9862184524536133,0.9403605461120605,0.0991210788488388,,,
15,487,0.9836349487304688,0.8996368050575256,0.16945882141590118,,,
15,488,0.9835567474365234,0.9061256051063538,0.15789666771888733,,,
15,489,0.9822254180908203,0.8227888941764832,0.3067309260368347,,,
15,490,0.9834747314453125,0.9215309619903564,0.12265200912952423,,,
15,491,0.9724149703979492,0.8709223866462708,0.1722344011068344,,,
15,492,0.9786415100097656,0.8924866318702698,0.15680722892284393,,,
15,493,0.9839200973510742,0.9223152995109558,0.12426726520061493,,,
15,494,0.9798450469970703,0.8768443465232849,0.19066180288791656,,,
15,495,0.9839096069335938,0.8943281173706055,0.1790211945772171,,,
15,495,,,,0.9511206150054932,0.8301100134849548,0.2532942593097687
16,496,0.9800949096679688,0.8628655672073364,0.21455422043800354,,,
16,497,0.9833059310913086,0.9008316397666931,0.16295225918293,,,
16,498,0.980381965637207,0.8883291482925415,0.17297647893428802,,,
16,499,0.9837636947631836,0.8849716782569885,0.19643425941467285,,,
16,500,0.9818868637084961,0.9227461814880371,0.11275911331176758,,,
16,501,0.9775772094726562,0.846402108669281,0.23366126418113708,,,
16,502,0.9862852096557617,0.8972132205963135,0.18961673974990845,,,
16,503,0.9850635528564453,0.9103609919548035,0.15271790325641632,,,
16,504,0.9850397109985352,0.9260385632514954,0.11951711028814316,,,
16,505,0.9816093444824219,0.9320999979972839,0.10013934224843979,,,
16,506,0.9860153198242188,0.9392435550689697,0.09756212681531906,,,
16,507,0.9831953048706055,0.9186326265335083,0.12618963420391083,,,
16,508,0.9843368530273438,0.9312541484832764,0.1064007580280304,,,
16,509,0.9800357818603516,0.90474933385849,0.1369609385728836,,,
16,510,0.9870376586914062,0.9375554323196411,0.10631611943244934,,,
16,511,0.9812040328979492,0.8902623057365417,0.16760864853858948,,,
16,512,0.9833240509033203,0.8765208721160889,0.20696134865283966,,,
16,513,0.9835824966430664,0.917834460735321,0.1291155219078064,,,
16,514,0.9832019805908203,0.8856226205825806,0.18820057809352875,,,
16,515,0.9808740615844727,0.9015753865242004,0.14892028272151947,,,
16,516,0.9888839721679688,0.9464054703712463,0.10073204338550568,,,
16,517,0.9868078231811523,0.929459810256958,0.12256688624620438,,,
16,518,0.9832429885864258,0.8986432552337646,0.16330386698246002,,,
16,519,0.9826583862304688,0.9060913324356079,0.14816933870315552,,,
16,520,0.9841270446777344,0.9311972856521606,0.10575149208307266,,,
16,521,0.9815425872802734,0.8518626093864441,0.24067795276641846,,,
16,522,0.9822263717651367,0.9553914666175842,0.07608679682016373,,,
16,523,0.9839992523193359,0.9109287261962891,0.14252296090126038,,,
16,524,0.9832401275634766,0.8787657022476196,0.19974052906036377,,,
16,525,0.9871292114257812,0.9555519223213196,0.07286305725574493,,,
16,526,0.9825718998908997,0.9218073487281799,0.11595618724822998,,,
16,526,,,,0.9513757228851318,0.830112874507904,0.25113001465797424
17,527,0.9855852127075195,0.9283316135406494,0.11459878087043762,,,
17,528,0.9841098785400391,0.9448387622833252,0.08342015743255615,,,
17,529,0.981968879699707,0.8849743008613586,0.18047770857810974,,,
17,530,0.9810934066772461,0.8407310843467712,0.25553715229034424,,,
17,531,0.9828729629516602,0.8812384605407715,0.19283826649188995,,,
17,532,0.9859218597412109,0.9508755207061768,0.07712205499410629,,,
17,533,0.9852943420410156,0.9193362593650818,0.13175663352012634,,,
17,534,0.9856042861938477,0.9195988178253174,0.13282302021980286,,,
17,535,0.9895315170288086,0.929593563079834,0.1442188024520874,,,
17,536,0.9849071502685547,0.9254211783409119,0.11672177910804749,,,
17,537,0.9879045486450195,0.9463412165641785,0.09096597880125046,,,
17,538,0.9847288131713867,0.9280262589454651,0.11098553240299225,,,
17,539,0.9778099060058594,0.8636898994445801,0.19781185686588287,,,
17,540,0.9839277267456055,0.9189292192459106,0.12485896795988083,,,
17,541,0.9785833358764648,0.9007434248924255,0.13789348304271698,,,
17,542,0.9896688461303711,0.9609386324882507,0.06824643909931183,,,
17,543,0.9858942031860352,0.9286186695098877,0.11439168453216553,,,
17,544,0.9831514358520508,0.9410054087638855,0.08614406734704971,,,
17,545,0.9821929931640625,0.8872871994972229,0.17533087730407715,,,
17,546,0.9855804443359375,0.9041630625724792,0.16257533431053162,,,
17,547,0.9846763610839844,0.9166519641876221,0.1324547827243805,,,
17,548,0.9865493774414062,0.9346007704734802,0.10497058182954788,,,
17,549,0.989471435546875,0.8986895680427551,0.21479292213916779,,,
17,550,0.9833126068115234,0.9038735032081604,0.1548483520746231,,,
17,551,0.9859161376953125,0.9577080607414246,0.06611154973506927,,,
17,552,0.9823312759399414,0.8518029451370239,0.23918896913528442,,,
17,553,0.9806671142578125,0.8777027130126953,0.1836981177330017,,,
17,554,0.9824867248535156,0.9201447367668152,0.11687742173671722,,,
17,555,0.9822492599487305,0.9296257495880127,0.09859475493431091,,,
17,556,0.9636402130126953,0.7570803165435791,0.300568550825119,,,
17,557,0.9816932678222656,0.887171745300293,0.1659216731786728,,,
17,557,,,,0.9503326416015625,0.8281087279319763,0.25062763690948486
18,558,0.9802331924438477,0.8642436861991882,0.2005867063999176,,,
18,559,0.9725542068481445,0.9087279438972473,0.11482727527618408,,,
18,560,0.9810800552368164,0.7939554452896118,0.32620856165885925,,,
18,561,0.9844398498535156,0.8457786440849304,0.263027548789978,,,
18,562,0.9816179275512695,0.9036264419555664,0.13747714459896088,,,
18,563,0.9820756912231445,0.9104035496711731,0.12712502479553223,,,
18,564,0.9871912002563477,0.9316011667251587,0.11223562806844711,,,
18,565,0.9888677597045898,0.9549223184585571,0.07599946111440659,,,
18,566,0.9781503677368164,0.812677800655365,0.2691456377506256,,,
18,567,0.9853353500366211,0.9464333653450012,0.07950837165117264,,,
18,568,0.9782428741455078,0.8761159181594849,0.17006926238536835,,,
18,569,0.987055778503418,0.9357582330703735,0.10309791564941406,,,
18,570,0.9811191558837891,0.9235297441482544,0.10756008327007294,,,
18,571,0.979823112487793,0.9003766775131226,0.13878251612186432,,,
18,572,0.9778022766113281,0.8593662977218628,0.20105206966400146,,,
18,573,0.9883432388305664,0.9025239944458008,0.18460720777511597,,,
18,574,0.9777421951293945,0.7874717712402344,0.31023094058036804,,,
18,575,0.9816722869873047,0.8769795894622803,0.18661777675151825,,,
18,576,0.9844493865966797,0.9040377736091614,0.14909173548221588,,,
18,577,0.9844379425048828,0.9515842199325562,0.0704682394862175,,,
18,578,0.9813470840454102,0.9316054582595825,0.09160604327917099,,,
18,579,0.9866600036621094,0.9388991594314575,0.09470372647047043,,,
18,580,0.9838266372680664,0.8643019199371338,0.21650941669940948,,,
18,581,0.9866466522216797,0.9375827312469482,0.09652852267026901,,,
18,582,0.9842462539672852,0.942039430141449,0.08317515254020691,,,
18,583,0.9807262420654297,0.933110237121582,0.09110761433839798,,,
18,584,0.9832878112792969,0.9224543571472168,0.11097600311040878,,,
18,585,0.9853582382202148,0.9184344410896301,0.12623564898967743,,,
18,586,0.9855728149414062,0.9382560849189758,0.08947774767875671,,,
18,587,0.983159065246582,0.8787489533424377,0.18787053227424622,,,
18,588,0.9844920039176941,0.9145441651344299,0.13102568686008453,,,
18,588,,,,0.9499596357345581,0.8245747089385986,0.25229910016059875
19,589,0.988224983215332,0.933541476726532,0.11252456903457642,,,
19,590,0.985560417175293,0.9402804374694824,0.09063438326120377,,,
19,591,0.9787435531616211,0.9103224277496338,0.12136921286582947,,,
19,592,0.9857540130615234,0.9390200972557068,0.09034989029169083,,,
19,593,0.9847564697265625,0.9095554351806641,0.13956624269485474,,,
19,594,0.9826107025146484,0.8991437554359436,0.14824554324150085,,,
19,595,0.9859962463378906,0.9068634510040283,0.15154103934764862,,,
19,596,0.9839916229248047,0.8963840007781982,0.15826405584812164,,,
19,597,0.9855976104736328,0.9215447902679443,0.12201646715402603,,,
19,598,0.9840908050537109,0.9424343705177307,0.08114930242300034,,,
19,599,0.9775571823120117,0.785915732383728,0.30464082956314087,,,
19,600,0.9852838516235352,0.9429928064346313,0.08187319338321686,,,
19,601,0.9768028259277344,0.776394784450531,0.3114910125732422,,,
19,602,0.9880609512329102,0.9504404067993164,0.0764196366071701,,,
19,603,0.9869699478149414,0.9389474987983704,0.09389379620552063,,,
19,604,0.9817113876342773,0.8469550013542175,0.22845959663391113,,,
19,605,0.9830379486083984,0.9244207143783569,0.10616432130336761,,,
19,606,0.988250732421875,0.9359776973724365,0.10351989418268204,,,
19,607,0.9866428375244141,0.9368000030517578,0.09617012739181519,,,
19,608,0.9864130020141602,0.9280861616134644,0.11185701191425323,,,
19,609,0.982335090637207,0.9071752429008484,0.1305547058582306,,,
19,610,0.9861583709716797,0.9330291152000427,0.10000787675380707,,,
19,611,0.9830026626586914,0.9261452555656433,0.10245827585458755,,,
19,612,0.9826765060424805,0.9061405062675476,0.13556118309497833,,,
19,613,0.982752799987793,0.8843536972999573,0.17465586960315704,,,
19,614,0.9876346588134766,0.9017823934555054,0.17142996191978455,,,
19,615,0.9840669631958008,0.9178504347801208,0.11918700486421585,,,
19,616,0.9794607162475586,0.8741394877433777,0.174930602312088,,,
19,617,0.9883108139038086,0.9528088569641113,0.07215335220098495,,,
19,618,0.9793272018432617,0.8902380466461182,0.14804567396640778,,,
19,619,0.9841435551643372,0.9535784125328064,0.07015648484230042,,,
19,619,,,,0.9542244672775269,0.8394805192947388,0.23695114254951477
20,620,0.9884634017944336,0.9634281992912292,0.058118462562561035,,,
20,621,0.9882297515869141,0.9514562487602234,0.07229632139205933,,,
20,622,0.9857873916625977,0.934499204158783,0.09521646797657013,,,
20,623,0.9880924224853516,0.9559556245803833,0.06625796854496002,,,
20,624,0.986781120300293,0.94410640001297,0.08302420377731323,,,
20,625,0.9855279922485352,0.9365325570106506,0.09222935885190964,,,
20,626,0.9832916259765625,0.8788976073265076,0.1845395565032959,,,
20,627,0.9833593368530273,0.8978461623191833,0.15110689401626587,,,
20,628,0.9838151931762695,0.9109727144241333,0.1290416568517685,,,
20,629,0.987640380859375,0.9545430541038513,0.068178191781044,,,
20,630,0.9842147827148438,0.924827516078949,0.1063864678144455,,,
20,631,0.9823465347290039,0.9030796885490417,0.13478615880012512,,,
20,632,0.9892959594726562,0.9137988090515137,0.15724778175354004,,,
20,633,0.9822168350219727,0.9148791432380676,0.11717592924833298,,,
20,634,0.9742927551269531,0.7473285794258118,0.33674484491348267,,,
20,635,0.9842538833618164,0.946746289730072,0.0729646235704422,,,
20,636,0.9820117950439453,0.8634089231491089,0.19846850633621216,,,
20,637,0.9867582321166992,0.9413114786148071,0.08582603931427002,,,
20,638,0.9882392883300781,0.9222108125686646,0.1310090720653534,,,
20,639,0.9855527877807617,0.9002357721328735,0.15529164671897888,,,
20,640,0.9823083877563477,0.9152136445045471,0.11322703212499619,,,
20,641,0.9800958633422852,0.876581072807312,0.16938935220241547,,,
20,642,0.9858980178833008,0.9010969400405884,0.1526375710964203,,,
20,643,0.9880924224853516,0.9356951713562012,0.102059505879879,,,
20,644,0.9821414947509766,0.9359174966812134,0.08623111248016357,,,
20,645,0.9872493743896484,0.8722895979881287,0.22753538191318512,,,
20,646,0.980290412902832,0.875117838382721,0.17270515859127045,,,
20,647,0.9831209182739258,0.8966421484947205,0.15234677493572235,,,
20,648,0.9841089248657227,0.9082772135734558,0.13209302723407745,,,
20,649,0.9828071594238281,0.9207267761230469,0.1108379140496254,,,
20,650,0.9860115051269531,0.9309936165809631,0.10098457336425781,,,
20,650,,,,0.9527732133865356,0.8353204727172852,0.2391592413187027
21,651,0.9846467971801758,0.9005264639854431,0.1488824188709259,,,
21,652,0.9873647689819336,0.9055498242378235,0.15538592636585236,,,
21,653,0.9868764877319336,0.9336406588554382,0.10001546144485474,,,
21,654,0.9890108108520508,0.9603214859962463,0.06045253947377205,,,
21,655,0.9872398376464844,0.921510636806488,0.12362521886825562,,,
21,656,0.9893150329589844,0.9576289653778076,0.0645243376493454,,,
21,657,0.9841499328613281,0.89055997133255,0.16333125531673431,,,
21,658,0.9880180358886719,0.9497554302215576,0.07464251667261124,,,
21,659,0.9853610992431641,0.9475753307342529,0.07316488772630692,,,
21,660,0.9876699447631836,0.9474674463272095,0.07714063674211502,,,
21,661,0.9845952987670898,0.9085494875907898,0.13320618867874146,,,
21,662,0.9806842803955078,0.8543841242790222,0.20379678905010223,,,
21,663,0.988311767578125,0.942155659198761,0.089957095682621,,,
21,664,0.9835290908813477,0.9372484087944031,0.08542388677597046,,,
21,665,0.9862680435180664,0.9160462021827698,0.12719175219535828,,,
21,666,0.9826650619506836,0.9095684885978699,0.12386006116867065,,,
21,667,0.9861431121826172,0.9465482831001282,0.0740741565823555,,,
21,668,0.9845085144042969,0.8653291463851929,0.20736923813819885,,,
21,669,0.9820451736450195,0.9402686953544617,0.07930008322000504,,,
21,670,0.9826440811157227,0.8989337682723999,0.14140255749225616,,,
21,671,0.9837923049926758,0.9229506850242615,0.10606372356414795,,,
21,672,0.9881229400634766,0.9129346609115601,0.1490945965051651,,,
21,673,0.9868669509887695,0.9408840537071228,0.08568338304758072,,,
21,674,0.9735641479492188,0.8277983069419861,0.2183423787355423,,,
21,675,0.9852228164672852,0.905226469039917,0.14128144085407257,,,
21,676,0.9818716049194336,0.8359680771827698,0.23872213065624237,,,
21,677,0.9854536056518555,0.909433126449585,0.13378193974494934,,,
21,678,0.9873685836791992,0.9422420263290405,0.08251651376485825,,,
21,679,0.9876155853271484,0.9519519209861755,0.06804684549570084,,,
21,680,0.9849300384521484,0.9198604226112366,0.11283411085605621,,,
21,681,0.9823226928710938,0.8758683204650879,0.17706488072872162,,,
21,681,,,,0.9519543051719666,0.8329324722290039,0.24168801307678223
22,682,0.9841594696044922,0.9269212484359741,0.10017579048871994,,,
22,683,0.9884195327758789,0.9175980687141418,0.13459444046020508,,,
22,684,0.9832534790039062,0.9306846857070923,0.09213025122880936,,,
22,685,0.982731819152832,0.9328492283821106,0.08717991411685944,,,
22,686,0.9847068786621094,0.8885405659675598,0.16615872085094452,,,
22,687,0.9894628524780273,0.9633910059928894,0.055534761399030685,,,
22,688,0.9843196868896484,0.9424053430557251,0.07795979827642441,,,
22,689,0.984959602355957,0.9195041060447693,0.11537958681583405,,,
22,690,0.9834966659545898,0.9273887872695923,0.0974811241030693,,,
22,691,0.9837875366210938,0.886422872543335,0.16252446174621582,,,
22,692,0.9875307083129883,0.9399502277374268,0.08742309361696243,,,
22,693,0.9862022399902344,0.9539219737052917,0.06522055715322495,,,
22,694,0.9866447448730469,0.9188390374183655,0.12060543149709702,,,
22,695,0.9871530532836914,0.8804872632026672,0.19124089181423187,,,
22,696,0.983454704284668,0.8440006375312805,0.2344588041305542,,,
22,697,0.9791898727416992,0.9045876264572144,0.12198538333177567,,,
22,698,0.976776123046875,0.8047372102737427,0.2684355676174164,,,
22,699,0.9848546981811523,0.9106423258781433,0.1248190850019455,,,
22,700,0.9875268936157227,0.9165193438529968,0.12749876081943512,,,
22,701,0.9820003509521484,0.866309642791748,0.18632389605045319,,,
22,702,0.9867420196533203,0.9339926838874817,0.09474337846040726,,,
22,703,0.9890832901000977,0.9612579345703125,0.057047754526138306,,,
22,704,0.9820928573608398,0.8993589878082275,0.13238734006881714,,,
22,705,0.9879646301269531,0.9468980431556702,0.07469207048416138,,,
22,706,0.9816818237304688,0.9205913543701172,0.10168395936489105,,,
22,707,0.9839887619018555,0.9350177645683289,0.0859106257557869,,,
22,708,0.9828882217407227,0.8958243727684021,0.14068493247032166,,,
22,709,0.9860687255859375,0.9175699949264526,0.11941681057214737,,,
22,710,0.9833087921142578,0.910844624042511,0.12081824988126755,,,
22,711,0.9753322601318359,0.8952801823616028,0.12496288120746613,,,
22,712,0.9859835505485535,0.873234748840332,0.1970234364271164,,,
22,712,,,,0.947566568851471,0.8109413385391235,0.2652372121810913
23,713,0.987553596496582,0.8763207793235779,0.2031160295009613,,,
23,714,0.980931282043457,0.9366609454154968,0.07974375784397125,,,
23,715,0.9894218444824219,0.953019917011261,0.06837642937898636,,,
23,716,0.9878454208374023,0.9200674891471863,0.12217901647090912,,,
23,717,0.9808320999145508,0.9243331551551819,0.09457326680421829,,,
23,718,0.9772500991821289,0.7268844842910767,0.3617837131023407,,,
23,719,0.9865598678588867,0.9171341061592102,0.12000127136707306,,,
23,720,0.9832735061645508,0.9332033395767212,0.08715076744556427,,,
23,721,0.9837169647216797,0.9378279447555542,0.08140019327402115,,,
23,722,0.9833869934082031,0.8906575441360474,0.15208366513252258,,,
23,723,0.9840030670166016,0.9255180954933167,0.09776518493890762,,,
23,724,0.984980583190918,0.9166622757911682,0.11694404482841492,,,
23,725,0.9803018569946289,0.8130244612693787,0.25792112946510315,,,
23,726,0.9865455627441406,0.9499762654304504,0.06788895279169083,,,
23,727,0.9865942001342773,0.9474071860313416,0.0714663416147232,,,
23,728,0.986750602722168,0.9295833110809326,0.10163383930921555,,,
23,729,0.978118896484375,0.9063388109207153,0.11578486114740372,,,
23,730,0.9852180480957031,0.9289700984954834,0.09594007581472397,,,
23,731,0.9842739105224609,0.9540644288063049,0.06571647524833679,,,
23,732,0.9867639541625977,0.9491760730743408,0.06933826208114624,,,
23,733,0.9782905578613281,0.8242433667182922,0.22988557815551758,,,
23,734,0.9860830307006836,0.899840772151947,0.14824771881103516,,,
23,735,0.9869613647460938,0.9115012288093567,0.1336487978696823,,,
23,736,0.984619140625,0.8880481719970703,0.16181956231594086,,,
23,737,0.9840469360351562,0.9365798830986023,0.08156818896532059,,,
23,738,0.9791479110717773,0.7850936651229858,0.29869502782821655,,,
23,739,0.9885978698730469,0.9299014806747437,0.10658954083919525,,,
23,740,0.9884281158447266,0.9455862045288086,0.07700444757938385,,,
23,741,0.9855241775512695,0.9112354516983032,0.12501870095729828,,,
23,742,0.987208366394043,0.9433878660202026,0.07827088236808777,,,
23,743,0.9876568913459778,0.91400146484375,0.1316586583852768,,,
23,743,,,,0.9510379433631897,0.8319014310836792,0.23846592009067535
24,744,0.9886865615844727,0.9550535082817078,0.06351742148399353,,,
24,745,0.9845352172851562,0.904633641242981,0.13054098188877106,,,
24,746,0.9857387542724609,0.8903489112854004,0.1607511341571808,,,
24,747,0.9856300354003906,0.9073297381401062,0.13190031051635742,,,
24,748,0.9880523681640625,0.8729540705680847,0.20832155644893646,,,
24,749,0.9880514144897461,0.9544712901115417,0.06272411346435547,,,
24,750,0.9850311279296875,0.9427658915519714,0.07498874515295029,,,
24,751,0.9773521423339844,0.8754392862319946,0.1577622890472412,,,
24,752,0.9868383407592773,0.8989604115486145,0.14971968531608582,,,
24,753,0.9841670989990234,0.8935120701789856,0.1496242731809616,,,
24,754,0.9804201126098633,0.816556453704834,0.2525955140590668,,,
24,755,0.9873952865600586,0.9389548897743225,0.08498906344175339,,,
24,756,0.9845428466796875,0.9347890019416809,0.08508135378360748,,,
24,757,0.9849605560302734,0.8967046141624451,0.14488229155540466,,,
24,758,0.985595703125,0.9409247636795044,0.0774526372551918,,,
24,759,0.9865922927856445,0.8877811431884766,0.17014196515083313,,,
24,760,0.9829092025756836,0.9206153750419617,0.10410169512033463,,,
24,761,0.9853105545043945,0.9359667897224426,0.08474543690681458,,,
24,762,0.9885568618774414,0.9609470963478088,0.05534527823328972,,,
24,763,0.9882574081420898,0.9336101412773132,0.09863176941871643,,,
24,764,0.9871988296508789,0.9616392254829407,0.05552138015627861,,,
24,765,0.9865922927856445,0.8914178609848022,0.1608860343694687,,,
24,766,0.9847822189331055,0.8933975696563721,0.1513615995645523,,,
24,767,0.9845237731933594,0.8822735548019409,0.16578692197799683,,,
24,768,0.9854574203491211,0.9381246566772461,0.08110808581113815,,,
24,769,0.9870672225952148,0.9282710552215576,0.09919480979442596,,,
24,770,0.9842739105224609,0.8442752957344055,0.2262924760580063,,,
24,771,0.985377311706543,0.9335880279541016,0.08838247507810593,,,
24,772,0.9864206314086914,0.9345616102218628,0.08993587642908096,,,
24,773,0.9860610961914062,0.956494927406311,0.06004619225859642,,,
24,774,0.988861083984375,0.959800660610199,0.05710626021027565,,,
24,774,,,,0.9529139399528503,0.835488498210907,0.2353801429271698
25,775,0.9747695922851562,0.8145949840545654,0.23414510488510132,,,
25,776,0.9885692596435547,0.9493250250816345,0.07020329684019089,,,
25,777,0.989288330078125,0.9695287942886353,0.0484916977584362,,,
25,778,0.9847736358642578,0.8727717399597168,0.18275834619998932,,,
25,779,0.9884815216064453,0.9376969933509827,0.08900181204080582,,,
25,780,0.9834346771240234,0.9449185132980347,0.07050091028213501,,,
25,781,0.9883031845092773,0.9516318440437317,0.06653180718421936,,,
25,782,0.9909181594848633,0.9591275453567505,0.061380013823509216,,,
25,783,0.9866828918457031,0.9467995762825012,0.07094378769397736,,,
25,784,0.9864292144775391,0.9395648241043091,0.08078806847333908,,,
25,785,0.9858884811401367,0.9143602848052979,0.11984842270612717,,,
25,786,0.9869565963745117,0.9479014873504639,0.06850987672805786,,,
25,787,0.9863643646240234,0.9218782186508179,0.10777483135461807,,,
25,788,0.9858865737915039,0.908439576625824,0.12724676728248596,,,
25,789,0.9845094680786133,0.8735500574111938,0.17947232723236084,,,
25,790,0.9847030639648438,0.8551627397537231,0.20884229242801666,,,
25,791,0.9856443405151367,0.9465898871421814,0.06952506303787231,,,
25,792,0.9816131591796875,0.8476840257644653,0.20771677792072296,,,
25,793,0.981964111328125,0.8727073073387146,0.16820074617862701,,,
25,794,0.9825544357299805,0.8816867470741272,0.15610159933567047,,,
25,795,0.9876518249511719,0.9276676177978516,0.10245632380247116,,,
25,796,0.9912853240966797,0.9231635928153992,0.13371329009532928,,,
25,797,0.985382080078125,0.9292287230491638,0.09402672201395035,,,
25,798,0.9898958206176758,0.9380039572715759,0.09409293532371521,,,
25,799,0.9809598922729492,0.9401203989982605,0.07663823664188385,,,
25,800,0.9853553771972656,0.9103906154632568,0.1226208508014679,,,
25,801,0.9831857681274414,0.9046797752380371,0.12578651309013367,,,
25,802,0.9842491149902344,0.8866756558418274,0.15623612701892853,,,
25,803,0.988739013671875,0.9282436966896057,0.10570154339075089,,,
25,804,0.9863262176513672,0.9466035962104797,0.07050595432519913,,,
25,805,0.9878399968147278,0.9449189901351929,0.07549658417701721,,,
25,805,,,,0.9525367021560669,0.8304771780967712,0.2410610020160675
26,806,0.9861907958984375,0.9153993129730225,0.11825579404830933,,,
26,807,0.9895973205566406,0.9224408268928528,0.1198592260479927,,,
26,808,0.9879312515258789,0.9504741430282593,0.06601852923631668,,,
26,809,0.9819459915161133,0.882328450679779,0.15383248031139374,,,
26,810,0.9840250015258789,0.9323120713233948,0.08678034693002701,,,
26,811,0.9866342544555664,0.9204181432723999,0.1086815670132637,,,
26,812,0.9846735000610352,0.9122033715248108,0.11563187092542648,,,
26,813,0.9884357452392578,0.9365193843841553,0.09172570705413818,,,
26,814,0.9858312606811523,0.9352415800094604,0.08486239612102509,,,
26,815,0.9812841415405273,0.8294916749000549,0.23098509013652802,,,
26,816,0.9850988388061523,0.8855101466178894,0.15940220654010773,,,
26,817,0.9856185913085938,0.9231302738189697,0.10110727697610855,,,
26,818,0.9918680191040039,0.9689638614654541,0.04573890566825867,,,
26,819,0.9814929962158203,0.7921713590621948,0.28442898392677307,,,
26,820,0.9812183380126953,0.9154945015907288,0.10372090339660645,,,
26,821,0.9881830215454102,0.9277063012123108,0.10358326137065887,,,
26,822,0.987553596496582,0.9161015152931213,0.11896456032991409,,,
26,823,0.9865036010742188,0.9554124474525452,0.05953309312462807,,,
26,824,0.985417366027832,0.937039852142334,0.08219578117132187,,,
26,825,0.9878816604614258,0.9613144397735596,0.054006047546863556,,,
26,826,0.9898862838745117,0.9369245767593384,0.0949462354183197,,,
26,827,0.9875402450561523,0.9185524582862854,0.11762577295303345,,,
26,828,0.9897537231445312,0.942877471446991,0.08389362692832947,,,
26,829,0.9912252426147461,0.9634726047515869,0.05308482423424721,,,
26,830,0.9838266372680664,0.9318712949752808,0.08567176014184952,,,
26,831,0.99072265625,0.928727388381958,0.11644984036684036,,,
26,832,0.9868602752685547,0.9242713451385498,0.10221923887729645,,,
26,833,0.9895076751708984,0.9569836258888245,0.059432853013277054,,,
26,834,0.9840431213378906,0.8984221816062927,0.13476702570915222,,,
26,835,0.9848976135253906,0.949441134929657,0.06585609912872314,,,
26,836,0.982201874256134,0.9068605303764343,0.11953546851873398,,,
26,836,,,,0.9543418884277344,0.8390883803367615,0.23059701919555664
27,837,0.9814233779907227,0.9269401431083679,0.08977437764406204,,,
27,838,0.9873180389404297,0.9561811685562134,0.05763080343604088,,,
27,839,0.9873151779174805,0.9335647821426392,0.09133432805538177,,,
27,840,0.9919404983520508,0.9646700024604797,0.052127037197351456,,,
27,841,0.986210823059082,0.9397403597831726,0.07875480502843857,,,
27,842,0.9868946075439453,0.9199585318565369,0.11145789921283722,,,
27,843,0.9887704849243164,0.9237597584724426,0.11487095803022385,,,
27,844,0.9893379211425781,0.9308647513389587,0.10289635509252548,,,
27,845,0.9872398376464844,0.9067420363426208,0.13349375128746033,,,
27,846,0.9843788146972656,0.9207757711410522,0.10066011548042297,,,
27,847,0.9855632781982422,0.9054005146026611,0.12831947207450867,,,
27,848,0.9850387573242188,0.9354358315467834,0.08240995556116104,,,
27,849,0.9900712966918945,0.9438563585281372,0.08160844445228577,,,
27,850,0.9888200759887695,0.9507604837417603,0.06620760262012482,,,
27,851,0.9900836944580078,0.9564275741577148,0.060429900884628296,,,
27,852,0.9870128631591797,0.9045188426971436,0.13438662886619568,,,
27,853,0.9864511489868164,0.9136389493942261,0.11889801919460297,,,
27,854,0.986567497253418,0.9296531081199646,0.09432755410671234,,,
27,855,0.9863719940185547,0.9174250960350037,0.11151327192783356,,,
27,856,0.9843664169311523,0.9525521397590637,0.06174353137612343,,,
27,857,0.9871406555175781,0.9274788498878479,0.09842335432767868,,,
27,858,0.9896202087402344,0.9511290788650513,0.06778404116630554,,,
27,859,0.9885845184326172,0.9266988635063171,0.1050846129655838,,,
27,860,0.9899225234985352,0.9383319616317749,0.08988475054502487,,,
27,861,0.9820547103881836,0.8528231382369995,0.19447581470012665,,,
27,862,0.9865322113037109,0.9144235253334045,0.11581001430749893,,,
27,863,0.9867677688598633,0.92542564868927,0.10165677964687347,,,
27,864,0.9836959838867188,0.9111716151237488,0.11483915895223618,,,
27,865,0.9873552322387695,0.9017342329025269,0.14005328714847565,,,
27,866,0.9863166809082031,0.9547973275184631,0.05903099477291107,,,
27,867,0.9850819706916809,0.9274929761886597,0.09142521768808365,,,
27,867,,,,0.9541371464729309,0.839246928691864,0.22911466658115387
28,868,0.9901266098022461,0.9380378723144531,0.09193200618028641,,,
28,869,0.9819679260253906,0.7979288697242737,0.27713432908058167,,,
28,870,0.9862966537475586,0.9280250668525696,0.09578090161085129,,,
28,871,0.9861679077148438,0.9314737319946289,0.0873047485947609,,,
28,872,0.9880104064941406,0.8831630945205688,0.17397215962409973,,,
28,873,0.9851312637329102,0.9550580382347107,0.05957759916782379,,,
28,874,0.9856138229370117,0.9173822999000549,0.10999424755573273,,,
28,875,0.988469123840332,0.9656803011894226,0.050011180341243744,,,
28,876,0.9864931106567383,0.9582899212837219,0.055945031344890594,,,
28,877,0.9823112487792969,0.8808925747871399,0.14999350905418396,,,
28,878,0.98321533203125,0.9190369248390198,0.09911145269870758,,,
28,879,0.990509033203125,0.9613892436027527,0.05391645058989525,,,
28,880,0.9905691146850586,0.898607611656189,0.16794195771217346,,,
28,881,0.9860830307006836,0.8941991925239563,0.14529384672641754,,,
28,882,0.9836196899414062,0.9324497580528259,0.08184521645307541,,,
28,883,0.9834728240966797,0.9095638990402222,0.11317586898803711,,,
28,884,0.9877500534057617,0.9425508379936218,0.07520116865634918,,,
28,885,0.9879636764526367,0.8971996903419495,0.14778916537761688,,,
28,886,0.9846868515014648,0.882666289806366,0.15656307339668274,,,
28,887,0.9818477630615234,0.8919063210487366,0.13548167049884796,,,
28,888,0.9894094467163086,0.9611937403678894,0.05177619308233261,,,
28,889,0.9868030548095703,0.956726610660553,0.05659608170390129,,,
28,890,0.9880590438842773,0.8877231478691101,0.1676325798034668,,,
28,891,0.9860982894897461,0.8933026194572449,0.14515990018844604,,,
28,892,0.9862022399902344,0.9461680054664612,0.06827068328857422,,,
28,893,0.9906482696533203,0.8601540327072144,0.24195989966392517,,,
28,894,0.9866943359375,0.9328469038009644,0.087553009390831,,,
28,895,0.9900493621826172,0.9690083265304565,0.04367167130112648,,,
28,896,0.9849538803100586,0.8727466464042664,0.17342546582221985,,,
28,897,0.9793033599853516,0.919980525970459,0.09446638822555542,,,
28,898,0.9887186884880066,0.9359999895095825,0.08864831179380417,,,
28,898,,,,0.9531055092811584,0.8361501097679138,0.2302979826927185
29,899,0.9890613555908203,0.9147053360939026,0.12480735033750534,,,
29,900,0.9886331558227539,0.9328223466873169,0.09258276969194412,,,
29,901,0.9821281433105469,0.9405956268310547,0.07388410717248917,,,
29,902,0.9868946075439453,0.9635733962059021,0.051103152334690094,,,
29,903,0.986536979675293,0.8994759321212769,0.1395103484392166,,,
29,904,0.9856548309326172,0.87644362449646,0.17123277485370636,,,
29,905,0.9873905181884766,0.9008615016937256,0.13946744799613953,,,
29,906,0.986292839050293,0.957038938999176,0.056669797748327255,,,
29,907,0.9879798889160156,0.9626699686050415,0.050556544214487076,,,
29,908,0.9848546981811523,0.8399802446365356,0.21830442547798157,,,
29,909,0.987574577331543,0.8858426809310913,0.16347108781337738,,,
29,910,0.9888525009155273,0.9542167782783508,0.06071048602461815,,,
29,911,0.9868783950805664,0.9332398772239685,0.08756137639284134,,,
29,912,0.9865703582763672,0.9328337907791138,0.0866250991821289,,,
29,913,0.9831266403198242,0.8014231324195862,0.26496031880378723,,,
29,914,0.9873495101928711,0.9202206134796143,0.108259417116642,,,
29,915,0.9842739105224609,0.8696885704994202,0.17301936447620392,,,
29,916,0.9881019592285156,0.9504460692405701,0.06379872560501099,,,
29,917,0.9849796295166016,0.8681533932685852,0.17686164379119873,,,
29,918,0.9866237640380859,0.9420399069786072,0.07312172651290894,,,
29,919,0.9870157241821289,0.9141475558280945,0.11595024168491364,,,
29,920,0.9901657104492188,0.9649853110313416,0.048351459205150604,,,
29,921,0.9858245849609375,0.9356369376182556,0.07942625880241394,,,
29,922,0.9876747131347656,0.902747392654419,0.13536761701107025,,,
29,923,0.9820261001586914,0.8282498717308044,0.2253701537847519,,,
29,924,0.9869003295898438,0.9545661807060242,0.058012619614601135,,,
29,925,0.9864368438720703,0.9064206480979919,0.12405253946781158,,,
29,926,0.9897441864013672,0.9617443680763245,0.05085798725485802,,,
29,927,0.9905481338500977,0.9500138759613037,0.06933610886335373,,,
29,928,0.9890165328979492,0.9538350701332092,0.06060592457652092,,,
29,929,0.9896685481071472,0.9514153599739075,0.06554113328456879,,,
29,929,,,,0.95215904712677,0.8303056359291077,0.23687222599983215
30,930,0.986572265625,0.9095063209533691,0.12284207344055176,,,
30,931,0.9897871017456055,0.9402042627334595,0.08400844037532806,,,
30,932,0.9913368225097656,0.9591469764709473,0.05681999400258064,,,
30,933,0.985417366027832,0.9344768524169922,0.08109499514102936,,,
30,934,0.9838962554931641,0.929412841796875,0.08425402641296387,,,
30,935,0.9839591979980469,0.946719229221344,0.06706412881612778,,,
30,936,0.9868268966674805,0.9434354901313782,0.07126259058713913,,,
30,937,0.9870815277099609,0.9274299144744873,0.09578637033700943,,,
30,938,0.9882688522338867,0.962669849395752,0.04950326681137085,,,
30,939,0.9882869720458984,0.9082720875740051,0.12915058434009552,,,
30,940,0.9889669418334961,0.9472346901893616,0.0700325071811676,,,
30,941,0.9871759414672852,0.9397964477539062,0.07698691636323929,,,
30,942,0.9906959533691406,0.9471772313117981,0.07391279190778732,,,
30,943,0.9864902496337891,0.9171947240829468,0.10941079258918762,,,
30,944,0.983942985534668,0.9402534365653992,0.07273832708597183,,,
30,945,0.9868202209472656,0.9254210591316223,0.09586586058139801,,,
30,946,0.9888486862182617,0.913298487663269,0.12261246889829636,,,
30,947,0.986414909362793,0.8133100867271423,0.2663021683692932,,,
30,948,0.9867610931396484,0.913385808467865,0.1147148609161377,,,
30,949,0.9834833145141602,0.8698171973228455,0.16625167429447174,,,
30,950,0.9839334487915039,0.8616774082183838,0.1808328479528427,,,
30,951,0.9903221130371094,0.9560253024101257,0.05829514563083649,,,
30,952,0.9890241622924805,0.9485815167427063,0.06889522075653076,,,
30,953,0.9846296310424805,0.9065621495246887,0.1192350685596466,,,
30,954,0.98748779296875,0.9445505738258362,0.07113905996084213,,,
30,955,0.9847574234008789,0.9062432050704956,0.11993463337421417,,,
30,956,0.9901056289672852,0.9631121754646301,0.049458522349596024,,,
30,957,0.9897127151489258,0.9162421822547913,0.12088700383901596,,,
30,958,0.9865427017211914,0.9308724999427795,0.08675477653741837,,,
30,959,0.9895744323730469,0.9612509608268738,0.051518771797418594,,,
30,960,0.9884223937988281,0.9408685564994812,0.07736438512802124,,,
30,960,,,,0.9535751342773438,0.8368107676506042,0.22676163911819458
31,961,0.9902124404907227,0.9422183632850647,0.08165905624628067,,,
31,962,0.9908447265625,0.949268102645874,0.06991321593523026,,,
31,963,0.9857931137084961,0.94547438621521,0.06781010329723358,,,
31,964,0.9878444671630859,0.94675213098526,0.06807045638561249,,,
31,965,0.9870061874389648,0.9433434009552002,0.0717572420835495,,,
31,966,0.990142822265625,0.9183428287506104,0.11942757666110992,,,
31,967,0.9889841079711914,0.946185827255249,0.06993502378463745,,,
31,968,0.9863729476928711,0.920023500919342,0.10195838660001755,,,
31,969,0.9842948913574219,0.9012662768363953,0.12664735317230225,,,
31,970,0.9911565780639648,0.9443166851997375,0.080195352435112,,,
31,971,0.9863090515136719,0.9552385210990906,0.057647887617349625,,,
31,972,0.9841165542602539,0.8634108304977417,0.17741313576698303,,,
31,973,0.9883499145507812,0.9422864317893982,0.07393903285264969,,,
31,974,0.9852104187011719,0.9508889317512512,0.061621326953172684,,,
31,975,0.986964225769043,0.8654016852378845,0.18843021988868713,,,
31,976,0.988037109375,0.9499123692512512,0.06392628699541092,,,
31,977,0.9879236221313477,0.942054271697998,0.07457875460386276,,,
31,978,0.9897174835205078,0.9443960189819336,0.07525055855512619,,,
31,979,0.9848594665527344,0.9287122488021851,0.08820055425167084,,,
31,980,0.9869651794433594,0.9181522727012634,0.10798054933547974,,,
31,981,0.9888181686401367,0.8836886286735535,0.17124521732330322,,,
31,982,0.9926843643188477,0.9444682002067566,0.08923052996397018,,,
31,983,0.9880466461181641,0.9490392804145813,0.06443466246128082,,,
31,984,0.9879770278930664,0.9464359283447266,0.06733117252588272,,,
31,985,0.9856405258178711,0.9365943670272827,0.07701371610164642,,,
31,986,0.9887523651123047,0.9270434975624084,0.09721121937036514,,,
31,987,0.9866056442260742,0.8611907362937927,0.18838119506835938,,,
31,988,0.9877710342407227,0.9387938380241394,0.07911467552185059,,,
31,989,0.9890308380126953,0.9602602124214172,0.05215742439031601,,,
31,990,0.9814701080322266,0.9266072511672974,0.08572344481945038,,,
31,991,0.984734833240509,0.9175899624824524,0.1010083332657814,,,
31,991,,,,0.9508052468299866,0.8310277462005615,0.2312498837709427
32,992,0.9861841201782227,0.8789916634559631,0.1605023443698883,,,
32,993,0.988764762878418,0.9426019787788391,0.07474243640899658,,,
32,994,0.9882898330688477,0.9228987097740173,0.10271816700696945,,,
32,995,0.9850692749023438,0.8982372283935547,0.1330556422472,,,
32,996,0.9883737564086914,0.9370861649513245,0.08081810921430588,,,
32,997,0.9914188385009766,0.9732236862182617,0.03846123069524765,,,
32,998,0.987945556640625,0.9339816570281982,0.08697672188282013,,,
32,999,0.9903736114501953,0.9680593013763428,0.04368589073419571,,,
32,1000,0.9811687469482422,0.8163538575172424,0.22656969726085663,,,
32,1001,0.9838180541992188,0.9037385582923889,0.11778318881988525,,,
32,1002,0.9830398559570312,0.8379265069961548,0.20494452118873596,,,
32,1003,0.9913663864135742,0.9470095038414001,0.0764431357383728,,,
32,1004,0.9867973327636719,0.9272122979164124,0.09095675498247147,,,
32,1005,0.9870576858520508,0.946891188621521,0.06469398736953735,,,
32,1006,0.9834184646606445,0.8169712424278259,0.23760393261909485,,,
32,1007,0.9883699417114258,0.9046259522438049,0.1328427493572235,,,
32,1008,0.986846923828125,0.920787513256073,0.10263694077730179,,,
32,1009,0.9886569976806641,0.9453476071357727,0.06885802745819092,,,
32,1010,0.9897098541259766,0.9606263041496277,0.05068406090140343,,,
32,1011,0.9900674819946289,0.9483124017715454,0.0683441162109375,,,
32,1012,0.9897785186767578,0.9571134448051453,0.05540279671549797,,,
32,1013,0.9887495040893555,0.9295453429222107,0.09225232154130936,,,
32,1014,0.9859685897827148,0.9490929841995239,0.06272216141223907,,,
32,1015,0.9863901138305664,0.9243499636650085,0.09359908103942871,,,
32,1016,0.9915637969970703,0.9700869917869568,0.03974474221467972,,,
32,1017,0.9856014251708984,0.9265375733375549,0.09187661111354828,,,
32,1018,0.9845390319824219,0.9003344178199768,0.12625832855701447,,,
32,1019,0.9869909286499023,0.9588661789894104,0.05225510895252228,,,
32,1020,0.9862337112426758,0.9309921264648438,0.08426611870527267,,,
32,1021,0.9876632690429688,0.9142498970031738,0.11296774446964264,,,
32,1022,0.9877179265022278,0.9498273134231567,0.06277293711900711,,,
32,1022,,,,0.9544639587402344,0.8397402763366699,0.224737748503685
33,1023,0.985753059387207,0.9511974453926086,0.06127962842583656,,,
33,1024,0.9872751235961914,0.9387339949607849,0.07697214186191559,,,
33,1025,0.9896917343139648,0.9449355006217957,0.07193365693092346,,,
33,1026,0.9841127395629883,0.9592815637588501,0.05588448792695999,,,
33,1027,0.9841880798339844,0.8985200524330139,0.12593936920166016,,,
33,1028,0.9872007369995117,0.9387177228927612,0.07638439536094666,,,
33,1029,0.9841117858886719,0.9214010238647461,0.09438761323690414,,,
33,1030,0.9900522232055664,0.9150922894477844,0.12068838626146317,,,
33,1031,0.9876785278320312,0.9443824887275696,0.0701635330915451,,,
33,1032,0.9841899871826172,0.9061416983604431,0.11627112329006195,,,
33,1033,0.9883909225463867,0.9413928389549255,0.07523997128009796,,,
33,1034,0.9907865524291992,0.9516667127609253,0.06423850357532501,,,
33,1035,0.9825916290283203,0.8799521327018738,0.14988984167575836,,,
33,1036,0.9873752593994141,0.9163898229598999,0.10904472321271896,,,
33,1037,0.9874210357666016,0.9360339045524597,0.08129742741584778,,,
33,1038,0.9898214340209961,0.944137692451477,0.07295969873666763,,,
33,1039,0.989375114440918,0.9490315318107605,0.06617645919322968,,,
33,1040,0.9876308441162109,0.9199184775352478,0.10420772433280945,,,
33,1041,0.9869508743286133,0.8652704358100891,0.18162035942077637,,,
33,1042,0.9916267395019531,0.9696235060691833,0.04044177383184433,,,
33,1043,0.9830970764160156,0.896113932132721,0.12652699649333954,,,
33,1044,0.9897270202636719,0.9482923150062561,0.06689612567424774,,,
33,1045,0.9893159866333008,0.9389259219169617,0.07995151728391647,,,
33,1046,0.9904489517211914,0.9665312170982361,0.04320405051112175,,,
33,1047,0.9886760711669922,0.9534099102020264,0.05691014230251312,,,
33,1048,0.9869279861450195,0.8742984533309937,0.16737167537212372,,,
33,1049,0.9888639450073242,0.9011872410774231,0.13480283319950104,,,
33,1050,0.9865961074829102,0.9327380061149597,0.08370871096849442,,,
33,1051,0.9864034652709961,0.9426397681236267,0.06966519355773926,,,
33,1052,0.9826755523681641,0.8968151807785034,0.12305233627557755,,,
33,1053,0.9890391230583191,0.9039875268936157,0.13292190432548523,,,
33,1053,,,,0.954904317855835,0.8399346470832825,0.22646138072013855
34,1054,0.9902591705322266,0.9482754468917847,0.06767469644546509,,,
34,1055,0.9899187088012695,0.9244410395622253,0.10558072477579117,,,
34,1056,0.9874906539916992,0.9542513489723206,0.055250123143196106,,,
34,1057,0.9886589050292969,0.9622282981872559,0.04778473824262619,,,
34,1058,0.9813747406005859,0.9038475751876831,0.11276506632566452,,,
34,1059,0.9892482757568359,0.9684624671936035,0.042140811681747437,,,
34,1060,0.98699951171875,0.9498987197875977,0.06014290824532509,,,
34,1061,0.9877462387084961,0.9499986171722412,0.06278017908334732,,,
34,1062,0.9894886016845703,0.9567335247993469,0.054691024124622345,,,
34,1063,0.9872827529907227,0.9488915801048279,0.06320925056934357,,,
34,1064,0.9880762100219727,0.9110037088394165,0.11693094670772552,,,
34,1065,0.9866237640380859,0.8623539209365845,0.1836269497871399,,,
34,1066,0.9884586334228516,0.9055357575416565,0.1263773888349533,,,
34,1067,0.98126220703125,0.8854364156723022,0.13573159277439117,,,
34,1068,0.9915313720703125,0.9437647461891174,0.08079491555690765,,,
34,1069,0.9895362854003906,0.9368408918380737,0.08310002088546753,,,
34,1070,0.9914684295654297,0.9461463689804077,0.0734911859035492,,,
34,1071,0.9875593185424805,0.952116847038269,0.0588923878967762,,,
34,1072,0.9855566024780273,0.8065846562385559,0.26090776920318604,,,
34,1073,0.9874448776245117,0.9491604566574097,0.06328628957271576,,,
34,1074,0.99163818359375,0.9285877346992493,0.10579372942447662,,,
34,1075,0.9862394332885742,0.9446347951889038,0.06779235601425171,,,
34,1076,0.9887418746948242,0.9421555995941162,0.07357867062091827,,,
34,1077,0.9879074096679688,0.8593938946723938,0.19488802552223206,,,
34,1078,0.9887886047363281,0.9513998031616211,0.06055285781621933,,,
34,1079,0.9871311187744141,0.9364847540855408,0.08081181347370148,,,
34,1080,0.988194465637207,0.8884121179580688,0.15323641896247864,,,
34,1081,0.9858379364013672,0.909714937210083,0.11420988291501999,,,
34,1082,0.9875078201293945,0.9458407759666443,0.06611078977584839,,,
34,1083,0.9894866943359375,0.9589235782623291,0.05139973387122154,,,
34,1084,0.9885851740837097,0.9059556722640991,0.12721776962280273,,,
34,1084,,,,0.9548831582069397,0.8385999202728271,0.23061877489089966
35,1085,0.9846773147583008,0.9080367088317871,0.11290600150823593,,,
35,1086,0.9914989471435547,0.9640859961509705,0.04650189355015755,,,
35,1087,0.9882621765136719,0.9327824711799622,0.08562640845775604,,,
35,1088,0.9868545532226562,0.9286276698112488,0.09074559807777405,,,
35,1089,0.9907102584838867,0.9503268599510193,0.06535739451646805,,,
35,1090,0.9899311065673828,0.9556204080581665,0.05659002810716629,,,
35,1091,0.9863672256469727,0.9450029134750366,0.06561022996902466,,,
35,1092,0.9916677474975586,0.9625000357627869,0.048678357154130936,,,
35,1093,0.9870500564575195,0.9081283211708069,0.11575265228748322,,,
35,1094,0.9829654693603516,0.9010700583457947,0.11859045922756195,,,
35,1095,0.9866018295288086,0.9600565433502197,0.049909450113773346,,,
35,1096,0.9907979965209961,0.9358521103858948,0.08826979249715805,,,
35,1097,0.991734504699707,0.9541091322898865,0.061816055327653885,,,
35,1098,0.9895839691162109,0.9441667199134827,0.0722782239317894,,,
35,1099,0.9867591857910156,0.9357073307037354,0.07741525769233704,,,
35,1100,0.985565185546875,0.9387878179550171,0.07243301719427109,,,
35,1101,0.9858026504516602,0.941849946975708,0.06915849447250366,,,
35,1102,0.9892539978027344,0.916290283203125,0.1123296469449997,,,
35,1103,0.9852151870727539,0.9175468683242798,0.10104074329137802,,,
35,1104,0.9855022430419922,0.8862296342849731,0.14592184126377106,,,
35,1105,0.9877033233642578,0.9451664686203003,0.06750816851854324,,,
35,1106,0.988372802734375,0.9404762983322144,0.07486116886138916,,,
35,1107,0.9911947250366211,0.9559540748596191,0.05789492651820183,,,
35,1108,0.9919919967651367,0.9521974325180054,0.06614044308662415,,,
35,1109,0.9878606796264648,0.9127247929573059,0.11571838706731796,,,
35,1110,0.9888162612915039,0.9454218149185181,0.06763133406639099,,,
35,1111,0.9879331588745117,0.9340071678161621,0.08340109139680862,,,
35,1112,0.9899101257324219,0.9304317831993103,0.09211262315511703,,,
35,1113,0.9874143600463867,0.9342700242996216,0.08130057156085968,,,
35,1114,0.9837150573730469,0.9071204662322998,0.1094934344291687,,,
35,1115,0.9883244633674622,0.9356308579444885,0.0807436928153038,,,
35,1115,,,,0.95481276512146,0.8397738337516785,0.22377215325832367
36,1116,0.9870853424072266,0.935139000415802,0.07914014160633087,,,
36,1117,0.9901285171508789,0.9496411681175232,0.0651303231716156,,,
36,1118,0.9855871200561523,0.8383169174194336,0.21082429587841034,,,
36,1119,0.9867792129516602,0.938060998916626,0.07517877221107483,,,
36,1120,0.9823522567749023,0.9143001437187195,0.10138767957687378,,,
36,1121,0.988591194152832,0.9273887276649475,0.09368127584457397,,,
36,1122,0.9875926971435547,0.9462127685546875,0.0652134120464325,,,
36,1123,0.9876604080200195,0.9408754110336304,0.07291754335165024,,,
36,1124,0.986506462097168,0.9403549432754517,0.07037921994924545,,,
36,1125,0.9911155700683594,0.9412065148353577,0.08028875291347504,,,
36,1126,0.988276481628418,0.8646711707115173,0.18332932889461517,,,
36,1127,0.9893579483032227,0.9443915486335754,0.07079049944877625,,,
36,1128,0.9886894226074219,0.9132927060127258,0.11416376382112503,,,
36,1129,0.9904289245605469,0.9528717994689941,0.05951182171702385,,,
36,1130,0.9867420196533203,0.9448891282081604,0.06650732457637787,,,
36,1131,0.9903898239135742,0.9505481719970703,0.06255929172039032,,,
36,1132,0.9865512847900391,0.8548624515533447,0.19344381988048553,,,
36,1133,0.985753059387207,0.9324369430541992,0.0809192880988121,,,
36,1134,0.9904060363769531,0.9449512362480164,0.07144107669591904,,,
36,1135,0.9884271621704102,0.9291825294494629,0.08858716487884521,,,
36,1136,0.9872198104858398,0.9153459072113037,0.10680300742387772,,,
36,1137,0.9880447387695312,0.9229388236999512,0.09714386612176895,,,
36,1138,0.9880332946777344,0.9549380540847778,0.05534586310386658,,,
36,1139,0.9890518188476562,0.9451586008071899,0.0687234178185463,,,
36,1140,0.9874191284179688,0.9554191827774048,0.05375633016228676,,,
36,1141,0.9886770248413086,0.9554346799850464,0.05512688681483269,,,
36,1142,0.9881496429443359,0.8529937267303467,0.19943387806415558,,,
36,1143,0.9893302917480469,0.9659239053726196,0.043858613818883896,,,
36,1144,0.9886569976806641,0.9418977499008179,0.07162374258041382,,,
36,1145,0.9876995086669922,0.93709796667099,0.07675082236528397,,,
36,1146,0.9889475703239441,0.9702465534210205,0.04172789305448532,,,
36,1146,,,,0.953240692615509,0.8353334665298462,0.22581857442855835
37,1147,0.9885549545288086,0.9530225396156311,0.05759141594171524,,,
37,1148,0.9902820587158203,0.9674156904220581,0.04185989871621132,,,
37,1149,0.9876422882080078,0.9406750202178955,0.07081811875104904,,,
37,1150,0.9913969039916992,0.9558237791061401,0.05669793114066124,,,
37,1151,0.9878110885620117,0.8929528594017029,0.13957086205482483,,,
37,1152,0.9909257888793945,0.9525741338729858,0.06157129257917404,,,
37,1153,0.9934816360473633,0.9561594724655151,0.06459835916757584,,,
37,1154,0.9887819290161133,0.9453689455986023,0.06726378947496414,,,
37,1155,0.9867019653320312,0.9343475103378296,0.0790122002363205,,,
37,1156,0.9872150421142578,0.9417902231216431,0.07016436010599136,,,
37,1157,0.9890241622924805,0.9484742283821106,0.06445453315973282,,,
37,1158,0.9883670806884766,0.9349595904350281,0.08158570528030396,,,
37,1159,0.9845352172851562,0.9030526280403137,0.11546661704778671,,,
37,1160,0.9899425506591797,0.9495722651481628,0.06359875202178955,,,
37,1161,0.9817142486572266,0.9182648658752441,0.0939137265086174,,,
37,1162,0.9900922775268555,0.9627651572227478,0.046774934977293015,,,
37,1163,0.9899091720581055,0.9359906315803528,0.08384121209383011,,,
37,1164,0.9866933822631836,0.9318591356277466,0.0825284942984581,,,
37,1165,0.9884014129638672,0.8972283005714417,0.13395963609218597,,,
37,1166,0.9888811111450195,0.9487707614898682,0.06436223536729813,,,
37,1167,0.9905166625976562,0.9649585485458374,0.04395494982600212,,,
37,1168,0.9909172058105469,0.9504177570343018,0.0633852481842041,,,
37,1169,0.9846487045288086,0.9109053611755371,0.10460314154624939,,,
37,1170,0.9850015640258789,0.9285934567451477,0.0838288813829422,,,
37,1171,0.9866580963134766,0.9301502108573914,0.08607513457536697,,,
37,1172,0.9891262054443359,0.9514901638031006,0.06053502485156059,,,
37,1173,0.986048698425293,0.9143205285072327,0.1030319482088089,,,
37,1174,0.9898099899291992,0.9056711792945862,0.12760700285434723,,,
37,1175,0.9849176406860352,0.8445990681648254,0.19274869561195374,,,
37,1176,0.9867219924926758,0.9122153520584106,0.10785584896802902,,,
37,1177,0.9885025024414062,0.9562956094741821,0.05235551670193672,,,
37,1177,,,,0.9531347751617432,0.8306797742843628,0.23867474496364594
38,1178,0.9880332946777344,0.9474666714668274,0.06249748542904854,,,
38,1179,0.983795166015625,0.909619927406311,0.10460393130779266,,,
38,1180,0.9879493713378906,0.9285895824432373,0.08785512298345566,,,
38,1181,0.9924726486206055,0.899659276008606,0.16024567186832428,,,
38,1182,0.9884738922119141,0.919771134853363,0.10178090631961823,,,
38,1183,0.9908962249755859,0.892338752746582,0.15497179329395294,,,
38,1184,0.9842796325683594,0.9185283184051514,0.09552093595266342,,,
38,1185,0.99176025390625,0.9766924977302551,0.03395979478955269,,,
38,1186,0.9826688766479492,0.8899219632148743,0.13270078599452972,,,
38,1187,0.9907035827636719,0.9635255932807922,0.045895855873823166,,,
38,1188,0.9866762161254883,0.8812565207481384,0.14872708916664124,,,
38,1189,0.9850673675537109,0.8753095865249634,0.15398550033569336,,,
38,1190,0.9898576736450195,0.9539881348609924,0.05815165862441063,,,
38,1191,0.9846487045288086,0.9197377562522888,0.09430371224880219,,,
38,1192,0.9878730773925781,0.9219096302986145,0.09702175855636597,,,
38,1193,0.9871149063110352,0.9485687017440796,0.05969001352787018,,,
38,1194,0.9870815277099609,0.9293614625930786,0.08424458652734756,,,
38,1195,0.9882974624633789,0.961287796497345,0.04860887676477432,,,
38,1196,0.9921798706054688,0.9385132193565369,0.08596489578485489,,,
38,1197,0.9879693984985352,0.9260542392730713,0.09219828248023987,,,
38,1198,0.9886674880981445,0.8822591304779053,0.155647873878479,,,
38,1199,0.9895162582397461,0.9386753439903259,0.07633747905492783,,,
38,1200,0.9872074127197266,0.9508626461029053,0.05739392340183258,,,
38,1201,0.9835376739501953,0.925425112247467,0.08449765294790268,,,
38,1202,0.9865083694458008,0.9320322871208191,0.08096904307603836,,,
38,1203,0.9909229278564453,0.9662315845489502,0.04193342104554176,,,
38,1204,0.9852724075317383,0.9314932227134705,0.08144211024045944,,,
38,1205,0.9881496429443359,0.9613592028617859,0.046979960054159164,,,
38,1206,0.9872579574584961,0.9312174916267395,0.08237694948911667,,,
38,1207,0.9859218597412109,0.9080260396003723,0.10961205512285233,,,
38,1208,0.9912211298942566,0.9623117446899414,0.04937753081321716,,,
38,1208,,,,0.9544661045074463,0.8390912413597107,0.2215132713317871
39,1209,0.9853763580322266,0.9258392453193665,0.08796627819538116,,,
39,1210,0.988739013671875,0.9390130043029785,0.07636740803718567,,,
39,1211,0.9841699600219727,0.8964781761169434,0.1253632754087448,,,
39,1212,0.9877653121948242,0.9473022818565369,0.06388544291257858,,,
39,1213,0.9893255233764648,0.9602255821228027,0.047745708376169205,,,
39,1214,0.9911003112792969,0.9432322382926941,0.07408217340707779,,,
39,1215,0.9889545440673828,0.9262527823448181,0.0936887338757515,,,
39,1216,0.9890966415405273,0.9348606467247009,0.08257829397916794,,,
39,1217,0.9896707534790039,0.9278183579444885,0.09553059190511703,,,
39,1218,0.987391471862793,0.9616197347640991,0.04755142331123352,,,
39,1219,0.9880218505859375,0.9300936460494995,0.08523815870285034,,,
39,1220,0.985875129699707,0.8962277173995972,0.12602052092552185,,,
39,1221,0.9930238723754883,0.9720748066902161,0.03665868937969208,,,
39,1222,0.9915866851806641,0.9575806260108948,0.05464768409729004,,,
39,1223,0.9916744232177734,0.9531272649765015,0.060287054628133774,,,
39,1224,0.9911670684814453,0.9688007235527039,0.039402712136507034,,,
39,1225,0.9869575500488281,0.9067477583885193,0.11512695252895355,,,
39,1226,0.987675666809082,0.8941969275474548,0.13522648811340332,,,
39,1227,0.98638916015625,0.8423836827278137,0.20082558691501617,,,
39,1228,0.9876642227172852,0.9280689358711243,0.08885755389928818,,,
39,1229,0.9889049530029297,0.9219142198562622,0.09735443443059921,,,
39,1230,0.9885492324829102,0.9552929997444153,0.053571928292512894,,,
39,1231,0.9835548400878906,0.9260948300361633,0.08551549911499023,,,
39,1232,0.9861164093017578,0.8982662558555603,0.12335655093193054,,,
39,1233,0.9891853332519531,0.944523811340332,0.06914631277322769,,,
39,1234,0.9915275573730469,0.9618882536888123,0.04735924303531647,,,
39,1235,0.9903287887573242,0.9424760937690735,0.07315124571323395,,,
39,1236,0.9880876541137695,0.9524277448654175,0.05671851709485054,,,
39,1237,0.9848337173461914,0.9188966155052185,0.09350814670324326,,,
39,1238,0.9897565841674805,0.95831698179245,0.04960303381085396,,,
39,1239,0.9887542724609375,0.9484987258911133,0.06253818422555923,,,
39,1239,,,,0.9543898105621338,0.8393039703369141,0.223139226436615
40,1240,0.9886894226074219,0.9047351479530334,0.12220741808414459,,,
40,1241,0.9878644943237305,0.9514155387878418,0.0574604868888855,,,
40,1242,0.9882841110229492,0.9029865860939026,0.12480444461107254,,,
40,1243,0.9910211563110352,0.9601496458053589,0.05011025443673134,,,
40,1244,0.9917879104614258,0.9535670280456543,0.06049098074436188,,,
40,1245,0.9879388809204102,0.958221971988678,0.050384312868118286,,,
40,1246,0.9898672103881836,0.9168310761451721,0.10823725908994675,,,
40,1247,0.9889993667602539,0.9611219763755798,0.04719986766576767,,,
40,1248,0.9898681640625,0.9138606190681458,0.11405349522829056,,,
40,1249,0.9871749877929688,0.9440158605575562,0.06695160269737244,,,
40,1250,0.9870433807373047,0.8777126669883728,0.15398259460926056,,,
40,1251,0.9902534484863281,0.9548389315605164,0.05606301873922348,,,
40,1252,0.9925975799560547,0.9613382816314697,0.05112210288643837,,,
40,1253,0.9905271530151367,0.9640542268753052,0.04403522610664368,,,
40,1254,0.988673210144043,0.9491679668426514,0.062044695019721985,,,
40,1255,0.9880132675170898,0.9557267427444458,0.05380243808031082,,,
40,1256,0.9876842498779297,0.908694326877594,0.11360351741313934,,,
40,1257,0.9866714477539062,0.920799732208252,0.09545891731977463,,,
40,1258,0.9823532104492188,0.9482608437538147,0.06002014875411987,,,
40,1259,0.9885540008544922,0.9323586821556091,0.08211170881986618,,,
40,1260,0.9904232025146484,0.9709495902061462,0.03734753653407097,,,
40,1261,0.9896678924560547,0.9401006102561951,0.07487895339727402,,,
40,1262,0.9890260696411133,0.909998893737793,0.11526288837194443,,,
40,1263,0.9885654449462891,0.9365463852882385,0.07706088572740555,,,
40,1264,0.9870433807373047,0.9025002717971802,0.12127196788787842,,,
40,1265,0.9873113632202148,0.8801459074020386,0.15248997509479523,,,
40,1266,0.9892845153808594,0.9494881629943848,0.06131886690855026,,,
40,1267,0.9877090454101562,0.9143193364143372,0.10398773849010468,,,
40,1268,0.9904947280883789,0.9594402313232422,0.04975004866719246,,,
40,1269,0.9902076721191406,0.9398374557495117,0.07490090280771255,,,
40,1270,0.9862391352653503,0.8729603290557861,0.15953654050827026,,,
40,1270,,,,0.9542748928070068,0.8384703993797302,0.22351132333278656
41,1271,0.9881439208984375,0.8912830352783203,0.13882914185523987,,,
41,1272,0.9884862899780273,0.8613955974578857,0.1822836846113205,,,
41,1273,0.9896659851074219,0.9562052488327026,0.05321839451789856,,,
41,1274,0.9883995056152344,0.8671312928199768,0.17305754125118256,,,
41,1275,0.9850330352783203,0.9017811417579651,0.11675893515348434,,,
41,1276,0.9891424179077148,0.9611806869506836,0.04852296784520149,,,
41,1277,0.9900779724121094,0.9325921535491943,0.08696947991847992,,,
41,1278,0.9850673675537109,0.9297813177108765,0.08033023029565811,,,
41,1279,0.9846649169921875,0.8983648419380188,0.11689328402280807,,,
41,1280,0.9839582443237305,0.8834214806556702,0.13774456083774567,,,
41,1281,0.9906587600708008,0.9423311352729797,0.07386232912540436,,,
41,1282,0.9880437850952148,0.9469183087348938,0.06255470961332321,,,
41,1283,0.9878683090209961,0.9437201023101807,0.06699168682098389,,,
41,1284,0.9855575561523438,0.9371098875999451,0.07218294590711594,,,
41,1285,0.990544319152832,0.968721330165863,0.03911510482430458,,,
41,1286,0.9892854690551758,0.9700019955635071,0.03948809579014778,,,
41,1287,0.9879131317138672,0.950629711151123,0.05842201039195061,,,
41,1288,0.9906072616577148,0.9715799689292908,0.03697315230965614,,,
41,1289,0.9903678894042969,0.9604135751724243,0.04745711758732796,,,
41,1290,0.9859323501586914,0.9501549601554871,0.05811614170670509,,,
41,1291,0.9889707565307617,0.9224132895469666,0.0965021625161171,,,
41,1292,0.9886207580566406,0.9549363255500793,0.05408918857574463,,,
41,1293,0.9924917221069336,0.9595875144004822,0.053005192428827286,,,
41,1294,0.9882020950317383,0.8527419567108154,0.192923441529274,,,
41,1295,0.9869260787963867,0.9081141352653503,0.10974670201539993,,,
41,1296,0.9874305725097656,0.881030797958374,0.1489391028881073,,,
41,1297,0.9898796081542969,0.9503081440925598,0.060162242501974106,,,
41,1298,0.9900064468383789,0.9238610863685608,0.09741602838039398,,,
41,1299,0.9879026412963867,0.8606687188148499,0.1766446828842163,,,
41,1300,0.98919677734375,0.9684571027755737,0.040523648262023926,,,
41,1301,0.9896812438964844,0.8657301664352417,0.17970752716064453,,,
41,1301,,,,0.9549102783203125,0.8404580950737,0.22281980514526367
42,1302,0.9910030364990234,0.9651173949241638,0.0420372411608696,,,
42,1303,0.9910821914672852,0.9483053088188171,0.06543441116809845,,,
42,1304,0.9896583557128906,0.928708553314209,0.08951824903488159,,,
42,1305,0.9899673461914062,0.9530214667320251,0.056199293583631516,,,
42,1306,0.9880552291870117,0.9461348056793213,0.06486725062131882,,,
42,1307,0.9882230758666992,0.9478885531425476,0.06164717301726341,,,
42,1308,0.9860248565673828,0.9272480010986328,0.08546656370162964,,,
42,1309,0.9893770217895508,0.9139593243598938,0.10881131142377853,,,
42,1310,0.992121696472168,0.9643781185150146,0.04430418461561203,,,
42,1311,0.9898624420166016,0.9309444427490234,0.08704494684934616,,,
42,1312,0.9849624633789062,0.9021022319793701,0.11589369177818298,,,
42,1313,0.9887104034423828,0.9297294020652771,0.08628711849451065,,,
42,1314,0.9889755249023438,0.949934184551239,0.05954783782362938,,,
42,1315,0.9909582138061523,0.967086136341095,0.03995262458920479,,,
42,1316,0.9878664016723633,0.9131322503089905,0.10552965104579926,,,
42,1317,0.9868268966674805,0.9390248656272888,0.06953468173742294,,,
42,1318,0.98370361328125,0.9553233981132507,0.054028235375881195,,,
42,1319,0.9885015487670898,0.9514867663383484,0.05765659734606743,,,
42,1320,0.9809417724609375,0.9267677068710327,0.08251414448022842,,,
42,1321,0.989436149597168,0.9545066356658936,0.05340380221605301,,,
42,1322,0.9906501770019531,0.8995913863182068,0.13544656336307526,,,
42,1323,0.9906911849975586,0.9450199007987976,0.06903575360774994,,,
42,1324,0.9907541275024414,0.869246244430542,0.1837538629770279,,,
42,1325,0.9896068572998047,0.9508654475212097,0.05837447568774223,,,
42,1326,0.9880905151367188,0.8837611675262451,0.14689165353775024,,,
42,1327,0.9898509979248047,0.9539639949798584,0.05570170283317566,,,
42,1328,0.9865818023681641,0.9598723649978638,0.04888976365327835,,,
42,1329,0.9864187240600586,0.9362496733665466,0.07485514879226685,,,
42,1330,0.9886007308959961,0.903659999370575,0.12152012437582016,,,
42,1331,0.9905776977539062,0.9132137894630432,0.11324100941419601,,,
42,1332,0.9884592890739441,0.884734570980072,0.14854039251804352,,,
42,1332,,,,0.9547089338302612,0.8390284776687622,0.22358523309230804
43,1333,0.9868907928466797,0.9433950781822205,0.06545350700616837,,,
43,1334,0.9894142150878906,0.9540201425552368,0.05411233752965927,,,
43,1335,0.9889259338378906,0.9571291208267212,0.05144396424293518,,,
43,1336,0.9902620315551758,0.868882954120636,0.1761142462491989,,,
43,1337,0.9924430847167969,0.9573127031326294,0.05475148186087608,,,
43,1338,0.9860353469848633,0.9499998092651367,0.0578007847070694,,,
43,1339,0.9883508682250977,0.9566999077796936,0.05187488719820976,,,
43,1340,0.9866476058959961,0.8714383840560913,0.15996669232845306,,,
43,1341,0.9885177612304688,0.9441503882408142,0.06698787957429886,,,
43,1342,0.9909267425537109,0.9600347876548767,0.048186857253313065,,,
43,1343,0.989130973815918,0.8522518277168274,0.19187365472316742,,,
43,1344,0.9868297576904297,0.9294605851173401,0.08320624381303787,,,
43,1345,0.9864072799682617,0.9308774471282959,0.08113794773817062,,,
43,1346,0.9893054962158203,0.9383927583694458,0.07457312941551208,,,
43,1347,0.9864177703857422,0.9031004905700684,0.11506355553865433,,,
43,1348,0.9883308410644531,0.9290444254875183,0.0858893021941185,,,
43,1349,0.9900264739990234,0.9215601086616516,0.10073801875114441,,,
43,1350,0.9884204864501953,0.9656069874763489,0.04303855448961258,,,
43,1351,0.988525390625,0.9232643246650696,0.09412252902984619,,,
43,1352,0.9894819259643555,0.9473799467086792,0.06310506910085678,,,
43,1353,0.9892978668212891,0.8893544673919678,0.1422344297170639,,,
43,1354,0.9888715744018555,0.9464424848556519,0.06377305090427399,,,
43,1355,0.9908132553100586,0.8858757615089417,0.15633399784564972,,,
43,1356,0.9884281158447266,0.9344629049301147,0.0772070661187172,,,
43,1357,0.9878835678100586,0.9405530691146851,0.06991348415613174,,,
43,1358,0.987910270690918,0.9565516710281372,0.050464704632759094,,,
43,1359,0.9901123046875,0.9171004295349121,0.1045420840382576,,,
43,1360,0.9875364303588867,0.9366652369499207,0.07345470041036606,,,
43,1361,0.9924068450927734,0.9541444182395935,0.06022133678197861,,,
43,1362,0.9895696640014648,0.9627426862716675,0.044901978224515915,,,
43,1363,0.9853337407112122,0.9616188406944275,0.04812321066856384,,,
43,1363,,,,0.9527291059494019,0.8326375484466553,0.2259625792503357
44,1364,0.9901161193847656,0.9557691216468811,0.0521211214363575,,,
44,1365,0.9899778366088867,0.9437519311904907,0.06842489540576935,,,
44,1366,0.9854888916015625,0.9539075493812561,0.052726175636053085,,,
44,1367,0.991241455078125,0.9075265526771545,0.12339422106742859,,,
44,1368,0.990809440612793,0.9232056736946106,0.09903837740421295,,,
44,1369,0.9909944534301758,0.9167555570602417,0.11013886332511902,,,
44,1370,0.9871187210083008,0.9387257099151611,0.07047004997730255,,,
44,1371,0.9911413192749023,0.9422670602798462,0.07315162569284439,,,
44,1372,0.9893712997436523,0.9211409091949463,0.09749174863100052,,,
44,1373,0.9858999252319336,0.9001148343086243,0.11883526295423508,,,
44,1374,0.9885044097900391,0.9113317728042603,0.10932080447673798,,,
44,1375,0.9909200668334961,0.9497323036193848,0.06268680095672607,,,
44,1376,0.9854316711425781,0.834088146686554,0.19812045991420746,,,
44,1377,0.9899196624755859,0.9485502243041992,0.06255724281072617,,,
44,1378,0.9905261993408203,0.9705185890197754,0.0368027538061142,,,
44,1379,0.9889049530029297,0.9424677491188049,0.0678941085934639,,,
44,1380,0.98883056640625,0.9406728744506836,0.07020686566829681,,,
44,1381,0.9906196594238281,0.9378769993782043,0.0766640231013298,,,
44,1382,0.9902620315551758,0.9567126631736755,0.052111487835645676,,,
44,1383,0.986781120300293,0.9295526742935181,0.0824710950255394,,,
44,1384,0.9876346588134766,0.9397146105766296,0.07012800127267838,,,
44,1385,0.987335205078125,0.926720142364502,0.08653847128152847,,,
44,1386,0.9905633926391602,0.9689840078353882,0.03877010941505432,,,
44,1387,0.987004280090332,0.9279131889343262,0.0841701552271843,,,
44,1388,0.9864950180053711,0.9327226877212524,0.07761823385953903,,,
44,1389,0.9905757904052734,0.9429343342781067,0.07153994590044022,,,
44,1390,0.9881448745727539,0.9462294578552246,0.06216061860322952,,,
44,1391,0.9893741607666016,0.9544023871421814,0.05418352782726288,,,
44,1392,0.988189697265625,0.953005850315094,0.0556161031126976,,,
44,1393,0.9939203262329102,0.9755603671073914,0.03124229423701763,,,
44,1394,0.9862162470817566,0.9419212341308594,0.06642286479473114,,,
44,1394,,,,0.9545864462852478,0.8385846018791199,0.2243243306875229
45,1395,0.982996940612793,0.8948234915733337,0.12118764966726303,,,
45,1396,0.9865236282348633,0.9532299637794495,0.05460430681705475,,,
45,1397,0.9903488159179688,0.9619797468185425,0.04594014212489128,,,
45,1398,0.9919939041137695,0.9629709720611572,0.046142637729644775,,,
45,1399,0.9900836944580078,0.9334702491760254,0.08130307495594025,,,
45,1400,0.9900331497192383,0.9551913142204285,0.05387396365404129,,,
45,1401,0.9902420043945312,0.9659251570701599,0.04223136231303215,,,
45,1402,0.9875688552856445,0.9390720129013062,0.0727444589138031,,,
45,1403,0.9903116226196289,0.9576972723007202,0.0514322966337204,,,
45,1404,0.985560417175293,0.9004307389259338,0.11566801369190216,,,
45,1405,0.9900894165039062,0.9522402286529541,0.05809701606631279,,,
45,1406,0.9867887496948242,0.9059391617774963,0.11068948358297348,,,
45,1407,0.9892072677612305,0.9369006156921387,0.07528296113014221,,,
45,1408,0.9865179061889648,0.9355337619781494,0.07506858557462692,,,
45,1409,0.988856315612793,0.9584491848945618,0.04925360530614853,,,
45,1410,0.9871330261230469,0.9153798818588257,0.10037393867969513,,,
45,1411,0.9919023513793945,0.9401747584342957,0.07775413244962692,,,
45,1412,0.9862499237060547,0.9436963796615601,0.06430095434188843,,,
45,1413,0.9919891357421875,0.9689512252807617,0.03715038672089577,,,
45,1414,0.9933786392211914,0.9501693844795227,0.06844179332256317,,,
45,1415,0.9906501770019531,0.9213894009590149,0.10047700256109238,,,
45,1416,0.9914131164550781,0.9633436799049377,0.045602940022945404,,,
45,1417,0.9919557571411133,0.9492478966712952,0.06462080031633377,,,
45,1418,0.991337776184082,0.9578027725219727,0.052087604999542236,,,
45,1419,0.9911603927612305,0.9345973134040833,0.08322018384933472,,,
45,1420,0.9841880798339844,0.8611994981765747,0.16514916718006134,,,
45,1421,0.9879913330078125,0.9572871923446655,0.050656095147132874,,,
45,1422,0.9895172119140625,0.915399968624115,0.10601647198200226,,,
45,1423,0.9911832809448242,0.9331433773040771,0.08555839955806732,,,
45,1424,0.9915008544921875,0.9507458209991455,0.06257057934999466,,,
45,1425,0.9970652461051941,0.986192524433136,0.021327320486307144,,,
45,1425,,,,0.9539629817008972,0.8370797634124756,0.2244931012392044
46,1426,0.9920558929443359,0.9666985273361206,0.04143374413251877,,,
46,1427,0.9871673583984375,0.9332847595214844,0.07782551646232605,,,
46,1428,0.9877386093139648,0.9138224720954895,0.1049058735370636,,,
46,1429,0.9904823303222656,0.9644546508789062,0.04197698459029198,,,
46,1430,0.9932928085327148,0.9645310044288635,0.046370044350624084,,,
46,1431,0.9888439178466797,0.9614484906196594,0.046294379979372025,,,
46,1432,0.9892520904541016,0.9393629431724548,0.07380498200654984,,,
46,1433,0.9877729415893555,0.938158392906189,0.07212268561124802,,,
46,1434,0.9899263381958008,0.9506881237030029,0.05885584279894829,,,
46,1435,0.9894781112670898,0.9594199061393738,0.04643123596906662,,,
46,1436,0.9925718307495117,0.969454288482666,0.03790349140763283,,,
46,1437,0.9897918701171875,0.9084447622299194,0.12089283764362335,,,
46,1438,0.9889364242553711,0.9556800723075867,0.05368584021925926,,,
46,1439,0.9913043975830078,0.901397168636322,0.13373583555221558,,,
46,1440,0.9885568618774414,0.8903990983963013,0.13448841869831085,,,
46,1441,0.9917812347412109,0.9400482773780823,0.07764038443565369,,,
46,1442,0.9905414581298828,0.9480499029159546,0.0626421868801117,,,
46,1443,0.9906816482543945,0.950688362121582,0.06015745922923088,,,
46,1444,0.9902725219726562,0.9219694137573242,0.09926237910985947,,,
46,1445,0.9936513900756836,0.9743343591690063,0.03357955068349838,,,
46,1446,0.9895896911621094,0.9350485801696777,0.08116820454597473,,,
46,1447,0.9884347915649414,0.9523090124130249,0.05677058547735214,,,
46,1448,0.9893436431884766,0.9505102038383484,0.060430094599723816,,,
46,1449,0.9846811294555664,0.914349377155304,0.09681989252567291,,,
46,1450,0.9895172119140625,0.9542944431304932,0.05380019173026085,,,
46,1451,0.9889612197875977,0.953707754611969,0.055348191410303116,,,
46,1452,0.9913558959960938,0.9534010887145996,0.05890906602144241,,,
46,1453,0.9877586364746094,0.9101799726486206,0.11122079938650131,,,
46,1454,0.9866771697998047,0.9276922345161438,0.08346141129732132,,,
46,1455,0.9902353286743164,0.9302734136581421,0.08946795016527176,,,
46,1456,0.9929669499397278,0.9655165672302246,0.044842977076768875,,,
46,1456,,,,0.9552934169769287,0.8416851758956909,0.21952305734157562
47,1457,0.9893121719360352,0.913677453994751,0.10906558483839035,,,
47,1458,0.989161491394043,0.8968983292579651,0.13345329463481903,,,
47,1459,0.9917707443237305,0.9435008764266968,0.0725916400551796,,,
47,1460,0.9915828704833984,0.9534969329833984,0.058086659759283066,,,
47,1461,0.989898681640625,0.9295894503593445,0.0889100506901741,,,
47,1462,0.9885349273681641,0.9367249608039856,0.0763503685593605,,,
47,1463,0.9927568435668945,0.962261974811554,0.048603203147649765,,,
47,1464,0.9912738800048828,0.9745778441429138,0.03363198786973953,,,
47,1465,0.990382194519043,0.9579784870147705,0.05078361555933952,,,
47,1466,0.9888191223144531,0.9413855671882629,0.07013624906539917,,,
47,1467,0.9928359985351562,0.9712468981742859,0.035511575639247894,,,
47,1468,0.9901752471923828,0.9431061148643494,0.06859606504440308,,,
47,1469,0.9909534454345703,0.9620119333267212,0.04636015743017197,,,
47,1470,0.9902219772338867,0.9248523116111755,0.09508504718542099,,,
47,1471,0.9912652969360352,0.9651167988777161,0.0429406613111496,,,
47,1472,0.989654541015625,0.9476260542869568,0.061847660690546036,,,
47,1473,0.9891147613525391,0.9452597498893738,0.06444757431745529,,,
47,1474,0.9893970489501953,0.9270912408828735,0.09114677459001541,,,
47,1475,0.9902801513671875,0.9430280327796936,0.06913118064403534,,,
47,1476,0.9894685745239258,0.9567880034446716,0.05213628709316254,,,
47,1477,0.9852886199951172,0.8952600359916687,0.12180924415588379,,,
47,1478,0.9888782501220703,0.9192259311676025,0.09914291650056839,,,
47,1479,0.9894981384277344,0.9472013711929321,0.0657130628824234,,,
47,1480,0.9894523620605469,0.9185056686401367,0.10385192185640335,,,
47,1481,0.9893198013305664,0.9553167819976807,0.05395449325442314,,,
47,1482,0.9885101318359375,0.9183291792869568,0.09908680617809296,,,
47,1483,0.9879655838012695,0.9136878848075867,0.10596472024917603,,,
47,1484,0.9890232086181641,0.9523413181304932,0.05577671155333519,,,
47,1485,0.9901714324951172,0.9662643671035767,0.04143150895833969,,,
47,1486,0.9936504364013672,0.9710129499435425,0.037195105105638504,,,
47,1487,0.9917780756950378,0.9670857787132263,0.04078657925128937,,,
47,1487,,,,0.9548484086990356,0.8402707576751709,0.22027714550495148
48,1488,0.9898557662963867,0.9007872343063354,0.1283537894487381,,,
48,1489,0.9905996322631836,0.9504409432411194,0.06155231595039368,,,
48,1490,0.990692138671875,0.929122805595398,0.09031751751899719,,,
48,1491,0.9883031845092773,0.9482958316802979,0.06137213855981827,,,
48,1492,0.9898538589477539,0.9372633695602417,0.07678845524787903,,,
48,1493,0.9897794723510742,0.9617611765861511,0.04490680247545242,,,
48,1494,0.9900484085083008,0.9267035126686096,0.09390215575695038,,,
48,1495,0.9947233200073242,0.9787642955780029,0.028133844956755638,,,
48,1496,0.9917669296264648,0.9483010768890381,0.06674705445766449,,,
48,1497,0.992070198059082,0.9622370004653931,0.046925660222768784,,,
48,1498,0.9889545440673828,0.9450240731239319,0.0657796785235405,,,
48,1499,0.9928493499755859,0.949301540851593,0.06813611835241318,,,
48,1500,0.9895124435424805,0.8774502873420715,0.1587153971195221,,,
48,1501,0.991520881652832,0.9749395251274109,0.031930118799209595,,,
48,1502,0.9879131317138672,0.9583652019500732,0.05022963881492615,,,
48,1503,0.9892091751098633,0.9411758780479431,0.07200999557971954,,,
48,1504,0.9915380477905273,0.9276677370071411,0.09375251829624176,,,
48,1505,0.9875650405883789,0.9464418292045593,0.062244754284620285,,,
48,1506,0.9880533218383789,0.9556840658187866,0.05196596309542656,,,
48,1507,0.9865694046020508,0.8492522835731506,0.18650351464748383,,,
48,1508,0.9901628494262695,0.942341148853302,0.07117564231157303,,,
48,1509,0.9914770126342773,0.9678444266319275,0.0402015782892704,,,
48,1510,0.9903783798217773,0.9668493866920471,0.041710663586854935,,,
48,1511,0.9913921356201172,0.9173572063446045,0.11043170094490051,,,
48,1512,0.9899005889892578,0.9355149269104004,0.08019614964723587,,,
48,1513,0.9877223968505859,0.9217190742492676,0.0949205756187439,,,
48,1514,0.9870109558105469,0.9065209031105042,0.11043938249349594,,,
48,1515,0.9921073913574219,0.9649847149848938,0.04265100881457329,,,
48,1516,0.9886445999145508,0.9525083899497986,0.056200820952653885,,,
48,1517,0.9846076965332031,0.9086065292358398,0.10662199556827545,,,
48,1518,0.9924697875976562,0.9719511866569519,0.034517135471105576,,,
48,1518,,,,0.9545707702636719,0.8390378355979919,0.2218061089515686
49,1519,0.9889335632324219,0.941399872303009,0.07094807922840118,,,
49,1520,0.986882209777832,0.9229497909545898,0.09278254210948944,,,
49,1521,0.9912700653076172,0.9580789804458618,0.05083590745925903,,,
49,1522,0.9863204956054688,0.8797733783721924,0.14659906923770905,,,
49,1523,0.991093635559082,0.9686377048492432,0.03831639885902405,,,
49,1524,0.9902973175048828,0.9297341704368591,0.08765830844640732,,,
49,1525,0.9898872375488281,0.9019899368286133,0.12870503962039948,,,
49,1526,0.9900035858154297,0.9644106030464172,0.04312940686941147,,,
49,1527,0.9904279708862305,0.9062812328338623,0.123533234000206,,,
49,1528,0.9886884689331055,0.9541780948638916,0.05393078923225403,,,
49,1529,0.9876279830932617,0.9656634330749512,0.0424860417842865,,,
49,1530,0.9877157211303711,0.9334394335746765,0.08057428896427155,,,
49,1531,0.9919462203979492,0.91275554895401,0.12035856395959854,,,
49,1532,0.9857778549194336,0.9396388530731201,0.06903666257858276,,,
49,1533,0.9893951416015625,0.9204487204551697,0.10276754945516586,,,
49,1534,0.9881715774536133,0.8929871916770935,0.13192294538021088,,,
49,1535,0.9898099899291992,0.9094468355178833,0.11406246572732925,,,
49,1536,0.9913787841796875,0.9663328528404236,0.0406736396253109,,,
49,1537,0.9877204895019531,0.9041229486465454,0.11895251274108887,,,
49,1538,0.9923858642578125,0.9703943133354187,0.03727457672357559,,,
49,1539,0.9938507080078125,0.9625085592269897,0.05077725276350975,,,
49,1540,0.9908208847045898,0.9326823949813843,0.08512578159570694,,,
49,1541,0.9922780990600586,0.9751092791557312,0.03189186751842499,,,
49,1542,0.9905738830566406,0.9264386296272278,0.09149511903524399,,,
49,1543,0.9936656951904297,0.9630616307258606,0.04932965338230133,,,
49,1544,0.9886636734008789,0.9632419347763062,0.04396159574389458,,,
49,1545,0.9926128387451172,0.9643811583518982,0.04572037607431412,,,
49,1546,0.9916009902954102,0.9623715877532959,0.04637560993432999,,,
49,1547,0.988804817199707,0.9563206434249878,0.051162801682949066,,,
49,1548,0.9883642196655273,0.910423755645752,0.11214607954025269,,,
49,1549,0.9913660883903503,0.9511356353759766,0.06062217801809311,,,
49,1549,,,,0.9541558027267456,0.8378415703773499,0.2228601574897766
