epoch,step,train_BinaryAccuracy,train_BinaryJaccardIndex,train_loss,val_BinaryAccuracy,val_BinaryJaccardIndex,val_loss
0,0,0.6589298248291016,0.05775386840105057,0.9333627223968506,,,
0,1,0.6967916488647461,0.2001645267009735,0.8389941453933716,,,
0,2,0.6816320419311523,0.3181125521659851,0.7429881691932678,,,
0,3,0.746769905090332,0.4363260865211487,0.7122291326522827,,,
0,4,0.787872314453125,0.4831273853778839,0.6977939009666443,,,
0,5,0.7892704010009766,0.40597185492515564,0.7489301562309265,,,
0,6,0.8072776794433594,0.46235522627830505,0.7062776684761047,,,
0,7,0.8612594604492188,0.6248291730880737,0.6188700199127197,,,
0,8,0.7788553237915039,0.3839428126811981,0.7440897822380066,,,
0,9,0.8242950439453125,0.5141760110855103,0.6665734648704529,,,
0,10,0.8147039413452148,0.467349648475647,0.6904962658882141,,,
0,11,0.724736213684082,0.17691124975681305,0.8769885301589966,,,
0,12,0.8759450912475586,0.6489686369895935,0.5829080939292908,,,
0,13,0.8558502197265625,0.4999784827232361,0.6870830059051514,,,
0,14,0.9007349014282227,0.685633659362793,0.5718140006065369,,,
0,15,0.9232864379882812,0.7612170577049255,0.528766930103302,,,
0,16,0.9091100692749023,0.6792675852775574,0.5834193825721741,,,
0,17,0.912287712097168,0.6702779531478882,0.5973605513572693,,,
0,18,0.8996143341064453,0.6507564783096313,0.5900133848190308,,,
0,19,0.8296403884887695,0.4010782539844513,0.7361988425254822,,,
0,20,0.8950271606445312,0.647020697593689,0.5804736614227295,,,
0,21,0.8803272247314453,0.5537768006324768,0.6481800079345703,,,
0,22,0.8270893096923828,0.33605536818504333,0.7812883853912354,,,
0,23,0.920135498046875,0.74598628282547,0.505514919757843,,,
0,24,0.9239902496337891,0.7225701212882996,0.538332998752594,,,
0,25,0.9109277725219727,0.7426868677139282,0.497191458940506,,,
0,26,0.9219503402709961,0.734933078289032,0.51216721534729,,,
0,27,0.8613052368164062,0.3882497549057007,0.7660551071166992,,,
0,28,0.9007358551025391,0.5776330232620239,0.6436461806297302,,,
0,29,0.9210691452026367,0.6450322270393372,0.62131667137146,,,
0,30,0.8981297612190247,0.5641477704048157,0.6468756198883057,,,
0,30,,,,0.9081535339355469,0.7320898175239563,0.49293628334999084
1,31,0.9040336608886719,0.5434197783470154,0.681780993938446,,,
1,32,0.9675998687744141,0.903195858001709,0.37706494331359863,,,
1,33,0.9386615753173828,0.796277642250061,0.4607945382595062,,,
1,34,0.9452400207519531,0.7815533876419067,0.49838101863861084,,,
1,35,0.9155607223510742,0.6716374158859253,0.5663754343986511,,,
1,36,0.9167394638061523,0.6350079774856567,0.601090669631958,,,
1,37,0.8941307067871094,0.623690664768219,0.5791385769844055,,,
1,38,0.9381294250488281,0.7730759382247925,0.4895838797092438,,,
1,39,0.9579076766967773,0.830847978591919,0.46295613050460815,,,
1,40,0.8769245147705078,0.44089385867118835,0.717245876789093,,,
1,41,0.9159708023071289,0.59744793176651,0.6314790844917297,,,
1,42,0.8932943344116211,0.5431162714958191,0.6453723907470703,,,
1,43,0.9404926300048828,0.7069649696350098,0.5839830040931702,,,
1,44,0.9610681533813477,0.8841555714607239,0.35437247157096863,,,
1,45,0.9326896667480469,0.729276716709137,0.5155927538871765,,,
1,46,0.9084653854370117,0.5712186098098755,0.6376881003379822,,,
1,47,0.9580812454223633,0.8376744389533997,0.4311971962451935,,,
1,48,0.9577007293701172,0.8351207375526428,0.4318963289260864,,,
1,49,0.9548215866088867,0.7979708909988403,0.4851949214935303,,,
1,50,0.9213790893554688,0.6760427355766296,0.5380023121833801,,,
1,51,0.9059782028198242,0.5681905746459961,0.6304622292518616,,,
1,52,0.9544143676757812,0.82566899061203,0.4219415485858917,,,
1,53,0.9461069107055664,0.7655301094055176,0.4898553192615509,,,
1,54,0.9484567642211914,0.7676327228546143,0.49334195256233215,,,
1,55,0.931828498840332,0.6906917095184326,0.544955313205719,,,
1,56,0.9378204345703125,0.7387799620628357,0.4998018145561218,,,
1,57,0.9312362670898438,0.6495161056518555,0.5940863490104675,,,
1,58,0.9652481079101562,0.8563397526741028,0.4118420481681824,,,
1,59,0.9532146453857422,0.7745060920715332,0.5017673969268799,,,
1,60,0.9672737121582031,0.8530898690223694,0.43145525455474854,,,
1,61,0.9334551692008972,0.5783405303955078,0.6797943115234375,,,
1,61,,,,0.9275563359260559,0.7767817378044128,0.44190657138824463
2,62,0.9396953582763672,0.7369086742401123,0.49747535586357117,,,
2,63,0.959263801574707,0.8204957842826843,0.44345515966415405,,,
2,64,0.9453697204589844,0.7256789207458496,0.53232342004776,,,
2,65,0.9609708786010742,0.8456190228462219,0.40110424160957336,,,
2,66,0.9551334381103516,0.7886665463447571,0.4793863296508789,,,
2,67,0.9230175018310547,0.49890434741973877,0.7192742228507996,,,
2,68,0.9651479721069336,0.8720471262931824,0.35762131214141846,,,
2,69,0.9288625717163086,0.5967902541160583,0.6308116316795349,,,
2,70,0.9458036422729492,0.7262941598892212,0.5242553949356079,,,
2,71,0.9473457336425781,0.8236455321311951,0.372405469417572,,,
2,72,0.9686384201049805,0.8951230645179749,0.31030920147895813,,,
2,73,0.9666671752929688,0.8592926263809204,0.38895928859710693,,,
2,74,0.931187629699707,0.6872941255569458,0.5187191963195801,,,
2,75,0.9461040496826172,0.7416278719902039,0.4908390939235687,,,
2,76,0.9733438491821289,0.9028436541557312,0.32289832830429077,,,
2,77,0.9451541900634766,0.677970290184021,0.5819131135940552,,,
2,78,0.9566488265991211,0.8237615823745728,0.4025786221027374,,,
2,79,0.9404430389404297,0.6410960555076599,0.6060405969619751,,,
2,80,0.9766788482666016,0.9195335507392883,0.28173235058784485,,,
2,81,0.8888673782348633,0.4020923674106598,0.7334303259849548,,,
2,82,0.9680442810058594,0.8771263957023621,0.3368030786514282,,,
2,83,0.9588260650634766,0.8317229747772217,0.3772929012775421,,,
2,84,0.9632186889648438,0.8037821054458618,0.46845388412475586,,,
2,85,0.9691448211669922,0.8935996890068054,0.29442498087882996,,,
2,86,0.963007926940918,0.8667429089546204,0.32347992062568665,,,
2,87,0.956787109375,0.8111661672592163,0.4040682911872864,,,
2,88,0.9408359527587891,0.755893349647522,0.4381978511810303,,,
2,89,0.8840808868408203,0.3540278375148773,0.7655000686645508,,,
2,90,0.9543600082397461,0.7220283150672913,0.5487455725669861,,,
2,91,0.9677324295043945,0.8002219796180725,0.5066001415252686,,,
2,92,0.9684168696403503,0.8461195230484009,0.408619225025177,,,
2,92,,,,0.9502770900726318,0.8302448391914368,0.38272812962532043
3,93,0.9566164016723633,0.8208465576171875,0.3818140923976898,,,
3,94,0.9627256393432617,0.8275337219238281,0.4012492001056671,,,
3,95,0.9587411880493164,0.78995281457901,0.45236459374427795,,,
3,96,0.9496278762817383,0.7220461964607239,0.5152453780174255,,,
3,97,0.9534692764282227,0.6912469863891602,0.5801887512207031,,,
3,98,0.960993766784668,0.7795664668083191,0.4783708155155182,,,
3,99,0.9594831466674805,0.7879799604415894,0.4532198905944824,,,
3,100,0.9755983352661133,0.8874415755271912,0.35788193345069885,,,
3,101,0.9615812301635742,0.8151335120201111,0.4103572368621826,,,
3,102,0.9698419570922852,0.8544328808784485,0.38632461428642273,,,
3,103,0.925811767578125,0.513985276222229,0.6842564940452576,,,
3,104,0.9772005081176758,0.9067036509513855,0.2980557382106781,,,
3,105,0.9689149856567383,0.845116138458252,0.3961915373802185,,,
3,106,0.9707756042480469,0.841870903968811,0.4148218035697937,,,
3,107,0.9592065811157227,0.7813709378242493,0.45265519618988037,,,
3,108,0.9710912704467773,0.8472357988357544,0.4013465344905853,,,
3,109,0.9675540924072266,0.8499243259429932,0.36803027987480164,,,
3,110,0.953038215637207,0.7571473121643066,0.47183358669281006,,,
3,111,0.9662694931030273,0.785041868686676,0.4892944097518921,,,
3,112,0.9696779251098633,0.8643019795417786,0.34536033868789673,,,
3,113,0.9691925048828125,0.8526600003242493,0.3659612536430359,,,
3,114,0.9759311676025391,0.91204833984375,0.2586207389831543,,,
3,115,0.9627695083618164,0.8755526542663574,0.2784029543399811,,,
3,116,0.9739141464233398,0.888215959072113,0.30701878666877747,,,
3,117,0.9792327880859375,0.931337833404541,0.22286278009414673,,,
3,118,0.9723024368286133,0.890967845916748,0.28536519408226013,,,
3,119,0.9547872543334961,0.7684723138809204,0.4341212213039398,,,
3,120,0.9534406661987305,0.7780611515045166,0.4144649803638458,,,
3,121,0.9693374633789062,0.8523220419883728,0.35654643177986145,,,
3,122,0.9638166427612305,0.8252428770065308,0.37559038400650024,,,
3,123,0.9730148315429688,0.8747092485427856,0.32681480050086975,,,
3,123,,,,0.9534267783164978,0.8422379493713379,0.3454039692878723
4,124,0.9680318832397461,0.8935827612876892,0.24544848501682281,,,
4,125,0.9684820175170898,0.869335412979126,0.3043729364871979,,,
4,126,0.9796781539916992,0.9238942265510559,0.24036744236946106,,,
4,127,0.9660301208496094,0.8493576049804688,0.33580508828163147,,,
4,128,0.9553813934326172,0.7991482615470886,0.380586713552475,,,
4,129,0.9661178588867188,0.889488160610199,0.2458433210849762,,,
4,130,0.9637670516967773,0.7943344712257385,0.43117401003837585,,,
4,131,0.9716396331787109,0.845339298248291,0.39099153876304626,,,
4,132,0.9740762710571289,0.8641074299812317,0.3594623804092407,,,
4,133,0.9789113998413086,0.921941339969635,0.2320805937051773,,,
4,134,0.9753799438476562,0.8651455044746399,0.3670523166656494,,,
4,135,0.9597625732421875,0.8023080825805664,0.386980265378952,,,
4,136,0.9495401382446289,0.64084792137146,0.5883966684341431,,,
4,137,0.9663209915161133,0.8397249579429626,0.3520440459251404,,,
4,138,0.972935676574707,0.8831081390380859,0.2920229434967041,,,
4,139,0.9742441177368164,0.9073494076728821,0.23380200564861298,,,
4,140,0.9684867858886719,0.8405189514160156,0.35656335949897766,,,
4,141,0.9692449569702148,0.7903771996498108,0.47077977657318115,,,
4,142,0.9683351516723633,0.8149745464324951,0.4142930507659912,,,
4,143,0.9764347076416016,0.9166911244392395,0.21910077333450317,,,
4,144,0.9728012084960938,0.9050975441932678,0.2259163111448288,,,
4,145,0.973876953125,0.8276810050010681,0.43063950538635254,,,
4,146,0.9661903381347656,0.7862534523010254,0.45095518231391907,,,
4,147,0.9745101928710938,0.8706167340278625,0.32812240719795227,,,
4,148,0.9768476486206055,0.8576212525367737,0.39016401767730713,,,
4,149,0.9730253219604492,0.8802477717399597,0.2870071232318878,,,
4,150,0.9766712188720703,0.8019207119941711,0.5206335186958313,,,
4,151,0.9602155685424805,0.653677225112915,0.6106671094894409,,,
4,152,0.9638423919677734,0.8021881580352783,0.40084633231163025,,,
4,153,0.9751110076904297,0.846813976764679,0.3938417136669159,,,
4,154,0.9640960693359375,0.8422930836677551,0.332406610250473,,,
4,154,,,,0.9509247541427612,0.836193323135376,0.3343537747859955
5,155,0.9818325042724609,0.9153284430503845,0.2663263976573944,,,
5,156,0.9795112609863281,0.9112854599952698,0.25407445430755615,,,
5,157,0.9794139862060547,0.9054766893386841,0.2715744972229004,,,
5,158,0.9441518783569336,0.5879207253456116,0.6159695386886597,,,
5,159,0.9578008651733398,0.7140151858329773,0.5152290463447571,,,
5,160,0.9764881134033203,0.8500903248786926,0.3929503858089447,,,
5,161,0.9662818908691406,0.7588217854499817,0.48915189504623413,,,
5,162,0.979517936706543,0.8098875880241394,0.5238229632377625,,,
5,163,0.9768056869506836,0.9049626588821411,0.2421036809682846,,,
5,164,0.9671297073364258,0.7924487590789795,0.43036332726478577,,,
5,165,0.9587430953979492,0.7739133834838867,0.4102553427219391,,,
5,166,0.9665365219116211,0.8295616507530212,0.3453965485095978,,,
5,167,0.9788389205932617,0.9223417043685913,0.20567205548286438,,,
5,168,0.9748754501342773,0.8899388909339905,0.26046985387802124,,,
5,169,0.9739446640014648,0.862497091293335,0.3219095468521118,,,
5,170,0.9751205444335938,0.8412994146347046,0.3820510506629944,,,
5,171,0.9437103271484375,0.5282646417617798,0.659433901309967,,,
5,172,0.9802331924438477,0.8936253190040588,0.2982797622680664,,,
5,173,0.9705638885498047,0.8887479305267334,0.23513665795326233,,,
5,174,0.9730815887451172,0.885659396648407,0.25377750396728516,,,
5,175,0.9680070877075195,0.8621971607208252,0.27976807951927185,,,
5,176,0.9671440124511719,0.8584563732147217,0.27851060032844543,,,
5,177,0.9756841659545898,0.8867796063423157,0.2674406170845032,,,
5,178,0.9750604629516602,0.9049134254455566,0.21666358411312103,,,
5,179,0.9801654815673828,0.9125189781188965,0.2384459376335144,,,
5,180,0.9815130233764648,0.8875795006752014,0.32954490184783936,,,
5,181,0.9822168350219727,0.9407060742378235,0.16538825631141663,,,
5,182,0.9798002243041992,0.9262813329696655,0.18892739713191986,,,
5,183,0.9682159423828125,0.7471837997436523,0.49630728363990784,,,
5,184,0.9795036315917969,0.9284036755561829,0.18171629309654236,,,
5,185,0.9737739562988281,0.8829348683357239,0.2560601532459259,,,
5,185,,,,0.9531940817832947,0.8421653509140015,0.3055710196495056
6,186,0.9450817108154297,0.5698074698448181,0.6142038702964783,,,
6,187,0.9725122451782227,0.865480899810791,0.28999319672584534,,,
6,188,0.9655647277832031,0.8252148032188416,0.3345438838005066,,,
6,189,0.9797487258911133,0.9269285798072815,0.18517380952835083,,,
6,190,0.9798688888549805,0.9075921773910522,0.23894108831882477,,,
6,191,0.9794368743896484,0.8969188332557678,0.26538023352622986,,,
6,192,0.9788141250610352,0.9111776351928711,0.22083792090415955,,,
6,193,0.9673042297363281,0.7230851054191589,0.5217204689979553,,,
6,194,0.9730052947998047,0.8917784094810486,0.22619710862636566,,,
6,195,0.9767827987670898,0.7957822680473328,0.4794716238975525,,,
6,196,0.9772558212280273,0.9194831848144531,0.18388468027114868,,,
6,197,0.9803361892700195,0.9080498218536377,0.23659010231494904,,,
6,198,0.9731531143188477,0.7305092811584473,0.5570411086082458,,,
6,199,0.9750738143920898,0.8875073194503784,0.2510932683944702,,,
6,200,0.9710397720336914,0.8759472370147705,0.2546083927154541,,,
6,201,0.9765548706054688,0.9063006043434143,0.20985649526119232,,,
6,202,0.9743976593017578,0.8978855013847351,0.2165696769952774,,,
6,203,0.9726543426513672,0.8958293795585632,0.20980750024318695,,,
6,204,0.9686746597290039,0.8135208487510681,0.36359649896621704,,,
6,205,0.9773883819580078,0.9002116918563843,0.22672921419143677,,,
6,206,0.9844198226928711,0.9229760766029358,0.22949708998203278,,,
6,207,0.9796371459960938,0.8780227303504944,0.3072507977485657,,,
6,208,0.9792642593383789,0.8429688811302185,0.39157336950302124,,,
6,209,0.9828567504882812,0.9344938397407532,0.1722017377614975,,,
6,210,0.9786787033081055,0.8725218176841736,0.31109529733657837,,,
6,211,0.9476938247680664,0.6233682632446289,0.540483832359314,,,
6,212,0.9749460220336914,0.9050089716911316,0.1975662112236023,,,
6,213,0.9792928695678711,0.8994633555412292,0.24146173894405365,,,
6,214,0.9824705123901367,0.9195249080657959,0.21146856248378754,,,
6,215,0.9796276092529297,0.8666058778762817,0.33076170086860657,,,
6,216,0.9819984436035156,0.9148076772689819,0.2195049524307251,,,
6,216,,,,0.9601054787635803,0.861218273639679,0.2824738323688507
7,217,0.9820795059204102,0.8896147012710571,0.29618170857429504,,,
7,218,0.9788265228271484,0.9182472825050354,0.18385495245456696,,,
7,219,0.9774322509765625,0.9055672287940979,0.2060379981994629,,,
7,220,0.9771928787231445,0.8874784111976624,0.24826668202877045,,,
7,221,0.9841184616088867,0.9085055589675903,0.2578357756137848,,,
7,222,0.9779872894287109,0.9139604568481445,0.1879614144563675,,,
7,223,0.9765701293945312,0.86769700050354,0.28806018829345703,,,
7,224,0.9813022613525391,0.8987476229667664,0.25553926825523376,,,
7,225,0.9781322479248047,0.8615931868553162,0.32153433561325073,,,
7,226,0.9789066314697266,0.8999461531639099,0.2282923310995102,,,
7,227,0.9746465682983398,0.860855221748352,0.2912648916244507,,,
7,228,0.9739837646484375,0.781890869140625,0.4445255696773529,,,
7,229,0.9776573181152344,0.9234949350357056,0.16053052246570587,,,
7,230,0.9762868881225586,0.8802955746650696,0.25355634093284607,,,
7,231,0.9816961288452148,0.9334991574287415,0.15756823122501373,,,
7,232,0.9713954925537109,0.886288583278656,0.20921562612056732,,,
7,233,0.9698333740234375,0.8042550086975098,0.3685517907142639,,,
7,234,0.970179557800293,0.7977687120437622,0.38035330176353455,,,
7,235,0.9805927276611328,0.9213593602180481,0.17761939764022827,,,
7,236,0.9745979309082031,0.8230565786361694,0.36282119154930115,,,
7,237,0.9765386581420898,0.8906748294830322,0.22455108165740967,,,
7,238,0.9818525314331055,0.8259250521659851,0.4388807415962219,,,
7,239,0.98095703125,0.9056096076965332,0.22285766899585724,,,
7,240,0.9759378433227539,0.7672910690307617,0.47816744446754456,,,
7,241,0.9795780181884766,0.8785152435302734,0.2823030650615692,,,
7,242,0.9758014678955078,0.9031064510345459,0.18943369388580322,,,
7,243,0.9855833053588867,0.9462388157844543,0.1414203643798828,,,
7,244,0.9842767715454102,0.9382742643356323,0.15380817651748657,,,
7,245,0.9832944869995117,0.9256399273872375,0.18219594657421112,,,
7,246,0.9639806747436523,0.6508463025093079,0.5557466745376587,,,
7,247,0.9717852473258972,0.9005793333053589,0.17958568036556244,,,
7,247,,,,0.9634263515472412,0.8699526190757751,0.26235735416412354
8,248,0.9746103286743164,0.9075955748558044,0.17199809849262238,,,
8,249,0.9792013168334961,0.7834540009498596,0.4903952181339264,,,
8,250,0.9734020233154297,0.8568524718284607,0.27299514412879944,,,
8,251,0.9786815643310547,0.8966824412345886,0.2185041606426239,,,
8,252,0.9790449142456055,0.9009417295455933,0.21124868094921112,,,
8,253,0.9871177673339844,0.9297855496406555,0.211259663105011,,,
8,254,0.9847269058227539,0.908549964427948,0.24779926240444183,,,
8,255,0.9732789993286133,0.9005547165870667,0.184928297996521,,,
8,256,0.9484519958496094,0.5834078192710876,0.570440948009491,,,
8,257,0.9791536331176758,0.9309971332550049,0.13935120403766632,,,
8,258,0.9822072982788086,0.9056640863418579,0.2228231281042099,,,
8,259,0.9772157669067383,0.8107523918151855,0.3978394567966461,,,
8,260,0.9811315536499023,0.9370295405387878,0.13545827567577362,,,
8,261,0.9744300842285156,0.8673316836357117,0.2519952058792114,,,
8,262,0.9757709503173828,0.8308544754981995,0.3419637680053711,,,
8,263,0.9852676391601562,0.9399399161338806,0.14904552698135376,,,
8,264,0.9814271926879883,0.9247462153434753,0.16206802427768707,,,
8,265,0.9760599136352539,0.8919222354888916,0.20652027428150177,,,
8,266,0.9809427261352539,0.8775168657302856,0.2830406725406647,,,
8,267,0.983433723449707,0.9135779738426208,0.20796488225460052,,,
8,268,0.9775390625,0.8830713629722595,0.23507027328014374,,,
8,269,0.9790363311767578,0.8869395852088928,0.23664957284927368,,,
8,270,0.980926513671875,0.9177435636520386,0.1735164374113083,,,
8,271,0.9816741943359375,0.9464281797409058,0.11612163484096527,,,
8,272,0.9778575897216797,0.8938843607902527,0.21286189556121826,,,
8,273,0.9810266494750977,0.873145341873169,0.2912865877151489,,,
8,274,0.9766855239868164,0.8815053105354309,0.2337242215871811,,,
8,275,0.9582490921020508,0.6946730613708496,0.4565364420413971,,,
8,276,0.9786128997802734,0.8605989813804626,0.2941543459892273,,,
8,277,0.9761419296264648,0.8785588145256042,0.23135647177696228,,,
8,278,0.9828084111213684,0.8920196890830994,0.25625088810920715,,,
8,278,,,,0.9610655307769775,0.8640146255493164,0.25728681683540344
9,279,0.9777011871337891,0.9199090003967285,0.1495209038257599,,,
9,280,0.9773435592651367,0.7811262011528015,0.44101810455322266,,,
9,281,0.9786214828491211,0.8654829263687134,0.2820338010787964,,,
9,282,0.9767065048217773,0.8898797631263733,0.20507963001728058,,,
9,283,0.9794025421142578,0.9268075227737427,0.14188699424266815,,,
9,284,0.9795284271240234,0.9185718894004822,0.16193145513534546,,,
9,285,0.9812116622924805,0.8367432951927185,0.3665863871574402,,,
9,286,0.9775466918945312,0.9139888882637024,0.15942570567131042,,,
9,287,0.9841241836547852,0.9293133020401001,0.16061429679393768,,,
9,288,0.9808969497680664,0.8823995590209961,0.2546161115169525,,,
9,289,0.9753494262695312,0.759441614151001,0.4492435157299042,,,
9,290,0.9743480682373047,0.824001669883728,0.32703107595443726,,,
9,291,0.9737558364868164,0.8357986211776733,0.2976534366607666,,,
9,292,0.9748544692993164,0.8595505356788635,0.2558804750442505,,,
9,293,0.977757453918457,0.9276148676872253,0.131939098238945,,,
9,294,0.9838657379150391,0.8924537301063538,0.2569344937801361,,,
9,295,0.9862632751464844,0.9418135285377502,0.14003588259220123,,,
9,296,0.9795255661010742,0.9067704081535339,0.1824803352355957,,,
9,297,0.9806318283081055,0.8420295119285583,0.3438156545162201,,,
9,298,0.9811544418334961,0.9520445466041565,0.10556972026824951,,,
9,299,0.980255126953125,0.93012535572052,0.13238047063350677,,,
9,300,0.9791498184204102,0.8756922483444214,0.24499137699604034,,,
9,301,0.9795455932617188,0.8712079524993896,0.2576424479484558,,,
9,302,0.9789867401123047,0.9103186130523682,0.16932788491249084,,,
9,303,0.9828367233276367,0.9145275354385376,0.188271164894104,,,
9,304,0.9817171096801758,0.8759110569953918,0.27047428488731384,,,
9,305,0.9769220352172852,0.8704702854156494,0.2431216984987259,,,
9,306,0.9849119186401367,0.9194167256355286,0.18778374791145325,,,
9,307,0.9773111343383789,0.8655343651771545,0.2560746371746063,,,
9,308,0.9782028198242188,0.894538164138794,0.19654147326946259,,,
9,309,0.9776089787483215,0.8210849165916443,0.34837183356285095,,,
9,309,,,,0.9594955444335938,0.8579286932945251,0.2539191246032715
10,310,0.9849443435668945,0.9410501718521118,0.1284799575805664,,,
10,311,0.9857978820800781,0.9515560865402222,0.10811369121074677,,,
10,312,0.9815769195556641,0.9082785844802856,0.18559041619300842,,,
10,313,0.9853286743164062,0.9277800917625427,0.16843248903751373,,,
10,314,0.97406005859375,0.9185116291046143,0.1363440603017807,,,
10,315,0.9740734100341797,0.9079903364181519,0.15230275690555573,,,
10,316,0.9855642318725586,0.9486952424049377,0.11000439524650574,,,
10,317,0.9814434051513672,0.8513817191123962,0.3171212077140808,,,
10,318,0.9674291610717773,0.7505441308021545,0.3945101797580719,,,
10,319,0.9849071502685547,0.9357199668884277,0.14082255959510803,,,
10,320,0.9797935485839844,0.9102283120155334,0.16943985223770142,,,
10,321,0.9757871627807617,0.858924925327301,0.2551780641078949,,,
10,322,0.9813671112060547,0.885998010635376,0.23573148250579834,,,
10,323,0.9796085357666016,0.8294175267219543,0.3422990143299103,,,
10,324,0.9754781723022461,0.8184700012207031,0.33001795411109924,,,
10,325,0.97991943359375,0.8844150304794312,0.22359833121299744,,,
10,326,0.9801826477050781,0.9074082374572754,0.1731383353471756,,,
10,327,0.9795217514038086,0.9110399484634399,0.1624045968055725,,,
10,328,0.9691143035888672,0.8701485395431519,0.19884419441223145,,,
10,329,0.9840726852416992,0.9248930811882019,0.15709270536899567,,,
10,330,0.9854888916015625,0.9236466288566589,0.1731877624988556,,,
10,331,0.9863214492797852,0.9180461168289185,0.19593201577663422,,,
10,332,0.986231803894043,0.9383976459503174,0.13647082448005676,,,
10,333,0.9821310043334961,0.8993073105812073,0.20395450294017792,,,
10,334,0.979583740234375,0.8624712228775024,0.2654936909675598,,,
10,335,0.9786815643310547,0.870267927646637,0.2409479171037674,,,
10,336,0.9832658767700195,0.8552311062812805,0.31969308853149414,,,
10,337,0.9808521270751953,0.9060256481170654,0.1777123361825943,,,
10,338,0.9788475036621094,0.8490622639656067,0.2890995144844055,,,
10,339,0.9853000640869141,0.9250032901763916,0.16301073133945465,,,
10,340,0.9762127995491028,0.8543000221252441,0.25662460923194885,,,
10,340,,,,0.9565264582633972,0.8517835140228271,0.2485085278749466
11,341,0.9855508804321289,0.9442389607429504,0.11469327658414841,,,
11,342,0.9792232513427734,0.8541513085365295,0.27398455142974854,,,
11,343,0.982914924621582,0.9161757826805115,0.1644572913646698,,,
11,344,0.9824333190917969,0.8547593355178833,0.3073783814907074,,,
11,345,0.9828214645385742,0.9381281733512878,0.11379513889551163,,,
11,346,0.9787025451660156,0.9143577218055725,0.1454925835132599,,,
11,347,0.9812030792236328,0.8988878130912781,0.19212785363197327,,,
11,348,0.9774761199951172,0.9267061352729797,0.11932925134897232,,,
11,349,0.9819526672363281,0.928658664226532,0.13174524903297424,,,
11,350,0.9822521209716797,0.9252204895019531,0.1386588215827942,,,
11,351,0.9766788482666016,0.8630074262619019,0.2366206794977188,,,
11,352,0.9810714721679688,0.9017201662063599,0.18285934627056122,,,
11,353,0.9745807647705078,0.8471946120262146,0.2578219473361969,,,
11,354,0.9853754043579102,0.925835132598877,0.1584903746843338,,,
11,355,0.986729621887207,0.9386363625526428,0.13338184356689453,,,
11,356,0.9804697036743164,0.8633713126182556,0.2658117115497589,,,
11,357,0.9847116470336914,0.949934720993042,0.0971953421831131,,,
11,358,0.985015869140625,0.9440122842788696,0.11023004353046417,,,
11,359,0.9815444946289062,0.8508608341217041,0.29709088802337646,,,
11,360,0.9764900207519531,0.7993619441986084,0.3517194390296936,,,
11,361,0.9750232696533203,0.9096214175224304,0.14198118448257446,,,
11,362,0.9774398803710938,0.8668325543403625,0.23056551814079285,,,
11,363,0.9704217910766602,0.6895861625671387,0.4806770384311676,,,
11,364,0.9835796356201172,0.9166457056999207,0.16252806782722473,,,
11,365,0.9806280136108398,0.9095358848571777,0.1610935777425766,,,
11,366,0.9821186065673828,0.8997540473937988,0.19254525005817413,,,
11,367,0.9836578369140625,0.9092339277267456,0.1802799254655838,,,
11,368,0.9849557876586914,0.9298614859580994,0.13851387798786163,,,
11,369,0.9877967834472656,0.9403104782104492,0.13599827885627747,,,
11,370,0.98602294921875,0.8820784091949463,0.2741566300392151,,,
11,371,0.9788589477539062,0.8045471906661987,0.35754457116127014,,,
11,371,,,,0.9606768488883972,0.8632175922393799,0.23429563641548157
12,372,0.978489875793457,0.8893609046936035,0.1888003647327423,,,
12,373,0.9873437881469727,0.9513428211212158,0.10134304314851761,,,
12,374,0.9777212142944336,0.9287348389625549,0.1169317364692688,,,
12,375,0.9715156555175781,0.6821606159210205,0.4967767298221588,,,
12,376,0.982966423034668,0.9270046949386597,0.13536761701107025,,,
12,377,0.9854822158813477,0.9511533975601196,0.09397690743207932,,,
12,378,0.9847164154052734,0.9378875494003296,0.11638142168521881,,,
12,379,0.9886665344238281,0.9488354325294495,0.11559534072875977,,,
12,380,0.9821653366088867,0.9271489977836609,0.12728619575500488,,,
12,381,0.9785099029541016,0.8474040031433105,0.2699233591556549,,,
12,382,0.9828958511352539,0.8802489042282104,0.23749808967113495,,,
12,383,0.9763126373291016,0.892863929271698,0.1666976511478424,,,
12,384,0.9791526794433594,0.8897635340690613,0.18729528784751892,,,
12,385,0.9797210693359375,0.9103926420211792,0.14848381280899048,,,
12,386,0.9831418991088867,0.8682433366775513,0.26480403542518616,,,
12,387,0.9813966751098633,0.9217155575752258,0.13394978642463684,,,
12,388,0.9833383560180664,0.910257875919342,0.1716843992471695,,,
12,389,0.9800653457641602,0.8666960000991821,0.23955748975276947,,,
12,390,0.9848928451538086,0.8355395197868347,0.35710933804512024,,,
12,391,0.9840192794799805,0.8996893167495728,0.1968071013689041,,,
12,392,0.9775657653808594,0.8235867619514465,0.3011127710342407,,,
12,393,0.9803714752197266,0.9177002906799316,0.139066681265831,,,
12,394,0.9821443557739258,0.9018705487251282,0.17958973348140717,,,
12,395,0.9861268997192383,0.933116614818573,0.13596652448177338,,,
12,396,0.9866790771484375,0.8437706232070923,0.36140158772468567,,,
12,397,0.9807195663452148,0.9292607307434082,0.1133870854973793,,,
12,398,0.9822673797607422,0.9217638373374939,0.1333465874195099,,,
12,399,0.9776811599731445,0.9005460739135742,0.15694713592529297,,,
12,400,0.9847183227539062,0.9188432097434998,0.15389125049114227,,,
12,401,0.9795036315917969,0.9121337532997131,0.14050370454788208,,,
12,402,0.9803619384765625,0.8326325416564941,0.3005187511444092,,,
12,402,,,,0.9610599875450134,0.8647095561027527,0.22361738979816437
13,403,0.9825773239135742,0.9204845428466797,0.13694579899311066,,,
13,404,0.9835844039916992,0.9149886965751648,0.15721799433231354,,,
13,405,0.9842395782470703,0.9116880297660828,0.16954921185970306,,,
13,406,0.9884786605834961,0.9513692259788513,0.10083554685115814,,,
13,407,0.9840421676635742,0.9274930953979492,0.1298026442527771,,,
13,408,0.9816560745239258,0.8675093054771423,0.24487754702568054,,,
13,409,0.9856452941894531,0.9286770224571228,0.13814446330070496,,,
13,410,0.9750785827636719,0.7253541946411133,0.4383067190647125,,,
13,411,0.9789972305297852,0.855050802230835,0.24839432537555695,,,
13,412,0.9793691635131836,0.9385450482368469,0.09706377238035202,,,
13,413,0.9853944778442383,0.8858776092529297,0.23759803175926208,,,
13,414,0.9792518615722656,0.9162576794624329,0.13212862610816956,,,
13,415,0.9814558029174805,0.9186765551567078,0.13396604359149933,,,
13,416,0.9860038757324219,0.914651095867157,0.17232736945152283,,,
13,417,0.9841222763061523,0.904866635799408,0.1769978404045105,,,
13,418,0.9776954650878906,0.873579740524292,0.2023771107196808,,,
13,419,0.9796524047851562,0.8878952264785767,0.18511243164539337,,,
13,420,0.9836416244506836,0.8813310861587524,0.22592665255069733,,,
13,421,0.9852628707885742,0.9142533540725708,0.16313917934894562,,,
13,422,0.9838228225708008,0.9487415552139282,0.08816701918840408,,,
13,423,0.9834165573120117,0.8741787672042847,0.23759232461452484,,,
13,424,0.9811773300170898,0.9060518741607666,0.15681448578834534,,,
13,425,0.9875707626342773,0.9024512767791748,0.2159716784954071,,,
13,426,0.9804649353027344,0.9219838380813599,0.12325339019298553,,,
13,427,0.9858760833740234,0.8661763072013855,0.2794463634490967,,,
13,428,0.9828243255615234,0.9565757513046265,0.08343997597694397,,,
13,429,0.9822120666503906,0.9071804285049438,0.15739643573760986,,,
13,430,0.9834842681884766,0.918138325214386,0.14130808413028717,,,
13,431,0.9840068817138672,0.9164732694625854,0.1481352299451828,,,
13,432,0.9824380874633789,0.9070132374763489,0.16043931245803833,,,
13,433,0.9817492365837097,0.9125840663909912,0.14394263923168182,,,
13,433,,,,0.9625222682952881,0.8675636649131775,0.2165946662425995
14,434,0.9836721420288086,0.8927685618400574,0.19929786026477814,,,
14,435,0.9839162826538086,0.9260624647140503,0.1274782419204712,,,
14,436,0.983128547668457,0.9292430877685547,0.11783081293106079,,,
14,437,0.9770946502685547,0.8072004914283752,0.30888280272483826,,,
14,438,0.9807662963867188,0.9258562326431274,0.11554776877164841,,,
14,439,0.9800081253051758,0.8152046203613281,0.3161250948905945,,,
14,440,0.9848451614379883,0.9120766520500183,0.1636602133512497,,,
14,441,0.9868230819702148,0.9433469176292419,0.10486099869012833,,,
14,442,0.9843502044677734,0.861361026763916,0.2727409601211548,,,
14,443,0.9838781356811523,0.8786423206329346,0.22710901498794556,,,
14,444,0.9863624572753906,0.9380786418914795,0.11293188482522964,,,
14,445,0.9838790893554688,0.9412505030632019,0.0985577180981636,,,
14,446,0.9826135635375977,0.9053859114646912,0.15934637188911438,,,
14,447,0.9886951446533203,0.9659079909324646,0.06752882152795792,,,
14,448,0.9855690002441406,0.9393171668052673,0.10607176274061203,,,
14,449,0.9843664169311523,0.9006876349449158,0.17994195222854614,,,
14,450,0.9789876937866211,0.8668531775474548,0.2123086303472519,,,
14,451,0.9830102920532227,0.9242072701454163,0.12380500137805939,,,
14,452,0.9828424453735352,0.8536496162414551,0.26666459441185,,,
14,453,0.9844865798950195,0.8963700532913208,0.1922767460346222,,,
14,454,0.9871196746826172,0.9371258616447449,0.11605403572320938,,,
14,455,0.9871673583984375,0.9421607851982117,0.10527089238166809,,,
14,456,0.9879570007324219,0.9496890306472778,0.09195857495069504,,,
14,457,0.9815845489501953,0.9142513275146484,0.1343565434217453,,,
14,458,0.9854707717895508,0.929535448551178,0.12458226084709167,,,
14,459,0.9801349639892578,0.8987670540809631,0.1587061583995819,,,
14,460,0.9832363128662109,0.9241281151771545,0.12531132996082306,,,
14,461,0.9845333099365234,0.8831808567047119,0.21434184908866882,,,
14,462,0.9794788360595703,0.9162479043006897,0.12431653589010239,,,
14,463,0.9825448989868164,0.8972336053848267,0.17397816479206085,,,
14,464,0.9815813899040222,0.9107341170310974,0.1422739326953888,,,
14,464,,,,0.9641109108924866,0.8714861869812012,0.2115727812051773
15,465,0.9615373611450195,0.5935809016227722,0.5311378836631775,,,
15,466,0.9853229522705078,0.9263717532157898,0.12837623059749603,,,
15,467,0.9835786819458008,0.9204591512680054,0.13363231718540192,,,
15,468,0.9811162948608398,0.903532087802887,0.15475642681121826,,,
15,469,0.984405517578125,0.928356409072876,0.11957257241010666,,,
15,470,0.9787578582763672,0.8893206119537354,0.16680216789245605,,,
15,471,0.9792346954345703,0.9319326281547546,0.10226745158433914,,,
15,472,0.9854917526245117,0.927178144454956,0.1269715577363968,,,
15,473,0.976933479309082,0.9112012386322021,0.12465804070234299,,,
15,474,0.9817724227905273,0.9263351559638977,0.11411494016647339,,,
15,475,0.9687175750732422,0.7440942525863647,0.3577214181423187,,,
15,476,0.9812335968017578,0.8822360634803772,0.19423885643482208,,,
15,477,0.986598014831543,0.9097506403923035,0.18490394949913025,,,
15,478,0.9834575653076172,0.9235057234764099,0.12363871186971664,,,
15,479,0.9813175201416016,0.9018035531044006,0.15477798879146576,,,
15,480,0.9857606887817383,0.9401459693908691,0.0995466560125351,,,
15,481,0.9829978942871094,0.922236442565918,0.12191507965326309,,,
15,482,0.9830913543701172,0.8938024640083313,0.17910805344581604,,,
15,483,0.9828557968139648,0.8957915306091309,0.1726238876581192,,,
15,484,0.9798650741577148,0.811491072177887,0.3061622679233551,,,
15,485,0.9751520156860352,0.8856087923049927,0.16118691861629486,,,
15,486,0.9789505004882812,0.8618643879890442,0.21907058358192444,,,
15,487,0.982060432434082,0.8977107405662537,0.16438542306423187,,,
15,488,0.983616828918457,0.915023148059845,0.13940072059631348,,,
15,489,0.9818668365478516,0.8997411131858826,0.16081513464450836,,,
15,490,0.9770517349243164,0.8995709419250488,0.141363263130188,,,
15,491,0.982966423034668,0.930446982383728,0.10647168755531311,,,
15,492,0.9739980697631836,0.9020474553108215,0.13230383396148682,,,
15,493,0.987269401550293,0.9457335472106934,0.0947980210185051,,,
15,494,0.9825658798217773,0.9020547270774841,0.15512621402740479,,,
15,495,0.9828707575798035,0.9104488492012024,0.14159181714057922,,,
15,495,,,,0.9634513854980469,0.8698011636734009,0.20820271968841553
16,496,0.9836950302124023,0.9436205625534058,0.08664623647928238,,,
16,497,0.9827861785888672,0.9355950355529785,0.09439866244792938,,,
16,498,0.984034538269043,0.8919001221656799,0.18609558045864105,,,
16,499,0.9834022521972656,0.9047102928161621,0.15566475689411163,,,
16,500,0.9828195571899414,0.9324486255645752,0.10235660523176193,,,
16,501,0.9838380813598633,0.8918195962905884,0.18272285163402557,,,
16,502,0.9821395874023438,0.8821189403533936,0.18888109922409058,,,
16,503,0.9844541549682617,0.9177411198616028,0.13376688957214355,,,
16,504,0.9797506332397461,0.9266514778137207,0.10485483705997467,,,
16,505,0.9850473403930664,0.8995412588119507,0.1759096384048462,,,
16,506,0.9811697006225586,0.9355435967445374,0.09321196377277374,,,
16,507,0.983616828918457,0.9169338345527649,0.1323917657136917,,,
16,508,0.9765491485595703,0.7997850775718689,0.303326278924942,,,
16,509,0.9825067520141602,0.9233376383781433,0.1152818351984024,,,
16,510,0.9824590682983398,0.8423488736152649,0.26712310314178467,,,
16,511,0.9885807037353516,0.9423997402191162,0.10712407529354095,,,
16,512,0.9842061996459961,0.9160111546516418,0.1362653225660324,,,
16,513,0.9833812713623047,0.9012125730514526,0.16181206703186035,,,
16,514,0.9790430068969727,0.9319503307342529,0.09798315912485123,,,
16,515,0.9772310256958008,0.8887444138526917,0.15636618435382843,,,
16,516,0.9794082641601562,0.9112878441810608,0.12610986828804016,,,
16,517,0.9794101715087891,0.8794589042663574,0.17941392958164215,,,
16,518,0.9796609878540039,0.8324876427650452,0.26568710803985596,,,
16,519,0.9812564849853516,0.7447764277458191,0.4162830710411072,,,
16,520,0.9825601577758789,0.9043391942977905,0.1506684422492981,,,
16,521,0.982243537902832,0.9498340487480164,0.08422879129648209,,,
16,522,0.9787807464599609,0.8158189058303833,0.2858161926269531,,,
16,523,0.984675407409668,0.9424429535865784,0.08661551028490067,,,
16,524,0.9859466552734375,0.9118465185165405,0.15283899009227753,,,
16,525,0.9829692840576172,0.8394959568977356,0.2716634273529053,,,
16,526,0.985741913318634,0.9300547242164612,0.11395306885242462,,,
16,526,,,,0.9603004455566406,0.8618928790092468,0.21083559095859528
17,527,0.9772205352783203,0.8636527061462402,0.19717669486999512,,,
17,528,0.9840354919433594,0.8855384588241577,0.19222721457481384,,,
17,529,0.977452278137207,0.8934409618377686,0.14919210970401764,,,
17,530,0.9871635437011719,0.9359943866729736,0.11140494793653488,,,
17,531,0.9897890090942383,0.9600270390510559,0.07098320126533508,,,
17,532,0.9849414825439453,0.9427101612091064,0.08752283453941345,,,
17,533,0.9819917678833008,0.8646864891052246,0.21572893857955933,,,
17,534,0.9866342544555664,0.8865310549736023,0.21553342044353485,,,
17,535,0.9851627349853516,0.9241480231285095,0.12232569605112076,,,
17,536,0.9769563674926758,0.8219761252403259,0.25985944271087646,,,
17,537,0.9794273376464844,0.8736358880996704,0.18756543099880219,,,
17,538,0.9857025146484375,0.915568470954895,0.140928253531456,,,
17,539,0.9824686050415039,0.9195351600646973,0.11851026117801666,,,
17,540,0.9858722686767578,0.8820917010307312,0.2112189680337906,,,
17,541,0.9845962524414062,0.9067700505256653,0.15157204866409302,,,
17,542,0.9829463958740234,0.9530914425849915,0.07473263889551163,,,
17,543,0.9797086715698242,0.7498942017555237,0.3853548467159271,,,
17,544,0.9864215850830078,0.9419865608215332,0.09209438413381577,,,
17,545,0.9833087921142578,0.9238699078559875,0.11395677924156189,,,
17,546,0.9847707748413086,0.9317073822021484,0.10347707569599152,,,
17,547,0.9865751266479492,0.9476169347763062,0.08277381956577301,,,
17,548,0.9838895797729492,0.8755900859832764,0.20670390129089355,,,
17,549,0.9837627410888672,0.9089460372924805,0.14326344430446625,,,
17,550,0.9822921752929688,0.9458249807357788,0.08099701255559921,,,
17,551,0.9838829040527344,0.8789606094360352,0.20152820646762848,,,
17,552,0.9834527969360352,0.9587500691413879,0.0744035392999649,,,
17,553,0.9844207763671875,0.9161099195480347,0.12953346967697144,,,
17,554,0.9845714569091797,0.9075627326965332,0.148064523935318,,,
17,555,0.9852762222290039,0.91428542137146,0.14003989100456238,,,
17,556,0.9803428649902344,0.8898490071296692,0.16115997731685638,,,
17,557,0.9861399531364441,0.8895553946495056,0.19713914394378662,,,
17,557,,,,0.9633047580718994,0.8699322938919067,0.20246388018131256
18,558,0.9829034805297852,0.9293068647384644,0.10261808335781097,,,
18,559,0.9833097457885742,0.9190241098403931,0.11941813677549362,,,
18,560,0.9854955673217773,0.8752532601356506,0.2188071608543396,,,
18,561,0.9830045700073242,0.9224627614021301,0.11342708021402359,,,
18,562,0.9864177703857422,0.9374887347221375,0.09850279986858368,,,
18,563,0.9873676300048828,0.9071915149688721,0.1671048402786255,,,
18,564,0.9814558029174805,0.8798297047615051,0.18358728289604187,,,
18,565,0.9841327667236328,0.9043573141098022,0.15113377571105957,,,
18,566,0.9846839904785156,0.9178243279457092,0.12843725085258484,,,
18,567,0.9878969192504883,0.9465702772140503,0.0869048610329628,,,
18,568,0.9857873916625977,0.8296352028846741,0.30304431915283203,,,
18,569,0.9809541702270508,0.8659844398498535,0.20361164212226868,,,
18,570,0.9890651702880859,0.9097236394882202,0.17623546719551086,,,
18,571,0.9879245758056641,0.9376077651977539,0.10552215576171875,,,
18,572,0.9857807159423828,0.9369798302650452,0.09664656221866608,,,
18,573,0.9857673645019531,0.8840043544769287,0.19621887803077698,,,
18,574,0.9859991073608398,0.9598333239555359,0.06496113538742065,,,
18,575,0.9867744445800781,0.9522879123687744,0.07390668988227844,,,
18,576,0.9857702255249023,0.9135345220565796,0.14055289328098297,,,
18,577,0.9788522720336914,0.888370931148529,0.1569242775440216,,,
18,578,0.9850168228149414,0.9434502124786377,0.08347874134778976,,,
18,579,0.9873504638671875,0.9218854904174805,0.13326266407966614,,,
18,580,0.9826555252075195,0.9123885631561279,0.1278083622455597,,,
18,581,0.9873895645141602,0.9230567812919617,0.1287512481212616,,,
18,582,0.9851398468017578,0.9607584476470947,0.06639662384986877,,,
18,583,0.9865627288818359,0.9052339792251587,0.16266490519046783,,,
18,584,0.9854221343994141,0.9011165499687195,0.16188585758209229,,,
18,585,0.9854488372802734,0.9226926565170288,0.1198066771030426,,,
18,586,0.9813470840454102,0.8168341517448425,0.2827426493167877,,,
18,587,0.9836387634277344,0.9331832528114319,0.0961766391992569,,,
18,588,0.9846699833869934,0.9513000845909119,0.07191064953804016,,,
18,588,,,,0.9629859924316406,0.8697521686553955,0.1982296258211136
19,589,0.9800214767456055,0.8986315727233887,0.13969357311725616,,,
19,590,0.9840974807739258,0.8164172768592834,0.30529871582984924,,,
19,591,0.9856882095336914,0.9168416857719421,0.13049910962581635,,,
19,592,0.9836225509643555,0.9198089241981506,0.11783365160226822,,,
19,593,0.9832353591918945,0.9277951121330261,0.10277891159057617,,,
19,594,0.9859914779663086,0.9521982669830322,0.07108517736196518,,,
19,595,0.9865245819091797,0.9506931900978088,0.07490446418523788,,,
19,596,0.9885091781616211,0.9384064078330994,0.10386843979358673,,,
19,597,0.976318359375,0.7279847264289856,0.3845592737197876,,,
19,598,0.9858808517456055,0.9235709309577942,0.11846144497394562,,,
19,599,0.9866104125976562,0.9477695822715759,0.07840066403150558,,,
19,600,0.9869880676269531,0.9194259643554688,0.13230915367603302,,,
19,601,0.9799060821533203,0.939405620098114,0.08360465615987778,,,
19,602,0.9785480499267578,0.7962444424629211,0.30133482813835144,,,
19,603,0.9839601516723633,0.8072342872619629,0.3180887997150421,,,
19,604,0.9841670989990234,0.9268595576286316,0.10719333589076996,,,
19,605,0.9870376586914062,0.8844934701919556,0.20483151078224182,,,
19,606,0.9875202178955078,0.9263540506362915,0.1204606369137764,,,
19,607,0.9822893142700195,0.8980332612991333,0.14771461486816406,,,
19,608,0.9850502014160156,0.8507687449455261,0.24749252200126648,,,
19,609,0.98297119140625,0.9313104152679443,0.09457945823669434,,,
19,610,0.9917325973510742,0.9586790800094604,0.07679101824760437,,,
19,611,0.9835052490234375,0.9191537499427795,0.11542709916830063,,,
19,612,0.9875679016113281,0.932395339012146,0.10681521147489548,,,
19,613,0.9864873886108398,0.9285955429077148,0.11169665306806564,,,
19,614,0.9851503372192383,0.9543474316596985,0.06772112846374512,,,
19,615,0.9882268905639648,0.946031391620636,0.08451342582702637,,,
19,616,0.9855775833129883,0.9197505712509155,0.12291669100522995,,,
19,617,0.9897022247314453,0.9432302713394165,0.09856761991977692,,,
19,618,0.9876775741577148,0.9489518404006958,0.07921701669692993,,,
19,619,0.9841651916503906,0.9240846633911133,0.11089618504047394,,,
19,619,,,,0.9617953896522522,0.8660661578178406,0.20022089779376984
20,620,0.9852132797241211,0.9046450853347778,0.1478552669286728,,,
20,621,0.9880895614624023,0.9533208608627319,0.07184462994337082,,,
20,622,0.9843730926513672,0.9297741651535034,0.10072463005781174,,,
20,623,0.9905214309692383,0.9203388690948486,0.15678423643112183,,,
20,624,0.9786548614501953,0.919064462184906,0.1059066653251648,,,
20,625,0.989776611328125,0.9278624653816223,0.13274741172790527,,,
20,626,0.9848079681396484,0.929774284362793,0.10166601836681366,,,
20,627,0.9877138137817383,0.9384565949440002,0.09608304500579834,,,
20,628,0.980748176574707,0.9162330627441406,0.11352481693029404,,,
20,629,0.9887762069702148,0.9078805446624756,0.16564998030662537,,,
20,630,0.9866762161254883,0.8978563547134399,0.16792704164981842,,,
20,631,0.9840164184570312,0.9111356139183044,0.1302332580089569,,,
20,632,0.9844512939453125,0.9067559838294983,0.13839326798915863,,,
20,633,0.987187385559082,0.8956602215766907,0.17779061198234558,,,
20,634,0.98486328125,0.9342942833900452,0.09392639994621277,,,
20,635,0.986785888671875,0.890842616558075,0.18264612555503845,,,
20,636,0.9856348037719727,0.9378653168678284,0.09101159870624542,,,
20,637,0.9848289489746094,0.8803820013999939,0.18597885966300964,,,
20,638,0.987727165222168,0.9500626921653748,0.07577269524335861,,,
20,639,0.9888401031494141,0.952448844909668,0.07422006875276566,,,
20,640,0.9878625869750977,0.9410972595214844,0.09202193468809128,,,
20,641,0.9870767593383789,0.8821293711662292,0.19966712594032288,,,
20,642,0.9808826446533203,0.9333171248435974,0.08871469646692276,,,
20,643,0.9831686019897461,0.9118832349777222,0.12642958760261536,,,
20,644,0.9840641021728516,0.9331877827644348,0.09168727695941925,,,
20,645,0.9882383346557617,0.9686087369918823,0.05529024451971054,,,
20,646,0.9894189834594727,0.9140834808349609,0.15509621798992157,,,
20,647,0.9838323593139648,0.939918577671051,0.08194528520107269,,,
20,648,0.9801902770996094,0.9004552364349365,0.13452422618865967,,,
20,649,0.9865713119506836,0.9091531038284302,0.14253933727741241,,,
20,650,0.9884541630744934,0.9124751687049866,0.15103134512901306,,,
20,650,,,,0.962270975112915,0.8671323657035828,0.19793541729450226
21,651,0.9825153350830078,0.9069722890853882,0.13197071850299835,,,
21,652,0.9843769073486328,0.9266466498374939,0.10377301275730133,,,
21,653,0.9861249923706055,0.9237110018730164,0.11433890461921692,,,
21,654,0.9866552352905273,0.9207976460456848,0.12227601557970047,,,
21,655,0.9837961196899414,0.8900735378265381,0.16250866651535034,,,
21,656,0.9849433898925781,0.921599805355072,0.11429298669099808,,,
21,657,0.9835891723632812,0.8544815182685852,0.2204316109418869,,,
21,658,0.9868831634521484,0.942911684513092,0.08341177552938461,,,
21,659,0.9840850830078125,0.945173442363739,0.07569444924592972,,,
21,660,0.9863462448120117,0.9377903342247009,0.09134312719106674,,,
21,661,0.9844608306884766,0.8407342433929443,0.24775700271129608,,,
21,662,0.983729362487793,0.9131357669830322,0.12165766209363937,,,
21,663,0.9859476089477539,0.9428800940513611,0.08157755434513092,,,
21,664,0.9873313903808594,0.9468818306922913,0.07873048633337021,,,
21,665,0.9862909317016602,0.9419285655021667,0.08404674381017685,,,
21,666,0.9884395599365234,0.9574323296546936,0.06397063285112381,,,
21,667,0.9877872467041016,0.9241687655448914,0.12108739465475082,,,
21,668,0.9882059097290039,0.910556435585022,0.15078207850456238,,,
21,669,0.9907588958740234,0.9686629772186279,0.05076386407017708,,,
21,670,0.9856853485107422,0.8856877684593201,0.17796461284160614,,,
21,671,0.9819145202636719,0.8765460848808289,0.17627818882465363,,,
21,672,0.9855222702026367,0.9487706422805786,0.07142815738916397,,,
21,673,0.9863414764404297,0.8912280797958374,0.17492049932479858,,,
21,674,0.9874134063720703,0.9164022207260132,0.13189883530139923,,,
21,675,0.9873361587524414,0.9216499328613281,0.12407270073890686,,,
21,676,0.9856624603271484,0.9270802736282349,0.10574980080127716,,,
21,677,0.9910516738891602,0.957733690738678,0.0694250762462616,,,
21,678,0.9870777130126953,0.937615692615509,0.09063655883073807,,,
21,679,0.9894294738769531,0.9301302433013916,0.11794327199459076,,,
21,680,0.9869527816772461,0.9050774574279785,0.1519327014684677,,,
21,681,0.9918530583381653,0.97368323802948,0.045585088431835175,,,
21,681,,,,0.9622734785079956,0.8666520714759827,0.19689685106277466
22,682,0.9857397079467773,0.88155198097229,0.18655875325202942,,,
22,683,0.9775619506835938,0.8523603677749634,0.19532541930675507,,,
22,684,0.9864034652709961,0.9415749311447144,0.08336511999368668,,,
22,685,0.9852876663208008,0.9510324001312256,0.06885191798210144,,,
22,686,0.9896831512451172,0.9695788621902466,0.050110895186662674,,,
22,687,0.9847431182861328,0.8990604877471924,0.15006479620933533,,,
22,688,0.9851436614990234,0.9255378842353821,0.1059262827038765,,,
22,689,0.9878511428833008,0.9344293475151062,0.0999879390001297,,,
22,690,0.9871807098388672,0.8799038529396057,0.19637104868888855,,,
22,691,0.9859333038330078,0.9075154066085815,0.139761820435524,,,
22,692,0.9862213134765625,0.9204838871955872,0.11677460372447968,,,
22,693,0.9885215759277344,0.9437388777732849,0.08570168167352676,,,
22,694,0.9914684295654297,0.9520769119262695,0.08210606873035431,,,
22,695,0.9809627532958984,0.9045241475105286,0.12689712643623352,,,
22,696,0.9839553833007812,0.9360224008560181,0.08697119355201721,,,
22,697,0.9874629974365234,0.9422159194946289,0.0843672901391983,,,
22,698,0.9869117736816406,0.9491460919380188,0.07102605700492859,,,
22,699,0.9866399765014648,0.9284009337425232,0.10506691783666611,,,
22,700,0.9871816635131836,0.9325037598609924,0.09907185286283493,,,
22,701,0.9873790740966797,0.942753791809082,0.08385471254587173,,,
22,702,0.9888200759887695,0.948133111000061,0.07955638319253922,,,
22,703,0.9888267517089844,0.9391275644302368,0.09381736069917679,,,
22,704,0.9929256439208984,0.9685145616531372,0.055888354778289795,,,
22,705,0.9892044067382812,0.9426498413085938,0.09008888155221939,,,
22,706,0.9839878082275391,0.862769603729248,0.2037135511636734,,,
22,707,0.9882955551147461,0.9412238001823425,0.08731573820114136,,,
22,708,0.9862728118896484,0.9272453188896179,0.105716772377491,,,
22,709,0.9872503280639648,0.9438388347625732,0.07978784292936325,,,
22,710,0.9814643859863281,0.8455818295478821,0.21520550549030304,,,
22,711,0.9849157333374023,0.8538467288017273,0.2224886417388916,,,
22,712,0.9912884831428528,0.9601122736930847,0.06433138251304626,,,
22,712,,,,0.9624854326248169,0.8670585751533508,0.1958732008934021
23,713,0.9876976013183594,0.9335305094718933,0.09923389554023743,,,
23,714,0.981013298034668,0.910179853439331,0.11497648060321808,,,
23,715,0.9862174987792969,0.9225268363952637,0.1116061881184578,,,
23,716,0.9873867034912109,0.9153557419776917,0.13186761736869812,,,
23,717,0.9842739105224609,0.9218961000442505,0.10976795107126236,,,
23,718,0.9868974685668945,0.9202194809913635,0.11657167971134186,,,
23,719,0.9839916229248047,0.9205389022827148,0.10677800327539444,,,
23,720,0.9860334396362305,0.9430417418479919,0.07763319462537766,,,
23,721,0.9883289337158203,0.948493480682373,0.07384070008993149,,,
23,722,0.9844293594360352,0.9432373046875,0.07652731984853745,,,
23,723,0.9868240356445312,0.9015519618988037,0.15013180673122406,,,
23,724,0.9842014312744141,0.9043395519256592,0.13468945026397705,,,
23,725,0.9917497634887695,0.9700974225997925,0.04687880724668503,,,
23,726,0.9863967895507812,0.8970829248428345,0.1567474752664566,,,
23,727,0.9880876541137695,0.9330865740776062,0.10003988444805145,,,
23,728,0.9865522384643555,0.9370555877685547,0.08980530500411987,,,
23,729,0.9900035858154297,0.9486908316612244,0.07877365499734879,,,
23,730,0.9846010208129883,0.9284296035766602,0.09644745290279388,,,
23,731,0.9844398498535156,0.9231030344963074,0.10534819960594177,,,
23,732,0.9873037338256836,0.9401872754096985,0.08601505309343338,,,
23,733,0.9898920059204102,0.9347078800201416,0.10663551837205887,,,
23,734,0.9835414886474609,0.9106007218360901,0.12268270552158356,,,
23,735,0.9863157272338867,0.9424546360969543,0.07805638015270233,,,
23,736,0.9840908050537109,0.904681921005249,0.13308867812156677,,,
23,737,0.9872589111328125,0.9161435961723328,0.12739165127277374,,,
23,738,0.9899349212646484,0.9514970183372498,0.07499419897794724,,,
23,739,0.987950325012207,0.9635794162750244,0.05344188213348389,,,
23,740,0.9818010330200195,0.8611690998077393,0.18834467232227325,,,
23,741,0.9878292083740234,0.9391912221908569,0.08853200823068619,,,
23,742,0.990595817565918,0.9468716382980347,0.08563535660505295,,,
23,743,0.9869346618652344,0.8162323832511902,0.3010520935058594,,,
23,743,,,,0.9632585048675537,0.8697513341903687,0.19094830751419067
24,744,0.9901666641235352,0.951041042804718,0.0752067118883133,,,
24,745,0.9881353378295898,0.9245094060897827,0.11447697877883911,,,
24,746,0.9864692687988281,0.909155547618866,0.13346974551677704,,,
24,747,0.9858255386352539,0.9250108599662781,0.10442835092544556,,,
24,748,0.9888849258422852,0.9135148525238037,0.13886933028697968,,,
24,749,0.9860591888427734,0.9137428402900696,0.12319651991128922,,,
24,750,0.9878835678100586,0.9509468674659729,0.06785974651575089,,,
24,751,0.9866924285888672,0.9206464886665344,0.1138032004237175,,,
24,752,0.9870576858520508,0.9316232800483704,0.09650447219610214,,,
24,753,0.9892444610595703,0.9623296856880188,0.05500307306647301,,,
24,754,0.9874467849731445,0.958746612071991,0.05791761726140976,,,
24,755,0.9872617721557617,0.9328851103782654,0.09735387563705444,,,
24,756,0.9859046936035156,0.9510710835456848,0.06575935333967209,,,
24,757,0.9846677780151367,0.9303628206253052,0.09338070452213287,,,
24,758,0.986236572265625,0.8885594010353088,0.16703715920448303,,,
24,759,0.9872198104858398,0.9400128722190857,0.08483783900737762,,,
24,760,0.9866695404052734,0.9279781579971313,0.1017402857542038,,,
24,761,0.9844675064086914,0.9422020316123962,0.07632606476545334,,,
24,762,0.9834575653076172,0.9202743172645569,0.10479229688644409,,,
24,763,0.9901647567749023,0.939568817615509,0.09725542366504669,,,
24,764,0.989715576171875,0.9591216444969177,0.058920010924339294,,,
24,765,0.9887723922729492,0.9407495856285095,0.08858601003885269,,,
24,766,0.9871339797973633,0.9293339252471924,0.10141571611166,,,
24,767,0.9841957092285156,0.832168698310852,0.24784640967845917,,,
24,768,0.9886054992675781,0.9524181485176086,0.06769592314958572,,,
24,769,0.9873065948486328,0.9542334675788879,0.06239430978894234,,,
24,770,0.9865036010742188,0.9394598007202148,0.08232985436916351,,,
24,771,0.9861240386962891,0.910178005695343,0.13050313293933868,,,
24,772,0.9854936599731445,0.896013081073761,0.15009546279907227,,,
24,773,0.9858713150024414,0.8527409434318542,0.22199034690856934,,,
24,774,0.9825146794319153,0.7847504615783691,0.30816516280174255,,,
24,774,,,,0.9632106423377991,0.8698063492774963,0.1909322738647461
25,775,0.9889659881591797,0.9516247510910034,0.06903257966041565,,,
25,776,0.9852714538574219,0.8682218790054321,0.19219204783439636,,,
25,777,0.9879255294799805,0.9581834673881531,0.05785762518644333,,,
25,778,0.9842357635498047,0.9340746402740479,0.08580557256937027,,,
25,779,0.9839801788330078,0.9290220141410828,0.09240777790546417,,,
25,780,0.9884052276611328,0.9334639310836792,0.09728669375181198,,,
25,781,0.9888687133789062,0.9625933170318604,0.053076595067977905,,,
25,782,0.9857263565063477,0.8757100105285645,0.1836821287870407,,,
25,783,0.9919347763061523,0.9411117434501648,0.10261744260787964,,,
25,784,0.9848775863647461,0.9435738325119019,0.07366771250963211,,,
25,785,0.9879932403564453,0.936517059803009,0.09137682616710663,,,
25,786,0.9873018264770508,0.95169597864151,0.06626822054386139,,,
25,787,0.9817047119140625,0.86883544921875,0.17468170821666718,,,
25,788,0.9833440780639648,0.8548731803894043,0.20205490291118622,,,
25,789,0.9894723892211914,0.9653501510620117,0.05040920525789261,,,
25,790,0.9825735092163086,0.9302352070808411,0.08687766641378403,,,
25,791,0.9828433990478516,0.9104475975036621,0.11330533772706985,,,
25,792,0.9842386245727539,0.911315381526947,0.11665599048137665,,,
25,793,0.9795665740966797,0.8643615245819092,0.17337092757225037,,,
25,794,0.9884748458862305,0.9307668209075928,0.10205509513616562,,,
25,795,0.9854717254638672,0.9387230277061462,0.07989846915006638,,,
25,796,0.9862203598022461,0.9036418795585632,0.1351129114627838,,,
25,797,0.9876565933227539,0.944460391998291,0.074537493288517,,,
25,798,0.9880380630493164,0.8933844566345215,0.16627006232738495,,,
25,799,0.9898490905761719,0.9111927151679993,0.14604337513446808,,,
25,800,0.9882020950317383,0.9374462962150574,0.08777428418397903,,,
25,801,0.9841299057006836,0.8941762447357178,0.1450478583574295,,,
25,802,0.9861278533935547,0.9423788189888,0.07667343318462372,,,
25,803,0.9845809936523438,0.9037527441978455,0.12926535308361053,,,
25,804,0.9869527816772461,0.9440537095069885,0.07467668503522873,,,
25,805,0.9863103032112122,0.9100216627120972,0.12560489773750305,,,
25,805,,,,0.9608023166656494,0.8635618686676025,0.19400207698345184
26,806,0.9818668365478516,0.881811797618866,0.1550212800502777,,,
26,807,0.9857311248779297,0.9062454700469971,0.13104981184005737,,,
26,808,0.9873952865600586,0.8990606665611267,0.14993329346179962,,,
26,809,0.9885435104370117,0.9481494426727295,0.07059118151664734,,,
26,810,0.9866323471069336,0.9082044363021851,0.13098672032356262,,,
26,811,0.9861698150634766,0.9117255210876465,0.12195035815238953,,,
26,812,0.9893665313720703,0.9133980870246887,0.13665097951889038,,,
26,813,0.9837303161621094,0.9347567558288574,0.08135590702295303,,,
26,814,0.9882106781005859,0.9558980464935303,0.06078634411096573,,,
26,815,0.9855737686157227,0.9344263076782227,0.08674455434083939,,,
26,816,0.9866666793823242,0.9536635875701904,0.06185181066393852,,,
26,817,0.9853382110595703,0.9386475682258606,0.07977858930826187,,,
26,818,0.9847517013549805,0.9067397713661194,0.12303080409765244,,,
26,819,0.9836301803588867,0.9150453805923462,0.10845505446195602,,,
26,820,0.9812707901000977,0.8881937265396118,0.1435277909040451,,,
26,821,0.9889631271362305,0.9420643448829651,0.08243689686059952,,,
26,822,0.9872465133666992,0.8354193568229675,0.25522929430007935,,,
26,823,0.9817447662353516,0.9103977084159851,0.11097297817468643,,,
26,824,0.9809389114379883,0.9282457828521729,0.08513547480106354,,,
26,825,0.9858369827270508,0.9596526622772217,0.05850757285952568,,,
26,826,0.9876737594604492,0.9125300049781799,0.1274651139974594,,,
26,827,0.9863271713256836,0.9413219094276428,0.07509103417396545,,,
26,828,0.9884567260742188,0.9172896146774292,0.12276135385036469,,,
26,829,0.9856185913085938,0.9425965547561646,0.07296448945999146,,,
26,830,0.986109733581543,0.9225389361381531,0.10390204936265945,,,
26,831,0.9845733642578125,0.9013760685920715,0.13037967681884766,,,
26,832,0.9856452941894531,0.9495137929916382,0.0653287023305893,,,
26,833,0.9878091812133789,0.9376739859580994,0.0841905027627945,,,
26,834,0.9855880737304688,0.9156427979469299,0.11285287141799927,,,
26,835,0.983978271484375,0.8789677619934082,0.16510336101055145,,,
26,836,0.9878857731819153,0.9245230555534363,0.10778690129518509,,,
26,836,,,,0.9642761945724487,0.8718037605285645,0.1861335188150406
27,837,0.9863929748535156,0.9005637764930725,0.13994134962558746,,,
27,838,0.9818487167358398,0.9318780303001404,0.08205821365118027,,,
27,839,0.9848556518554688,0.9305877089500427,0.08808501064777374,,,
27,840,0.9897851943969727,0.9686546325683594,0.04407915845513344,,,
27,841,0.9875011444091797,0.900545597076416,0.14651302993297577,,,
27,842,0.9860115051269531,0.8816877603530884,0.16968420147895813,,,
27,843,0.9891586303710938,0.9563794136047363,0.05989422649145126,,,
27,844,0.982182502746582,0.9205776453018188,0.09959869086742401,,,
27,845,0.9881095886230469,0.9337967038154602,0.09177736937999725,,,
27,846,0.9857072830200195,0.9019650220870972,0.13507026433944702,,,
27,847,0.9870147705078125,0.9453310966491699,0.07194583863019943,,,
27,848,0.9918947219848633,0.9543638825416565,0.072140172123909,,,
27,849,0.9899635314941406,0.9573367238044739,0.05887683480978012,,,
27,850,0.9870805740356445,0.9563554525375366,0.05688543990254402,,,
27,851,0.990107536315918,0.9110735654830933,0.1427043229341507,,,
27,852,0.9883432388305664,0.9508441090583801,0.06564562022686005,,,
27,853,0.9856071472167969,0.9409180879592896,0.07556311786174774,,,
27,854,0.9865093231201172,0.9371866583824158,0.08210840076208115,,,
27,855,0.980677604675293,0.8427075147628784,0.20575271546840668,,,
27,856,0.9871969223022461,0.9307186007499695,0.0931129977107048,,,
27,857,0.9893102645874023,0.947135329246521,0.07261285185813904,,,
27,858,0.9866504669189453,0.8326138854026794,0.2513054311275482,,,
27,859,0.9866371154785156,0.8741444945335388,0.18428051471710205,,,
27,860,0.9876527786254883,0.9418514966964722,0.07716138660907745,,,
27,861,0.9816007614135742,0.9228625297546387,0.09435547888278961,,,
27,862,0.9854040145874023,0.9211375117301941,0.10300883650779724,,,
27,863,0.9861783981323242,0.8736079335212708,0.1828385591506958,,,
27,864,0.9886226654052734,0.9541236758232117,0.061477769166231155,,,
27,865,0.9894924163818359,0.9335376024246216,0.09975683689117432,,,
27,866,0.9888906478881836,0.904168426990509,0.14486747980117798,,,
27,867,0.9861323237419128,0.9540622234344482,0.06059741601347923,,,
27,867,,,,0.9626435041427612,0.8681322336196899,0.18855531513690948
28,868,0.9897546768188477,0.9455217719078064,0.07810401171445847,,,
28,869,0.9871969223022461,0.8813343644142151,0.17201898992061615,,,
28,870,0.9921579360961914,0.9632404446601868,0.056307725608348846,,,
28,871,0.9875659942626953,0.9594355225563049,0.054419394582509995,,,
28,872,0.9842996597290039,0.9342048764228821,0.08165474236011505,,,
28,873,0.9891881942749023,0.9516065120697021,0.06614760309457779,,,
28,874,0.9862852096557617,0.914387583732605,0.11478576809167862,,,
28,875,0.9880170822143555,0.9151179790496826,0.12150906026363373,,,
28,876,0.9843959808349609,0.9189116954803467,0.10404983907938004,,,
28,877,0.9854907989501953,0.925891637802124,0.09723936021327972,,,
28,878,0.9883966445922852,0.9325382113456726,0.09504913538694382,,,
28,879,0.9848871231079102,0.8957338333129883,0.1397867351770401,,,
28,880,0.9881715774536133,0.9327907562255859,0.09234831482172012,,,
28,881,0.9903421401977539,0.9099854230880737,0.14564964175224304,,,
28,882,0.9871025085449219,0.9642300009727478,0.05091720074415207,,,
28,883,0.9872274398803711,0.9340360164642334,0.08826187252998352,,,
28,884,0.9851226806640625,0.8513308763504028,0.20974119007587433,,,
28,885,0.9910221099853516,0.9645006656646729,0.05149911716580391,,,
28,886,0.9873561859130859,0.9187652468681335,0.11287476867437363,,,
28,887,0.9877185821533203,0.9066967368125916,0.13340018689632416,,,
28,888,0.987553596496582,0.9275479912757874,0.09866035729646683,,,
28,889,0.9880228042602539,0.9446606040000916,0.0742461308836937,,,
28,890,0.9864425659179688,0.9255971908569336,0.09847763180732727,,,
28,891,0.9902124404907227,0.9541521072387695,0.06390606611967087,,,
28,892,0.9916219711303711,0.9623515605926514,0.05527854338288307,,,
28,893,0.9890689849853516,0.9521247744560242,0.0648525133728981,,,
28,894,0.9844570159912109,0.8882136940956116,0.14644184708595276,,,
28,895,0.9896831512451172,0.9380355477333069,0.08855519443750381,,,
28,896,0.9866704940795898,0.9437721967697144,0.07351970672607422,,,
28,897,0.9870033264160156,0.9104234576225281,0.12373131513595581,,,
28,898,0.9869372248649597,0.9590340256690979,0.05503597855567932,,,
28,898,,,,0.9640617370605469,0.8720105886459351,0.1839655190706253
29,899,0.9892244338989258,0.934641420841217,0.0939275324344635,,,
29,900,0.9917850494384766,0.9581018686294556,0.06151370331645012,,,
29,901,0.991429328918457,0.9757077693939209,0.03868919610977173,,,
29,902,0.9888162612915039,0.9420502781867981,0.07955092936754227,,,
29,903,0.9909400939941406,0.9635270237922668,0.05131200700998306,,,
29,904,0.989410400390625,0.941408634185791,0.08320222795009613,,,
29,905,0.9836368560791016,0.8368825316429138,0.2182937115430832,,,
29,906,0.9901838302612305,0.9465039968490601,0.07666246592998505,,,
29,907,0.9873638153076172,0.949353039264679,0.06511367112398148,,,
29,908,0.9914436340332031,0.9202346801757812,0.13301661610603333,,,
29,909,0.9931259155273438,0.959465742111206,0.06627559661865234,,,
29,910,0.9881772994995117,0.9332841634750366,0.09113374352455139,,,
29,911,0.9844551086425781,0.9365069270133972,0.07919520139694214,,,
29,912,0.991241455078125,0.9669868350028992,0.04670559987425804,,,
29,913,0.9888725280761719,0.9536899328231812,0.06063704565167427,,,
29,914,0.9857988357543945,0.9376094341278076,0.079339399933815,,,
29,915,0.9861936569213867,0.9562516212463379,0.05733645707368851,,,
29,916,0.9904117584228516,0.9454958438873291,0.07740988582372665,,,
29,917,0.9854726791381836,0.9231584072113037,0.10026092082262039,,,
29,918,0.9792394638061523,0.8100303411483765,0.23992407321929932,,,
29,919,0.989201545715332,0.950022280216217,0.06690143793821335,,,
29,920,0.9840764999389648,0.9009615182876587,0.1288827657699585,,,
29,921,0.9865217208862305,0.9379862546920776,0.08010648936033249,,,
29,922,0.9898366928100586,0.9392479658126831,0.08572346717119217,,,
29,923,0.9904375076293945,0.9228639006614685,0.11821157485246658,,,
29,924,0.987910270690918,0.8994917869567871,0.1462741494178772,,,
29,925,0.9807252883911133,0.909618616104126,0.11016105115413666,,,
29,926,0.9863567352294922,0.9111930727958679,0.11984135210514069,,,
29,927,0.9897527694702148,0.9394958019256592,0.0846187099814415,,,
29,928,0.9856109619140625,0.9057835936546326,0.12328002601861954,,,
29,929,0.990057647228241,0.9446309208869934,0.07891462743282318,,,
29,929,,,,0.9622328281402588,0.8676723837852478,0.18619878590106964
30,930,0.9878253936767578,0.949730634689331,0.06562414765357971,,,
30,931,0.9847755432128906,0.8664055466651917,0.18269620835781097,,,
30,932,0.9875097274780273,0.8956264853477478,0.144480898976326,,,
30,933,0.9858322143554688,0.9204736351966858,0.10306742787361145,,,
30,934,0.9871015548706055,0.9496240019798279,0.06491485238075256,,,
30,935,0.9880237579345703,0.9285778999328613,0.09902323782444,,,
30,936,0.9938783645629883,0.9733128547668457,0.04082593694329262,,,
30,937,0.9901971817016602,0.9489191174507141,0.07156961411237717,,,
30,938,0.9876251220703125,0.9408167004585266,0.07677781581878662,,,
30,939,0.9873695373535156,0.9524319171905518,0.060931671410799026,,,
30,940,0.9900531768798828,0.9599213004112244,0.053845956921577454,,,
30,941,0.9861660003662109,0.8960210680961609,0.1421259045600891,,,
30,942,0.9886798858642578,0.9162279367446899,0.11835095286369324,,,
30,943,0.9864225387573242,0.9492733478546143,0.06375731527805328,,,
30,944,0.9852981567382812,0.9283010363578796,0.08879145979881287,,,
30,945,0.9895477294921875,0.9166007041931152,0.12136167287826538,,,
30,946,0.9895162582397461,0.9620795249938965,0.0504906065762043,,,
30,947,0.9820985794067383,0.9192895293235779,0.09850530326366425,,,
30,948,0.9857826232910156,0.9261647462844849,0.09448535740375519,,,
30,949,0.9896688461303711,0.9324966669082642,0.09575101733207703,,,
30,950,0.9892730712890625,0.9170880317687988,0.1218150407075882,,,
30,951,0.9908895492553711,0.9585757851600647,0.057041145861148834,,,
30,952,0.9875526428222656,0.9104500412940979,0.12512247264385223,,,
30,953,0.987940788269043,0.9513717293739319,0.06268759071826935,,,
30,954,0.9881515502929688,0.8943618535995483,0.15239474177360535,,,
30,955,0.9931840896606445,0.9711998105049133,0.04274481162428856,,,
30,956,0.9857759475708008,0.941191554069519,0.0733027309179306,,,
30,957,0.9936943054199219,0.9798309206962585,0.03159237280488014,,,
30,958,0.9869089126586914,0.9045576453208923,0.12887689471244812,,,
30,959,0.9891519546508789,0.9074127078056335,0.13551536202430725,,,
30,960,0.9905128479003906,0.9301672577857971,0.10504814237356186,,,
30,960,,,,0.9628669023513794,0.8689079880714417,0.1843601018190384
31,961,0.9873714447021484,0.9181182384490967,0.11036403477191925,,,
31,962,0.9905815124511719,0.9657174944877625,0.04735830798745155,,,
31,963,0.9882802963256836,0.9231995344161987,0.10644664615392685,,,
31,964,0.9879150390625,0.9292011857032776,0.09435880184173584,,,
31,965,0.9906339645385742,0.9518538117408752,0.06618262082338333,,,
31,966,0.9870376586914062,0.9310197830200195,0.08951713889837265,,,
31,967,0.9875154495239258,0.9439163208007812,0.07484006136655807,,,
31,968,0.991119384765625,0.9418327212333679,0.08568571507930756,,,
31,969,0.9921979904174805,0.9703978300094604,0.041994474828243256,,,
31,970,0.9883842468261719,0.9351057410240173,0.08702442795038223,,,
31,971,0.9883584976196289,0.9232186675071716,0.1051359623670578,,,
31,972,0.9878873825073242,0.9373816847801208,0.08175454288721085,,,
31,973,0.9912900924682617,0.9683045744895935,0.0428694449365139,,,
31,974,0.9845285415649414,0.8926908373832703,0.13743580877780914,,,
31,975,0.9868888854980469,0.9234845042228699,0.10131656378507614,,,
31,976,0.9894599914550781,0.9317268133163452,0.09474726766347885,,,
31,977,0.9885520935058594,0.8999333381652832,0.14348860085010529,,,
31,978,0.9890403747558594,0.9518324732780457,0.06424028426408768,,,
31,979,0.989593505859375,0.959366500377655,0.053995318710803986,,,
31,980,0.9869089126586914,0.9113872647285461,0.11774509400129318,,,
31,981,0.9898548126220703,0.9672647714614868,0.04374672472476959,,,
31,982,0.9904851913452148,0.9579038619995117,0.05799838900566101,,,
31,983,0.9889392852783203,0.9337272047996521,0.08985231816768646,,,
31,984,0.9880838394165039,0.914548933506012,0.11732887476682663,,,
31,985,0.986659049987793,0.921779215335846,0.10358727723360062,,,
31,986,0.9904117584228516,0.9518663883209229,0.06475513428449631,,,
31,987,0.990260124206543,0.9614805579185486,0.05122540146112442,,,
31,988,0.9869899749755859,0.8966366648674011,0.14104871451854706,,,
31,989,0.9916534423828125,0.951085090637207,0.07162618637084961,,,
31,990,0.9857616424560547,0.9325075745582581,0.08359070122241974,,,
31,991,0.9856465458869934,0.9244140982627869,0.09485150128602982,,,
31,991,,,,0.9636752009391785,0.8709269762039185,0.18121163547039032
32,992,0.9895601272583008,0.9557416439056396,0.058638621121644974,,,
32,993,0.9874954223632812,0.9656961560249329,0.047596096992492676,,,
32,994,0.9898958206176758,0.9154631495475769,0.12318327277898788,,,
32,995,0.9881248474121094,0.9279798269271851,0.0944703072309494,,,
32,996,0.9886569976806641,0.955066442489624,0.05867816507816315,,,
32,997,0.9882678985595703,0.926716685295105,0.09985203295946121,,,
32,998,0.9885368347167969,0.9118626117706299,0.12546303868293762,,,
32,999,0.9895076751708984,0.9596053957939148,0.05365515500307083,,,
32,1000,0.9899168014526367,0.9622179865837097,0.04894478619098663,,,
32,1001,0.9907341003417969,0.9421804547309875,0.08188077062368393,,,
32,1002,0.9909791946411133,0.9562913179397583,0.06100837513804436,,,
32,1003,0.9896841049194336,0.9654088616371155,0.045713018625974655,,,
32,1004,0.9896564483642578,0.96229487657547,0.0500066876411438,,,
32,1005,0.9867649078369141,0.9175199866294861,0.10607749968767166,,,
32,1006,0.9871034622192383,0.9370279312133789,0.08077612519264221,,,
32,1007,0.9872102737426758,0.9284147024154663,0.09242759644985199,,,
32,1008,0.9897918701171875,0.943106472492218,0.07782670110464096,,,
32,1009,0.9837522506713867,0.9124592542648315,0.10881710797548294,,,
32,1010,0.9896516799926758,0.9557780623435974,0.05757735297083855,,,
32,1011,0.9902677536010742,0.9552820324897766,0.05882789194583893,,,
32,1012,0.9870367050170898,0.9184656739234924,0.107954241335392,,,
32,1013,0.987828254699707,0.8801190853118896,0.1665334701538086,,,
32,1014,0.986353874206543,0.8906816840171814,0.14541232585906982,,,
32,1015,0.9918346405029297,0.9460365772247314,0.07987460494041443,,,
32,1016,0.9883995056152344,0.914108157157898,0.11814714223146439,,,
32,1017,0.9853191375732422,0.9259779453277588,0.0926317647099495,,,
32,1018,0.9940671920776367,0.9169403910636902,0.16595114767551422,,,
32,1019,0.9862337112426758,0.9433141350746155,0.06959442794322968,,,
32,1020,0.9864835739135742,0.9357349872589111,0.08196110278367996,,,
32,1021,0.9929361343383789,0.9652372598648071,0.04953506216406822,,,
32,1022,0.9807408452033997,0.7919877171516418,0.25972822308540344,,,
32,1022,,,,0.9635217189788818,0.8710063695907593,0.18117576837539673
33,1023,0.9901266098022461,0.9184687733650208,0.1160878911614418,,,
33,1024,0.9892311096191406,0.9664238095283508,0.0437658429145813,,,
33,1025,0.9890060424804688,0.9623939990997314,0.04804861173033714,,,
33,1026,0.9881858825683594,0.9568313956260681,0.053871333599090576,,,
33,1027,0.9888629913330078,0.9009860754013062,0.14007103443145752,,,
33,1028,0.991328239440918,0.9618452787399292,0.05244496837258339,,,
33,1029,0.9877948760986328,0.8476410508155823,0.21519668400287628,,,
33,1030,0.9875288009643555,0.9409141540527344,0.07419873774051666,,,
33,1031,0.9896984100341797,0.940216064453125,0.07873005419969559,,,
33,1032,0.9864587783813477,0.9499135613441467,0.0609290711581707,,,
33,1033,0.9881715774536133,0.9631025791168213,0.04758928716182709,,,
33,1034,0.9904365539550781,0.9372312426567078,0.08904826641082764,,,
33,1035,0.9879484176635742,0.9337947368621826,0.08593524992465973,,,
33,1036,0.9828577041625977,0.9178803563117981,0.09891640394926071,,,
33,1037,0.9867000579833984,0.9157636761665344,0.1086767315864563,,,
33,1038,0.9846868515014648,0.9347209930419922,0.077239990234375,,,
33,1039,0.9859180450439453,0.8843849897384644,0.15036766231060028,,,
33,1040,0.9871368408203125,0.9350889325141907,0.08117601275444031,,,
33,1041,0.9890556335449219,0.9262420535087585,0.10015661269426346,,,
33,1042,0.9871597290039062,0.9429677724838257,0.07179763913154602,,,
33,1043,0.9895181655883789,0.9227715134620667,0.10668289661407471,,,
33,1044,0.9910306930541992,0.9218106865882874,0.11676166206598282,,,
33,1045,0.9896945953369141,0.9561988711357117,0.05832798779010773,,,
33,1046,0.9889650344848633,0.9424296617507935,0.07411382347345352,,,
33,1047,0.9872636795043945,0.9172813892364502,0.10674899816513062,,,
33,1048,0.9902544021606445,0.9575100541114807,0.0559563934803009,,,
33,1049,0.9904975891113281,0.9526098966598511,0.06329093873500824,,,
33,1050,0.9851217269897461,0.9279283285140991,0.08951328694820404,,,
33,1051,0.9852800369262695,0.8094491362571716,0.25835156440734863,,,
33,1052,0.9886159896850586,0.9456297159194946,0.06864555180072784,,,
33,1053,0.988287627696991,0.9389210939407349,0.07836250960826874,,,
33,1053,,,,0.9620594382286072,0.8669643998146057,0.18428577482700348
34,1054,0.984593391418457,0.9312137365341187,0.08291707932949066,,,
34,1055,0.9902000427246094,0.9655963182449341,0.046008817851543427,,,
34,1056,0.9910392761230469,0.9354825615882874,0.09473814815282822,,,
34,1057,0.9875268936157227,0.9439688920974731,0.06801369786262512,,,
34,1058,0.9888753890991211,0.9441550970077515,0.07226712256669998,,,
34,1059,0.9929103851318359,0.9704402685165405,0.04075607284903526,,,
34,1060,0.9893598556518555,0.9421949982643127,0.07709930092096329,,,
34,1061,0.9850101470947266,0.8901046514511108,0.14028853178024292,,,
34,1062,0.9884796142578125,0.8855540156364441,0.16226860880851746,,,
34,1063,0.9874916076660156,0.9055580496788025,0.12371636182069778,,,
34,1064,0.9928779602050781,0.9547522664070129,0.06758445501327515,,,
34,1065,0.9840030670166016,0.8976495862007141,0.12561693787574768,,,
34,1066,0.9867048263549805,0.9407964944839478,0.0729905515909195,,,
34,1067,0.990203857421875,0.9325519800186157,0.09461912512779236,,,
34,1068,0.9902448654174805,0.9546170234680176,0.059424132108688354,,,
34,1069,0.988616943359375,0.9289299845695496,0.0928589478135109,,,
34,1070,0.9892578125,0.9586532711982727,0.05236636847257614,,,
34,1071,0.9888076782226562,0.9468555450439453,0.06726153194904327,,,
34,1072,0.9915170669555664,0.9460238218307495,0.07695837318897247,,,
34,1073,0.9895429611206055,0.9587833285331726,0.05343203619122505,,,
34,1074,0.9851694107055664,0.8553368449211121,0.1908625215291977,,,
34,1075,0.988983154296875,0.9572189450263977,0.051804959774017334,,,
34,1076,0.9906110763549805,0.9517905116081238,0.06530509144067764,,,
34,1077,0.9911069869995117,0.9615328907966614,0.0521082729101181,,,
34,1078,0.9869785308837891,0.9457502961158752,0.06613335758447647,,,
34,1079,0.9893960952758789,0.9368855357170105,0.08327166736125946,,,
34,1080,0.9884576797485352,0.9370284676551819,0.0808209627866745,,,
34,1081,0.9847755432128906,0.9511065483093262,0.060207560658454895,,,
34,1082,0.9896917343139648,0.9504362940788269,0.0650806874036789,,,
34,1083,0.9882965087890625,0.9315014481544495,0.0895380973815918,,,
34,1084,0.9886398315429688,0.8413031101226807,0.22412577271461487,,,
34,1084,,,,0.9639303684234619,0.8719058036804199,0.1800743192434311
35,1085,0.9874324798583984,0.9242421388626099,0.09719767421483994,,,
35,1086,0.9891653060913086,0.9464795589447021,0.06933092325925827,,,
35,1087,0.987370491027832,0.9531776309013367,0.05838032811880112,,,
35,1088,0.98828125,0.9460219144821167,0.06720025092363358,,,
35,1089,0.9899053573608398,0.9487391710281372,0.0660143792629242,,,
35,1090,0.9885854721069336,0.9330360889434814,0.0856839269399643,,,
35,1091,0.9852609634399414,0.8697561025619507,0.16906632483005524,,,
35,1092,0.9896678924560547,0.959847629070282,0.05147997662425041,,,
35,1093,0.9908313751220703,0.9441702365875244,0.07655663043260574,,,
35,1094,0.991912841796875,0.9694351553916931,0.04002171754837036,,,
35,1095,0.9862527847290039,0.9191200137138367,0.10239897668361664,,,
35,1096,0.9890527725219727,0.9590169191360474,0.05198999494314194,,,
35,1097,0.9893741607666016,0.9449625611305237,0.07174316793680191,,,
35,1098,0.9874000549316406,0.9520076513290405,0.058556076139211655,,,
35,1099,0.9941129684448242,0.9775247573852539,0.03160080686211586,,,
35,1100,0.9872350692749023,0.9186425805091858,0.10330521315336227,,,
35,1101,0.9896373748779297,0.9471672773361206,0.07029568403959274,,,
35,1102,0.9823083877563477,0.9603258371353149,0.0594802163541317,,,
35,1103,0.9894628524780273,0.9561598300933838,0.055802371352910995,,,
35,1104,0.9885530471801758,0.9189358949661255,0.10536331683397293,,,
35,1105,0.9908380508422852,0.9411213397979736,0.0809876099228859,,,
35,1106,0.9879093170166016,0.9387441277503967,0.07732562720775604,,,
35,1107,0.9881887435913086,0.8968020081520081,0.14128482341766357,,,
35,1108,0.9907674789428711,0.908477246761322,0.13264276087284088,,,
35,1109,0.9901905059814453,0.9320131540298462,0.09367817640304565,,,
35,1110,0.9920530319213867,0.9503843188285828,0.07083466649055481,,,
35,1111,0.9803476333618164,0.8582815527915955,0.16883185505867004,,,
35,1112,0.9892435073852539,0.9512531161308289,0.06041032075881958,,,
35,1113,0.9842329025268555,0.8157410621643066,0.23331588506698608,,,
35,1114,0.9907865524291992,0.935866117477417,0.08999298512935638,,,
35,1115,0.987579345703125,0.9027507901191711,0.12708236277103424,,,
35,1115,,,,0.9645423889160156,0.8732880353927612,0.1780378818511963
36,1116,0.9896974563598633,0.9488288164138794,0.06569695472717285,,,
36,1117,0.9884471893310547,0.9283987283706665,0.09204838424921036,,,
36,1118,0.9872140884399414,0.8978654146194458,0.1334848254919052,,,
36,1119,0.9889764785766602,0.9074621200561523,0.1253400295972824,,,
36,1120,0.9880285263061523,0.94734126329422,0.06608758121728897,,,
36,1121,0.9867143630981445,0.8987307548522949,0.13040736317634583,,,
36,1122,0.9893922805786133,0.9376223087310791,0.08050189167261124,,,
36,1123,0.9860429763793945,0.8895363211631775,0.14102697372436523,,,
36,1124,0.9877834320068359,0.9399837255477905,0.07481174170970917,,,
36,1125,0.9877109527587891,0.9177255034446716,0.10390773415565491,,,
36,1126,0.9894046783447266,0.9389036893844604,0.07679392397403717,,,
36,1127,0.9883832931518555,0.9547080397605896,0.05494086816906929,,,
36,1128,0.991358757019043,0.9361474514007568,0.09017196297645569,,,
36,1129,0.9877786636352539,0.9139268398284912,0.11163832992315292,,,
36,1130,0.9877223968505859,0.9421889781951904,0.0714201033115387,,,
36,1131,0.9916505813598633,0.9701407551765442,0.03874948248267174,,,
36,1132,0.9868555068969727,0.934468686580658,0.08129313588142395,,,
36,1133,0.9854230880737305,0.9517937302589417,0.058948274701833725,,,
36,1134,0.9878683090209961,0.9413516521453857,0.07053233683109283,,,
36,1135,0.9909305572509766,0.9494474530220032,0.06629732996225357,,,
36,1136,0.9869136810302734,0.9317221641540527,0.0827799066901207,,,
36,1137,0.9914770126342773,0.951061487197876,0.06681874394416809,,,
36,1138,0.9911460876464844,0.9684764742851257,0.03995149955153465,,,
36,1139,0.9932107925415039,0.96017986536026,0.0563170500099659,,,
36,1140,0.9851140975952148,0.9362866878509521,0.07465118169784546,,,
36,1141,0.9885854721069336,0.9504531025886536,0.061721935868263245,,,
36,1142,0.9884405136108398,0.9349592328071594,0.08200301975011826,,,
36,1143,0.9879322052001953,0.9158828258514404,0.10779215395450592,,,
36,1144,0.9906549453735352,0.9486021399497986,0.06811567395925522,,,
36,1145,0.9872798919677734,0.9438815712928772,0.06742192059755325,,,
36,1146,0.9888598322868347,0.9577098488807678,0.05286722257733345,,,
36,1146,,,,0.9625099897384644,0.8682819604873657,0.18094879388809204
37,1147,0.9882936477661133,0.9136123061180115,0.11283671855926514,,,
37,1148,0.9892406463623047,0.9589672088623047,0.05185379832983017,,,
37,1149,0.9927206039428711,0.9532225728034973,0.06658484786748886,,,
37,1150,0.9891548156738281,0.9506933093070984,0.06150844693183899,,,
37,1151,0.9935188293457031,0.9602561593055725,0.058064088225364685,,,
37,1152,0.9886245727539062,0.9183773994445801,0.10635119676589966,,,
37,1153,0.989811897277832,0.9639476537704468,0.04562102258205414,,,
37,1154,0.9880208969116211,0.9527900815010071,0.05885472148656845,,,
37,1155,0.9902124404907227,0.9158142805099487,0.11525853723287582,,,
37,1156,0.9903068542480469,0.9513092637062073,0.0620875246822834,,,
37,1157,0.9843950271606445,0.9222733974456787,0.09165259450674057,,,
37,1158,0.9905719757080078,0.9222957491874695,0.10794146358966827,,,
37,1159,0.9901084899902344,0.9593109488487244,0.05184554308652878,,,
37,1160,0.9879217147827148,0.9596893787384033,0.04999994486570358,,,
37,1161,0.9837112426757812,0.9314705729484558,0.0786387249827385,,,
37,1162,0.9924201965332031,0.9571778774261475,0.058973703533411026,,,
37,1163,0.9910459518432617,0.9312549233436584,0.09382329136133194,,,
37,1164,0.9912357330322266,0.9434555768966675,0.07575098425149918,,,
37,1165,0.9899330139160156,0.9246538281440735,0.10269145667552948,,,
37,1166,0.9907846450805664,0.9592397212982178,0.05212583392858505,,,
37,1167,0.9916601181030273,0.9335127472877502,0.09682103246450424,,,
37,1168,0.9856691360473633,0.9018977880477905,0.1219344288110733,,,
37,1169,0.9892950057983398,0.9202441573143005,0.10535849630832672,,,
37,1170,0.9876375198364258,0.9592664837837219,0.050479114055633545,,,
37,1171,0.9897880554199219,0.9495982527732849,0.06243337318301201,,,
37,1172,0.9917430877685547,0.9483542442321777,0.06999910622835159,,,
37,1173,0.981287956237793,0.9371872544288635,0.07371746003627777,,,
37,1174,0.9918050765991211,0.963983952999115,0.046333197504282,,,
37,1175,0.9863491058349609,0.9417070746421814,0.07064514607191086,,,
37,1176,0.987335205078125,0.9175083637237549,0.10337645560503006,,,
37,1177,0.9845008850097656,0.8335291147232056,0.21134117245674133,,,
37,1177,,,,0.9635060429573059,0.8707063794136047,0.1794065684080124
38,1178,0.9882926940917969,0.910454273223877,0.11657396703958511,,,
38,1179,0.9907560348510742,0.9414709210395813,0.07720790803432465,,,
38,1180,0.9879512786865234,0.9020400047302246,0.12667050957679749,,,
38,1181,0.9872226715087891,0.901310384273529,0.12471350282430649,,,
38,1182,0.9911127090454102,0.9527014493942261,0.0625697448849678,,,
38,1183,0.9901132583618164,0.9452205896377563,0.070748470723629,,,
38,1184,0.9866342544555664,0.9200618267059326,0.09886464476585388,,,
38,1185,0.9892120361328125,0.9451964497566223,0.0677727460861206,,,
38,1186,0.9916257858276367,0.9597535729408264,0.05253305658698082,,,
38,1187,0.9857053756713867,0.9285560846328735,0.08513500541448593,,,
38,1188,0.987767219543457,0.9445963501930237,0.06771404296159744,,,
38,1189,0.9917697906494141,0.9478549957275391,0.07211419194936752,,,
38,1190,0.9927263259887695,0.9583408236503601,0.057959724217653275,,,
38,1191,0.990534782409668,0.8841525316238403,0.16394607722759247,,,
38,1192,0.9903202056884766,0.9554073810577393,0.05513130873441696,,,
38,1193,0.9904899597167969,0.8862799406051636,0.16595830023288727,,,
38,1194,0.9881935119628906,0.9511962532997131,0.05781299248337746,,,
38,1195,0.9875116348266602,0.937626838684082,0.07559768855571747,,,
38,1196,0.9872007369995117,0.9377599954605103,0.07434491068124771,,,
38,1197,0.9872560501098633,0.9373878240585327,0.07690020650625229,,,
38,1198,0.9870500564575195,0.9555572271347046,0.05349072813987732,,,
38,1199,0.9889774322509766,0.9202979207038879,0.10341792553663254,,,
38,1200,0.9894084930419922,0.9612966775894165,0.04729048162698746,,,
38,1201,0.9870815277099609,0.9399585723876953,0.07024292647838593,,,
38,1202,0.9869070053100586,0.8826581239700317,0.15085254609584808,,,
38,1203,0.9874944686889648,0.9298890233039856,0.08658985793590546,,,
38,1204,0.9923782348632812,0.9727983474731445,0.03627242147922516,,,
38,1205,0.9900712966918945,0.9430785179138184,0.07302708923816681,,,
38,1206,0.9923419952392578,0.964261531829834,0.046703074127435684,,,
38,1207,0.9877796173095703,0.9621151089668274,0.04692763090133667,,,
38,1208,0.9841537475585938,0.9519335627555847,0.05748056620359421,,,
38,1208,,,,0.9640269875526428,0.8715704679489136,0.17856277525424957
39,1209,0.9890470504760742,0.9576517939567566,0.05091222748160362,,,
39,1210,0.9896926879882812,0.915746808052063,0.11208314448595047,,,
39,1211,0.990997314453125,0.9467806220054626,0.0699925497174263,,,
39,1212,0.9907255172729492,0.9312842488288879,0.09327027946710587,,,
39,1213,0.9888458251953125,0.9480122327804565,0.06342398375272751,,,
39,1214,0.9884786605834961,0.9159412980079651,0.10988914966583252,,,
39,1215,0.9884805679321289,0.8902358412742615,0.14623482525348663,,,
39,1216,0.9900960922241211,0.9475213289260864,0.06526907533407211,,,
39,1217,0.9881877899169922,0.9217255115509033,0.09915516525506973,,,
39,1218,0.9903993606567383,0.9667665958404541,0.04104502499103546,,,
39,1219,0.9912948608398438,0.9628713726997375,0.04689446836709976,,,
39,1220,0.990875244140625,0.9365546703338623,0.08692897856235504,,,
39,1221,0.9887180328369141,0.9425987005233765,0.06977313756942749,,,
39,1222,0.988530158996582,0.9478492736816406,0.06432518362998962,,,
39,1223,0.9903879165649414,0.9172658920288086,0.1148405596613884,,,
39,1224,0.9905080795288086,0.9214263558387756,0.10795815289020538,,,
39,1225,0.9857063293457031,0.9266092777252197,0.08816984295845032,,,
39,1226,0.9923896789550781,0.9684219360351562,0.04006388038396835,,,
39,1227,0.9877262115478516,0.9472871422767639,0.06331246346235275,,,
39,1228,0.9879341125488281,0.9570872783660889,0.05152427777647972,,,
39,1229,0.9926109313964844,0.9680468440055847,0.04107096418738365,,,
39,1230,0.9863862991333008,0.9371275305747986,0.0749964565038681,,,
39,1231,0.9850969314575195,0.9439820051193237,0.06531616300344467,,,
39,1232,0.9897251129150391,0.9526823163032532,0.05876488983631134,,,
39,1233,0.9902448654174805,0.9418651461601257,0.07419576495885849,,,
39,1234,0.9895572662353516,0.9424553513526917,0.07088109850883484,,,
39,1235,0.9836492538452148,0.9143431186676025,0.10115411132574081,,,
39,1236,0.9934167861938477,0.9780315160751343,0.029106969013810158,,,
39,1237,0.9915933609008789,0.9378989338874817,0.08553116023540497,,,
39,1238,0.9895734786987305,0.9208900332450867,0.10390226542949677,,,
39,1239,0.9850997924804688,0.9049211144447327,0.11669395864009857,,,
39,1239,,,,0.96343994140625,0.8703305125236511,0.180514857172966
40,1240,0.9902029037475586,0.9450835585594177,0.06903448700904846,,,
40,1241,0.9896440505981445,0.9408193230628967,0.07592064142227173,,,
40,1242,0.9906787872314453,0.9347220659255981,0.0871158018708229,,,
40,1243,0.9883174896240234,0.9449108839035034,0.06639380007982254,,,
40,1244,0.9911918640136719,0.9530733823776245,0.06176397204399109,,,
40,1245,0.9921016693115234,0.9583708047866821,0.055526137351989746,,,
40,1246,0.9924335479736328,0.9758657217025757,0.03205069899559021,,,
40,1247,0.9885244369506836,0.9531695246696472,0.05784082040190697,,,
40,1248,0.9896297454833984,0.9369736313819885,0.0788792297244072,,,
40,1249,0.9902067184448242,0.9475822448730469,0.06592445075511932,,,
40,1250,0.9918785095214844,0.944457471370697,0.07752712070941925,,,
40,1251,0.9909591674804688,0.9413090348243713,0.07807482779026031,,,
40,1252,0.9907732009887695,0.9111154079437256,0.12316397577524185,,,
40,1253,0.9897775650024414,0.9115002751350403,0.11633706837892532,,,
40,1254,0.9869670867919922,0.9543591737747192,0.054213836789131165,,,
40,1255,0.9854335784912109,0.8950312733650208,0.1259135603904724,,,
40,1256,0.9886999130249023,0.9149072170257568,0.10876020044088364,,,
40,1257,0.9905519485473633,0.9486076831817627,0.06585053354501724,,,
40,1258,0.9864110946655273,0.9483179450035095,0.06094954162836075,,,
40,1259,0.9900712966918945,0.9298379421234131,0.0897587388753891,,,
40,1260,0.9900331497192383,0.9634352922439575,0.04679353907704353,,,
40,1261,0.9910240173339844,0.9624140858650208,0.04757559299468994,,,
40,1262,0.9870729446411133,0.941254198551178,0.06965353339910507,,,
40,1263,0.9885082244873047,0.9590979218482971,0.04919563606381416,,,
40,1264,0.9879674911499023,0.9353815913200378,0.07864686101675034,,,
40,1265,0.9890785217285156,0.9085770845413208,0.11811019480228424,,,
40,1266,0.9922208786010742,0.9263210296630859,0.10516323894262314,,,
40,1267,0.9923553466796875,0.9496687650680542,0.07024494558572769,,,
40,1268,0.9918785095214844,0.9586073756217957,0.053735893219709396,,,
40,1269,0.9874629974365234,0.9453384280204773,0.06688438355922699,,,
40,1270,0.9895794987678528,0.9649847745895386,0.043897513300180435,,,
40,1270,,,,0.9601855874061584,0.8616363406181335,0.18638385832309723
41,1271,0.9913043975830078,0.9356209635734558,0.08436588197946548,,,
41,1272,0.9869699478149414,0.9442792534828186,0.06558133661746979,,,
41,1273,0.9857625961303711,0.9218614101409912,0.09393548965454102,,,
41,1274,0.9895343780517578,0.9265574812889099,0.09617138653993607,,,
41,1275,0.9898271560668945,0.9380063414573669,0.07802850008010864,,,
41,1276,0.988433837890625,0.9388450980186462,0.07312577962875366,,,
41,1277,0.9891214370727539,0.9257830381393433,0.09441930055618286,,,
41,1278,0.9901819229125977,0.9629890322685242,0.04585500806570053,,,
41,1279,0.9929075241088867,0.960443377494812,0.05389387160539627,,,
41,1280,0.9908647537231445,0.9528562426567078,0.06105276942253113,,,
41,1281,0.9844799041748047,0.833777666091919,0.20203620195388794,,,
41,1282,0.9887428283691406,0.9043498039245605,0.12366805225610733,,,
41,1283,0.990788459777832,0.9733824133872986,0.035907160490751266,,,
41,1284,0.989349365234375,0.9439185857772827,0.06967804580926895,,,
41,1285,0.9881267547607422,0.951317548751831,0.05843248963356018,,,
41,1286,0.9883565902709961,0.9447586536407471,0.0667635127902031,,,
41,1287,0.9884777069091797,0.9070600867271423,0.11911174654960632,,,
41,1288,0.9872589111328125,0.9439780712127686,0.06620345264673233,,,
41,1289,0.9931602478027344,0.949770987033844,0.07211990654468536,,,
41,1290,0.9878463745117188,0.9046742916107178,0.12146154046058655,,,
41,1291,0.9910173416137695,0.964118480682373,0.044398047029972076,,,
41,1292,0.9896945953369141,0.9332382082939148,0.08456066995859146,,,
41,1293,0.9914627075195312,0.9445854425430298,0.07155279070138931,,,
41,1294,0.9878015518188477,0.9567483067512512,0.05142521113157272,,,
41,1295,0.9856595993041992,0.9551066160202026,0.05362869054079056,,,
41,1296,0.989771842956543,0.9379810690879822,0.07599955797195435,,,
41,1297,0.9894218444824219,0.9049235582351685,0.12537923455238342,,,
41,1298,0.987818717956543,0.9492008090019226,0.05884242430329323,,,
41,1299,0.9923286437988281,0.9691743850708008,0.03797173872590065,,,
41,1300,0.9908237457275391,0.9328658580780029,0.08883938938379288,,,
41,1301,0.9923896789550781,0.9710578918457031,0.03782426938414574,,,
41,1301,,,,0.96265709400177,0.8683739304542542,0.18004193902015686
42,1302,0.9896392822265625,0.9439352750778198,0.0689300149679184,,,
42,1303,0.991917610168457,0.9518567323684692,0.06333768367767334,,,
42,1304,0.9887800216674805,0.9524315595626831,0.05648425966501236,,,
42,1305,0.9846706390380859,0.9090111255645752,0.10651376098394394,,,
42,1306,0.9898653030395508,0.9213228821754456,0.10222658514976501,,,
42,1307,0.9896230697631836,0.96929931640625,0.038993917405605316,,,
42,1308,0.9904384613037109,0.9330537915229797,0.08710020780563354,,,
42,1309,0.9878244400024414,0.9322547316551208,0.0812082588672638,,,
42,1310,0.9858531951904297,0.9032070636749268,0.117826446890831,,,
42,1311,0.9891901016235352,0.9351299405097961,0.07982810586690903,,,
42,1312,0.9900226593017578,0.9376422762870789,0.07769347727298737,,,
42,1313,0.9892158508300781,0.9355486035346985,0.08159368485212326,,,
42,1314,0.9927883148193359,0.9771828055381775,0.03050887957215309,,,
42,1315,0.9911136627197266,0.9617609977722168,0.0480106882750988,,,
42,1316,0.9942026138305664,0.968351423740387,0.044713281095027924,,,
42,1317,0.9920482635498047,0.9524295926094055,0.06372503936290741,,,
42,1318,0.9876270294189453,0.8578425645828247,0.18435727059841156,,,
42,1319,0.9868345260620117,0.9415029883384705,0.06799035519361496,,,
42,1320,0.990870475769043,0.9465628266334534,0.06890842318534851,,,
42,1321,0.9906482696533203,0.9275577664375305,0.09537918120622635,,,
42,1322,0.9910316467285156,0.9622382521629333,0.04543968290090561,,,
42,1323,0.9920663833618164,0.9565173983573914,0.058276135474443436,,,
42,1324,0.9895448684692383,0.9506937265396118,0.06109050288796425,,,
42,1325,0.9899387359619141,0.962398886680603,0.04632626846432686,,,
42,1326,0.9915952682495117,0.9583612680435181,0.05274546146392822,,,
42,1327,0.9857110977172852,0.9192225933074951,0.09612767398357391,,,
42,1328,0.9901828765869141,0.9354158639907837,0.08585599809885025,,,
42,1329,0.9886817932128906,0.943962037563324,0.06673244386911392,,,
42,1330,0.9901256561279297,0.955292820930481,0.05615055188536644,,,
42,1331,0.9918441772460938,0.9391385912895203,0.08373058587312698,,,
42,1332,0.9908650517463684,0.9650864005088806,0.04497328773140907,,,
42,1332,,,,0.9634284973144531,0.8706157207489014,0.17802855372428894
43,1333,0.9885501861572266,0.9406894445419312,0.0725548267364502,,,
43,1334,0.9908294677734375,0.9519497752189636,0.0603066124022007,,,
43,1335,0.9864063262939453,0.9452894926071167,0.06480073183774948,,,
43,1336,0.9910125732421875,0.9615030884742737,0.047452736645936966,,,
43,1337,0.9899454116821289,0.9043206572532654,0.12676964700222015,,,
43,1338,0.989384651184082,0.9377422332763672,0.07949986308813095,,,
43,1339,0.9901914596557617,0.9574488401412964,0.05410831794142723,,,
43,1340,0.9904384613037109,0.9584572911262512,0.05149909108877182,,,
43,1341,0.9877471923828125,0.8511653542518616,0.19372737407684326,,,
43,1342,0.9885673522949219,0.9636343717575073,0.04473147168755531,,,
43,1343,0.9909505844116211,0.9634965658187866,0.04633243381977081,,,
43,1344,0.9880790710449219,0.9277878403663635,0.08749258518218994,,,
43,1345,0.9920902252197266,0.9658291935920715,0.04385247826576233,,,
43,1346,0.9902124404907227,0.9417020678520203,0.0742177665233612,,,
43,1347,0.9879703521728516,0.9500540494918823,0.05984179675579071,,,
43,1348,0.9912004470825195,0.969860315322876,0.038444820791482925,,,
43,1349,0.989375114440918,0.911200225353241,0.11500665545463562,,,
43,1350,0.9880256652832031,0.9522848725318909,0.05817510560154915,,,
43,1351,0.9910678863525391,0.958552360534668,0.05125034227967262,,,
43,1352,0.9885578155517578,0.9173309803009033,0.10510291904211044,,,
43,1353,0.9883956909179688,0.929735004901886,0.08561626821756363,,,
43,1354,0.9889869689941406,0.9192752242088318,0.10342246294021606,,,
43,1355,0.9931716918945312,0.953569233417511,0.06534409523010254,,,
43,1356,0.9912080764770508,0.9084081053733826,0.1268005222082138,,,
43,1357,0.9918727874755859,0.956811249256134,0.056469034403562546,,,
43,1358,0.9916467666625977,0.9366799592971802,0.08682891726493835,,,
43,1359,0.991236686706543,0.9455189108848572,0.06955095380544662,,,
43,1360,0.988804817199707,0.9135547876358032,0.11015709489583969,,,
43,1361,0.9911308288574219,0.9432352185249329,0.07393491268157959,,,
43,1362,0.9931774139404297,0.9786468148231506,0.029630085453391075,,,
43,1363,0.9921976923942566,0.9674467444419861,0.042361266911029816,,,
43,1363,,,,0.9631661176681519,0.8697978258132935,0.1790914684534073
44,1364,0.9899358749389648,0.9737574458122253,0.03682953119277954,,,
44,1365,0.9902963638305664,0.9626026153564453,0.04695077985525131,,,
44,1366,0.9878101348876953,0.9340658187866211,0.07907287031412125,,,
44,1367,0.9888792037963867,0.9279878735542297,0.08870412409305573,,,
44,1368,0.9911956787109375,0.9549453854560852,0.05659648776054382,,,
44,1369,0.9907064437866211,0.9407771825790405,0.07405069470405579,,,
44,1370,0.9916324615478516,0.9534763097763062,0.060151275247335434,,,
44,1371,0.9899139404296875,0.923786461353302,0.1003807857632637,,,
44,1372,0.9895858764648438,0.9436113238334656,0.06905122101306915,,,
44,1373,0.9912128448486328,0.9367491602897644,0.08536546677350998,,,
44,1374,0.9824895858764648,0.907113790512085,0.10743255168199539,,,
44,1375,0.988276481628418,0.9303954243659973,0.08576703071594238,,,
44,1376,0.9876928329467773,0.9306164383888245,0.0852636769413948,,,
44,1377,0.990992546081543,0.953323245048523,0.05965312197804451,,,
44,1378,0.991337776184082,0.952629804611206,0.06088395416736603,,,
44,1379,0.9901723861694336,0.9020456075668335,0.13417580723762512,,,
44,1380,0.9924421310424805,0.9752534627914429,0.03301441669464111,,,
44,1381,0.9923200607299805,0.9227492809295654,0.11259924620389938,,,
44,1382,0.9928407669067383,0.9572445750236511,0.0583675354719162,,,
44,1383,0.9868631362915039,0.9341872930526733,0.07947005331516266,,,
44,1384,0.9934825897216797,0.9589768648147583,0.0565108060836792,,,
44,1385,0.9943552017211914,0.9659706354141235,0.05302099138498306,,,
44,1386,0.9890117645263672,0.9679504036903381,0.04124912619590759,,,
44,1387,0.9890022277832031,0.9387644529342651,0.07620672881603241,,,
44,1388,0.9913187026977539,0.923957884311676,0.10487283766269684,,,
44,1389,0.9888401031494141,0.8966455459594727,0.1328270584344864,,,
44,1390,0.990391731262207,0.9659915566444397,0.04356967285275459,,,
44,1391,0.9906320571899414,0.9600367546081543,0.05050767958164215,,,
44,1392,0.9877958297729492,0.9383286237716675,0.07503416389226913,,,
44,1393,0.9925079345703125,0.9629152417182922,0.04935382306575775,,,
44,1394,0.9919522404670715,0.9606637954711914,0.0516011007130146,,,
44,1394,,,,0.9636103510856628,0.8711107969284058,0.17789819836616516
45,1395,0.9894647598266602,0.9505217671394348,0.06071161851286888,,,
45,1396,0.9913845062255859,0.9571602940559387,0.055737368762493134,,,
45,1397,0.9868764877319336,0.9536768198013306,0.055789604783058167,,,
45,1398,0.991002082824707,0.932856559753418,0.08982811123132706,,,
45,1399,0.9905719757080078,0.9216832518577576,0.10624372959136963,,,
45,1400,0.9895229339599609,0.9199510216712952,0.10687939077615738,,,
45,1401,0.9881906509399414,0.9149531126022339,0.10394825041294098,,,
45,1402,0.9898700714111328,0.9359943270683289,0.08160185068845749,,,
45,1403,0.9895572662353516,0.9450436234474182,0.06743671745061874,,,
45,1404,0.989715576171875,0.931350588798523,0.08989737182855606,,,
45,1405,0.9924154281616211,0.9521888494491577,0.06447260081768036,,,
45,1406,0.9919891357421875,0.9589257836341858,0.05242857336997986,,,
45,1407,0.9894447326660156,0.9512702226638794,0.05898738652467728,,,
45,1408,0.9861679077148438,0.9137898087501526,0.10312498360872269,,,
45,1409,0.9907646179199219,0.9682040214538574,0.04121794179081917,,,
45,1410,0.9902029037475586,0.9657549262046814,0.04264785349369049,,,
45,1411,0.9883651733398438,0.9323650002479553,0.0844077542424202,,,
45,1412,0.9911003112792969,0.9324702620506287,0.0895485132932663,,,
45,1413,0.9918069839477539,0.9478280544281006,0.07129881531000137,,,
45,1414,0.9894294738769531,0.9286592602729797,0.09031076729297638,,,
45,1415,0.9874811172485352,0.9195738434791565,0.09918366372585297,,,
45,1416,0.9915971755981445,0.9751681089401245,0.03379550576210022,,,
45,1417,0.9910049438476562,0.9534991383552551,0.05781130492687225,,,
45,1418,0.9912509918212891,0.9694410562515259,0.038469649851322174,,,
45,1419,0.989105224609375,0.9517170190811157,0.05862683802843094,,,
45,1420,0.9899997711181641,0.8768106698989868,0.17368821799755096,,,
45,1421,0.9932947158813477,0.958941638469696,0.057204004377126694,,,
45,1422,0.9913444519042969,0.975265622138977,0.033113956451416016,,,
45,1423,0.9916229248046875,0.9517929553985596,0.06417924165725708,,,
45,1424,0.9915533065795898,0.9523865580558777,0.06121544539928436,,,
45,1425,0.9939765930175781,0.9546867609024048,0.06701099127531052,,,
45,1425,,,,0.963125467300415,0.8695922493934631,0.179335817694664
46,1426,0.9875831604003906,0.9589824080467224,0.050089940428733826,,,
46,1427,0.9928979873657227,0.9738033413887024,0.03531711548566818,,,
46,1428,0.9889545440673828,0.9099076390266418,0.11696958541870117,,,
46,1429,0.9916515350341797,0.9637575745582581,0.044623617082834244,,,
46,1430,0.9915227890014648,0.932427704334259,0.09179209172725677,,,
46,1431,0.9916057586669922,0.9536905288696289,0.059506602585315704,,,
46,1432,0.9923582077026367,0.9626569151878357,0.04954395815730095,,,
46,1433,0.9924793243408203,0.9691608548164368,0.040338870137929916,,,
46,1434,0.9924802780151367,0.9560626149177551,0.05825366452336311,,,
46,1435,0.9910058975219727,0.9642338156700134,0.04471322149038315,,,
46,1436,0.9897861480712891,0.9691485166549683,0.03985175862908363,,,
46,1437,0.9932889938354492,0.9700712561607361,0.04043923318386078,,,
46,1438,0.9878759384155273,0.9352002143859863,0.07959827035665512,,,
46,1439,0.9916629791259766,0.9452053308486938,0.07272017747163773,,,
46,1440,0.9928884506225586,0.9614320397377014,0.052457064390182495,,,
46,1441,0.9907712936401367,0.8456003069877625,0.22371353209018707,,,
46,1442,0.9886865615844727,0.9171878695487976,0.10515891760587692,,,
46,1443,0.9855566024780273,0.9089570045471191,0.10859984159469604,,,
46,1444,0.9891042709350586,0.9175530672073364,0.10737568885087967,,,
46,1445,0.9891843795776367,0.916936457157135,0.10736909508705139,,,
46,1446,0.9896955490112305,0.9656957983970642,0.04280455783009529,,,
46,1447,0.9915533065795898,0.9508001804351807,0.06437563896179199,,,
46,1448,0.9886131286621094,0.9497639536857605,0.06056603789329529,,,
46,1449,0.9917240142822266,0.9482589960098267,0.06865954399108887,,,
46,1450,0.9937810897827148,0.9718254208564758,0.038503363728523254,,,
46,1451,0.9889898300170898,0.9385897517204285,0.07697246968746185,,,
46,1452,0.9888763427734375,0.9338640570640564,0.08204571902751923,,,
46,1453,0.9868783950805664,0.9122792482376099,0.1094544306397438,,,
46,1454,0.9905433654785156,0.9475746154785156,0.06568693369626999,,,
46,1455,0.990635871887207,0.9583656787872314,0.05193201079964638,,,
46,1456,0.9913151860237122,0.9390385150909424,0.08184788376092911,,,
46,1456,,,,0.9633276462554932,0.8702563047409058,0.17881423234939575
47,1457,0.9914999008178711,0.9427325129508972,0.0769868865609169,,,
47,1458,0.9932308197021484,0.9621498584747314,0.052111368626356125,,,
47,1459,0.9897928237915039,0.9490007758140564,0.06455623358488083,,,
47,1460,0.9921112060546875,0.9602592587471008,0.051746100187301636,,,
47,1461,0.9914665222167969,0.9576564431190491,0.055407293140888214,,,
47,1462,0.9926414489746094,0.9555888175964355,0.05916428565979004,,,
47,1463,0.9907817840576172,0.9532039761543274,0.06039324775338173,,,
47,1464,0.9899234771728516,0.944439172744751,0.07136154919862747,,,
47,1465,0.9906272888183594,0.9569737911224365,0.05330609157681465,,,
47,1466,0.9910469055175781,0.9540421366691589,0.057494767010211945,,,
47,1467,0.9938802719116211,0.9728980660438538,0.036056552082300186,,,
47,1468,0.9908266067504883,0.9563031196594238,0.055585868656635284,,,
47,1469,0.993194580078125,0.9708068370819092,0.037351448088884354,,,
47,1470,0.9880037307739258,0.9362022876739502,0.07818084210157394,,,
47,1471,0.9906387329101562,0.9558599591255188,0.05444559454917908,,,
47,1472,0.9883699417114258,0.933383584022522,0.0811244323849678,,,
47,1473,0.9869203567504883,0.8756144642829895,0.15644972026348114,,,
47,1474,0.991703987121582,0.9687931537628174,0.041408780962228775,,,
47,1475,0.9877109527587891,0.9060472249984741,0.11999943852424622,,,
47,1476,0.9908390045166016,0.9573284983634949,0.054284900426864624,,,
47,1477,0.9898538589477539,0.9513327479362488,0.06052560359239578,,,
47,1478,0.9937238693237305,0.9690226912498474,0.04259795695543289,,,
47,1479,0.9909954071044922,0.9366937279701233,0.08511839061975479,,,
47,1480,0.9938879013061523,0.9739680886268616,0.03621074557304382,,,
47,1481,0.9912328720092773,0.948369026184082,0.06790123134851456,,,
47,1482,0.9875879287719727,0.9229266047477722,0.09484721720218658,,,
47,1483,0.9878082275390625,0.9543894529342651,0.054733432829380035,,,
47,1484,0.9921531677246094,0.9632893204689026,0.04811776801943779,,,
47,1485,0.9869661331176758,0.9136377573013306,0.10647270083427429,,,
47,1486,0.9918127059936523,0.9448848962783813,0.0714183822274208,,,
47,1487,0.9886093139648438,0.9412990212440491,0.07223817706108093,,,
47,1487,,,,0.9631636142730713,0.8699009418487549,0.1790674328804016
48,1488,0.9852609634399414,0.9083936214447021,0.10959676653146744,,,
48,1489,0.9897222518920898,0.9466339945793152,0.06715186685323715,,,
48,1490,0.9903402328491211,0.943799614906311,0.07259953022003174,,,
48,1491,0.9897890090942383,0.9308587908744812,0.0868760421872139,,,
48,1492,0.9915761947631836,0.9620606303215027,0.04923432320356369,,,
48,1493,0.991790771484375,0.9387257099151611,0.08387741446495056,,,
48,1494,0.988067626953125,0.8557145595550537,0.18819044530391693,,,
48,1495,0.9928903579711914,0.967948317527771,0.042779531329870224,,,
48,1496,0.9901113510131836,0.9329605102539062,0.08761335909366608,,,
48,1497,0.9870748519897461,0.9243909120559692,0.09230159968137741,,,
48,1498,0.9923171997070312,0.9635645151138306,0.048463594168424606,,,
48,1499,0.9900074005126953,0.9576827883720398,0.0515633262693882,,,
48,1500,0.9906044006347656,0.9611783623695374,0.048730671405792236,,,
48,1501,0.9928159713745117,0.9763354063034058,0.0320553183555603,,,
48,1502,0.9896087646484375,0.9541998505592346,0.056743308901786804,,,
48,1503,0.988835334777832,0.9247820377349854,0.09452858567237854,,,
48,1504,0.9901227951049805,0.9662818312644958,0.04167725145816803,,,
48,1505,0.994359016418457,0.9688096642494202,0.04334774985909462,,,
48,1506,0.9924459457397461,0.9750238656997681,0.03298419341444969,,,
48,1507,0.9894475936889648,0.9139981269836426,0.111380934715271,,,
48,1508,0.9901847839355469,0.9411118626594543,0.07499591261148453,,,
48,1509,0.9880914688110352,0.9440794587135315,0.06794330477714539,,,
48,1510,0.9889707565307617,0.9450877904891968,0.06682731211185455,,,
48,1511,0.9917087554931641,0.9147830605506897,0.12097621709108353,,,
48,1512,0.9911270141601562,0.953418493270874,0.06146295368671417,,,
48,1513,0.9921016693115234,0.956688642501831,0.057750701904296875,,,
48,1514,0.9913244247436523,0.961500883102417,0.050603341311216354,,,
48,1515,0.9939632415771484,0.9730796217918396,0.036559127271175385,,,
48,1516,0.9926719665527344,0.964905858039856,0.04630296677350998,,,
48,1517,0.9899835586547852,0.9525949954986572,0.05796292796730995,,,
48,1518,0.9918734431266785,0.8760280609130859,0.1840503066778183,,,
48,1518,,,,0.962866485118866,0.8689808249473572,0.18011508882045746
49,1519,0.9891471862792969,0.9240695238113403,0.0962909460067749,,,
49,1520,0.9904499053955078,0.9647998213768005,0.044904712587594986,,,
49,1521,0.9888687133789062,0.9635379910469055,0.04477306082844734,,,
49,1522,0.989558219909668,0.929994523525238,0.09108332544565201,,,
49,1523,0.9876728057861328,0.9532243013381958,0.056971002370119095,,,
49,1524,0.992182731628418,0.9577667713165283,0.05475924164056778,,,
49,1525,0.9898452758789062,0.8787063956260681,0.16437938809394836,,,
49,1526,0.9900398254394531,0.9463871121406555,0.06617069244384766,,,
49,1527,0.9903068542480469,0.944931149482727,0.07090502232313156,,,
49,1528,0.9937105178833008,0.9741668105125427,0.034238360822200775,,,
49,1529,0.9912605285644531,0.9643906354904175,0.04513232037425041,,,
49,1530,0.9930200576782227,0.9719492793083191,0.037638094276189804,,,
49,1531,0.9857339859008789,0.9396376609802246,0.07116695493459702,,,
49,1532,0.9908552169799805,0.9472473859786987,0.06830357015132904,,,
49,1533,0.9932193756103516,0.9429968595504761,0.08161705732345581,,,
49,1534,0.9894771575927734,0.9437362551689148,0.07225356251001358,,,
49,1535,0.9911928176879883,0.9676390886306763,0.040308959782123566,,,
49,1536,0.9908437728881836,0.9321431517601013,0.09052454680204391,,,
49,1537,0.9875755310058594,0.9157995581626892,0.10558751970529556,,,
49,1538,0.9921884536743164,0.9613786935806274,0.05067061260342598,,,
49,1539,0.9926548004150391,0.8964687585830688,0.15935002267360687,,,
49,1540,0.9896411895751953,0.9474585652351379,0.06762951612472534,,,
49,1541,0.9904022216796875,0.9534537196159363,0.05854551121592522,,,
49,1542,0.992828369140625,0.9654730558395386,0.045438285917043686,,,
49,1543,0.9917488098144531,0.9316938519477844,0.0920858234167099,,,
49,1544,0.9908275604248047,0.8863227963447571,0.15972071886062622,,,
49,1545,0.9889335632324219,0.9387868046760559,0.07564756274223328,,,
49,1546,0.9912433624267578,0.9649527072906494,0.04485351964831352,,,
49,1547,0.9921274185180664,0.9454088807106018,0.07334472984075546,,,
49,1548,0.9915180206298828,0.9628825783729553,0.048211511224508286,,,
49,1549,0.9916267395019531,0.9681004285812378,0.03953469172120094,,,
49,1549,,,,0.9631775617599487,0.8699154853820801,0.17894376814365387
