epoch,step,train_BinaryAccuracy,train_BinaryJaccardIndex,train_loss,val_BinaryAccuracy,val_BinaryJaccardIndex,val_loss
0,0,0.48643970489501953,0.19298680126667023,0.8256555199623108,,,
0,1,0.5306558609008789,0.15428884327411652,0.8721413612365723,,,
0,2,0.6258964538574219,0.31260448694229126,0.7528390884399414,,,
0,3,0.6369838714599609,0.31067267060279846,0.7562107443809509,,,
0,4,0.6907291412353516,0.3548929989337921,0.7341747283935547,,,
0,5,0.6499223709106445,0.2601877450942993,0.7930698394775391,,,
0,6,0.6799068450927734,0.3487965166568756,0.728046178817749,,,
0,7,0.6912212371826172,0.3445882201194763,0.729575514793396,,,
0,8,0.7311649322509766,0.3888317942619324,0.710933268070221,,,
0,9,0.6579475402832031,0.15486226975917816,0.8855257630348206,,,
0,10,0.7229957580566406,0.3594032824039459,0.7318103313446045,,,
0,11,0.7797040939331055,0.43098020553588867,0.6997557878494263,,,
0,12,0.8269977569580078,0.587725818157196,0.5990508794784546,,,
0,13,0.8321285247802734,0.5507638454437256,0.6319237947463989,,,
0,14,0.8399744033813477,0.5803671479225159,0.611130952835083,,,
0,15,0.7953643798828125,0.38396167755126953,0.7523335218429565,,,
0,16,0.7860012054443359,0.3987347483634949,0.7387604713439941,,,
0,17,0.8249082565307617,0.4945113956928253,0.6808955073356628,,,
0,18,0.8865270614624023,0.6672427654266357,0.5839207768440247,,,
0,19,0.899439811706543,0.7239478826522827,0.5416147708892822,,,
0,20,0.8822031021118164,0.6343687772750854,0.6111799478530884,,,
0,21,0.8671483993530273,0.5761953592300415,0.647845983505249,,,
0,22,0.8567962646484375,0.5043979287147522,0.700661301612854,,,
0,23,0.9028768539428711,0.6783443689346313,0.5973250865936279,,,
0,24,0.8513669967651367,0.4849758744239807,0.7144948244094849,,,
0,25,0.9262847900390625,0.7847771644592285,0.5192930698394775,,,
0,26,0.8766031265258789,0.5938979983329773,0.6463744044303894,,,
0,27,0.9026823043823242,0.6345486044883728,0.6486490964889526,,,
0,28,0.9052200317382812,0.6426193118095398,0.6465432643890381,,,
0,29,0.8969202041625977,0.5854908227920532,0.6864126920700073,,,
0,30,0.9329986572265625,0.792286217212677,0.522130012512207,,,
0,30,,,,0.8777610063552856,0.6725786328315735,0.5736216306686401
1,31,0.9555721282958984,0.871512770652771,0.454118013381958,,,
1,32,0.9110870361328125,0.6653205156326294,0.6306034922599792,,,
1,33,0.9361343383789062,0.788265585899353,0.532464861869812,,,
1,34,0.9013385772705078,0.5915703773498535,0.6882098913192749,,,
1,35,0.9147167205810547,0.6495200991630554,0.6578424572944641,,,
1,36,0.8975019454956055,0.584101140499115,0.683356523513794,,,
1,37,0.923924446105957,0.736238420009613,0.5728222131729126,,,
1,38,0.942474365234375,0.8005976676940918,0.5313404202461243,,,
1,39,0.9240751266479492,0.709148645401001,0.6061702966690063,,,
1,40,0.8425970077514648,0.45213767886161804,0.7324548363685608,,,
1,41,0.9156761169433594,0.6693071126937866,0.6281419992446899,,,
1,42,0.935816764831543,0.7925459146499634,0.5157426595687866,,,
1,43,0.9053125381469727,0.6156805753707886,0.6617097854614258,,,
1,44,0.9155044555664062,0.7049508690834045,0.5781074166297913,,,
1,45,0.8970680236816406,0.5753834843635559,0.687450647354126,,,
1,46,0.8633108139038086,0.38611873984336853,0.799547553062439,,,
1,47,0.945347785949707,0.8208433985710144,0.5035363435745239,,,
1,48,0.9136600494384766,0.6417105793952942,0.6534171104431152,,,
1,49,0.9435815811157227,0.7887193560600281,0.5489883422851562,,,
1,50,0.9322061538696289,0.6844952702522278,0.6610867381095886,,,
1,51,0.9372014999389648,0.7748020887374878,0.5480250120162964,,,
1,52,0.928156852722168,0.7407486438751221,0.5697646141052246,,,
1,53,0.8833351135253906,0.5410146117210388,0.6962908506393433,,,
1,54,0.9342098236083984,0.6962133646011353,0.6521892547607422,,,
1,55,0.9346799850463867,0.7405194640159607,0.5872993469238281,,,
1,56,0.8874263763427734,0.550896167755127,0.6863082051277161,,,
1,57,0.8438453674316406,0.3365747034549713,0.8123385310173035,,,
1,58,0.8866176605224609,0.526128888130188,0.7082216143608093,,,
1,59,0.8721475601196289,0.5500698089599609,0.6635868549346924,,,
1,60,0.935328483581543,0.7806512117385864,0.5179977416992188,,,
1,61,0.9464632868766785,0.8303160667419434,0.4884013533592224,,,
1,61,,,,0.9044032692909241,0.7243159413337708,0.5456883907318115
2,62,0.9465560913085938,0.7963225841522217,0.539680004119873,,,
2,63,0.933746337890625,0.6814409494400024,0.6614646911621094,,,
2,64,0.963871955871582,0.8765173554420471,0.46789389848709106,,,
2,65,0.9171829223632812,0.6348084211349487,0.6683477163314819,,,
2,66,0.9589366912841797,0.8546982407569885,0.4878343343734741,,,
2,67,0.9133596420288086,0.5802733302116394,0.7112435102462769,,,
2,68,0.9286594390869141,0.6433087587356567,0.6874175071716309,,,
2,69,0.9558610916137695,0.8140923976898193,0.5571120977401733,,,
2,70,0.9383640289306641,0.7621361017227173,0.5609157681465149,,,
2,71,0.9118471145629883,0.5937476754188538,0.6872785687446594,,,
2,72,0.9711437225341797,0.9216615557670593,0.3690609335899353,,,
2,73,0.8836126327514648,0.5254554152488708,0.6943328380584717,,,
2,74,0.9151573181152344,0.6871771812438965,0.5807954668998718,,,
2,75,0.961766242980957,0.8665385842323303,0.4651922583580017,,,
2,76,0.8842496871948242,0.42175522446632385,0.7867646217346191,,,
2,77,0.9472064971923828,0.8418568968772888,0.4287862777709961,,,
2,78,0.9083957672119141,0.6359618902206421,0.6244584321975708,,,
2,79,0.8514223098754883,0.3716854155063629,0.7847908735275269,,,
2,80,0.8940143585205078,0.4593019187450409,0.7692760229110718,,,
2,81,0.9426822662353516,0.7767592072486877,0.5396855473518372,,,
2,82,0.9410371780395508,0.7245362997055054,0.6194921731948853,,,
2,83,0.9459428787231445,0.7781869173049927,0.5513952374458313,,,
2,84,0.9068431854248047,0.5067611932754517,0.7514373064041138,,,
2,85,0.9454231262207031,0.7890717387199402,0.5301164388656616,,,
2,86,0.9268712997436523,0.5532035231590271,0.7606360912322998,,,
2,87,0.9706811904907227,0.9023411870002747,0.4125458002090454,,,
2,88,0.9574708938598633,0.7975788712501526,0.5820834636688232,,,
2,89,0.9462709426879883,0.8135026097297668,0.47660040855407715,,,
2,90,0.9064779281616211,0.5685866475105286,0.6861127018928528,,,
2,91,0.9482040405273438,0.8113518357276917,0.4856910705566406,,,
2,92,0.9504826664924622,0.8286930918693542,0.4615473747253418,,,
2,92,,,,0.9027129411697388,0.722388744354248,0.5195050835609436
3,93,0.9081153869628906,0.5700688362121582,0.6869884729385376,,,
3,94,0.9355783462524414,0.7238330245018005,0.5808639526367188,,,
3,95,0.9182748794555664,0.6050812602043152,0.6748126149177551,,,
3,96,0.9599246978759766,0.8377410173416138,0.5005024671554565,,,
3,97,0.9648580551147461,0.863071858882904,0.47428661584854126,,,
3,98,0.9587688446044922,0.8371551632881165,0.4926111102104187,,,
3,99,0.9501190185546875,0.7935773134231567,0.5300760269165039,,,
3,100,0.9472751617431641,0.7317450642585754,0.6204275488853455,,,
3,101,0.9476394653320312,0.7548293471336365,0.5870410799980164,,,
3,102,0.9621095657348633,0.8606404066085815,0.4516664147377014,,,
3,103,0.9596014022827148,0.8018754720687866,0.570658266544342,,,
3,104,0.9658527374267578,0.8947619199752808,0.37326622009277344,,,
3,105,0.9661464691162109,0.8758541941642761,0.435568630695343,,,
3,106,0.9595413208007812,0.8564015626907349,0.43684953451156616,,,
3,107,0.9076242446899414,0.5147436261177063,0.7314895391464233,,,
3,108,0.9348278045654297,0.6685324311256409,0.6442195177078247,,,
3,109,0.9485931396484375,0.6911264061927795,0.6756956577301025,,,
3,110,0.964503288269043,0.8612678647041321,0.46126604080200195,,,
3,111,0.9626941680908203,0.8595545291900635,0.44841039180755615,,,
3,112,0.9281806945800781,0.635753333568573,0.6606851816177368,,,
3,113,0.9383668899536133,0.7202051877975464,0.5816541910171509,,,
3,114,0.9475393295288086,0.7900636196136475,0.5049926042556763,,,
3,115,0.9713706970214844,0.9000938534736633,0.3927043676376343,,,
3,116,0.9673595428466797,0.8961561322212219,0.3682762384414673,,,
3,117,0.9492483139038086,0.7138839960098267,0.6458376049995422,,,
3,118,0.949824333190918,0.7887901663780212,0.5145872235298157,,,
3,119,0.9360742568969727,0.7213612794876099,0.565377950668335,,,
3,120,0.952427864074707,0.7737373113632202,0.5593754053115845,,,
3,121,0.9113845825195312,0.506490170955658,0.7395837903022766,,,
3,122,0.9592704772949219,0.8026979565620422,0.547044038772583,,,
3,123,0.9462242126464844,0.6824237108230591,0.6642464399337769,,,
3,123,,,,0.9453040361404419,0.8157703876495361,0.48710954189300537
4,124,0.973968505859375,0.890667736530304,0.44959360361099243,,,
4,125,0.9747514724731445,0.9129890203475952,0.37012922763824463,,,
4,126,0.976318359375,0.8827091455459595,0.5179009437561035,,,
4,127,0.9743003845214844,0.9172119498252869,0.3450453281402588,,,
4,128,0.9367246627807617,0.7246701121330261,0.5528431534767151,,,
4,129,0.9723596572875977,0.9255853891372681,0.29077571630477905,,,
4,130,0.9403963088989258,0.7515997290611267,0.5222633481025696,,,
4,131,0.9351558685302734,0.6953250765800476,0.5877509117126465,,,
4,132,0.9348011016845703,0.6852321624755859,0.6010233163833618,,,
4,133,0.9675922393798828,0.8811784982681274,0.4004843831062317,,,
4,134,0.9442548751831055,0.7500908374786377,0.54471755027771,,,
4,135,0.9640779495239258,0.8910669088363647,0.33405762910842896,,,
4,136,0.9500522613525391,0.7459743022918701,0.5799871683120728,,,
4,137,0.9678163528442383,0.867235004901886,0.44272661209106445,,,
4,138,0.9334583282470703,0.7001740336418152,0.5717571973800659,,,
4,139,0.9095621109008789,0.4997177720069885,0.7301939725875854,,,
4,140,0.9339056015014648,0.6348794102668762,0.6587904095649719,,,
4,141,0.9462671279907227,0.7021331787109375,0.6246339678764343,,,
4,142,0.9508867263793945,0.771756649017334,0.535334050655365,,,
4,143,0.9479427337646484,0.6659302115440369,0.6804632544517517,,,
4,144,0.9536857604980469,0.7490154504776001,0.5909034013748169,,,
4,145,0.9622392654418945,0.8553802967071533,0.4225543737411499,,,
4,146,0.9663896560668945,0.8736904859542847,0.40320390462875366,,,
4,147,0.9584512710571289,0.7458405494689941,0.6240026950836182,,,
4,148,0.9527244567871094,0.7677582502365112,0.5468950271606445,,,
4,149,0.9580001831054688,0.8175044655799866,0.47758233547210693,,,
4,150,0.9737443923950195,0.8943139910697937,0.40393561124801636,,,
4,151,0.9368658065795898,0.6690976023674011,0.6179682016372681,,,
4,152,0.9668998718261719,0.8448686599731445,0.48289328813552856,,,
4,153,0.9499082565307617,0.7165453433990479,0.6122065782546997,,,
4,154,0.9036839604377747,0.4421129524707794,0.7639040946960449,,,
4,154,,,,0.9299782514572144,0.7806644439697266,0.46287310123443604
5,155,0.9629535675048828,0.7807391881942749,0.5917512774467468,,,
5,156,0.9754762649536133,0.8713967204093933,0.5039166212081909,,,
5,157,0.9667625427246094,0.8352314829826355,0.5093041062355042,,,
5,158,0.948613166809082,0.7162634134292603,0.6043547987937927,,,
5,159,0.9582405090332031,0.8029059171676636,0.5068621039390564,,,
5,160,0.9757041931152344,0.920944094657898,0.3125021457672119,,,
5,161,0.9510478973388672,0.7801845073699951,0.5009469389915466,,,
5,162,0.9645757675170898,0.8783307671546936,0.3539077043533325,,,
5,163,0.954742431640625,0.799465000629425,0.4812551736831665,,,
5,164,0.8882713317871094,0.4339907169342041,0.7368897199630737,,,
5,165,0.9290046691894531,0.6604869961738586,0.5886338949203491,,,
5,166,0.9675893783569336,0.8447719812393188,0.477485716342926,,,
5,167,0.9596195220947266,0.8073296546936035,0.4987315535545349,,,
5,168,0.9732389450073242,0.8994571566581726,0.36245226860046387,,,
5,169,0.9658136367797852,0.8893225193023682,0.3273029327392578,,,
5,170,0.9579992294311523,0.6154866814613342,0.7686996459960938,,,
5,171,0.9760274887084961,0.9086153507232666,0.3565407395362854,,,
5,172,0.9557218551635742,0.79067462682724,0.5029402375221252,,,
5,173,0.9557647705078125,0.7748185396194458,0.5323562622070312,,,
5,174,0.9790573120117188,0.9197394847869873,0.35202306509017944,,,
5,175,0.9641942977905273,0.8641632795333862,0.38245874643325806,,,
5,176,0.9637174606323242,0.8434883952140808,0.43498337268829346,,,
5,177,0.9684677124023438,0.8858641982078552,0.35085123777389526,,,
5,178,0.9484672546386719,0.7223654985427856,0.5756554007530212,,,
5,179,0.9685602188110352,0.8866314888000488,0.3485974669456482,,,
5,180,0.9570064544677734,0.7749320864677429,0.5357530117034912,,,
5,181,0.9675111770629883,0.8250570297241211,0.5132721662521362,,,
5,182,0.9605674743652344,0.7859790325164795,0.5392121076583862,,,
5,183,0.9680938720703125,0.8169382214546204,0.5367825627326965,,,
5,184,0.9666318893432617,0.8502478003501892,0.44030237197875977,,,
5,185,0.9529151916503906,0.7118321061134338,0.6129969358444214,,,
5,185,,,,0.9458122253417969,0.818019688129425,0.4385428726673126
6,186,0.9641027450561523,0.8110097646713257,0.5125880241394043,,,
6,187,0.9709205627441406,0.8821752071380615,0.3822892904281616,,,
6,188,0.970402717590332,0.8754574656486511,0.39477449655532837,,,
6,189,0.9625625610351562,0.8118995428085327,0.4944320321083069,,,
6,190,0.9522914886474609,0.775010347366333,0.4954984188079834,,,
6,191,0.9556484222412109,0.7466731071472168,0.566375732421875,,,
6,192,0.9740133285522461,0.8915073871612549,0.37868213653564453,,,
6,193,0.9727706909179688,0.9243234395980835,0.24662810564041138,,,
6,194,0.9625797271728516,0.800467848777771,0.5138996243476868,,,
6,195,0.9658260345458984,0.8312669992446899,0.47243577241897583,,,
6,196,0.9753694534301758,0.9194223284721375,0.28189635276794434,,,
6,197,0.9727544784545898,0.8873088955879211,0.3747607469558716,,,
6,198,0.9521255493164062,0.7554428577423096,0.5238895416259766,,,
6,199,0.9579010009765625,0.7209466695785522,0.6166602373123169,,,
6,200,0.9769620895385742,0.905957043170929,0.35199886560440063,,,
6,201,0.9715662002563477,0.8462169170379639,0.48297131061553955,,,
6,202,0.9556903839111328,0.6829484701156616,0.6559431552886963,,,
6,203,0.9565811157226562,0.7987855076789856,0.46544378995895386,,,
6,204,0.9755697250366211,0.8907595276832581,0.3919314742088318,,,
6,205,0.9790840148925781,0.9102486371994019,0.363369882106781,,,
6,206,0.9771137237548828,0.908750057220459,0.33880072832107544,,,
6,207,0.9647769927978516,0.8336171507835388,0.44089293479919434,,,
6,208,0.9610767364501953,0.8297714591026306,0.41926103830337524,,,
6,209,0.9656982421875,0.811091423034668,0.5021795034408569,,,
6,210,0.9542217254638672,0.743488609790802,0.5464276671409607,,,
6,211,0.9676504135131836,0.8581779599189758,0.39938831329345703,,,
6,212,0.9623842239379883,0.7718290686607361,0.5538783073425293,,,
6,213,0.9705924987792969,0.8812112808227539,0.35861724615097046,,,
6,214,0.9704294204711914,0.8014599084854126,0.5701615810394287,,,
6,215,0.9401588439941406,0.5491302013397217,0.7293514013290405,,,
6,216,0.9748446345329285,0.9199742674827576,0.2575567364692688,,,
6,216,,,,0.9223582148551941,0.7638017535209656,0.4336112141609192
7,217,0.9650745391845703,0.8253850340843201,0.4580315351486206,,,
7,218,0.9207925796508789,0.5131708383560181,0.7010157704353333,,,
7,219,0.9710969924926758,0.8639355301856995,0.41003358364105225,,,
7,220,0.9708347320556641,0.90653395652771,0.2666005492210388,,,
7,221,0.9646110534667969,0.8702535629272461,0.3323324918746948,,,
7,222,0.9669122695922852,0.8247461915016174,0.47360920906066895,,,
7,223,0.9771337509155273,0.9171650409698486,0.2892094850540161,,,
7,224,0.9699773788452148,0.825173556804657,0.5008825063705444,,,
7,225,0.966181755065918,0.8226408958435059,0.4690852761268616,,,
7,226,0.9672842025756836,0.804411768913269,0.5208079814910889,,,
7,227,0.9763317108154297,0.9043780565261841,0.3283036947250366,,,
7,228,0.9736080169677734,0.8981671333312988,0.31927043199539185,,,
7,229,0.9701042175292969,0.8988438248634338,0.280464768409729,,,
7,230,0.9706239700317383,0.8303463459014893,0.48840004205703735,,,
7,231,0.9594707489013672,0.7935617566108704,0.4701639413833618,,,
7,232,0.9591894149780273,0.7240567803382874,0.5960018634796143,,,
7,233,0.9749345779418945,0.9098554253578186,0.28388798236846924,,,
7,234,0.9757261276245117,0.8440274596214294,0.5136839151382446,,,
7,235,0.9818296432495117,0.9167944192886353,0.3562530279159546,,,
7,236,0.9678153991699219,0.8450867533683777,0.4199020266532898,,,
7,237,0.9633550643920898,0.7694255709648132,0.5478547215461731,,,
7,238,0.9696149826049805,0.8527884483337402,0.4127722978591919,,,
7,239,0.9545021057128906,0.7411534786224365,0.5340518951416016,,,
7,240,0.9243860244750977,0.5051459670066833,0.7106072902679443,,,
7,241,0.9735136032104492,0.8648864030838013,0.41868382692337036,,,
7,242,0.9757099151611328,0.8957322835922241,0.3414607644081116,,,
7,243,0.9668111801147461,0.7900480628013611,0.5321462154388428,,,
7,244,0.9737768173217773,0.8760855197906494,0.38482385873794556,,,
7,245,0.9836635589599609,0.932929277420044,0.3039144277572632,,,
7,246,0.9815711975097656,0.9401941299438477,0.22444969415664673,,,
7,247,0.9766642451286316,0.8989143371582031,0.33495253324508667,,,
7,247,,,,0.9390267133712769,0.8027027249336243,0.3976022005081177
8,248,0.9676351547241211,0.8492265343666077,0.3945324420928955,,,
8,249,0.9584026336669922,0.7575013041496277,0.5221095085144043,,,
8,250,0.9816865921020508,0.944757878780365,0.2016141414642334,,,
8,251,0.9761323928833008,0.8519226312637329,0.48159581422805786,,,
8,252,0.9707756042480469,0.8502928614616394,0.4204508066177368,,,
8,253,0.9742927551269531,0.8617258071899414,0.42800402641296387,,,
8,254,0.9766445159912109,0.8791995048522949,0.4021514058113098,,,
8,255,0.9598798751831055,0.717462420463562,0.5978054404258728,,,
8,256,0.9719944000244141,0.8431563377380371,0.45193248987197876,,,
8,257,0.9711675643920898,0.8634302020072937,0.38271892070770264,,,
8,258,0.9671401977539062,0.8345870971679688,0.4221923351287842,,,
8,259,0.9731149673461914,0.8594014048576355,0.411663293838501,,,
8,260,0.9766721725463867,0.8841638565063477,0.3794882297515869,,,
8,261,0.9742889404296875,0.8751903772354126,0.3789098262786865,,,
8,262,0.9782371520996094,0.91054767370224,0.30041420459747314,,,
8,263,0.9690008163452148,0.8279840350151062,0.453734815120697,,,
8,264,0.9651126861572266,0.7801153063774109,0.5204635858535767,,,
8,265,0.9643325805664062,0.7965201735496521,0.48076122999191284,,,
8,266,0.9768705368041992,0.9065812826156616,0.29430294036865234,,,
8,267,0.9784326553344727,0.9139358401298523,0.2855137586593628,,,
8,268,0.9778337478637695,0.907427191734314,0.3039209842681885,,,
8,269,0.9611949920654297,0.7841218709945679,0.4755162000656128,,,
8,270,0.9739103317260742,0.8745793700218201,0.3673875331878662,,,
8,271,0.9817934036254883,0.9185342788696289,0.31158965826034546,,,
8,272,0.9730520248413086,0.8979924917221069,0.27993565797805786,,,
8,273,0.9783267974853516,0.8800479173660278,0.40617191791534424,,,
8,274,0.9873247146606445,0.9524070620536804,0.2302870750427246,,,
8,275,0.9768667221069336,0.8783158659934998,0.38906264305114746,,,
8,276,0.9781408309936523,0.8847142457962036,0.3851483464241028,,,
8,277,0.9808588027954102,0.9315284490585327,0.2328265905380249,,,
8,278,0.9648590087890625,0.7830002903938293,0.5027432441711426,,,
8,278,,,,0.9469659328460693,0.8214925527572632,0.3751223087310791
9,279,0.9777393341064453,0.917561948299408,0.2528982162475586,,,
9,280,0.973322868347168,0.8710654377937317,0.3634909391403198,,,
9,281,0.9803361892700195,0.9227344989776611,0.2626265287399292,,,
9,282,0.9739990234375,0.8853822946548462,0.3243539333343506,,,
9,283,0.9602928161621094,0.6897004246711731,0.6185522079467773,,,
9,284,0.9680089950561523,0.7828760147094727,0.5259475708007812,,,
9,285,0.9737071990966797,0.864406943321228,0.3875734806060791,,,
9,286,0.9790525436401367,0.8831729888916016,0.39837580919265747,,,
9,287,0.9824666976928711,0.9251924753189087,0.2781767249107361,,,
9,288,0.9568948745727539,0.6111111044883728,0.6933779716491699,,,
9,289,0.9776515960693359,0.9048040509223938,0.2936985492706299,,,
9,290,0.9785013198852539,0.8460965752601624,0.5008722543716431,,,
9,291,0.9594898223876953,0.720441997051239,0.5640251040458679,,,
9,292,0.9715890884399414,0.9027220010757446,0.23837661743164062,,,
9,293,0.9783077239990234,0.8846639394760132,0.3748031258583069,,,
9,294,0.9772844314575195,0.9004858732223511,0.3039701581001282,,,
9,295,0.9808034896850586,0.9082986116409302,0.3209788203239441,,,
9,296,0.9636869430541992,0.7726895809173584,0.49780160188674927,,,
9,297,0.9697542190551758,0.8760890960693359,0.3012089133262634,,,
9,298,0.9786624908447266,0.9306391477584839,0.19881975650787354,,,
9,299,0.9750871658325195,0.8581997752189636,0.409912645816803,,,
9,300,0.9511642456054688,0.5911504030227661,0.6825025081634521,,,
9,301,0.9825439453125,0.9063992500305176,0.35556113719940186,,,
9,302,0.9688453674316406,0.7125712633132935,0.6398826837539673,,,
9,303,0.9727554321289062,0.8690412044525146,0.34805071353912354,,,
9,304,0.9822978973388672,0.9417604207992554,0.18678158521652222,,,
9,305,0.9743804931640625,0.9274122714996338,0.17315030097961426,,,
9,306,0.9806385040283203,0.9422641396522522,0.1668378710746765,,,
9,307,0.9775867462158203,0.9018111228942871,0.2900882363319397,,,
9,308,0.964482307434082,0.7294074892997742,0.5712196826934814,,,
9,309,0.9719594120979309,0.8123665452003479,0.48320937156677246,,,
9,309,,,,0.9513846635818481,0.8315709233283997,0.3543652892112732
10,310,0.9687767028808594,0.8228527307510376,0.4266905188560486,,,
10,311,0.9795999526977539,0.900843620300293,0.3228929042816162,,,
10,312,0.9790554046630859,0.9062666893005371,0.29349076747894287,,,
10,313,0.9809761047363281,0.9252166748046875,0.2410045862197876,,,
10,314,0.9769105911254883,0.9175655245780945,0.22267550230026245,,,
10,315,0.9774675369262695,0.9153842329978943,0.2346562147140503,,,
10,316,0.9774503707885742,0.8593037128448486,0.4231194257736206,,,
10,317,0.954340934753418,0.5988554954528809,0.6780999898910522,,,
10,318,0.9763126373291016,0.9173774123191833,0.2142782211303711,,,
10,319,0.9825286865234375,0.933938205242157,0.21821188926696777,,,
10,320,0.9831371307373047,0.9227806329727173,0.27733027935028076,,,
10,321,0.9783029556274414,0.8555116057395935,0.4478936791419983,,,
10,322,0.9782190322875977,0.8239714503288269,0.5269147753715515,,,
10,323,0.9840993881225586,0.9139822125434875,0.33290165662765503,,,
10,324,0.976384162902832,0.819868803024292,0.5090988874435425,,,
10,325,0.9725847244262695,0.8431174755096436,0.40250253677368164,,,
10,326,0.9716482162475586,0.8340923190116882,0.41643422842025757,,,
10,327,0.9801473617553711,0.8975289463996887,0.3288937211036682,,,
10,328,0.9759454727172852,0.8436626195907593,0.44092869758605957,,,
10,329,0.9786796569824219,0.8869247436523438,0.347611665725708,,,
10,330,0.9791231155395508,0.8641677498817444,0.42379480600357056,,,
10,331,0.9767169952392578,0.8578829765319824,0.40807074308395386,,,
10,332,0.9679460525512695,0.8058401942253113,0.4415012001991272,,,
10,333,0.979217529296875,0.9239015579223633,0.21239721775054932,,,
10,334,0.9684629440307617,0.851879894733429,0.3327459692955017,,,
10,335,0.9767799377441406,0.9147132635116577,0.2212458848953247,,,
10,336,0.9799880981445312,0.9210463166236877,0.22931259870529175,,,
10,337,0.9815464019775391,0.9277793765068054,0.221788227558136,,,
10,338,0.9794845581054688,0.9173423051834106,0.2371794581413269,,,
10,339,0.9674663543701172,0.7800614833831787,0.486238956451416,,,
10,340,0.9854723811149597,0.9468156695365906,0.1889561414718628,,,
10,340,,,,0.9504364728927612,0.8293542265892029,0.3414032459259033
11,341,0.9663476943969727,0.7253331542015076,0.5720340013504028,,,
11,342,0.9760990142822266,0.8688464760780334,0.36221396923065186,,,
11,343,0.9757194519042969,0.8503628969192505,0.40781861543655396,,,
11,344,0.9813871383666992,0.9347281455993652,0.185746967792511,,,
11,345,0.9779815673828125,0.9151453971862793,0.22411024570465088,,,
11,346,0.9709024429321289,0.7986178994178772,0.4718160629272461,,,
11,347,0.9714574813842773,0.7498056292533875,0.5714246034622192,,,
11,348,0.9755182266235352,0.8328721523284912,0.4455195665359497,,,
11,349,0.9829721450805664,0.9374984502792358,0.1907132863998413,,,
11,350,0.9801130294799805,0.8948846459388733,0.3249884247779846,,,
11,351,0.9826869964599609,0.8950878381729126,0.3664371967315674,,,
11,352,0.9695405960083008,0.8444382548332214,0.3530879020690918,,,
11,353,0.9773416519165039,0.9224927425384521,0.18810957670211792,,,
11,354,0.9805526733398438,0.9213189482688904,0.2226729393005371,,,
11,355,0.9800615310668945,0.9077649712562561,0.26956915855407715,,,
11,356,0.9777593612670898,0.8724478483200073,0.36111676692962646,,,
11,357,0.9847373962402344,0.9337725043296814,0.23090243339538574,,,
11,358,0.9773674011230469,0.8994342684745789,0.266110897064209,,,
11,359,0.9758234024047852,0.8616883754730225,0.3661581873893738,,,
11,360,0.9799938201904297,0.9352598786354065,0.16498905420303345,,,
11,361,0.9745397567749023,0.8198011517524719,0.4567892551422119,,,
11,362,0.9753227233886719,0.7851383686065674,0.5384154915809631,,,
11,363,0.9758062362670898,0.8259153962135315,0.45541805028915405,,,
11,364,0.9822320938110352,0.9168581962585449,0.26197493076324463,,,
11,365,0.9782180786132812,0.8840279579162598,0.32388895750045776,,,
11,366,0.9819364547729492,0.9301451444625854,0.19982433319091797,,,
11,367,0.9871015548706055,0.9516615271568298,0.17489129304885864,,,
11,368,0.9796123504638672,0.9184160828590393,0.21837151050567627,,,
11,369,0.9648656845092773,0.785708487033844,0.43417149782180786,,,
11,370,0.9763154983520508,0.8847339153289795,0.2911064028739929,,,
11,371,0.9812787175178528,0.921798050403595,0.2221333384513855,,,
11,371,,,,0.9480612277984619,0.8248351812362671,0.3317641019821167
12,372,0.9783096313476562,0.8772843480110168,0.3420109748840332,,,
12,373,0.9820804595947266,0.9222692847251892,0.23108220100402832,,,
12,374,0.9649028778076172,0.6424560546875,0.6712567806243896,,,
12,375,0.9759159088134766,0.88630211353302,0.28549468517303467,,,
12,376,0.9762334823608398,0.8927746415138245,0.2658199071884155,,,
12,377,0.9852199554443359,0.9584048986434937,0.1159932017326355,,,
12,378,0.985508918762207,0.9349684715270996,0.22396695613861084,,,
12,379,0.9850044250488281,0.9091628789901733,0.33200782537460327,,,
12,380,0.9779109954833984,0.8795220851898193,0.3323977589607239,,,
12,381,0.9814682006835938,0.9110113978385925,0.264707088470459,,,
12,382,0.9832038879394531,0.9338642954826355,0.19354265928268433,,,
12,383,0.9754409790039062,0.9217328429222107,0.1644970178604126,,,
12,384,0.9073448181152344,0.3434385061264038,0.7655865550041199,,,
12,385,0.9876823425292969,0.9601654410362244,0.12896466255187988,,,
12,386,0.9739770889282227,0.8393502831459045,0.38258659839630127,,,
12,387,0.9784040451049805,0.85328608751297,0.400493323802948,,,
12,388,0.9850378036499023,0.9353468418121338,0.21051543951034546,,,
12,389,0.9814128875732422,0.9006605744361877,0.29822802543640137,,,
12,390,0.9742832183837891,0.8815051317214966,0.2747035622596741,,,
12,391,0.9701471328735352,0.8670819401741028,0.27620214223861694,,,
12,392,0.9755678176879883,0.8942700624465942,0.2435404658317566,,,
12,393,0.968989372253418,0.8575689792633057,0.28657227754592896,,,
12,394,0.9705028533935547,0.8539294600486755,0.3092745542526245,,,
12,395,0.9632406234741211,0.8022775650024414,0.3749154210090637,,,
12,396,0.969944953918457,0.7985515594482422,0.43358027935028076,,,
12,397,0.9855480194091797,0.9309574961662292,0.2359272837638855,,,
12,398,0.9845762252807617,0.9209287166595459,0.2650826573371887,,,
12,399,0.9810056686401367,0.8996129035949707,0.29100555181503296,,,
12,400,0.9783639907836914,0.9027869701385498,0.2449026107788086,,,
12,401,0.9824075698852539,0.8785502910614014,0.3826137185096741,,,
12,402,0.9643135070800781,0.699408769607544,0.5579657554626465,,,
12,402,,,,0.9490377902984619,0.8252014517784119,0.327379435300827
13,403,0.9841136932373047,0.9299218654632568,0.2103521227836609,,,
13,404,0.9744338989257812,0.8153146505355835,0.43445682525634766,,,
13,405,0.9848709106445312,0.9300840497016907,0.2229507565498352,,,
13,406,0.9769735336303711,0.8722338080406189,0.32155388593673706,,,
13,407,0.9824628829956055,0.924223780632019,0.21184611320495605,,,
13,408,0.9788427352905273,0.8901460766792297,0.2880726456642151,,,
13,409,0.9878215789794922,0.9547041058540344,0.15055543184280396,,,
13,410,0.9723653793334961,0.8300797939300537,0.3794724941253662,,,
13,411,0.9797115325927734,0.9002873301506042,0.2645629644393921,,,
13,412,0.9876680374145508,0.9612706303596497,0.11827939748764038,,,
13,413,0.9694433212280273,0.7410723567008972,0.5256496667861938,,,
13,414,0.9787263870239258,0.9221336245536804,0.17565137147903442,,,
13,415,0.9761590957641602,0.8818673491477966,0.27444303035736084,,,
13,416,0.9825763702392578,0.9339087605476379,0.17071408033370972,,,
13,417,0.9815464019775391,0.9074649810791016,0.25600188970565796,,,
13,418,0.9838619232177734,0.9388481378555298,0.16487258672714233,,,
13,419,0.986302375793457,0.8951965570449829,0.3894588351249695,,,
13,420,0.9715480804443359,0.7921873331069946,0.44964873790740967,,,
13,421,0.9835615158081055,0.9153268337249756,0.256553053855896,,,
13,422,0.9751663208007812,0.8812991380691528,0.2676321864128113,,,
13,423,0.9768085479736328,0.8842209577560425,0.27374279499053955,,,
13,424,0.9808158874511719,0.8724744915962219,0.35699689388275146,,,
13,425,0.987401008605957,0.9250817894935608,0.2843731641769409,,,
13,426,0.9739160537719727,0.9163171052932739,0.1578913927078247,,,
13,427,0.984135627746582,0.9007422924041748,0.31663864850997925,,,
13,428,0.9790792465209961,0.8893356323242188,0.2785953879356384,,,
13,429,0.9779338836669922,0.8858245611190796,0.27487391233444214,,,
13,430,0.9783992767333984,0.889904797077179,0.2708471417427063,,,
13,431,0.9721508026123047,0.827734112739563,0.3711046576499939,,,
13,432,0.9805822372436523,0.9000545144081116,0.26458120346069336,,,
13,433,0.9786046147346497,0.8465998768806458,0.3945513963699341,,,
13,433,,,,0.9506475925445557,0.8302236795425415,0.31479397416114807
14,434,0.9855556488037109,0.9116990566253662,0.2966073751449585,,,
14,435,0.9796123504638672,0.8952310681343079,0.2630085349082947,,,
14,436,0.9834156036376953,0.9276612997055054,0.19797933101654053,,,
14,437,0.9851217269897461,0.9460394978523254,0.14232128858566284,,,
14,438,0.9763860702514648,0.8429009914398193,0.3728524446487427,,,
14,439,0.9793100357055664,0.9079616665840149,0.21576637029647827,,,
14,440,0.9861221313476562,0.9603016376495361,0.09909188747406006,,,
14,441,0.9848918914794922,0.9174796938896179,0.25529617071151733,,,
14,442,0.981541633605957,0.9215055704116821,0.19424223899841309,,,
14,443,0.982335090637207,0.88291996717453,0.3368028402328491,,,
14,444,0.9765892028808594,0.7932834625244141,0.48600858449935913,,,
14,445,0.9864206314086914,0.9249290823936462,0.25039780139923096,,,
14,446,0.9785966873168945,0.8940773606300354,0.2540323734283447,,,
14,447,0.9862871170043945,0.9420101046562195,0.1715538501739502,,,
14,448,0.9789981842041016,0.9108272790908813,0.2012074589729309,,,
14,449,0.9810924530029297,0.8976828455924988,0.26807135343551636,,,
14,450,0.9820022583007812,0.9244893193244934,0.1845807433128357,,,
14,451,0.9794378280639648,0.8810808062553406,0.2988293170928955,,,
14,452,0.9827432632446289,0.9018075466156006,0.2777150869369507,,,
14,453,0.978968620300293,0.8813691735267639,0.29113829135894775,,,
14,454,0.9869375228881836,0.9284890294075012,0.24295151233673096,,,
14,455,0.9840469360351562,0.9321805834770203,0.17816895246505737,,,
14,456,0.9767351150512695,0.8779035210609436,0.2725833058357239,,,
14,457,0.9773979187011719,0.8539192080497742,0.343686044216156,,,
14,458,0.981083869934082,0.9058833122253418,0.23536258935928345,,,
14,459,0.9840021133422852,0.8677353262901306,0.4072335362434387,,,
14,460,0.9818582534790039,0.917693555355072,0.20453929901123047,,,
14,461,0.9838399887084961,0.9050332903862,0.2773916721343994,,,
14,462,0.9818525314331055,0.883912205696106,0.3168210983276367,,,
14,463,0.983036994934082,0.942392885684967,0.13001000881195068,,,
14,464,0.9773610234260559,0.8622397184371948,0.3187711834907532,,,
14,464,,,,0.9460292458534241,0.8190860748291016,0.31021827459335327
15,465,0.9889612197875977,0.9624304175376892,0.10966753959655762,,,
15,466,0.989893913269043,0.9202699661254883,0.3468693494796753,,,
15,467,0.9855318069458008,0.9357563853263855,0.17975503206253052,,,
15,468,0.9859437942504883,0.9271335005760193,0.22144562005996704,,,
15,469,0.9829816818237305,0.9260504245758057,0.182506263256073,,,
15,470,0.9863948822021484,0.9574840664863586,0.10308533906936646,,,
15,471,0.9708719253540039,0.7485303282737732,0.4933043122291565,,,
15,472,0.9793319702148438,0.8781116008758545,0.2939443588256836,,,
15,473,0.9824428558349609,0.8850007653236389,0.31255054473876953,,,
15,474,0.9840574264526367,0.8976364135742188,0.29849398136138916,,,
15,475,0.9859590530395508,0.9201447367668152,0.246679425239563,,,
15,476,0.981175422668457,0.8886444568634033,0.2853235602378845,,,
15,477,0.9764032363891602,0.8705639243125916,0.28555506467819214,,,
15,478,0.9808921813964844,0.9080373048782349,0.21666985750198364,,,
15,479,0.984130859375,0.9400299787521362,0.14100003242492676,,,
15,480,0.9781036376953125,0.8515616655349731,0.34599411487579346,,,
15,481,0.9693946838378906,0.789545476436615,0.3986855149269104,,,
15,482,0.981562614440918,0.9245049357414246,0.16978400945663452,,,
15,483,0.9796943664550781,0.8857713341712952,0.27182453870773315,,,
15,484,0.9824380874633789,0.9428091645240784,0.11832010746002197,,,
15,485,0.9863471984863281,0.9071956276893616,0.3021146059036255,,,
15,486,0.9830379486083984,0.9114446043968201,0.2269333004951477,,,
15,487,0.9849262237548828,0.951997697353363,0.1061398983001709,,,
15,488,0.9811592102050781,0.9085370302200317,0.21097737550735474,,,
15,489,0.9847793579101562,0.9370694756507874,0.15454810857772827,,,
15,490,0.9855499267578125,0.9390536546707153,0.15796995162963867,,,
15,491,0.9870452880859375,0.9376780390739441,0.18516826629638672,,,
15,492,0.9575271606445312,0.5756010413169861,0.6368721723556519,,,
15,493,0.9801664352416992,0.9051313996315002,0.21711421012878418,,,
15,494,0.9751596450805664,0.7828620672225952,0.46275871992111206,,,
15,495,0.9836387634277344,0.9165639877319336,0.21651363372802734,,,
15,495,,,,0.9506713151931763,0.8294761180877686,0.294670432806015
16,496,0.9848814010620117,0.9005045890808105,0.2916600704193115,,,
16,497,0.9819602966308594,0.9134009480476379,0.20331740379333496,,,
16,498,0.9835958480834961,0.9411520957946777,0.12779217958450317,,,
16,499,0.9782705307006836,0.8799013495445251,0.26070404052734375,,,
16,500,0.976252555847168,0.8780450820922852,0.24627578258514404,,,
16,501,0.9750289916992188,0.8289879560470581,0.3532983660697937,,,
16,502,0.9851932525634766,0.917427659034729,0.23145681619644165,,,
16,503,0.9852399826049805,0.9276322722434998,0.193808913230896,,,
16,504,0.9821605682373047,0.935934841632843,0.13027065992355347,,,
16,505,0.9830408096313477,0.8261562585830688,0.4674825072288513,,,
16,506,0.9772653579711914,0.8412754535675049,0.34912848472595215,,,
16,507,0.9822311401367188,0.9381354451179504,0.12564653158187866,,,
16,508,0.9770069122314453,0.8717655539512634,0.26831328868865967,,,
16,509,0.9840555191040039,0.9203246235847473,0.1985788345336914,,,
16,510,0.9739675521850586,0.761610746383667,0.4790179133415222,,,
16,511,0.9847307205200195,0.9465152025222778,0.11603111028671265,,,
16,512,0.9803886413574219,0.8419576287269592,0.38905805349349976,,,
16,513,0.9846334457397461,0.9484314918518066,0.10846853256225586,,,
16,514,0.9829521179199219,0.9005938768386841,0.2534690499305725,,,
16,515,0.9814519882202148,0.9156807065010071,0.18669718503952026,,,
16,516,0.9864320755004883,0.9300534129142761,0.1945064663887024,,,
16,517,0.9830226898193359,0.9159621000289917,0.19818180799484253,,,
16,518,0.9883079528808594,0.9502404928207397,0.13924270868301392,,,
16,519,0.9822187423706055,0.914700984954834,0.1930084228515625,,,
16,520,0.9802656173706055,0.888126015663147,0.25474852323532104,,,
16,521,0.9835367202758789,0.8689466714859009,0.3564789295196533,,,
16,522,0.9817581176757812,0.860471248626709,0.35103917121887207,,,
16,523,0.9769830703735352,0.8502939939498901,0.3195542097091675,,,
16,524,0.98492431640625,0.9490066170692444,0.1084945797920227,,,
16,525,0.9902095794677734,0.9646903276443481,0.09806710481643677,,,
16,526,0.9814580082893372,0.9195467233657837,0.16948652267456055,,,
16,526,,,,0.9519886374473572,0.8329678773880005,0.28351765871047974
17,527,0.9737453460693359,0.8187170028686523,0.3505849838256836,,,
17,528,0.9825077056884766,0.8978349566459656,0.24752336740493774,,,
17,529,0.9783058166503906,0.9453402757644653,0.09349024295806885,,,
17,530,0.9877595901489258,0.9376636147499084,0.182894766330719,,,
17,531,0.9726810455322266,0.7549194097518921,0.464580774307251,,,
17,532,0.9856863021850586,0.9291623830795288,0.1835923194885254,,,
17,533,0.9771814346313477,0.852322518825531,0.31104224920272827,,,
17,534,0.9832305908203125,0.8692727088928223,0.342681348323822,,,
17,535,0.9851264953613281,0.881040096282959,0.33954155445098877,,,
17,536,0.9868144989013672,0.9504767656326294,0.11500906944274902,,,
17,537,0.9822988510131836,0.9324769973754883,0.13538455963134766,,,
17,538,0.9821224212646484,0.9019591212272644,0.22802656888961792,,,
17,539,0.9859762191772461,0.9546524286270142,0.09433454275131226,,,
17,540,0.9830150604248047,0.9212208390235901,0.17510980367660522,,,
17,541,0.9796218872070312,0.850349485874176,0.3407024145126343,,,
17,542,0.9828729629516602,0.9215531349182129,0.1722956895828247,,,
17,543,0.9846296310424805,0.9181566834449768,0.20586234331130981,,,
17,544,0.9793062210083008,0.8899410367012024,0.2282007336616516,,,
17,545,0.977020263671875,0.8274185061454773,0.35859930515289307,,,
17,546,0.9877538681030273,0.9615223407745361,0.08379608392715454,,,
17,547,0.9806709289550781,0.8755472302436829,0.28386908769607544,,,
17,548,0.9839591979980469,0.9392470717430115,0.12533694505691528,,,
17,549,0.9851846694946289,0.8863827586174011,0.31544750928878784,,,
17,550,0.9887285232543945,0.9505214095115662,0.13295215368270874,,,
17,551,0.9770412445068359,0.6545112729072571,0.664927065372467,,,
17,552,0.9868307113647461,0.9060720801353455,0.2790762186050415,,,
17,553,0.9811897277832031,0.925087571144104,0.14410889148712158,,,
17,554,0.9867963790893555,0.9515964984893799,0.10589361190795898,,,
17,555,0.9880990982055664,0.9346932768821716,0.18985360860824585,,,
17,556,0.980381965637207,0.8579497933387756,0.31844180822372437,,,
17,557,0.985382080078125,0.9477867484092712,0.10699659585952759,,,
17,557,,,,0.9523188471794128,0.835344672203064,0.27590063214302063
18,558,0.9799919128417969,0.8618718981742859,0.30346983671188354,,,
18,559,0.9886474609375,0.9665578603744507,0.0722159743309021,,,
18,560,0.9838094711303711,0.8985969424247742,0.25324416160583496,,,
18,561,0.9872550964355469,0.9277832508087158,0.20234650373458862,,,
18,562,0.9869346618652344,0.928004264831543,0.19524145126342773,,,
18,563,0.9789924621582031,0.7552961111068726,0.5195920467376709,,,
18,564,0.9850540161132812,0.958034098148346,0.0787273645401001,,,
18,565,0.9830827713012695,0.9126837253570557,0.1954215168952942,,,
18,566,0.9833230972290039,0.914186418056488,0.19440817832946777,,,
18,567,0.9817075729370117,0.8852440118789673,0.2593423128128052,,,
18,568,0.9818897247314453,0.9219886064529419,0.15638786554336548,,,
18,569,0.9817237854003906,0.8975538015365601,0.22634387016296387,,,
18,570,0.9858694076538086,0.9176970720291138,0.21368038654327393,,,
18,571,0.9867420196533203,0.9400157928466797,0.145715594291687,,,
18,572,0.9822320938110352,0.8934287428855896,0.24218833446502686,,,
18,573,0.9835386276245117,0.9121926426887512,0.19934004545211792,,,
18,574,0.982203483581543,0.9195805788040161,0.1637427806854248,,,
18,575,0.9839115142822266,0.9216402173042297,0.17229467630386353,,,
18,576,0.9826116561889648,0.8834952116012573,0.27161329984664917,,,
18,577,0.9895763397216797,0.931321382522583,0.22598206996917725,,,
18,578,0.9801397323608398,0.9077200293540955,0.17801612615585327,,,
18,579,0.9827327728271484,0.9411739706993103,0.10471200942993164,,,
18,580,0.9886026382446289,0.9498310089111328,0.12825793027877808,,,
18,581,0.9832677841186523,0.8974228501319885,0.23724865913391113,,,
18,582,0.9808931350708008,0.9074634313583374,0.1821577548980713,,,
18,583,0.9845523834228516,0.8782022595405579,0.31145256757736206,,,
18,584,0.9856052398681641,0.9426031112670898,0.12028908729553223,,,
18,585,0.9861831665039062,0.934199869632721,0.1563928723335266,,,
18,586,0.9856843948364258,0.9070526361465454,0.243402361869812,,,
18,587,0.9828147888183594,0.8588990569114685,0.3401508927345276,,,
18,588,0.9861259460449219,0.9468862414360046,0.11102700233459473,,,
18,588,,,,0.9516966342926025,0.8327035307884216,0.27381864190101624
19,589,0.9835281372070312,0.9090607762336731,0.20298826694488525,,,
19,590,0.9831619262695312,0.9318385124206543,0.13276195526123047,,,
19,591,0.9852695465087891,0.9503549933433533,0.0933498740196228,,,
19,592,0.9857654571533203,0.9102389812469482,0.22645360231399536,,,
19,593,0.9839420318603516,0.9165212512016296,0.18511146306991577,,,
19,594,0.9870071411132812,0.9323639273643494,0.17213141918182373,,,
19,595,0.9850835800170898,0.9410260915756226,0.11913925409317017,,,
19,596,0.9892969131469727,0.9627993106842041,0.08219480514526367,,,
19,597,0.9779958724975586,0.8443107008934021,0.31184542179107666,,,
19,598,0.9822320938110352,0.9251445531845093,0.14296245574951172,,,
19,599,0.9836006164550781,0.938399612903595,0.11640435457229614,,,
19,600,0.9838352203369141,0.8995198011398315,0.2316761612892151,,,
19,601,0.9867744445800781,0.9173909425735474,0.21507370471954346,,,
19,602,0.9820652008056641,0.8880528807640076,0.24483251571655273,,,
19,603,0.9864521026611328,0.9454127550125122,0.11368566751480103,,,
19,604,0.9888496398925781,0.9222415089607239,0.2355649471282959,,,
19,605,0.9859161376953125,0.9366169571876526,0.1399962306022644,,,
19,606,0.9861612319946289,0.9064271450042725,0.243178129196167,,,
19,607,0.9813995361328125,0.7844980955123901,0.47353291511535645,,,
19,608,0.987269401550293,0.9517971873283386,0.10075902938842773,,,
19,609,0.9848566055297852,0.9150646924972534,0.19636434316635132,,,
19,610,0.9863481521606445,0.9018087983131409,0.2601540684700012,,,
19,611,0.9808053970336914,0.9049819707870483,0.18025511503219604,,,
19,612,0.9882278442382812,0.9414987564086914,0.14671212434768677,,,
19,613,0.9858522415161133,0.9283174276351929,0.16357505321502686,,,
19,614,0.9848222732543945,0.8961378931999207,0.2544698715209961,,,
19,615,0.9877347946166992,0.9174555540084839,0.23024070262908936,,,
19,616,0.9809503555297852,0.8831967115402222,0.24224311113357544,,,
19,617,0.980926513671875,0.9117975234985352,0.1647217869758606,,,
19,618,0.9893522262573242,0.9647720456123352,0.07372486591339111,,,
19,619,0.9803619384765625,0.8456495404243469,0.32422345876693726,,,
19,619,,,,0.9528499245643616,0.836258590221405,0.2680252492427826
20,620,0.9823102951049805,0.8989612460136414,0.211076021194458,,,
20,621,0.9869136810302734,0.9210694432258606,0.20134258270263672,,,
20,622,0.9866456985473633,0.8858603239059448,0.3106306195259094,,,
20,623,0.9859418869018555,0.9380494952201843,0.13061988353729248,,,
20,624,0.9819879531860352,0.923732340335846,0.13936787843704224,,,
20,625,0.979853630065918,0.8597174882888794,0.28161895275115967,,,
20,626,0.9785442352294922,0.8767563700675964,0.23311978578567505,,,
20,627,0.9889545440673828,0.9515205025672913,0.1152152419090271,,,
20,628,0.9874582290649414,0.9477919340133667,0.11181426048278809,,,
20,629,0.9854850769042969,0.8942034244537354,0.26056575775146484,,,
20,630,0.9855995178222656,0.9471127390861511,0.09880733489990234,,,
20,631,0.9860811233520508,0.9054679274559021,0.23782241344451904,,,
20,632,0.9869194030761719,0.902179479598999,0.25823038816452026,,,
20,633,0.9892387390136719,0.945320188999176,0.14207351207733154,,,
20,634,0.9886083602905273,0.9289922118186951,0.19393706321716309,,,
20,635,0.9850215911865234,0.9495883584022522,0.08768612146377563,,,
20,636,0.9805059432983398,0.8596200942993164,0.28856176137924194,,,
20,637,0.9880218505859375,0.9458611607551575,0.12440246343612671,,,
20,638,0.9895391464233398,0.9633516669273376,0.07777190208435059,,,
20,639,0.9883651733398438,0.9335747361183167,0.1689566969871521,,,
20,640,0.9843673706054688,0.9447820782661438,0.09579980373382568,,,
20,641,0.9813308715820312,0.8842451572418213,0.23484015464782715,,,
20,642,0.9834671020507812,0.9256989359855652,0.1421244740486145,,,
20,643,0.9829473495483398,0.9376155734062195,0.10515046119689941,,,
20,644,0.9861412048339844,0.9284194111824036,0.1571941375732422,,,
20,645,0.9898805618286133,0.9173791408538818,0.25983965396881104,,,
20,646,0.9884462356567383,0.960573136806488,0.07664275169372559,,,
20,647,0.9850950241088867,0.91014564037323,0.20206600427627563,,,
20,648,0.9881801605224609,0.9116626381874084,0.2456417679786682,,,
20,649,0.9869327545166016,0.9111356139183044,0.22163629531860352,,,
20,650,0.9843127131462097,0.913774311542511,0.1803075671195984,,,
20,650,,,,0.954275369644165,0.8379981517791748,0.2618108093738556
21,651,0.9866504669189453,0.955773651599884,0.07893192768096924,,,
21,652,0.9880256652832031,0.901658833026886,0.2706209421157837,,,
21,653,0.9860420227050781,0.9378864765167236,0.12672734260559082,,,
21,654,0.9825124740600586,0.9031274914741516,0.1926230788230896,,,
21,655,0.9869003295898438,0.9299165606498718,0.15949511528015137,,,
21,656,0.9840459823608398,0.8918958902359009,0.2374744415283203,,,
21,657,0.9847993850708008,0.8937194347381592,0.2406560778617859,,,
21,658,0.9888114929199219,0.9599884152412415,0.07997781038284302,,,
21,659,0.986515998840332,0.9080755114555359,0.22463923692703247,,,
21,660,0.9859580993652344,0.9131409525871277,0.19908654689788818,,,
21,661,0.9841756820678711,0.8986742496490479,0.21830779314041138,,,
21,662,0.9868097305297852,0.9455423355102539,0.10846632719039917,,,
21,663,0.9851465225219727,0.9429270029067993,0.10300195217132568,,,
21,664,0.9866952896118164,0.9405161142349243,0.12026619911193848,,,
21,665,0.9862241744995117,0.927635669708252,0.1558796763420105,,,
21,666,0.9880542755126953,0.960990846157074,0.07219243049621582,,,
21,667,0.985692024230957,0.9149287343025208,0.1874184012413025,,,
21,668,0.984227180480957,0.882796049118042,0.261651873588562,,,
21,669,0.9843063354492188,0.8803948163986206,0.2697640061378479,,,
21,670,0.9838409423828125,0.9181212186813354,0.16001945734024048,,,
21,671,0.9828605651855469,0.9517941474914551,0.07510960102081299,,,
21,672,0.9865636825561523,0.943167507648468,0.11170041561126709,,,
21,673,0.9833955764770508,0.8660176992416382,0.29304730892181396,,,
21,674,0.9871950149536133,0.9162999391555786,0.20012909173965454,,,
21,675,0.9839754104614258,0.847064733505249,0.3457929491996765,,,
21,676,0.9861087799072266,0.9196872711181641,0.17668521404266357,,,
21,677,0.9885654449462891,0.9289435148239136,0.17867356538772583,,,
21,678,0.9902839660644531,0.9501040577888489,0.1271236538887024,,,
21,679,0.9862041473388672,0.9333121180534363,0.13495951890945435,,,
21,680,0.9859132766723633,0.9317919611930847,0.1380901336669922,,,
21,681,0.9895985722541809,0.9540069699287415,0.10343670845031738,,,
21,681,,,,0.9537628889083862,0.8389734029769897,0.25610801577568054
22,682,0.9845552444458008,0.882972240447998,0.2591266632080078,,,
22,683,0.9847679138183594,0.8967129588127136,0.22341221570968628,,,
22,684,0.9879570007324219,0.8778002262115479,0.33394646644592285,,,
22,685,0.9858226776123047,0.9486721158027649,0.08876258134841919,,,
22,686,0.9821128845214844,0.9237229228019714,0.13022488355636597,,,
22,687,0.9843473434448242,0.8430054187774658,0.35627317428588867,,,
22,688,0.9824132919311523,0.8850856423377991,0.23195737600326538,,,
22,689,0.9847965240478516,0.9353063702583313,0.11658358573913574,,,
22,690,0.9899873733520508,0.9480522871017456,0.12779444456100464,,,
22,691,0.9866542816162109,0.9262988567352295,0.161781907081604,,,
22,692,0.9830722808837891,0.9318743348121643,0.11505866050720215,,,
22,693,0.9851436614990234,0.9556889533996582,0.07232856750488281,,,
22,694,0.9848756790161133,0.930659830570221,0.1260209083557129,,,
22,695,0.9819021224975586,0.9233459830284119,0.12643885612487793,,,
22,696,0.9876699447631836,0.9230746626853943,0.17871326208114624,,,
22,697,0.9860830307006836,0.9250068068504333,0.156538188457489,,,
22,698,0.986506462097168,0.9092565178871155,0.20923537015914917,,,
22,699,0.9861602783203125,0.9092687964439392,0.2025824785232544,,,
22,700,0.9821701049804688,0.8720048069953918,0.25453120470046997,,,
22,701,0.980504035949707,0.9062238931655884,0.15768879652023315,,,
22,702,0.9853296279907227,0.9250476360321045,0.14566969871520996,,,
22,703,0.979771614074707,0.799881100654602,0.37483537197113037,,,
22,704,0.9861040115356445,0.9334235191345215,0.12869560718536377,,,
22,705,0.9818038940429688,0.9527298212051392,0.06984937191009521,,,
22,706,0.9875297546386719,0.9328385591506958,0.14553135633468628,,,
22,707,0.9882583618164062,0.9473731517791748,0.10691201686859131,,,
22,708,0.9839925765991211,0.898320198059082,0.2047104835510254,,,
22,709,0.9918584823608398,0.960813581943512,0.10051113367080688,,,
22,710,0.9870529174804688,0.9087977409362793,0.20989996194839478,,,
22,711,0.9865026473999023,0.951853334903717,0.08292901515960693,,,
22,712,0.9853172302246094,0.9193369150161743,0.1617559790611267,,,
22,712,,,,0.9540846347808838,0.8380752205848694,0.2528037428855896
23,713,0.9831295013427734,0.9135635495185852,0.15539008378982544,,,
23,714,0.9862604141235352,0.9282591342926025,0.14517319202423096,,,
23,715,0.9854240417480469,0.8974771499633789,0.22366857528686523,,,
23,716,0.9824447631835938,0.9206486940383911,0.13514024019241333,,,
23,717,0.9890985488891602,0.926676869392395,0.1866554617881775,,,
23,718,0.9872217178344727,0.9411459565162659,0.11631768941879272,,,
23,719,0.9846048355102539,0.8868999481201172,0.23666274547576904,,,
23,720,0.9886589050292969,0.9709509611129761,0.053218722343444824,,,
23,721,0.9818515777587891,0.8688210248947144,0.2504868507385254,,,
23,722,0.9828510284423828,0.900245726108551,0.18393248319625854,,,
23,723,0.9830436706542969,0.9049538373947144,0.17759543657302856,,,
23,724,0.9903450012207031,0.9624486565589905,0.07543057203292847,,,
23,725,0.989680290222168,0.9442963004112244,0.13067913055419922,,,
23,726,0.9860973358154297,0.9447267055511475,0.09540420770645142,,,
23,727,0.9841947555541992,0.9313027858734131,0.11766612529754639,,,
23,728,0.9856729507446289,0.9400185942649841,0.1057199239730835,,,
23,729,0.9866123199462891,0.9253190755844116,0.15222978591918945,,,
23,730,0.9807701110839844,0.841363251209259,0.30064237117767334,,,
23,731,0.9835481643676758,0.9115591645240784,0.16549742221832275,,,
23,732,0.9877643585205078,0.953150749206543,0.08416521549224854,,,
23,733,0.9844322204589844,0.9249309301376343,0.13558554649353027,,,
23,734,0.989466667175293,0.96258544921875,0.06863296031951904,,,
23,735,0.9884357452392578,0.9226751923561096,0.18359434604644775,,,
23,736,0.9850425720214844,0.8769447803497314,0.2662932872772217,,,
23,737,0.9872522354125977,0.9154474139213562,0.18840515613555908,,,
23,738,0.9890422821044922,0.9449129700660706,0.11659854650497437,,,
23,739,0.9866695404052734,0.941124439239502,0.10713833570480347,,,
23,740,0.9881219863891602,0.894428551197052,0.26272010803222656,,,
23,741,0.9881019592285156,0.9524103999137878,0.08574527502059937,,,
23,742,0.9838476181030273,0.8812372088432312,0.2386101484298706,,,
23,743,0.9883626103401184,0.9282792210578918,0.16461938619613647,,,
23,743,,,,0.9529101252555847,0.8324419856071472,0.25788626074790955
24,744,0.9873075485229492,0.9430272579193115,0.10750836133956909,,,
24,745,0.9808549880981445,0.8836622834205627,0.20456033945083618,,,
24,746,0.9860305786132812,0.9446543455123901,0.09272533655166626,,,
24,747,0.9874629974365234,0.9479362368583679,0.09341883659362793,,,
24,748,0.9868202209472656,0.8991395235061646,0.22678649425506592,,,
24,749,0.9862689971923828,0.93608558177948,0.11671096086502075,,,
24,750,0.9864673614501953,0.8851476907730103,0.26228106021881104,,,
24,751,0.9880084991455078,0.9516953229904175,0.08701157569885254,,,
24,752,0.9873971939086914,0.9205867648124695,0.172646164894104,,,
24,753,0.989069938659668,0.9284385442733765,0.17059588432312012,,,
24,754,0.987452507019043,0.947327733039856,0.09499990940093994,,,
24,755,0.9855270385742188,0.9503921270370483,0.07850402593612671,,,
24,756,0.9879817962646484,0.9416846632957458,0.11468201875686646,,,
24,757,0.9864635467529297,0.9283337593078613,0.1375589370727539,,,
24,758,0.9820060729980469,0.9139951467514038,0.14153903722763062,,,
24,759,0.9922361373901367,0.958208441734314,0.11007905006408691,,,
24,760,0.9864206314086914,0.9182159900665283,0.1658650040626526,,,
24,761,0.9863853454589844,0.8994017243385315,0.21764689683914185,,,
24,762,0.9856338500976562,0.8961310982704163,0.21649765968322754,,,
24,763,0.9830350875854492,0.8815448880195618,0.2224152684211731,,,
24,764,0.9857215881347656,0.9351861476898193,0.11397421360015869,,,
24,765,0.9854936599731445,0.9371352791786194,0.10662323236465454,,,
24,766,0.974604606628418,0.8026794791221619,0.309307336807251,,,
24,767,0.987431526184082,0.9101225733757019,0.1981123685836792,,,
24,768,0.9889659881591797,0.9509011507034302,0.09444493055343628,,,
24,769,0.9882488250732422,0.9374317526817322,0.12897998094558716,,,
24,770,0.9902153015136719,0.9564942717552185,0.08830022811889648,,,
24,771,0.9891757965087891,0.9495025873184204,0.1019669771194458,,,
24,772,0.9877862930297852,0.927344799041748,0.15105581283569336,,,
24,773,0.9880294799804688,0.9448782205581665,0.10230320692062378,,,
24,774,0.9868202209472656,0.952356219291687,0.07794976234436035,,,
24,774,,,,0.9512494206428528,0.8325968980789185,0.2506706118583679
25,775,0.9882221221923828,0.9181625843048096,0.1835741400718689,,,
25,776,0.9848136901855469,0.9475386738777161,0.08008360862731934,,,
25,777,0.9873886108398438,0.963801920413971,0.057800471782684326,,,
25,778,0.9877748489379883,0.9393085837364197,0.11805307865142822,,,
25,779,0.9908275604248047,0.956328272819519,0.09276527166366577,,,
25,780,0.9882354736328125,0.8624365925788879,0.3414989709854126,,,
25,781,0.9869766235351562,0.9390389919281006,0.10912036895751953,,,
25,782,0.9866619110107422,0.9140254259109497,0.1758207082748413,,,
25,783,0.9838352203369141,0.9059509038925171,0.1690371036529541,,,
25,784,0.9886159896850586,0.9354240298271179,0.13474047183990479,,,
25,785,0.9874496459960938,0.949975848197937,0.08411484956741333,,,
25,786,0.9856014251708984,0.9293320178985596,0.12444967031478882,,,
25,787,0.9889659881591797,0.9577696919441223,0.07352632284164429,,,
25,788,0.9818849563598633,0.8639658093452454,0.2486324906349182,,,
25,789,0.986323356628418,0.9049723744392395,0.19612473249435425,,,
25,790,0.9863100051879883,0.9295346140861511,0.12972819805145264,,,
25,791,0.9866571426391602,0.9284592866897583,0.1332218050956726,,,
25,792,0.9883060455322266,0.9487991333007812,0.09320193529129028,,,
25,793,0.9840755462646484,0.8786209225654602,0.23273557424545288,,,
25,794,0.9791660308837891,0.8355885744094849,0.2781849503517151,,,
25,795,0.9904184341430664,0.9459733963012695,0.12248796224594116,,,
25,796,0.9863662719726562,0.914242684841156,0.1703016757965088,,,
25,797,0.9890613555908203,0.9470149278640747,0.10417258739471436,,,
25,798,0.9893560409545898,0.9487390518188477,0.10093778371810913,,,
25,799,0.9861888885498047,0.9362245798110962,0.10857880115509033,,,
25,800,0.9911088943481445,0.947779655456543,0.12523376941680908,,,
25,801,0.9833230972290039,0.9037774801254272,0.16697967052459717,,,
25,802,0.988856315612793,0.9468955397605896,0.10110503435134888,,,
25,803,0.983489990234375,0.9310311675071716,0.10508912801742554,,,
25,804,0.9854850769042969,0.9154444336891174,0.15584027767181396,,,
25,805,0.9831034541130066,0.9334191679954529,0.09948331117630005,,,
25,805,,,,0.9532597661018372,0.8350053429603577,0.2498376965522766
26,806,0.9849357604980469,0.9117802977561951,0.15937364101409912,,,
26,807,0.9908084869384766,0.9553998708724976,0.09337300062179565,,,
26,808,0.9904909133911133,0.963721513748169,0.06474196910858154,,,
26,809,0.9823513031005859,0.8743507266044617,0.22445374727249146,,,
26,810,0.9879884719848633,0.9437623023986816,0.10403305292129517,,,
26,811,0.9882392883300781,0.9437164664268494,0.10313946008682251,,,
26,812,0.9840469360351562,0.9506165385246277,0.07060283422470093,,,
26,813,0.9869070053100586,0.956736147403717,0.06725955009460449,,,
26,814,0.9854612350463867,0.9352931380271912,0.10505777597427368,,,
26,815,0.9882755279541016,0.9469329118728638,0.09417277574539185,,,
26,816,0.9826269149780273,0.8870760798454285,0.19690120220184326,,,
26,817,0.9876689910888672,0.951554000377655,0.07937860488891602,,,
26,818,0.9886245727539062,0.9149894714355469,0.19399595260620117,,,
26,819,0.9906110763549805,0.9422830939292908,0.1351892352104187,,,
26,820,0.9882287979125977,0.9466924071311951,0.09476262331008911,,,
26,821,0.9838380813598633,0.8748559951782227,0.23542803525924683,,,
26,822,0.9839286804199219,0.8971140384674072,0.1841943860054016,,,
26,823,0.9864282608032227,0.9099332094192505,0.17413830757141113,,,
26,824,0.9854278564453125,0.9343143105506897,0.10632818937301636,,,
26,825,0.9881000518798828,0.9348182678222656,0.1244889497756958,,,
26,826,0.9898138046264648,0.9267134666442871,0.17090225219726562,,,
26,827,0.9876861572265625,0.9117484092712402,0.1867581009864807,,,
26,828,0.9855937957763672,0.9092203974723816,0.16903221607208252,,,
26,829,0.9922666549682617,0.9768637418746948,0.04167860746383667,,,
26,830,0.9895057678222656,0.9266825318336487,0.16540849208831787,,,
26,831,0.9876136779785156,0.9446942806243896,0.09462171792984009,,,
26,832,0.986846923828125,0.9408586621284485,0.10051584243774414,,,
26,833,0.9888954162597656,0.9253455996513367,0.16079199314117432,,,
26,834,0.9866828918457031,0.8903640508651733,0.2298870086669922,,,
26,835,0.9898643493652344,0.9425836205482483,0.12060993909835815,,,
26,836,0.9831708073616028,0.8800384402275085,0.21046489477157593,,,
26,836,,,,0.9533721208572388,0.837198793888092,0.24494130909442902
27,837,0.9828586578369141,0.9476995468139648,0.07100331783294678,,,
27,838,0.9852142333984375,0.8703592419624329,0.2576135993003845,,,
27,839,0.9901409149169922,0.9427089691162109,0.12361443042755127,,,
27,840,0.9900188446044922,0.9474479556083679,0.10618072748184204,,,
27,841,0.9897174835205078,0.9272641539573669,0.16525155305862427,,,
27,842,0.9882993698120117,0.9145202040672302,0.1807519793510437,,,
27,843,0.9864110946655273,0.9367498159408569,0.10599792003631592,,,
27,844,0.9836845397949219,0.8710436224937439,0.23726731538772583,,,
27,845,0.9896764755249023,0.9413771629333496,0.12158280611038208,,,
27,846,0.983734130859375,0.8999712467193604,0.17083942890167236,,,
27,847,0.9911317825317383,0.9524211287498474,0.10371923446655273,,,
27,848,0.9877958297729492,0.9364742636680603,0.1147802472114563,,,
27,849,0.9881868362426758,0.9597744941711426,0.062268078327178955,,,
27,850,0.9876127243041992,0.9437045454978943,0.09570789337158203,,,
27,851,0.9811258316040039,0.9005182385444641,0.1538030505180359,,,
27,852,0.9892292022705078,0.901782751083374,0.23212724924087524,,,
27,853,0.9862260818481445,0.9552651643753052,0.06568384170532227,,,
27,854,0.9876127243041992,0.9494516849517822,0.08224791288375854,,,
27,855,0.9883480072021484,0.9324674010276794,0.12930262088775635,,,
27,856,0.9875202178955078,0.9571344256401062,0.0647425651550293,,,
27,857,0.9856290817260742,0.9074317812919617,0.16697663068771362,,,
27,858,0.9866981506347656,0.9412869215011597,0.09587109088897705,,,
27,859,0.9866132736206055,0.9172976016998291,0.15303301811218262,,,
27,860,0.9878215789794922,0.9135883450508118,0.17643529176712036,,,
27,861,0.9867639541625977,0.8698261976242065,0.2710232734680176,,,
27,862,0.9923505783081055,0.9640694260597229,0.07630705833435059,,,
27,863,0.9900331497192383,0.9642439484596252,0.05699247121810913,,,
27,864,0.9862346649169922,0.9132890105247498,0.1574326753616333,,,
27,865,0.9870157241821289,0.9372774362564087,0.10579818487167358,,,
27,866,0.9863948822021484,0.9276718497276306,0.12321507930755615,,,
27,867,0.9862899780273438,0.9355282187461853,0.10564249753952026,,,
27,867,,,,0.9543117880821228,0.8393265008926392,0.24009698629379272
28,868,0.9853782653808594,0.954303503036499,0.06414371728897095,,,
28,869,0.9871969223022461,0.9360872507095337,0.11042499542236328,,,
28,870,0.9866418838500977,0.8987282514572144,0.19423812627792358,,,
28,871,0.9899301528930664,0.9380936026573181,0.12981849908828735,,,
28,872,0.9873638153076172,0.9519037008285522,0.07160335779190063,,,
28,873,0.990107536315918,0.9087060689926147,0.22143125534057617,,,
28,874,0.9838724136352539,0.9065737128257751,0.15567141771316528,,,
28,875,0.9891147613525391,0.9588609337806702,0.06464618444442749,,,
28,876,0.9894227981567383,0.9542822241783142,0.07868325710296631,,,
28,877,0.9866018295288086,0.8967979550361633,0.20031380653381348,,,
28,878,0.9865331649780273,0.934934675693512,0.10644268989562988,,,
28,879,0.9896469116210938,0.9580144286155701,0.06978660821914673,,,
28,880,0.9885845184326172,0.954448401927948,0.07377409934997559,,,
28,881,0.9885749816894531,0.9594932198524475,0.06292474269866943,,,
28,882,0.9860458374023438,0.9563823938369751,0.06314629316329956,,,
28,883,0.9866142272949219,0.9259766936302185,0.13099431991577148,,,
28,884,0.988551139831543,0.9257947206497192,0.1455962061882019,,,
28,885,0.9881954193115234,0.9139741659164429,0.17336440086364746,,,
28,886,0.9822673797607422,0.7388189435005188,0.4620296359062195,,,
28,887,0.9879322052001953,0.9532204866409302,0.07184135913848877,,,
28,888,0.9867324829101562,0.8906573057174683,0.21147745847702026,,,
28,889,0.9891147613525391,0.933118462562561,0.12964141368865967,,,
28,890,0.9878864288330078,0.9306083917617798,0.12500596046447754,,,
28,891,0.983738899230957,0.868462085723877,0.22635042667388916,,,
28,892,0.9871120452880859,0.9422737956047058,0.09369754791259766,,,
28,893,0.9900302886962891,0.9214770197868347,0.17095071077346802,,,
28,894,0.9884309768676758,0.9177308082580566,0.15795958042144775,,,
28,895,0.9868364334106445,0.9457661509513855,0.08216828107833862,,,
28,896,0.9802188873291016,0.8367516994476318,0.2574288845062256,,,
28,897,0.9876527786254883,0.9572936296463013,0.06240248680114746,,,
28,898,0.9898020625114441,0.9484238028526306,0.09314429759979248,,,
28,898,,,,0.9554383754730225,0.8413699269294739,0.23706144094467163
29,899,0.9874792098999023,0.9327631592750549,0.1157262921333313,,,
29,900,0.9888639450073242,0.928902804851532,0.13542938232421875,,,
29,901,0.989598274230957,0.9505546689033508,0.08660084009170532,,,
29,902,0.9862003326416016,0.9608926177024841,0.056507766246795654,,,
29,903,0.9842166900634766,0.9157936573028564,0.13148903846740723,,,
29,904,0.9857206344604492,0.798213005065918,0.3787461519241333,,,
29,905,0.9873247146606445,0.9096004366874695,0.16622954607009888,,,
29,906,0.9882392883300781,0.9264788031578064,0.13228267431259155,,,
29,907,0.9872322082519531,0.9466187953948975,0.08047276735305786,,,
29,908,0.9908027648925781,0.9560129046440125,0.0798981785774231,,,
29,909,0.9823894500732422,0.8251375555992126,0.28195858001708984,,,
29,910,0.9808244705200195,0.9044357538223267,0.1341865062713623,,,
29,911,0.9905767440795898,0.926177442073822,0.15971636772155762,,,
29,912,0.9894838333129883,0.9103357195854187,0.18464678525924683,,,
29,913,0.9871444702148438,0.9617421627044678,0.054814934730529785,,,
29,914,0.9877605438232422,0.904754102230072,0.17705696821212769,,,
29,915,0.9880905151367188,0.9309093356132507,0.11829298734664917,,,
29,916,0.9887809753417969,0.9481563568115234,0.0834687352180481,,,
29,917,0.9903688430786133,0.968096137046814,0.050360262393951416,,,
29,918,0.9863748550415039,0.9622312784194946,0.05513817071914673,,,
29,919,0.9880237579345703,0.8191428184509277,0.370047926902771,,,
29,920,0.984461784362793,0.8745495676994324,0.209322988986969,,,
29,921,0.9846153259277344,0.950909435749054,0.06738972663879395,,,
29,922,0.9864349365234375,0.9101214408874512,0.15047359466552734,,,
29,923,0.9865894317626953,0.9501301646232605,0.07135939598083496,,,
29,924,0.9913425445556641,0.9580180644989014,0.07605314254760742,,,
29,925,0.9893808364868164,0.9523874521255493,0.07877308130264282,,,
29,926,0.9851264953613281,0.9235999584197998,0.11628198623657227,,,
29,927,0.9898481369018555,0.9471363425254822,0.092978835105896,,,
29,928,0.9819679260253906,0.8959932923316956,0.15565389394760132,,,
29,929,0.9879252314567566,0.8788589835166931,0.23354792594909668,,,
29,929,,,,0.9534598588943481,0.8363255262374878,0.23762649297714233
30,930,0.9874105453491211,0.9397871494293213,0.09478312730789185,,,
30,931,0.9899806976318359,0.9464948773384094,0.0974494218826294,,,
30,932,0.9869108200073242,0.9426701068878174,0.08734583854675293,,,
30,933,0.9840936660766602,0.9461037516593933,0.07189273834228516,,,
30,934,0.9840297698974609,0.9042072892189026,0.14627277851104736,,,
30,935,0.9886665344238281,0.9462381601333618,0.08615362644195557,,,
30,936,0.9877710342407227,0.9297823905944824,0.11653906106948853,,,
30,937,0.9865226745605469,0.9051059484481812,0.1608934998512268,,,
30,938,0.9859180450439453,0.9350305199623108,0.09662675857543945,,,
30,939,0.9902801513671875,0.9225437641143799,0.15779370069503784,,,
30,940,0.9886922836303711,0.9490845203399658,0.08149677515029907,,,
30,941,0.9842300415039062,0.8749603033065796,0.2036433219909668,,,
30,942,0.985626220703125,0.8694906830787659,0.22725921869277954,,,
30,943,0.9893589019775391,0.9115833640098572,0.17523086071014404,,,
30,944,0.9885053634643555,0.9420222043991089,0.0946618914604187,,,
30,945,0.9896049499511719,0.937351644039154,0.11376345157623291,,,
30,946,0.9868602752685547,0.9440886974334717,0.08311444520950317,,,
30,947,0.9903230667114258,0.9648697972297668,0.05249661207199097,,,
30,948,0.9845724105834961,0.8987241387367249,0.1556309461593628,,,
30,949,0.9870662689208984,0.9371125102043152,0.09405368566513062,,,
30,950,0.9869966506958008,0.9219478964805603,0.1259363889694214,,,
30,951,0.9890623092651367,0.9541764259338379,0.06969225406646729,,,
30,952,0.990971565246582,0.9518160223960876,0.08551943302154541,,,
30,953,0.9862794876098633,0.9321460723876953,0.10133957862854004,,,
30,954,0.9811687469482422,0.8983616232872009,0.14071571826934814,,,
30,955,0.9876613616943359,0.931402325630188,0.11335396766662598,,,
30,956,0.9886341094970703,0.9409877061843872,0.09625917673110962,,,
30,957,0.9879369735717773,0.9549098610877991,0.06361621618270874,,,
30,958,0.9899606704711914,0.9526602029800415,0.07699745893478394,,,
30,959,0.9874477386474609,0.9311787486076355,0.10955166816711426,,,
30,960,0.985205352306366,0.9373603463172913,0.08954507112503052,,,
30,960,,,,0.9512913823127747,0.8255249261856079,0.24833256006240845
31,961,0.9850015640258789,0.925523042678833,0.10809165239334106,,,
31,962,0.9872341156005859,0.9589454531669617,0.054793477058410645,,,
31,963,0.9880132675170898,0.943764865398407,0.08721137046813965,,,
31,964,0.9868478775024414,0.9447347521781921,0.0804259181022644,,,
31,965,0.9861927032470703,0.9556748867034912,0.061278581619262695,,,
31,966,0.9899444580078125,0.9423589110374451,0.10181975364685059,,,
31,967,0.9875288009643555,0.8364495635032654,0.30516546964645386,,,
31,968,0.9842195510864258,0.8444289565086365,0.2549223303794861,,,
31,969,0.9880399703979492,0.9411328434944153,0.09345650672912598,,,
31,970,0.9869308471679688,0.9280459880828857,0.11270296573638916,,,
31,971,0.9879970550537109,0.9317880272865295,0.11017298698425293,,,
31,972,0.9860248565673828,0.903446614742279,0.15715932846069336,,,
31,973,0.9832115173339844,0.8739031553268433,0.1923561692237854,,,
31,974,0.9868831634521484,0.9560559391975403,0.060270488262176514,,,
31,975,0.9893398284912109,0.9600001573562622,0.05892670154571533,,,
31,976,0.9883384704589844,0.9426203966140747,0.08800309896469116,,,
31,977,0.9805612564086914,0.8784860372543335,0.1688171625137329,,,
31,978,0.9911251068115234,0.971393883228302,0.042444467544555664,,,
31,979,0.9896306991577148,0.9506967067718506,0.07847028970718384,,,
31,980,0.9847650527954102,0.9182379245758057,0.11835724115371704,,,
31,981,0.9844570159912109,0.9391359090805054,0.07857620716094971,,,
31,982,0.9887828826904297,0.9311535954475403,0.11611568927764893,,,
31,983,0.9854698181152344,0.9101502895355225,0.13793498277664185,,,
31,984,0.9864473342895508,0.9141526222229004,0.13634389638900757,,,
31,985,0.9860649108886719,0.9315096735954285,0.10055756568908691,,,
31,986,0.9889955520629883,0.9504832029342651,0.07543402910232544,,,
31,987,0.9865283966064453,0.9070682525634766,0.14903414249420166,,,
31,988,0.9846200942993164,0.9076827168464661,0.1402345895767212,,,
31,989,0.9773921966552734,0.8273277282714844,0.2432531714439392,,,
31,990,0.9920005798339844,0.9341451525688171,0.1420377492904663,,,
31,991,0.9923324584960938,0.9528198838233948,0.09400689601898193,,,
31,991,,,,0.95256507396698,0.8330302238464355,0.23791244626045227
32,992,0.9867620468139648,0.9126574397087097,0.14050978422164917,,,
32,993,0.9818038940429688,0.9050982594490051,0.13035434484481812,,,
32,994,0.9918127059936523,0.9042525887489319,0.21955108642578125,,,
32,995,0.9887561798095703,0.9545717239379883,0.06681573390960693,,,
32,996,0.9880437850952148,0.9423174858093262,0.08791971206665039,,,
32,997,0.9884481430053711,0.9397818446159363,0.095481276512146,,,
32,998,0.9875288009643555,0.8968137502670288,0.17830681800842285,,,
32,999,0.9903841018676758,0.9281801581382751,0.1340894103050232,,,
32,1000,0.9907875061035156,0.9382041096687317,0.1158260703086853,,,
32,1001,0.9894819259643555,0.9518150687217712,0.07468163967132568,,,
32,1002,0.9876174926757812,0.8724595308303833,0.23228001594543457,,,
32,1003,0.9849252700805664,0.9112464785575867,0.13375788927078247,,,
32,1004,0.9865427017211914,0.9410927295684814,0.08529007434844971,,,
32,1005,0.990382194519043,0.9634140133857727,0.054100751876831055,,,
32,1006,0.9882593154907227,0.9502048492431641,0.07173234224319458,,,
32,1007,0.9864349365234375,0.9134756326675415,0.1340395212173462,,,
32,1008,0.9853734970092773,0.9489142894744873,0.06746381521224976,,,
32,1009,0.9882192611694336,0.9511849284172058,0.0698515772819519,,,
32,1010,0.9899883270263672,0.9597063064575195,0.060561418533325195,,,
32,1011,0.9885444641113281,0.9475877285003662,0.07884114980697632,,,
32,1012,0.9856748580932617,0.9404710531234741,0.08131206035614014,,,
32,1013,0.9866828918457031,0.9275150895118713,0.10777795314788818,,,
32,1014,0.9869270324707031,0.9423970580101013,0.08152461051940918,,,
32,1015,0.9769458770751953,0.7819569110870361,0.29670941829681396,,,
32,1016,0.9925689697265625,0.9671262502670288,0.05533790588378906,,,
32,1017,0.9827852249145508,0.9419441819190979,0.07347100973129272,,,
32,1018,0.9885196685791016,0.9268335700035095,0.12206494808197021,,,
32,1019,0.9926795959472656,0.9511328935623169,0.10098528861999512,,,
32,1020,0.9885492324829102,0.9474596381187439,0.07916182279586792,,,
32,1021,0.9854717254638672,0.9123535752296448,0.13090652227401733,,,
32,1022,0.9908103942871094,0.942466139793396,0.10226064920425415,,,
32,1022,,,,0.9536658525466919,0.8352808952331543,0.2340630441904068
33,1023,0.9864845275878906,0.9136716723442078,0.13424372673034668,,,
33,1024,0.9848213195800781,0.8644766211509705,0.2199445366859436,,,
33,1025,0.987605094909668,0.899370551109314,0.17135876417160034,,,
33,1026,0.9868507385253906,0.9321500062942505,0.10271722078323364,,,
33,1027,0.9853239059448242,0.9304115176200867,0.09767848253250122,,,
33,1028,0.9864492416381836,0.8792726993560791,0.20287615060806274,,,
33,1029,0.9912652969360352,0.9658905267715454,0.05310165882110596,,,
33,1030,0.9916706085205078,0.9123409390449524,0.19220370054244995,,,
33,1031,0.9923686981201172,0.9733444452285767,0.04115414619445801,,,
33,1032,0.988368034362793,0.91632479429245,0.1432247757911682,,,
33,1033,0.9921998977661133,0.9669108986854553,0.05291938781738281,,,
33,1034,0.9896965026855469,0.9271290302276611,0.12779176235198975,,,
33,1035,0.9899044036865234,0.9376546144485474,0.10613936185836792,,,
33,1036,0.9887294769287109,0.9627177119255066,0.05108457803726196,,,
33,1037,0.9894466400146484,0.9641823768615723,0.04915785789489746,,,
33,1038,0.9851884841918945,0.9425662755966187,0.0752180814743042,,,
33,1039,0.9899568557739258,0.9597131013870239,0.06059372425079346,,,
33,1040,0.9868679046630859,0.9413118362426758,0.08199989795684814,,,
33,1041,0.9866790771484375,0.9343229532241821,0.09573596715927124,,,
33,1042,0.9859580993652344,0.8507056832313538,0.24970579147338867,,,
33,1043,0.9855709075927734,0.9319679141044617,0.09328079223632812,,,
33,1044,0.9870014190673828,0.8888925313949585,0.18320506811141968,,,
33,1045,0.9888496398925781,0.879214882850647,0.22465288639068604,,,
33,1046,0.9905538558959961,0.9615662097930908,0.05659669637680054,,,
33,1047,0.987797737121582,0.9471796154975891,0.07428449392318726,,,
33,1048,0.987513542175293,0.9276865720748901,0.11135929822921753,,,
33,1049,0.9889020919799805,0.960069477558136,0.05454963445663452,,,
33,1050,0.9872779846191406,0.9228883981704712,0.11973577737808228,,,
33,1051,0.9866132736206055,0.9482407569885254,0.06914925575256348,,,
33,1052,0.9905176162719727,0.9450762867927551,0.09442883729934692,,,
33,1053,0.9912884831428528,0.9536132216453552,0.07976710796356201,,,
33,1053,,,,0.9511752724647522,0.8281573057174683,0.23844940960407257
34,1054,0.9887075424194336,0.9319924712181091,0.10943776369094849,,,
34,1055,0.9904270172119141,0.957889199256897,0.06426548957824707,,,
34,1056,0.9884166717529297,0.9341098070144653,0.10276061296463013,,,
34,1057,0.9914922714233398,0.9629698991775513,0.05934387445449829,,,
34,1058,0.9909772872924805,0.9414487481117249,0.10432243347167969,,,
34,1059,0.9867658615112305,0.923391580581665,0.11698061227798462,,,
34,1060,0.9874744415283203,0.8849166631698608,0.19283688068389893,,,
34,1061,0.9904565811157227,0.9446004033088684,0.09199225902557373,,,
34,1062,0.9849300384521484,0.9052853584289551,0.13893955945968628,,,
34,1063,0.9889154434204102,0.9361492991447449,0.10116791725158691,,,
34,1064,0.9891366958618164,0.9093765616416931,0.16003870964050293,,,
34,1065,0.9892253875732422,0.9438304305076599,0.08734971284866333,,,
34,1066,0.9881792068481445,0.9599670767784119,0.0530397891998291,,,
34,1067,0.9880905151367188,0.9440211057662964,0.07949215173721313,,,
34,1068,0.989654541015625,0.9409285187721252,0.09606736898422241,,,
34,1069,0.9859628677368164,0.9052422642707825,0.1448788046836853,,,
34,1070,0.9894199371337891,0.940085232257843,0.09572917222976685,,,
34,1071,0.9875850677490234,0.896003246307373,0.17114663124084473,,,
34,1072,0.9883232116699219,0.8995454907417297,0.17293936014175415,,,
34,1073,0.9873380661010742,0.9519621133804321,0.06510400772094727,,,
34,1074,0.9920177459716797,0.9626060724258423,0.06053894758224487,,,
34,1075,0.9868307113647461,0.9296313524246216,0.1032598614692688,,,
34,1076,0.9901094436645508,0.9603860974311829,0.05705368518829346,,,
34,1077,0.9892673492431641,0.9526033401489258,0.06906712055206299,,,
34,1078,0.9895658493041992,0.9258378148078918,0.12692826986312866,,,
34,1079,0.9873600006103516,0.9447370171546936,0.07680016756057739,,,
34,1080,0.9915170669555664,0.9653136730194092,0.05209779739379883,,,
34,1081,0.9902429580688477,0.954611599445343,0.06908547878265381,,,
34,1082,0.9902982711791992,0.9352553486824036,0.1102784276008606,,,
34,1083,0.987116813659668,0.9545779824256897,0.05976104736328125,,,
34,1084,0.9880574345588684,0.9592387676239014,0.05461084842681885,,,
34,1084,,,,0.9543846845626831,0.8390030860900879,0.22807063162326813
35,1085,0.9895029067993164,0.9109876751899719,0.1557794213294983,,,
35,1086,0.9895238876342773,0.9490231275558472,0.0775941014289856,,,
35,1087,0.9880304336547852,0.9599798321723938,0.05340510606765747,,,
35,1088,0.991856575012207,0.9572372436523438,0.07316809892654419,,,
35,1089,0.9861736297607422,0.942743182182312,0.07667988538742065,,,
35,1090,0.9880456924438477,0.9138635993003845,0.1399717926979065,,,
35,1091,0.9876155853271484,0.8510028123855591,0.2568773031234741,,,
35,1092,0.9883251190185547,0.9536638855934143,0.06396681070327759,,,
35,1093,0.990666389465332,0.9179906249046326,0.1544632911682129,,,
35,1094,0.9888839721679688,0.9336947202682495,0.10361868143081665,,,
35,1095,0.9889955520629883,0.9102840423583984,0.15563559532165527,,,
35,1096,0.9898672103881836,0.9495002031326294,0.07854515314102173,,,
35,1097,0.9866485595703125,0.9420531988143921,0.07833206653594971,,,
35,1098,0.9858713150024414,0.9316805601119995,0.09351778030395508,,,
35,1099,0.9890060424804688,0.9547946453094482,0.06381458044052124,,,
35,1100,0.9897937774658203,0.8795226812362671,0.22510522603988647,,,
35,1101,0.9920978546142578,0.9650793671607971,0.05547910928726196,,,
35,1102,0.9907445907592773,0.9625319838523865,0.053800225257873535,,,
35,1103,0.9850959777832031,0.9495488405227661,0.06246107816696167,,,
35,1104,0.9862127304077148,0.9448298811912537,0.07132172584533691,,,
35,1105,0.9893312454223633,0.9433830380439758,0.08579730987548828,,,
35,1106,0.9861354827880859,0.934086263179779,0.08984476327896118,,,
35,1107,0.9847745895385742,0.9252844452857971,0.0997045636177063,,,
35,1108,0.9900293350219727,0.9569073915481567,0.062356412410736084,,,
35,1109,0.9891519546508789,0.9451116919517517,0.08113867044448853,,,
35,1110,0.9884128570556641,0.9545332193374634,0.060614824295043945,,,
35,1111,0.9925594329833984,0.9499996900558472,0.09487658739089966,,,
35,1112,0.9877634048461914,0.9288277626037598,0.10733991861343384,,,
35,1113,0.9909448623657227,0.8862956166267395,0.2279043197631836,,,
35,1114,0.9858388900756836,0.9346627593040466,0.08732980489730835,,,
35,1115,0.985619843006134,0.8993753790855408,0.1474994421005249,,,
35,1115,,,,0.9543846845626831,0.8397982716560364,0.228289395570755
36,1116,0.9860210418701172,0.8729787468910217,0.1965038776397705,,,
36,1117,0.987152099609375,0.9204820990562439,0.11919093132019043,,,
36,1118,0.9873409271240234,0.9515342116355896,0.06467980146408081,,,
36,1119,0.9881076812744141,0.9089807868003845,0.14694476127624512,,,
36,1120,0.9872455596923828,0.9343803524971008,0.09304672479629517,,,
36,1121,0.9878816604614258,0.9533624649047852,0.0611194372177124,,,
36,1122,0.9827032089233398,0.8830685615539551,0.16270148754119873,,,
36,1123,0.9904108047485352,0.903093695640564,0.18129217624664307,,,
36,1124,0.9905214309692383,0.9668195843696594,0.04604619741439819,,,
36,1125,0.9846687316894531,0.909582793712616,0.12568718194961548,,,
36,1126,0.9892950057983398,0.9516589045524597,0.06894659996032715,,,
36,1127,0.9886045455932617,0.9464710354804993,0.07652878761291504,,,
36,1128,0.9902029037475586,0.8933838605880737,0.19766801595687866,,,
36,1129,0.9914169311523438,0.9279821515083313,0.13674694299697876,,,
36,1130,0.990574836730957,0.9650373458862305,0.048117101192474365,,,
36,1131,0.9893531799316406,0.9323758482933044,0.10703575611114502,,,
36,1132,0.9883003234863281,0.9534662961959839,0.0609896183013916,,,
36,1133,0.9912805557250977,0.9510183930397034,0.08133399486541748,,,
36,1134,0.9900608062744141,0.9642580151557922,0.04904121160507202,,,
36,1135,0.988616943359375,0.9305844902992249,0.10741865634918213,,,
36,1136,0.9882183074951172,0.9480142593383789,0.07104194164276123,,,
36,1137,0.9900684356689453,0.8638426065444946,0.2539920210838318,,,
36,1138,0.9892253875732422,0.9308178424835205,0.10980522632598877,,,
36,1139,0.9901027679443359,0.9399115443229675,0.09633821249008179,,,
36,1140,0.9893960952758789,0.9494919180870056,0.073117196559906,,,
36,1141,0.9838533401489258,0.8958854675292969,0.14245933294296265,,,
36,1142,0.9899711608886719,0.9444444179534912,0.08467620611190796,,,
36,1143,0.9913473129272461,0.9595262408256531,0.06062573194503784,,,
36,1144,0.9913110733032227,0.9792773127555847,0.04164916276931763,,,
36,1145,0.985529899597168,0.9377997517585754,0.08102542161941528,,,
36,1146,0.9871508479118347,0.9318187832832336,0.09634709358215332,,,
36,1146,,,,0.9545580744743347,0.8412250876426697,0.22616219520568848
37,1147,0.9866170883178711,0.9435847997665405,0.07358860969543457,,,
37,1148,0.9864959716796875,0.9111936092376709,0.12812447547912598,,,
37,1149,0.9889850616455078,0.9580439329147339,0.05614691972732544,,,
37,1150,0.9899864196777344,0.9302339553833008,0.11350947618484497,,,
37,1151,0.9852275848388672,0.9268328547477722,0.09939855337142944,,,
37,1152,0.9863767623901367,0.9311254024505615,0.09566420316696167,,,
37,1153,0.9893674850463867,0.9478287100791931,0.07490336894989014,,,
37,1154,0.9889287948608398,0.951968789100647,0.06556928157806396,,,
37,1155,0.9898958206176758,0.9484922289848328,0.07637327909469604,,,
37,1156,0.9883394241333008,0.9541046023368835,0.0606958270072937,,,
37,1157,0.9885072708129883,0.9523600339889526,0.06542408466339111,,,
37,1158,0.9892845153808594,0.9359228014945984,0.09842175245285034,,,
37,1159,0.9931135177612305,0.969780683517456,0.04816091060638428,,,
37,1160,0.9890813827514648,0.9432945251464844,0.08329027891159058,,,
37,1161,0.9895610809326172,0.9623056054115295,0.04953324794769287,,,
37,1162,0.9895191192626953,0.9195196032524109,0.13194286823272705,,,
37,1163,0.9892873764038086,0.9512410163879395,0.06758284568786621,,,
37,1164,0.9900922775268555,0.918381929397583,0.13947713375091553,,,
37,1165,0.9877796173095703,0.8392886519432068,0.2721940279006958,,,
37,1166,0.9877643585205078,0.9297244548797607,0.10246211290359497,,,
37,1167,0.9857444763183594,0.9557687640190125,0.053927719593048096,,,
37,1168,0.9895877838134766,0.9647640585899353,0.045517683029174805,,,
37,1169,0.9914360046386719,0.9538699388504028,0.07510030269622803,,,
37,1170,0.9880208969116211,0.9167489409446716,0.12839114665985107,,,
37,1171,0.993194580078125,0.9692866802215576,0.049722492694854736,,,
37,1172,0.9881515502929688,0.9380413889884949,0.08697611093521118,,,
37,1173,0.986994743347168,0.8334798812866211,0.2721717357635498,,,
37,1174,0.9908199310302734,0.9423340559005737,0.09462374448776245,,,
37,1175,0.9875688552856445,0.9302034378051758,0.101531982421875,,,
37,1176,0.9912109375,0.950932502746582,0.07567667961120605,,,
37,1177,0.9854151606559753,0.8576570153236389,0.21720081567764282,,,
37,1177,,,,0.9550102949142456,0.8399136066436768,0.23174285888671875
38,1178,0.9907770156860352,0.9562495350837708,0.06351834535598755,,,
38,1179,0.9920597076416016,0.9327632188796997,0.12551993131637573,,,
38,1180,0.9936981201171875,0.9618884921073914,0.07161188125610352,,,
38,1181,0.9899482727050781,0.9587631821632385,0.05702930688858032,,,
38,1182,0.9887781143188477,0.9361550807952881,0.09447920322418213,,,
38,1183,0.9886579513549805,0.9453873634338379,0.07668036222457886,,,
38,1184,0.9878702163696289,0.8775629997253418,0.19872361421585083,,,
38,1185,0.9902105331420898,0.9475809931755066,0.07771539688110352,,,
38,1186,0.9843540191650391,0.9201390147209167,0.10725343227386475,,,
38,1187,0.9894895553588867,0.9529290795326233,0.06528478860855103,,,
38,1188,0.9894437789916992,0.9301719665527344,0.10946625471115112,,,
38,1189,0.9903831481933594,0.9438889622688293,0.0873878002166748,,,
38,1190,0.9911098480224609,0.9386060237884521,0.10358834266662598,,,
38,1191,0.9860897064208984,0.9114583134651184,0.1219106912612915,,,
38,1192,0.9892101287841797,0.9302074313163757,0.10591500997543335,,,
38,1193,0.9864273071289062,0.9084823727607727,0.1325247883796692,,,
38,1194,0.9881715774536133,0.9230028986930847,0.1154942512512207,,,
38,1195,0.9874963760375977,0.9607200026512146,0.04838073253631592,,,
38,1196,0.9894094467163086,0.9259982705116272,0.11608833074569702,,,
38,1197,0.9918661117553711,0.962782084941864,0.05555981397628784,,,
38,1198,0.9886322021484375,0.9627710580825806,0.047676026821136475,,,
38,1199,0.9841670989990234,0.8460739850997925,0.2233595848083496,,,
38,1200,0.9906959533691406,0.9663437604904175,0.04603523015975952,,,
38,1201,0.9826631546020508,0.9432567954063416,0.06823468208312988,,,
38,1202,0.9932041168212891,0.9736852049827576,0.03875070810317993,,,
38,1203,0.9903268814086914,0.9611581563949585,0.05246472358703613,,,
38,1204,0.9883699417114258,0.9433659911155701,0.07890290021896362,,,
38,1205,0.9849147796630859,0.9085997343063354,0.12304282188415527,,,
38,1206,0.9882383346557617,0.9052313566207886,0.15026843547821045,,,
38,1207,0.9902229309082031,0.9410814642906189,0.08936649560928345,,,
38,1208,0.9912236332893372,0.9636872410774231,0.0510556697845459,,,
38,1208,,,,0.9542630314826965,0.8376688957214355,0.22752778232097626
39,1209,0.9908018112182617,0.9413246512413025,0.09354329109191895,,,
39,1210,0.9858865737915039,0.943889856338501,0.07044905424118042,,,
39,1211,0.9880304336547852,0.934043824672699,0.0944862961769104,,,
39,1212,0.9911050796508789,0.9644288420677185,0.04982978105545044,,,
39,1213,0.9875211715698242,0.8957644701004028,0.15762102603912354,,,
39,1214,0.9893045425415039,0.933755099773407,0.09884089231491089,,,
39,1215,0.9904270172119141,0.9558015465736389,0.06225574016571045,,,
39,1216,0.9870948791503906,0.8658909797668457,0.20923370122909546,,,
39,1217,0.9921760559082031,0.9419186115264893,0.10097354650497437,,,
39,1218,0.988438606262207,0.9307379722595215,0.10329777002334595,,,
39,1219,0.9903812408447266,0.9645789861679077,0.04707181453704834,,,
39,1220,0.9911127090454102,0.9674806594848633,0.04472792148590088,,,
39,1221,0.9898529052734375,0.9554845094680786,0.06009882688522339,,,
39,1222,0.9914379119873047,0.9630662798881531,0.05185896158218384,,,
39,1223,0.9857664108276367,0.8913114666938782,0.15597254037857056,,,
39,1224,0.991389274597168,0.9533459544181824,0.07232052087783813,,,
39,1225,0.9885320663452148,0.9181181788444519,0.12341803312301636,,,
39,1226,0.9899702072143555,0.958391547203064,0.05624210834503174,,,
39,1227,0.9854936599731445,0.936920702457428,0.08005720376968384,,,
39,1228,0.9896907806396484,0.9407151341438293,0.08783864974975586,,,
39,1229,0.9859371185302734,0.8968760967254639,0.14562159776687622,,,
39,1230,0.9883975982666016,0.9291174411773682,0.10469895601272583,,,
39,1231,0.9905385971069336,0.9518423676490784,0.07032597064971924,,,
39,1232,0.9888315200805664,0.9180659055709839,0.12685227394104004,,,
39,1233,0.9895505905151367,0.9512799382209778,0.06824743747711182,,,
39,1234,0.9939031600952148,0.9593281745910645,0.07801347970962524,,,
39,1235,0.9900922775268555,0.9600064754486084,0.05347102880477905,,,
39,1236,0.990565299987793,0.9694384932518005,0.041069984436035156,,,
39,1237,0.9900283813476562,0.9367915987968445,0.09903067350387573,,,
39,1238,0.9900884628295898,0.9507314562797546,0.06964468955993652,,,
39,1239,0.9915186762809753,0.9573147296905518,0.06277108192443848,,,
39,1239,,,,0.9522654414176941,0.8324550986289978,0.2316896915435791
40,1240,0.9890222549438477,0.957947313785553,0.05638456344604492,,,
40,1241,0.9899473190307617,0.9597877264022827,0.054553329944610596,,,
40,1242,0.9884462356567383,0.9308010935783386,0.09900593757629395,,,
40,1243,0.9896421432495117,0.9604523777961731,0.05202066898345947,,,
40,1244,0.9860906600952148,0.8299403190612793,0.26070255041122437,,,
40,1245,0.988555908203125,0.869794487953186,0.21083521842956543,,,
40,1246,0.9853973388671875,0.9033833742141724,0.13131743669509888,,,
40,1247,0.9902448654174805,0.9362806081771851,0.09844177961349487,,,
40,1248,0.9884443283081055,0.9479013681411743,0.06912779808044434,,,
40,1249,0.9904956817626953,0.9451941847801208,0.08369159698486328,,,
40,1250,0.9935197830200195,0.9591774344444275,0.07212674617767334,,,
40,1251,0.9906949996948242,0.9526165723800659,0.06761276721954346,,,
40,1252,0.988861083984375,0.931560218334198,0.10012412071228027,,,
40,1253,0.9890050888061523,0.9483331441879272,0.06972193717956543,,,
40,1254,0.9888124465942383,0.9258891940116882,0.10799026489257812,,,
40,1255,0.9919643402099609,0.9693393707275391,0.042740702629089355,,,
40,1256,0.9882354736328125,0.9270779490470886,0.10379248857498169,,,
40,1257,0.9912509918212891,0.9695183634757996,0.04088801145553589,,,
40,1258,0.9863719940185547,0.9018974900245667,0.13944202661514282,,,
40,1259,0.9892711639404297,0.9587940573692322,0.053548574447631836,,,
40,1260,0.9908046722412109,0.963347852230072,0.04922652244567871,,,
40,1261,0.9910087585449219,0.9672538638114929,0.04382884502410889,,,
40,1262,0.9932289123535156,0.9711111783981323,0.04338395595550537,,,
40,1263,0.9882936477661133,0.9375731348991394,0.08696544170379639,,,
40,1264,0.9874897003173828,0.9425458312034607,0.07308781147003174,,,
40,1265,0.9893245697021484,0.9536705017089844,0.06132394075393677,,,
40,1266,0.9905385971069336,0.911311149597168,0.1492685079574585,,,
40,1267,0.9904050827026367,0.9530761241912842,0.06598168611526489,,,
40,1268,0.9905977249145508,0.9263527989387512,0.12030810117721558,,,
40,1269,0.9876813888549805,0.935900866985321,0.08682620525360107,,,
40,1270,0.9917513728141785,0.9335327744483948,0.11332494020462036,,,
40,1270,,,,0.9535518288612366,0.8355907797813416,0.2296249270439148
41,1271,0.990936279296875,0.9637088179588318,0.05041217803955078,,,
41,1272,0.9863653182983398,0.9343743920326233,0.08594328165054321,,,
41,1273,0.9918079376220703,0.911083996295929,0.16523879766464233,,,
41,1274,0.9914836883544922,0.9626800417900085,0.05407685041427612,,,
41,1275,0.9893245697021484,0.9589146375656128,0.05486541986465454,,,
41,1276,0.9870777130126953,0.9157647490501404,0.11790955066680908,,,
41,1277,0.9890403747558594,0.9316062331199646,0.10006320476531982,,,
41,1278,0.9878377914428711,0.9306370615959167,0.09384864568710327,,,
41,1279,0.9884920120239258,0.9565794467926025,0.0557289719581604,,,
41,1280,0.988764762878418,0.9563488960266113,0.055869340896606445,,,
41,1281,0.9902610778808594,0.8730087876319885,0.2201736569404602,,,
41,1282,0.9906148910522461,0.9660516977310181,0.04433256387710571,,,
41,1283,0.9929752349853516,0.9779196381568909,0.03162097930908203,,,
41,1284,0.9887971878051758,0.854259192943573,0.23885464668273926,,,
41,1285,0.9927005767822266,0.9587945342063904,0.06600725650787354,,,
41,1286,0.993107795715332,0.9675113558769226,0.04931306838989258,,,
41,1287,0.9907960891723633,0.9350341558456421,0.1017446517944336,,,
41,1288,0.9875516891479492,0.8647497892379761,0.20505845546722412,,,
41,1289,0.9876699447631836,0.9414765238761902,0.07786285877227783,,,
41,1290,0.9885444641113281,0.9569787979125977,0.054088592529296875,,,
41,1291,0.9905118942260742,0.9168317914009094,0.13447821140289307,,,
41,1292,0.9931344985961914,0.962828516960144,0.05833464860916138,,,
41,1293,0.9888238906860352,0.9192461371421814,0.11752820014953613,,,
41,1294,0.9910955429077148,0.9591907262802124,0.05872863531112671,,,
41,1295,0.9913215637207031,0.9544557929039001,0.06809127330780029,,,
41,1296,0.9897937774658203,0.9715704321861267,0.037321507930755615,,,
41,1297,0.9892101287841797,0.9570691585540771,0.05597257614135742,,,
41,1298,0.9881038665771484,0.9442228674888611,0.0736728310585022,,,
41,1299,0.9919614791870117,0.9367756843566895,0.10848301649093628,,,
41,1300,0.9841785430908203,0.8951751589775085,0.1388830542564392,,,
41,1301,0.9916560053825378,0.9084606170654297,0.16586315631866455,,,
41,1301,,,,0.951364278793335,0.8280252814292908,0.23666736483573914
42,1302,0.9869832992553711,0.9328561425209045,0.08864718675613403,,,
42,1303,0.9915170669555664,0.9287288188934326,0.12097930908203125,,,
42,1304,0.9890966415405273,0.9318726062774658,0.09705561399459839,,,
42,1305,0.9880857467651367,0.9117732048034668,0.12763947248458862,,,
42,1306,0.9886178970336914,0.953631579875946,0.05872923135757446,,,
42,1307,0.9905261993408203,0.9517846703529358,0.06719213724136353,,,
42,1308,0.9882183074951172,0.9245548248291016,0.10600513219833374,,,
42,1309,0.9866094589233398,0.9484357237815857,0.06375223398208618,,,
42,1310,0.9921779632568359,0.9600846767425537,0.059247612953186035,,,
42,1311,0.9910259246826172,0.9327304363250732,0.10721158981323242,,,
42,1312,0.9909963607788086,0.9427342414855957,0.08786463737487793,,,
42,1313,0.9912986755371094,0.9686129093170166,0.041100263595581055,,,
42,1314,0.9923315048217773,0.9702879786491394,0.04109257459640503,,,
42,1315,0.9916114807128906,0.9572625756263733,0.06251680850982666,,,
42,1316,0.9922466278076172,0.9559129476547241,0.0677536129951477,,,
42,1317,0.9904623031616211,0.9399988055229187,0.08846819400787354,,,
42,1318,0.9912586212158203,0.9625048041343689,0.05236333608627319,,,
42,1319,0.9900074005126953,0.9474104046821594,0.07435506582260132,,,
42,1320,0.9886837005615234,0.9447076916694641,0.07349032163619995,,,
42,1321,0.9887056350708008,0.9368999004364014,0.08657395839691162,,,
42,1322,0.9899225234985352,0.960539698600769,0.05158805847167969,,,
42,1323,0.993443489074707,0.9777254462242126,0.030409157276153564,,,
42,1324,0.9900894165039062,0.9464479088783264,0.07584935426712036,,,
42,1325,0.9880952835083008,0.9265390634536743,0.1009676456451416,,,
42,1326,0.9905643463134766,0.9644148349761963,0.046492695808410645,,,
42,1327,0.990142822265625,0.8923165202140808,0.1794072389602661,,,
42,1328,0.9849472045898438,0.9097113013267517,0.11816233396530151,,,
42,1329,0.9884538650512695,0.9181964993476868,0.11889636516571045,,,
42,1330,0.9868793487548828,0.9447647333145142,0.06865435838699341,,,
42,1331,0.9926900863647461,0.9518399834632874,0.07901990413665771,,,
42,1332,0.9921137690544128,0.9433695077896118,0.09206050634384155,,,
42,1332,,,,0.9536048173904419,0.8366268873214722,0.2268459051847458
43,1333,0.9904069900512695,0.9590538144111633,0.05379283428192139,,,
43,1334,0.993865966796875,0.9506286382675171,0.09379255771636963,,,
43,1335,0.9906835556030273,0.9458691477775574,0.07797950506210327,,,
43,1336,0.9922723770141602,0.9366121292114258,0.10873764753341675,,,
43,1337,0.9906692504882812,0.9639047980308533,0.04872184991836548,,,
43,1338,0.9919586181640625,0.960964560508728,0.05659055709838867,,,
43,1339,0.9906997680664062,0.9248655438423157,0.12048381567001343,,,
43,1340,0.9900321960449219,0.9222697615623474,0.12127596139907837,,,
43,1341,0.9862785339355469,0.931274950504303,0.08824557065963745,,,
43,1342,0.9901819229125977,0.9536066651344299,0.06332498788833618,,,
43,1343,0.9898262023925781,0.9551776051521301,0.058289289474487305,,,
43,1344,0.9898624420166016,0.9189180731773376,0.12359637022018433,,,
43,1345,0.991795539855957,0.9600779414176941,0.056541383266448975,,,
43,1346,0.9893274307250977,0.9372353553771973,0.08701753616333008,,,
43,1347,0.9924612045288086,0.9555956125259399,0.07166171073913574,,,
43,1348,0.9908847808837891,0.9614064693450928,0.051351189613342285,,,
43,1349,0.9941549301147461,0.9607087969779968,0.0712924599647522,,,
43,1350,0.9880571365356445,0.965366780757904,0.043688058853149414,,,
43,1351,0.9893379211425781,0.9310123324394226,0.09789317846298218,,,
43,1352,0.9892721176147461,0.8915832042694092,0.174260675907135,,,
43,1353,0.9882125854492188,0.9473758339881897,0.0684359073638916,,,
43,1354,0.989262580871582,0.9658655524253845,0.043720364570617676,,,
43,1355,0.9931001663208008,0.973088800907135,0.0383036732673645,,,
43,1356,0.9874544143676758,0.930690586566925,0.0923166275024414,,,
43,1357,0.9912166595458984,0.963761568069458,0.04917633533477783,,,
43,1358,0.9903392791748047,0.9572826027870178,0.05693429708480835,,,
43,1359,0.9895029067993164,0.9411179423332214,0.08212816715240479,,,
43,1360,0.9896373748779297,0.9205207824707031,0.12139219045639038,,,
43,1361,0.9862737655639648,0.9491650462150574,0.06152409315109253,,,
43,1362,0.9890527725219727,0.9281952381134033,0.10575401782989502,,,
43,1363,0.9910151362419128,0.9052941799163818,0.1621120572090149,,,
43,1363,,,,0.9542113542556763,0.8382603526115417,0.2249121069908142
44,1364,0.9916715621948242,0.9489017128944397,0.07663369178771973,,,
44,1365,0.9951753616333008,0.9709351658821106,0.05462223291397095,,,
44,1366,0.9910392761230469,0.9296932816505432,0.11179661750793457,,,
44,1367,0.9917736053466797,0.9621920585632324,0.052062153816223145,,,
44,1368,0.9914054870605469,0.9565791487693787,0.06257849931716919,,,
44,1369,0.9913740158081055,0.9511213302612305,0.0735822319984436,,,
44,1370,0.9903955459594727,0.9599710702896118,0.052915215492248535,,,
44,1371,0.9856071472167969,0.9657122492790222,0.048107147216796875,,,
44,1372,0.9901571273803711,0.9204467535018921,0.12430787086486816,,,
44,1373,0.9904346466064453,0.9495160579681396,0.07088184356689453,,,
44,1374,0.9904384613037109,0.9527149200439453,0.06704199314117432,,,
44,1375,0.9918766021728516,0.943473756313324,0.09209108352661133,,,
44,1376,0.9919881820678711,0.9476543664932251,0.08368450403213501,,,
44,1377,0.991419792175293,0.9296631217002869,0.11481654644012451,,,
44,1378,0.9882297515869141,0.9422639608383179,0.07523036003112793,,,
44,1379,0.9900913238525391,0.9548565149307251,0.061298668384552,,,
44,1380,0.9899425506591797,0.962601363658905,0.04773002862930298,,,
44,1381,0.9935817718505859,0.9693889021873474,0.046581149101257324,,,
44,1382,0.9868679046630859,0.9470127820968628,0.06733238697052002,,,
44,1383,0.9908046722412109,0.9549744129180908,0.062298715114593506,,,
44,1384,0.9908285140991211,0.9385098218917847,0.09643864631652832,,,
44,1385,0.9875631332397461,0.9438828825950623,0.07076793909072876,,,
44,1386,0.9882936477661133,0.9483720660209656,0.06753093004226685,,,
44,1387,0.9916410446166992,0.9597553610801697,0.05880880355834961,,,
44,1388,0.9905910491943359,0.947877824306488,0.07389324903488159,,,
44,1389,0.9884052276611328,0.9131385087966919,0.1297144889831543,,,
44,1390,0.9890775680541992,0.9400171637535095,0.08569145202636719,,,
44,1391,0.9920997619628906,0.9610785841941833,0.05880039930343628,,,
44,1392,0.9945888519287109,0.9531909823417664,0.09562009572982788,,,
44,1393,0.9891157150268555,0.9443829655647278,0.07650071382522583,,,
44,1394,0.9902293086051941,0.9318830370903015,0.10381472110748291,,,
44,1394,,,,0.9541922807693481,0.8382338881492615,0.22526444494724274
45,1395,0.9886798858642578,0.9477060437202454,0.07080411911010742,,,
45,1396,0.9917488098144531,0.9566202759742737,0.06469786167144775,,,
45,1397,0.9919958114624023,0.9440179467201233,0.09314179420471191,,,
45,1398,0.9900836944580078,0.9636322855949402,0.046785175800323486,,,
45,1399,0.9892339706420898,0.9441619515419006,0.07415366172790527,,,
45,1400,0.9909038543701172,0.9633688926696777,0.048532843589782715,,,
45,1401,0.9901809692382812,0.9297095537185669,0.10551786422729492,,,
45,1402,0.990534782409668,0.9404007792472839,0.08918821811676025,,,
45,1403,0.9860305786132812,0.8781425356864929,0.17464274168014526,,,
45,1404,0.9881210327148438,0.9475327134132385,0.06772112846374512,,,
45,1405,0.9918746948242188,0.9694764614105225,0.04123777151107788,,,
45,1406,0.9906158447265625,0.9532368183135986,0.06654983758926392,,,
45,1407,0.9917135238647461,0.9626208543777466,0.05211228132247925,,,
45,1408,0.9916009902954102,0.9574559330940247,0.06280624866485596,,,
45,1409,0.993657112121582,0.9736674427986145,0.03874480724334717,,,
45,1410,0.9925241470336914,0.9511448740959167,0.08159047365188599,,,
45,1411,0.9897537231445312,0.906385064125061,0.14646190404891968,,,
45,1412,0.9914846420288086,0.955776035785675,0.06413602828979492,,,
45,1413,0.9896202087402344,0.9365538358688354,0.09140926599502563,,,
45,1414,0.988372802734375,0.9327905178070068,0.09192579984664917,,,
45,1415,0.9929475784301758,0.9030532836914062,0.19303953647613525,,,
45,1416,0.9895668029785156,0.9521384835243225,0.06289678812026978,,,
45,1417,0.993377685546875,0.942645251750946,0.10835105180740356,,,
45,1418,0.995234489440918,0.9776612520217896,0.03766816854476929,,,
45,1419,0.9895563125610352,0.9194287657737732,0.12223392724990845,,,
45,1420,0.98895263671875,0.9569457769393921,0.05588960647583008,,,
45,1421,0.9914760589599609,0.9594123959541321,0.05793774127960205,,,
45,1422,0.9923601150512695,0.9561583995819092,0.06782186031341553,,,
45,1423,0.9889049530029297,0.9504997134208679,0.06410592794418335,,,
45,1424,0.9913558959960938,0.9638490080833435,0.05033862590789795,,,
45,1425,0.994110107421875,0.9777653217315674,0.03341931104660034,,,
45,1425,,,,0.9541909694671631,0.8387244939804077,0.2233930230140686
46,1426,0.9926929473876953,0.9661264419555664,0.04949533939361572,,,
46,1427,0.9922351837158203,0.9161837100982666,0.1517910361289978,,,
46,1428,0.9895200729370117,0.9496132135391235,0.06880587339401245,,,
46,1429,0.9927854537963867,0.9617674350738525,0.05888861417770386,,,
46,1430,0.9914007186889648,0.9542555809020996,0.06788527965545654,,,
46,1431,0.9825067520141602,0.7907961010932922,0.2882564663887024,,,
46,1432,0.9901580810546875,0.9467577338218689,0.07762610912322998,,,
46,1433,0.9895820617675781,0.9567023515701294,0.055623412132263184,,,
46,1434,0.9917373657226562,0.9531288146972656,0.07102435827255249,,,
46,1435,0.9917469024658203,0.9632747769355774,0.051485657691955566,,,
46,1436,0.989537239074707,0.9596620202064514,0.05120718479156494,,,
46,1437,0.9902019500732422,0.9300240874290466,0.10571348667144775,,,
46,1438,0.9925851821899414,0.9732860326766968,0.036093294620513916,,,
46,1439,0.9903907775878906,0.8880966901779175,0.1855589747428894,,,
46,1440,0.9915876388549805,0.9617555737495422,0.05560380220413208,,,
46,1441,0.9919366836547852,0.9559279680252075,0.0663864016532898,,,
46,1442,0.989872932434082,0.9621036648750305,0.04777884483337402,,,
46,1443,0.9894199371337891,0.9216619729995728,0.1155470609664917,,,
46,1444,0.991246223449707,0.9579353928565979,0.058640241622924805,,,
46,1445,0.9886102676391602,0.952631950378418,0.06213068962097168,,,
46,1446,0.993011474609375,0.9550153613090515,0.07626491785049438,,,
46,1447,0.9906091690063477,0.9616624712944031,0.05120021104812622,,,
46,1448,0.9896535873413086,0.9120184779167175,0.13935571908950806,,,
46,1449,0.9902486801147461,0.9590864181518555,0.054646193981170654,,,
46,1450,0.9902324676513672,0.9537178874015808,0.06512844562530518,,,
46,1451,0.9926261901855469,0.9717245697975159,0.04002958536148071,,,
46,1452,0.992701530456543,0.945122480392456,0.0946013331413269,,,
46,1453,0.9898862838745117,0.955969512462616,0.058428943157196045,,,
46,1454,0.9914455413818359,0.9648765325546265,0.048831284046173096,,,
46,1455,0.9911346435546875,0.9031646251678467,0.16604113578796387,,,
46,1456,0.9918009638786316,0.9614155888557434,0.05473989248275757,,,
46,1456,,,,0.9542728066444397,0.8385820388793945,0.22459851205348969
47,1457,0.9916467666625977,0.9567144513130188,0.06281119585037231,,,
47,1458,0.9928064346313477,0.9421584606170654,0.10325056314468384,,,
47,1459,0.9916543960571289,0.9561489820480347,0.0634533166885376,,,
47,1460,0.9923410415649414,0.9409546256065369,0.10216021537780762,,,
47,1461,0.9897375106811523,0.9150282144546509,0.13677704334259033,,,
47,1462,0.9878644943237305,0.9364207983016968,0.08465749025344849,,,
47,1463,0.9890232086181641,0.9381641745567322,0.08734750747680664,,,
47,1464,0.9922323226928711,0.9545543193817139,0.07287919521331787,,,
47,1465,0.9875659942626953,0.9411735534667969,0.07511132955551147,,,
47,1466,0.9919929504394531,0.967950165271759,0.04346621036529541,,,
47,1467,0.9934110641479492,0.9746791124343872,0.03636437654495239,,,
47,1468,0.9906091690063477,0.9658864736557007,0.04422140121459961,,,
47,1469,0.98779296875,0.9578210711479187,0.051557958126068115,,,
47,1470,0.9930562973022461,0.9637811779975891,0.05646622180938721,,,
47,1471,0.9869794845581055,0.9013226628303528,0.1407793164253235,,,
47,1472,0.992466926574707,0.9727834463119507,0.03778117895126343,,,
47,1473,0.9942131042480469,0.9603800177574158,0.0722808837890625,,,
47,1474,0.9908361434936523,0.9543398022651672,0.06734967231750488,,,
47,1475,0.9915609359741211,0.9493807554244995,0.07462131977081299,,,
47,1476,0.9922008514404297,0.9732552766799927,0.03602337837219238,,,
47,1477,0.9909906387329102,0.960481584072113,0.05458778142929077,,,
47,1478,0.9932355880737305,0.9716489911079407,0.041109442710876465,,,
47,1479,0.9887018203735352,0.8971739411354065,0.15716826915740967,,,
47,1480,0.9910097122192383,0.9317640662193298,0.10752832889556885,,,
47,1481,0.9879779815673828,0.9540212154388428,0.05769336223602295,,,
47,1482,0.9897623062133789,0.9335981011390686,0.09880810976028442,,,
47,1483,0.9922933578491211,0.9491325616836548,0.08364135026931763,,,
47,1484,0.9889726638793945,0.9296821355819702,0.09877359867095947,,,
47,1485,0.9923200607299805,0.9669303297996521,0.04677176475524902,,,
47,1486,0.9903087615966797,0.9151101112365723,0.13646697998046875,,,
47,1487,0.991553008556366,0.9453826546669006,0.08374816179275513,,,
47,1487,,,,0.9539587497711182,0.8373774886131287,0.22589820623397827
48,1488,0.9934759140014648,0.9778184294700623,0.0308990478515625,,,
48,1489,0.9928398132324219,0.9608148336410522,0.06162846088409424,,,
48,1490,0.9931488037109375,0.9437876343727112,0.09959530830383301,,,
48,1491,0.9921140670776367,0.9684293866157532,0.04375100135803223,,,
48,1492,0.9901790618896484,0.9155624508857727,0.13141751289367676,,,
48,1493,0.9925031661987305,0.974090576171875,0.03488945960998535,,,
48,1494,0.9920597076416016,0.9640563130378723,0.050665974617004395,,,
48,1495,0.9936847686767578,0.949070155620575,0.09633469581604004,,,
48,1496,0.9898891448974609,0.9597113728523254,0.05334579944610596,,,
48,1497,0.9927043914794922,0.9608218669891357,0.05927705764770508,,,
48,1498,0.9912757873535156,0.9606618881225586,0.0542292594909668,,,
48,1499,0.9901790618896484,0.9475632309913635,0.07548409700393677,,,
48,1500,0.9880971908569336,0.9367945194244385,0.08577316999435425,,,
48,1501,0.9915485382080078,0.9509332180023193,0.07595938444137573,,,
48,1502,0.9929647445678711,0.929548978805542,0.13152623176574707,,,
48,1503,0.9913187026977539,0.9428605437278748,0.089019775390625,,,
48,1504,0.9905548095703125,0.9471592307090759,0.07606351375579834,,,
48,1505,0.9883403778076172,0.9538202285766602,0.05924117565155029,,,
48,1506,0.9872922897338867,0.9185792207717896,0.11220443248748779,,,
48,1507,0.9873371124267578,0.8627327084541321,0.2039843201637268,,,
48,1508,0.9914417266845703,0.9538758993148804,0.06684857606887817,,,
48,1509,0.9902734756469727,0.9680691361427307,0.04179525375366211,,,
48,1510,0.9937534332275391,0.9743884801864624,0.03819936513900757,,,
48,1511,0.9917802810668945,0.9547131061553955,0.06682199239730835,,,
48,1512,0.9929361343383789,0.9402285218238831,0.10617625713348389,,,
48,1513,0.9889659881591797,0.9448538422584534,0.07415002584457397,,,
48,1514,0.9873294830322266,0.9538901448249817,0.05786788463592529,,,
48,1515,0.9886322021484375,0.9185336232185364,0.11958128213882446,,,
48,1516,0.9921674728393555,0.95982426404953,0.05903828144073486,,,
48,1517,0.9889698028564453,0.9068257212638855,0.14394629001617432,,,
48,1518,0.9908663630485535,0.962181806564331,0.05120742321014404,,,
48,1518,,,,0.9545016884803772,0.8391257524490356,0.22453753650188446
49,1519,0.9944725036621094,0.9797059297561646,0.029979825019836426,,,
49,1520,0.9903707504272461,0.957720935344696,0.05762588977813721,,,
49,1521,0.9886751174926758,0.9185891151428223,0.11958348751068115,,,
49,1522,0.9911203384399414,0.9600917100906372,0.0541081428527832,,,
49,1523,0.9930124282836914,0.9530085325241089,0.08015984296798706,,,
49,1524,0.9918098449707031,0.94370037317276,0.09027177095413208,,,
49,1525,0.9910926818847656,0.9635004997253418,0.049298882484436035,,,
49,1526,0.9926090240478516,0.9625306725502014,0.05660492181777954,,,
49,1527,0.9907073974609375,0.9438292384147644,0.0839276909828186,,,
49,1528,0.9914131164550781,0.9644502997398376,0.04897242784500122,,,
49,1529,0.9930095672607422,0.961630642414093,0.06073141098022461,,,
49,1530,0.9898519515991211,0.941238522529602,0.0839734673500061,,,
49,1531,0.9899969100952148,0.9628318548202515,0.048984646797180176,,,
49,1532,0.9895849227905273,0.9670035243034363,0.04186594486236572,,,
49,1533,0.9911937713623047,0.9415861964225769,0.09109324216842651,,,
49,1534,0.9922122955322266,0.9520183205604553,0.07373547554016113,,,
49,1535,0.9902467727661133,0.9766376614570618,0.037539660930633545,,,
49,1536,0.990565299987793,0.9417434930801392,0.08706265687942505,,,
49,1537,0.9895334243774414,0.9507975578308105,0.0643765926361084,,,
49,1538,0.9927186965942383,0.9612910151481628,0.060368895530700684,,,
49,1539,0.9905014038085938,0.9300503134727478,0.1095535159111023,,,
49,1540,0.9912929534912109,0.9614645838737488,0.053199827671051025,,,
49,1541,0.9902067184448242,0.8617416620254517,0.2357988953590393,,,
49,1542,0.9904394149780273,0.9029403328895569,0.1610177755355835,,,
49,1543,0.9919490814208984,0.9486008882522583,0.0823865532875061,,,
49,1544,0.9924020767211914,0.900761067867279,0.1853225827217102,,,
49,1545,0.9903640747070312,0.9660696983337402,0.044566333293914795,,,
49,1546,0.9897994995117188,0.8976616263389587,0.16440385580062866,,,
49,1547,0.990351676940918,0.9561561942100525,0.06024909019470215,,,
49,1548,0.9872360229492188,0.9348495006561279,0.08450174331665039,,,
49,1549,0.9876988530158997,0.9042462706565857,0.13954418897628784,,,
49,1549,,,,0.9549611210823059,0.8408993482589722,0.22378140687942505
