epoch,step,train_BinaryAccuracy,train_BinaryJaccardIndex,train_loss,val_BinaryAccuracy,val_BinaryJaccardIndex,val_loss
0,0,0.6365232467651367,0.12679706513881683,0.8658486604690552,,,
0,1,0.7071466445922852,0.2262849360704422,0.8365824222564697,,,
0,2,0.7685689926147461,0.39329779148101807,0.7424236536026001,,,
0,3,0.7958192825317383,0.45961615443229675,0.7074878215789795,,,
0,4,0.8540477752685547,0.6201687455177307,0.6233928203582764,,,
0,5,0.8418979644775391,0.4266832172870636,0.7572314143180847,,,
0,6,0.8552427291870117,0.5406026840209961,0.679947018623352,,,
0,7,0.8697357177734375,0.5800502896308899,0.6552948951721191,,,
0,8,0.8944835662841797,0.6331048607826233,0.6363129615783691,,,
0,9,0.8626289367675781,0.5080044269561768,0.6975558996200562,,,
0,10,0.8611021041870117,0.4264205992221832,0.7643039226531982,,,
0,11,0.8878087997436523,0.5632103085517883,0.6813898086547852,,,
0,12,0.9281578063964844,0.7014071345329285,0.6246505975723267,,,
0,13,0.923919677734375,0.77890545129776,0.5104422569274902,,,
0,14,0.8714399337768555,0.4637678861618042,0.7399338483810425,,,
0,15,0.816990852355957,0.2694293260574341,0.8401328921318054,,,
0,16,0.9414615631103516,0.8381686210632324,0.4717148542404175,,,
0,17,0.9174213409423828,0.5908560156822205,0.6989748477935791,,,
0,18,0.9372167587280273,0.7720479965209961,0.5519829988479614,,,
0,19,0.9126081466674805,0.6393976211547852,0.6398415565490723,,,
0,20,0.9312562942504883,0.7484180927276611,0.556689977645874,,,
0,21,0.9634513854980469,0.8831278681755066,0.4584959149360657,,,
0,22,0.884791374206543,0.3449285626411438,0.8339834809303284,,,
0,23,0.9229869842529297,0.6072677373886108,0.6907985210418701,,,
0,24,0.8613080978393555,0.35724830627441406,0.8003214001655579,,,
0,25,0.9420967102050781,0.773472249507904,0.5540060997009277,,,
0,26,0.9425878524780273,0.7411989569664001,0.5956916213035583,,,
0,27,0.9327888488769531,0.7180960178375244,0.589392900466919,,,
0,28,0.9059228897094727,0.5234444737434387,0.7229586839675903,,,
0,29,0.9519033432006836,0.7804310917854309,0.5718940496444702,,,
0,30,0.9538764953613281,0.8550459742546082,0.43851524591445923,,,
0,30,,,,0.9203240871429443,0.7538852691650391,0.5225324630737305
1,31,0.9253692626953125,0.713359534740448,0.5752346515655518,,,
1,32,0.9470710754394531,0.7854035496711731,0.5375569462776184,,,
1,33,0.9251270294189453,0.6537184119224548,0.632132887840271,,,
1,34,0.9506349563598633,0.7782200574874878,0.560288667678833,,,
1,35,0.9547710418701172,0.803238570690155,0.5397243499755859,,,
1,36,0.9477415084838867,0.7500752806663513,0.5882000923156738,,,
1,37,0.9601144790649414,0.8201942443847656,0.5349082946777344,,,
1,38,0.9171257019042969,0.5456256866455078,0.7173606157302856,,,
1,39,0.9323511123657227,0.7177884578704834,0.5829846858978271,,,
1,40,0.9524946212768555,0.7525029182434082,0.6028201580047607,,,
1,41,0.9567842483520508,0.7775077223777771,0.5890095233917236,,,
1,42,0.9605722427368164,0.8709821105003357,0.41951024532318115,,,
1,43,0.9458503723144531,0.7516543865203857,0.5680575370788574,,,
1,44,0.9168663024902344,0.57354336977005,0.6862200498580933,,,
1,45,0.9627532958984375,0.8535193204879761,0.47452354431152344,,,
1,46,0.9413595199584961,0.7575460076332092,0.5441348552703857,,,
1,47,0.933629035949707,0.6942532062530518,0.6057292819023132,,,
1,48,0.9514017105102539,0.78669673204422,0.5328227877616882,,,
1,49,0.9680795669555664,0.873007595539093,0.45912498235702515,,,
1,50,0.9165000915527344,0.564932644367218,0.6932888031005859,,,
1,51,0.9468812942504883,0.7431746125221252,0.5830785036087036,,,
1,52,0.9624319076538086,0.8495824337005615,0.4723007082939148,,,
1,53,0.9316167831420898,0.5407470464706421,0.7431666254997253,,,
1,54,0.9329938888549805,0.6356909871101379,0.6602758169174194,,,
1,55,0.9650964736938477,0.8582384586334229,0.4649757742881775,,,
1,56,0.9528903961181641,0.800615131855011,0.5070515871047974,,,
1,57,0.9703912734985352,0.8471419215202332,0.5517338514328003,,,
1,58,0.9588165283203125,0.8544454574584961,0.4328393340110779,,,
1,59,0.94305419921875,0.7094914317131042,0.5974940657615662,,,
1,60,0.9479866027832031,0.8323821425437927,0.4240660071372986,,,
1,61,0.949560821056366,0.790372371673584,0.49690520763397217,,,
1,61,,,,0.9001011252403259,0.7160975337028503,0.49968984723091125
2,62,0.9642095565795898,0.8631007671356201,0.43466562032699585,,,
2,63,0.9208602905273438,0.5777798295021057,0.6726318597793579,,,
2,64,0.9639072418212891,0.8765985369682312,0.3983602523803711,,,
2,65,0.9663467407226562,0.8784911036491394,0.41031497716903687,,,
2,66,0.9751367568969727,0.8490134477615356,0.5775941610336304,,,
2,67,0.9405183792114258,0.6978661417961121,0.5973031520843506,,,
2,68,0.9582080841064453,0.8462704420089722,0.4338744878768921,,,
2,69,0.9590826034545898,0.8307127952575684,0.4695926308631897,,,
2,70,0.938044548034668,0.5902709364891052,0.703886091709137,,,
2,71,0.9583740234375,0.8076205849647522,0.5014721155166626,,,
2,72,0.9502019882202148,0.7710543870925903,0.5253974199295044,,,
2,73,0.9745616912841797,0.8870626091957092,0.4461745619773865,,,
2,74,0.9483108520507812,0.7345674633979797,0.5651671886444092,,,
2,75,0.937739372253418,0.6654435992240906,0.6154999732971191,,,
2,76,0.9436101913452148,0.73063063621521,0.5504581928253174,,,
2,77,0.962254524230957,0.8584659695625305,0.4131550192832947,,,
2,78,0.9351415634155273,0.556320309638977,0.7209300994873047,,,
2,79,0.9689464569091797,0.8821600675582886,0.4010682702064514,,,
2,80,0.9725341796875,0.8835992217063904,0.4250950813293457,,,
2,81,0.9605531692504883,0.830134928226471,0.4581543803215027,,,
2,82,0.973170280456543,0.8653401732444763,0.4879860281944275,,,
2,83,0.9731378555297852,0.8951074481010437,0.38796865940093994,,,
2,84,0.9709186553955078,0.8654013276100159,0.44991016387939453,,,
2,85,0.9589653015136719,0.8476669192314148,0.41552913188934326,,,
2,86,0.9363431930541992,0.7280944585800171,0.5229296684265137,,,
2,87,0.9235029220581055,0.5150245428085327,0.7188987731933594,,,
2,88,0.9543800354003906,0.7366743683815002,0.5787736177444458,,,
2,89,0.9636697769165039,0.8586498498916626,0.4071447253227234,,,
2,90,0.9630289077758789,0.8230827450752258,0.47904443740844727,,,
2,91,0.9516077041625977,0.7556132674217224,0.5386341214179993,,,
2,92,0.9502652287483215,0.7545697093009949,0.5336523652076721,,,
2,92,,,,0.9458346962928772,0.814614474773407,0.44527360796928406
3,93,0.9682159423828125,0.8852432370185852,0.3615145683288574,,,
3,94,0.9646110534667969,0.7652417421340942,0.5934005379676819,,,
3,95,0.9628381729125977,0.8411293625831604,0.4341875910758972,,,
3,96,0.9604101181030273,0.8192367553710938,0.4593203663825989,,,
3,97,0.9622335433959961,0.7528567314147949,0.5976885557174683,,,
3,98,0.9598903656005859,0.8348179459571838,0.4197329878807068,,,
3,99,0.9701957702636719,0.8900417685508728,0.3582612872123718,,,
3,100,0.9537944793701172,0.7306552529335022,0.570537805557251,,,
3,101,0.9674053192138672,0.8511151671409607,0.4362452030181885,,,
3,102,0.9728374481201172,0.8948805928230286,0.3625373840332031,,,
3,103,0.9570274353027344,0.7810782790184021,0.5061712265014648,,,
3,104,0.9751806259155273,0.8511240482330322,0.5086032152175903,,,
3,105,0.9620485305786133,0.7325623035430908,0.6118670701980591,,,
3,106,0.9674291610717773,0.8404505252838135,0.45127004384994507,,,
3,107,0.9596462249755859,0.8109784126281738,0.46092694997787476,,,
3,108,0.9448909759521484,0.5955060720443726,0.6902833580970764,,,
3,109,0.9663372039794922,0.8144037127494812,0.496692419052124,,,
3,110,0.9796266555786133,0.9226958751678467,0.3270547389984131,,,
3,111,0.9630327224731445,0.8512901663780212,0.3912978172302246,,,
3,112,0.9304838180541992,0.6211520433425903,0.6096975803375244,,,
3,113,0.9481849670410156,0.7662335634231567,0.47402703762054443,,,
3,114,0.9663534164428711,0.8341590762138367,0.44362950325012207,,,
3,115,0.9688863754272461,0.8474019765853882,0.4368002414703369,,,
3,116,0.9655323028564453,0.8678991794586182,0.3623605966567993,,,
3,117,0.9561252593994141,0.741069495677948,0.5507159233093262,,,
3,118,0.966975212097168,0.9046403169631958,0.27647852897644043,,,
3,119,0.9711389541625977,0.8319142460823059,0.48814988136291504,,,
3,120,0.962733268737793,0.8409713506698608,0.3999883532524109,,,
3,121,0.9372720718383789,0.7120890021324158,0.4989055395126343,,,
3,122,0.9677047729492188,0.8658623099327087,0.36931073665618896,,,
3,123,0.9570185542106628,0.8061667680740356,0.4319947361946106,,,
3,123,,,,0.9449217319488525,0.814607560634613,0.40826454758644104
4,124,0.973170280456543,0.9152352213859558,0.27858155965805054,,,
4,125,0.9762668609619141,0.9153286814689636,0.29424381256103516,,,
4,126,0.9666624069213867,0.8089321851730347,0.49201685190200806,,,
4,127,0.9503383636474609,0.6963845491409302,0.5736804008483887,,,
4,128,0.9708595275878906,0.8476784825325012,0.4373622536659241,,,
4,129,0.9527521133422852,0.7429355382919312,0.5155597925186157,,,
4,130,0.9698028564453125,0.8691954016685486,0.3709626793861389,,,
4,131,0.9730587005615234,0.8889784216880798,0.34544259309768677,,,
4,132,0.9644021987915039,0.8270465135574341,0.4278317093849182,,,
4,133,0.9583044052124023,0.7483422756195068,0.5317261815071106,,,
4,134,0.970515251159668,0.8251152634620667,0.4854196310043335,,,
4,135,0.9449090957641602,0.6848258972167969,0.5576515793800354,,,
4,136,0.9704999923706055,0.8323750495910645,0.46132707595825195,,,
4,137,0.9730701446533203,0.9204998016357422,0.2505694627761841,,,
4,138,0.9463920593261719,0.5964912176132202,0.6686823964118958,,,
4,139,0.970677375793457,0.8789573907852173,0.34119629859924316,,,
4,140,0.9669885635375977,0.7772694230079651,0.5371752977371216,,,
4,141,0.9739818572998047,0.8834829330444336,0.3563794493675232,,,
4,142,0.9768085479736328,0.8913899660110474,0.36047154664993286,,,
4,143,0.9740171432495117,0.8775246739387512,0.36951398849487305,,,
4,144,0.9624738693237305,0.7863162755966187,0.47982704639434814,,,
4,145,0.9762582778930664,0.9003697633743286,0.3210758566856384,,,
4,146,0.9669857025146484,0.8195522427558899,0.4444468021392822,,,
4,147,0.9662132263183594,0.8519465923309326,0.36871111392974854,,,
4,148,0.9702701568603516,0.92024827003479,0.23133784532546997,,,
4,149,0.9653081893920898,0.7890650629997253,0.48991185426712036,,,
4,150,0.9629945755004883,0.7800582647323608,0.4912455081939697,,,
4,151,0.9625539779663086,0.7922332882881165,0.46866679191589355,,,
4,152,0.9557514190673828,0.7990097403526306,0.4158480167388916,,,
4,153,0.9674968719482422,0.8045689463615417,0.47807568311691284,,,
4,154,0.9707997441291809,0.8574682474136353,0.3848593831062317,,,
4,154,,,,0.9490407109260559,0.8239246010780334,0.3894042670726776
5,155,0.9694576263427734,0.8032233119010925,0.49509501457214355,,,
5,156,0.9720945358276367,0.8400172591209412,0.4334453344345093,,,
5,157,0.9740114212036133,0.8576562404632568,0.40768957138061523,,,
5,158,0.9639883041381836,0.7535215020179749,0.5341818928718567,,,
5,159,0.9597606658935547,0.8171932101249695,0.3880048394203186,,,
5,160,0.967045783996582,0.8529480695724487,0.35594111680984497,,,
5,161,0.9669704437255859,0.8013911843299866,0.46769726276397705,,,
5,162,0.964869499206543,0.7930715084075928,0.47215020656585693,,,
5,163,0.9741744995117188,0.8807137608528137,0.342385470867157,,,
5,164,0.9674758911132812,0.8637354969978333,0.33211570978164673,,,
5,165,0.9679069519042969,0.7690497040748596,0.5317462682723999,,,
5,166,0.9727001190185547,0.9071537256240845,0.25370192527770996,,,
5,167,0.9780130386352539,0.936983585357666,0.20683544874191284,,,
5,168,0.951451301574707,0.7446324825286865,0.4648882746696472,,,
5,169,0.9559326171875,0.7206811308860779,0.5238825678825378,,,
5,170,0.976170539855957,0.8982642889022827,0.3013792634010315,,,
5,171,0.9724607467651367,0.888157308101654,0.29721200466156006,,,
5,172,0.9744243621826172,0.7982531785964966,0.531907320022583,,,
5,173,0.9799165725708008,0.9185348153114319,0.27237921953201294,,,
5,174,0.9819517135620117,0.9237427115440369,0.27436983585357666,,,
5,175,0.9771490097045898,0.8768996000289917,0.37033820152282715,,,
5,176,0.9749822616577148,0.9167512655258179,0.2323804497718811,,,
5,177,0.9488554000854492,0.621518075466156,0.6143295764923096,,,
5,178,0.9620428085327148,0.836847722530365,0.3436618447303772,,,
5,179,0.9661989212036133,0.8158202171325684,0.4119099974632263,,,
5,180,0.9673318862915039,0.8332391977310181,0.3828107714653015,,,
5,181,0.9808588027954102,0.9237262010574341,0.25340551137924194,,,
5,182,0.9697685241699219,0.9085034132003784,0.22258079051971436,,,
5,183,0.9739828109741211,0.8356794118881226,0.4360940456390381,,,
5,184,0.9715595245361328,0.847852349281311,0.3835936188697815,,,
5,185,0.9763755798339844,0.8068068623542786,0.5251491069793701,,,
5,185,,,,0.9470833539962769,0.8202956318855286,0.3629049062728882
6,186,0.9615592956542969,0.8295068144798279,0.3493494391441345,,,
6,187,0.9736137390136719,0.8524656891822815,0.38543057441711426,,,
6,188,0.9650888442993164,0.7618545889854431,0.4975367784500122,,,
6,189,0.9798517227172852,0.9050322771072388,0.301207959651947,,,
6,190,0.9755268096923828,0.8573628067970276,0.38971376419067383,,,
6,191,0.9704608917236328,0.8300550580024719,0.4056409001350403,,,
6,192,0.949458122253418,0.5492801070213318,0.6909183859825134,,,
6,193,0.9773035049438477,0.8762807846069336,0.3562079071998596,,,
6,194,0.9707317352294922,0.8306524753570557,0.4072684645652771,,,
6,195,0.9792232513427734,0.929579496383667,0.21104013919830322,,,
6,196,0.9661712646484375,0.793821394443512,0.43954139947891235,,,
6,197,0.9725923538208008,0.9167750477790833,0.20586174726486206,,,
6,198,0.9731082916259766,0.8434714078903198,0.38903456926345825,,,
6,199,0.9765043258666992,0.8784144520759583,0.33247143030166626,,,
6,200,0.9571237564086914,0.6514941453933716,0.5999646186828613,,,
6,201,0.9759607315063477,0.9086053967475891,0.24139052629470825,,,
6,202,0.97076416015625,0.9040434956550598,0.22057265043258667,,,
6,203,0.9750347137451172,0.8250426054000854,0.4518851041793823,,,
6,204,0.9727449417114258,0.8087657690048218,0.4605569839477539,,,
6,205,0.9730291366577148,0.8594250679016113,0.3477204442024231,,,
6,206,0.9813461303710938,0.9333780407905579,0.2074936032295227,,,
6,207,0.9676790237426758,0.748218834400177,0.5237278938293457,,,
6,208,0.9769439697265625,0.9176740646362305,0.21763193607330322,,,
6,209,0.9771060943603516,0.89316326379776,0.28788089752197266,,,
6,210,0.9726200103759766,0.8416795134544373,0.3795493245124817,,,
6,211,0.9815235137939453,0.8987599611282349,0.3215341567993164,,,
6,212,0.9851865768432617,0.9157193899154663,0.3247860074043274,,,
6,213,0.9761857986450195,0.9189348220825195,0.20643383264541626,,,
6,214,0.9748697280883789,0.8856179118156433,0.28619784116744995,,,
6,215,0.9690437316894531,0.8263093829154968,0.37904977798461914,,,
6,216,0.972449004650116,0.9149302840232849,0.20334362983703613,,,
6,216,,,,0.9416677951812744,0.8079671859741211,0.3489360809326172
7,217,0.9731454849243164,0.8985016345977783,0.23840326070785522,,,
7,218,0.9699172973632812,0.8213402032852173,0.3936529755592346,,,
7,219,0.9801254272460938,0.8788752555847168,0.3578488826751709,,,
7,220,0.9797229766845703,0.8950377106666565,0.30283284187316895,,,
7,221,0.9766473770141602,0.8307787179946899,0.43826866149902344,,,
7,222,0.9720420837402344,0.8450667858123779,0.3606572151184082,,,
7,223,0.9757633209228516,0.8159126043319702,0.45695948600769043,,,
7,224,0.982426643371582,0.8982568979263306,0.32234078645706177,,,
7,225,0.9644660949707031,0.8317688703536987,0.3356560468673706,,,
7,226,0.9647445678710938,0.7409390211105347,0.49753689765930176,,,
7,227,0.9786348342895508,0.8837276697158813,0.3174262046813965,,,
7,228,0.9663629531860352,0.8262452483177185,0.3554168939590454,,,
7,229,0.9724311828613281,0.8914754986763,0.24156224727630615,,,
7,230,0.9777545928955078,0.9225680232048035,0.19543129205703735,,,
7,231,0.9816913604736328,0.932269275188446,0.19352930784225464,,,
7,232,0.9743156433105469,0.8800607323646545,0.278542160987854,,,
7,233,0.970524787902832,0.8413333296775818,0.3393923044204712,,,
7,234,0.9734163284301758,0.8631761074066162,0.3113681674003601,,,
7,235,0.9720573425292969,0.8091155290603638,0.42052561044692993,,,
7,236,0.9829883575439453,0.9281232953071594,0.21946746110916138,,,
7,237,0.9794559478759766,0.9154860973358154,0.22257107496261597,,,
7,238,0.957794189453125,0.6387501358985901,0.6065929532051086,,,
7,239,0.9796285629272461,0.9231770634651184,0.20343971252441406,,,
7,240,0.9754133224487305,0.8796152472496033,0.28571099042892456,,,
7,241,0.9775714874267578,0.9142279624938965,0.21101099252700806,,,
7,242,0.9555912017822266,0.7230159640312195,0.46193087100982666,,,
7,243,0.9752130508422852,0.8870678544044495,0.2643201947212219,,,
7,244,0.9767332077026367,0.9136963486671448,0.20656830072402954,,,
7,245,0.9742288589477539,0.889458417892456,0.24888837337493896,,,
7,246,0.986027717590332,0.9194698929786682,0.2907838225364685,,,
7,247,0.9865849614143372,0.9408094882965088,0.22652769088745117,,,
7,247,,,,0.8622258305549622,0.6502612233161926,0.4426651895046234
8,248,0.970911979675293,0.8396498560905457,0.3424016237258911,,,
8,249,0.9802713394165039,0.8865340352058411,0.31097716093063354,,,
8,250,0.9757347106933594,0.878086268901825,0.28657835721969604,,,
8,251,0.9736824035644531,0.8364118933677673,0.36541885137557983,,,
8,252,0.9772377014160156,0.8867914080619812,0.27639466524124146,,,
8,253,0.9765653610229492,0.898325502872467,0.23851341009140015,,,
8,254,0.9736566543579102,0.8622005581855774,0.3020341992378235,,,
8,255,0.9584465026855469,0.67436683177948,0.5370064973831177,,,
8,256,0.9796485900878906,0.8690990209579468,0.3446119427680969,,,
8,257,0.9809074401855469,0.8955937623977661,0.28541016578674316,,,
8,258,0.9801540374755859,0.8805546760559082,0.3172152638435364,,,
8,259,0.9803133010864258,0.8693513870239258,0.3498889207839966,,,
8,260,0.9773693084716797,0.9047098755836487,0.22173941135406494,,,
8,261,0.9794387817382812,0.9205208420753479,0.19660502672195435,,,
8,262,0.9792757034301758,0.9269818663597107,0.17776137590408325,,,
8,263,0.9664125442504883,0.8278439044952393,0.3203998804092407,,,
8,264,0.9803686141967773,0.8984339833259583,0.2603052258491516,,,
8,265,0.9636335372924805,0.7728691697120667,0.40609753131866455,,,
8,266,0.9802207946777344,0.9436888694763184,0.14406681060791016,,,
8,267,0.9751615524291992,0.8771908283233643,0.27547335624694824,,,
8,268,0.9782695770263672,0.8771763443946838,0.29828619956970215,,,
8,269,0.9746503829956055,0.898438036441803,0.21360445022583008,,,
8,270,0.9844188690185547,0.9314388036727905,0.19980520009994507,,,
8,271,0.9770917892456055,0.8984342813491821,0.2294355034828186,,,
8,272,0.9789848327636719,0.895247220993042,0.2518683671951294,,,
8,273,0.9773273468017578,0.899563193321228,0.22612178325653076,,,
8,274,0.9720306396484375,0.882792055606842,0.23313170671463013,,,
8,275,0.9555435180664062,0.5690646767616272,0.6374272108078003,,,
8,276,0.9761343002319336,0.8542770743370056,0.3274770975112915,,,
8,277,0.975616455078125,0.8975406885147095,0.2192373275756836,,,
8,278,0.9696019291877747,0.8480508923530579,0.2898901700973511,,,
8,278,,,,0.9505297541618347,0.8243786096572876,0.3254219591617584
9,279,0.9812021255493164,0.8738415241241455,0.33341580629348755,,,
9,280,0.9783773422241211,0.90580153465271,0.2159031629562378,,,
9,281,0.9705162048339844,0.7401143312454224,0.4961118698120117,,,
9,282,0.9790000915527344,0.8867819905281067,0.2690597176551819,,,
9,283,0.9740228652954102,0.8969246745109558,0.20702117681503296,,,
9,284,0.9768581390380859,0.8784560561180115,0.27163589000701904,,,
9,285,0.9753122329711914,0.8781490325927734,0.2603510022163391,,,
9,286,0.9720859527587891,0.7954005599021912,0.4118828773498535,,,
9,287,0.9740457534790039,0.9200952649116516,0.15891307592391968,,,
9,288,0.9773464202880859,0.7879315614700317,0.47495198249816895,,,
9,289,0.9720478057861328,0.7651686668395996,0.4612288475036621,,,
9,290,0.9822607040405273,0.9059658050537109,0.24356234073638916,,,
9,291,0.9701805114746094,0.8775777220726013,0.22661882638931274,,,
9,292,0.9800128936767578,0.8890870213508606,0.26511049270629883,,,
9,293,0.9808769226074219,0.9245052933692932,0.17650973796844482,,,
9,294,0.9756412506103516,0.8321780562400818,0.3618786931037903,,,
9,295,0.9830617904663086,0.90308678150177,0.2600473165512085,,,
9,296,0.9842004776000977,0.8973378539085388,0.2923659086227417,,,
9,297,0.9808444976806641,0.9355759620666504,0.14704281091690063,,,
9,298,0.98016357421875,0.87257319688797,0.30820274353027344,,,
9,299,0.9764909744262695,0.8843170404434204,0.24565577507019043,,,
9,300,0.9710311889648438,0.8674706220626831,0.24751132726669312,,,
9,301,0.9790382385253906,0.8963325023651123,0.23360931873321533,,,
9,302,0.9776630401611328,0.9064799547195435,0.19773608446121216,,,
9,303,0.9840059280395508,0.8998064398765564,0.27568626403808594,,,
9,304,0.9813995361328125,0.9090540409088135,0.2176516056060791,,,
9,305,0.9839057922363281,0.9432036876678467,0.14015460014343262,,,
9,306,0.9707746505737305,0.8807118535041809,0.2160627245903015,,,
9,307,0.9701051712036133,0.7604172825813293,0.44530463218688965,,,
9,308,0.9862270355224609,0.9526312947273254,0.12925761938095093,,,
9,309,0.9801139831542969,0.9104269742965698,0.20310205221176147,,,
9,309,,,,0.9492675065994263,0.8250506520271301,0.30759599804878235
10,310,0.980433464050293,0.8883580565452576,0.2617955207824707,,,
10,311,0.985565185546875,0.9518043398857117,0.1269513964653015,,,
10,312,0.9730424880981445,0.8277085423469543,0.3371906280517578,,,
10,313,0.9774141311645508,0.8837227821350098,0.2462800145149231,,,
10,314,0.9804630279541016,0.916444718837738,0.1831817626953125,,,
10,315,0.9852619171142578,0.9150617718696594,0.2399001121520996,,,
10,316,0.9794454574584961,0.8788905739784241,0.2727200388908386,,,
10,317,0.9829940795898438,0.8705772161483765,0.3346245288848877,,,
10,318,0.9856557846069336,0.8979440927505493,0.29671716690063477,,,
10,319,0.9837207794189453,0.9342890381813049,0.1588265299797058,,,
10,320,0.9726238250732422,0.7856737375259399,0.41130346059799194,,,
10,321,0.9788198471069336,0.929238498210907,0.14495354890823364,,,
10,322,0.9787445068359375,0.9043334722518921,0.2042008638381958,,,
10,323,0.9746007919311523,0.8646318912506104,0.2632043957710266,,,
10,324,0.9762859344482422,0.8839631676673889,0.2311345934867859,,,
10,325,0.9771480560302734,0.874717652797699,0.25846177339553833,,,
10,326,0.9803380966186523,0.9206159114837646,0.17024773359298706,,,
10,327,0.9876260757446289,0.953857958316803,0.13030916452407837,,,
10,328,0.9844341278076172,0.9359522461891174,0.15523183345794678,,,
10,329,0.9735536575317383,0.9005943536758423,0.17922472953796387,,,
10,330,0.9775514602661133,0.8384342193603516,0.3413270115852356,,,
10,331,0.9802789688110352,0.9193530678749084,0.17035269737243652,,,
10,332,0.9770879745483398,0.8358017206192017,0.340090274810791,,,
10,333,0.9775876998901367,0.8003228902816772,0.4219541549682617,,,
10,334,0.9800119400024414,0.9145287871360779,0.1793038249015808,,,
10,335,0.9818353652954102,0.9214650392532349,0.17245453596115112,,,
10,336,0.9726219177246094,0.6785362362861633,0.5719500780105591,,,
10,337,0.9820919036865234,0.8941714763641357,0.2486754059791565,,,
10,338,0.9843301773071289,0.9288676381111145,0.1710660457611084,,,
10,339,0.9837741851806641,0.9028476476669312,0.2432836890220642,,,
10,340,0.9802627563476562,0.9168586134910583,0.1741998791694641,,,
10,340,,,,0.9500283002853394,0.8271452784538269,0.29106807708740234
11,341,0.9777002334594727,0.9086301922798157,0.175179123878479,,,
11,342,0.9801273345947266,0.9177218675613403,0.16798609495162964,,,
11,343,0.9795141220092773,0.8841776251792908,0.2461334466934204,,,
11,344,0.9838924407958984,0.9462572336196899,0.11941850185394287,,,
11,345,0.9827499389648438,0.928713858127594,0.15766805410385132,,,
11,346,0.976231575012207,0.8917036652565002,0.2058998942375183,,,
11,347,0.9882984161376953,0.9387602210044861,0.17922735214233398,,,
11,348,0.9819278717041016,0.8990420699119568,0.23080772161483765,,,
11,349,0.9817600250244141,0.9332045912742615,0.1370924711227417,,,
11,350,0.9823703765869141,0.881226658821106,0.2802465558052063,,,
11,351,0.9815797805786133,0.8998584747314453,0.21949946880340576,,,
11,352,0.9838380813598633,0.93523770570755,0.1453532576560974,,,
11,353,0.9781961441040039,0.8511019349098206,0.3063221573829651,,,
11,354,0.9825334548950195,0.887976884841919,0.26184380054473877,,,
11,355,0.9814567565917969,0.865299642086029,0.30537110567092896,,,
11,356,0.9816341400146484,0.8836494088172913,0.264274537563324,,,
11,357,0.981410026550293,0.9387499690055847,0.12391853332519531,,,
11,358,0.9821901321411133,0.8745988011360168,0.2895295023918152,,,
11,359,0.9831628799438477,0.8661080002784729,0.3203822374343872,,,
11,360,0.9781255722045898,0.8319929242134094,0.3446071147918701,,,
11,361,0.9817743301391602,0.8702588677406311,0.29569947719573975,,,
11,362,0.9806118011474609,0.9187735915184021,0.16255080699920654,,,
11,363,0.9777517318725586,0.8673546314239502,0.2621915340423584,,,
11,364,0.9812517166137695,0.8734461665153503,0.27593058347702026,,,
11,365,0.9822568893432617,0.8957656621932983,0.23169106245040894,,,
11,366,0.9830141067504883,0.8490695357322693,0.3561474680900574,,,
11,367,0.9801034927368164,0.9322806000709534,0.12934088706970215,,,
11,368,0.9843978881835938,0.9349595904350281,0.14394515752792358,,,
11,369,0.9812221527099609,0.8934524059295654,0.22643661499023438,,,
11,370,0.9764747619628906,0.8831354379653931,0.2133428454399109,,,
11,371,0.9754371643066406,0.9139477610588074,0.14919441938400269,,,
11,371,,,,0.9481298923492432,0.8226767182350159,0.2861553728580475
12,372,0.9825925827026367,0.922071635723114,0.16039049625396729,,,
12,373,0.9809465408325195,0.8831726312637329,0.243350088596344,,,
12,374,0.9821538925170898,0.9209794998168945,0.16191840171813965,,,
12,375,0.9793386459350586,0.8572492003440857,0.2920318841934204,,,
12,376,0.9804439544677734,0.9111852049827576,0.17679744958877563,,,
12,377,0.9817390441894531,0.9199344515800476,0.15913259983062744,,,
12,378,0.9765520095825195,0.8621611595153809,0.25608837604522705,,,
12,379,0.9806118011474609,0.9132149815559387,0.1677262783050537,,,
12,380,0.9888858795166016,0.9441513419151306,0.1578626036643982,,,
12,381,0.9811897277832031,0.9120673537254333,0.1721813678741455,,,
12,382,0.9792900085449219,0.862148642539978,0.2747538685798645,,,
12,383,0.98065185546875,0.9260924458503723,0.13936007022857666,,,
12,384,0.9837989807128906,0.9159384369850159,0.18428391218185425,,,
12,385,0.9879627227783203,0.9516737461090088,0.12031590938568115,,,
12,386,0.976902961730957,0.7429062724113464,0.4746427536010742,,,
12,387,0.9815301895141602,0.8532046675682068,0.3139941692352295,,,
12,388,0.9770908355712891,0.8976075053215027,0.18135499954223633,,,
12,389,0.9840774536132812,0.9444993138313293,0.11330235004425049,,,
12,390,0.9806051254272461,0.9160782694816589,0.1590442657470703,,,
12,391,0.9786653518676758,0.8398261666297913,0.31127917766571045,,,
12,392,0.9779529571533203,0.8505082726478577,0.28549724817276,,,
12,393,0.9820070266723633,0.8677976131439209,0.28506994247436523,,,
12,394,0.9804821014404297,0.9001185894012451,0.1905573010444641,,,
12,395,0.9850149154663086,0.9459067583084106,0.11119073629379272,,,
12,396,0.9804668426513672,0.8406541347503662,0.32792526483535767,,,
12,397,0.9807024002075195,0.9269270300865173,0.13397431373596191,,,
12,398,0.979339599609375,0.9109678864479065,0.15792584419250488,,,
12,399,0.9785423278808594,0.9186092019081116,0.1399158239364624,,,
12,400,0.976893424987793,0.9035308361053467,0.16402852535247803,,,
12,401,0.9739389419555664,0.8307076692581177,0.28770148754119873,,,
12,402,0.9787178039550781,0.8342230916023254,0.3198543190956116,,,
12,402,,,,0.9523667097091675,0.8339210152626038,0.26981353759765625
13,403,0.97711181640625,0.8194130659103394,0.33603745698928833,,,
13,404,0.9814033508300781,0.8988972306251526,0.19771617650985718,,,
13,405,0.9767780303955078,0.90895015001297,0.14848291873931885,,,
13,406,0.9797039031982422,0.8574844002723694,0.28076690435409546,,,
13,407,0.9835433959960938,0.9127881526947021,0.18076014518737793,,,
13,408,0.9831295013427734,0.8587647080421448,0.305351197719574,,,
13,409,0.9858322143554688,0.9392094016075134,0.129075825214386,,,
13,410,0.9841785430908203,0.9337851405143738,0.13117295503616333,,,
13,411,0.9764728546142578,0.8998282551765442,0.16768819093704224,,,
13,412,0.9831686019897461,0.9252414703369141,0.1459079384803772,,,
13,413,0.9868535995483398,0.9439631700515747,0.12302500009536743,,,
13,414,0.9794168472290039,0.8719809055328369,0.2398151159286499,,,
13,415,0.9769086837768555,0.8487972617149353,0.2709062695503235,,,
13,416,0.9827251434326172,0.907825231552124,0.18368375301361084,,,
13,417,0.9838495254516602,0.9201668500900269,0.16347825527191162,,,
13,418,0.9821243286132812,0.9181413054466248,0.15378952026367188,,,
13,419,0.984522819519043,0.9321075677871704,0.1354709267616272,,,
13,420,0.9828567504882812,0.9211917519569397,0.15125632286071777,,,
13,421,0.9797954559326172,0.8833864331245422,0.2169690728187561,,,
13,422,0.9836225509643555,0.9346544742584229,0.1262776255607605,,,
13,423,0.9829950332641602,0.871665894985199,0.2671058773994446,,,
13,424,0.9796905517578125,0.8246463537216187,0.3334304094314575,,,
13,425,0.9767942428588867,0.8460959196090698,0.27105259895324707,,,
13,426,0.9823484420776367,0.8972315788269043,0.20385879278182983,,,
13,427,0.9836330413818359,0.9503533840179443,0.09389734268188477,,,
13,428,0.9759988784790039,0.8649194240570068,0.22898954153060913,,,
13,429,0.9852323532104492,0.9488797187805176,0.0990368127822876,,,
13,430,0.9847745895385742,0.9285998344421387,0.14274382591247559,,,
13,431,0.9802274703979492,0.91194087266922,0.15427112579345703,,,
13,432,0.983790397644043,0.9137352705001831,0.16993999481201172,,,
13,433,0.9760958552360535,0.7814450860023499,0.383420467376709,,,
13,433,,,,0.9531784057617188,0.834203839302063,0.2678884267807007
14,434,0.9785337448120117,0.8271344304084778,0.31652551889419556,,,
14,435,0.9817123413085938,0.9297821521759033,0.12204992771148682,,,
14,436,0.9808511734008789,0.93666011095047,0.10602396726608276,,,
14,437,0.983241081237793,0.851146936416626,0.3172338008880615,,,
14,438,0.9848461151123047,0.8955251574516296,0.2265116572380066,,,
14,439,0.9808759689331055,0.8668804168701172,0.25343066453933716,,,
14,440,0.9803934097290039,0.8768228888511658,0.2262924313545227,,,
14,441,0.9828672409057617,0.8659878373146057,0.27344948053359985,,,
14,442,0.9861726760864258,0.9393149018287659,0.12254995107650757,,,
14,443,0.9854545593261719,0.9382355213165283,0.12224507331848145,,,
14,444,0.9771318435668945,0.9056012034416199,0.1513662338256836,,,
14,445,0.9808263778686523,0.892898440361023,0.19381308555603027,,,
14,446,0.9660320281982422,0.8241077661514282,0.2546160817146301,,,
14,447,0.9854574203491211,0.8575578927993774,0.3219485878944397,,,
14,448,0.9784116744995117,0.9220684766769409,0.1254204511642456,,,
14,449,0.9812984466552734,0.9220219254493713,0.13247239589691162,,,
14,450,0.9830799102783203,0.9335303902626038,0.11727738380432129,,,
14,451,0.9826726913452148,0.9163951873779297,0.15186262130737305,,,
14,452,0.9828958511352539,0.9011932611465454,0.1876298189163208,,,
14,453,0.981689453125,0.9132313132286072,0.15373903512954712,,,
14,454,0.9763984680175781,0.8297199010848999,0.2857939600944519,,,
14,455,0.9842853546142578,0.9311618208885193,0.12774014472961426,,,
14,456,0.9796781539916992,0.9084515571594238,0.15205758810043335,,,
14,457,0.9828205108642578,0.9338250756263733,0.11673218011856079,,,
14,458,0.9861793518066406,0.9226053357124329,0.16325783729553223,,,
14,459,0.9830350875854492,0.9150128364562988,0.15778660774230957,,,
14,460,0.9854965209960938,0.8225417137145996,0.3952748775482178,,,
14,461,0.9773292541503906,0.9080518484115601,0.1422317624092102,,,
14,462,0.9804792404174805,0.9089327454566956,0.15462195873260498,,,
14,463,0.980010986328125,0.9118301272392273,0.14450335502624512,,,
14,464,0.9777018427848816,0.8719598054885864,0.21197938919067383,,,
14,464,,,,0.9515025019645691,0.8303687572479248,0.26540467143058777
15,465,0.9828929901123047,0.9021876454353333,0.17998355627059937,,,
15,466,0.9711380004882812,0.7138615846633911,0.4333797097206116,,,
15,467,0.9810628890991211,0.8431404829025269,0.2952055335044861,,,
15,468,0.9837799072265625,0.9300473928451538,0.1255795955657959,,,
15,469,0.9803009033203125,0.897585391998291,0.17387771606445312,,,
15,470,0.9750633239746094,0.9189894795417786,0.12255239486694336,,,
15,471,0.9838285446166992,0.9106001853942871,0.1696549654006958,,,
15,472,0.9815216064453125,0.886491596698761,0.20750129222869873,,,
15,473,0.9844093322753906,0.896937370300293,0.20330065488815308,,,
15,474,0.9761457443237305,0.8337498307228088,0.2682012915611267,,,
15,475,0.9790258407592773,0.8306993842124939,0.29853832721710205,,,
15,476,0.9845046997070312,0.9400628805160522,0.10794472694396973,,,
15,477,0.9828519821166992,0.9176388382911682,0.14646518230438232,,,
15,478,0.9752779006958008,0.9019227027893066,0.14484846591949463,,,
15,479,0.9729337692260742,0.8304377198219299,0.26457643508911133,,,
15,480,0.9889383316040039,0.9447319507598877,0.1228756308555603,,,
15,481,0.9835929870605469,0.9383462071418762,0.10705792903900146,,,
15,482,0.9805145263671875,0.9274954199790955,0.1165093183517456,,,
15,483,0.9758453369140625,0.842367947101593,0.2507920265197754,,,
15,484,0.9829330444335938,0.9066964387893677,0.1666143536567688,,,
15,485,0.9837684631347656,0.9357648491859436,0.11035281419754028,,,
15,486,0.9834890365600586,0.9322013258934021,0.11698746681213379,,,
15,487,0.9868144989013672,0.9075820446014404,0.1997891664505005,,,
15,488,0.9810972213745117,0.9337449073791504,0.10497909784317017,,,
15,489,0.9830303192138672,0.8995699286460876,0.18182116746902466,,,
15,490,0.9851922988891602,0.9250941872596741,0.13985145092010498,,,
15,491,0.9791240692138672,0.8148806095123291,0.3202100992202759,,,
15,492,0.9837913513183594,0.9342949390411377,0.111469566822052,,,
15,493,0.9810514450073242,0.8716754913330078,0.22345173358917236,,,
15,494,0.9819927215576172,0.9015259742736816,0.1709943413734436,,,
15,495,0.9773635864257812,0.9183873534202576,0.12227290868759155,,,
15,495,,,,0.954010009765625,0.836839497089386,0.25608471035957336
16,496,0.9807958602905273,0.8737214803695679,0.22020959854125977,,,
16,497,0.9824275970458984,0.8969053626060486,0.1830275058746338,,,
16,498,0.9861993789672852,0.9566248059272766,0.07856404781341553,,,
16,499,0.9802227020263672,0.9269181489944458,0.11328321695327759,,,
16,500,0.9865942001342773,0.9164859652519226,0.1712552309036255,,,
16,501,0.9809894561767578,0.8858775496482849,0.19416970014572144,,,
16,502,0.9827051162719727,0.8738759160041809,0.23228561878204346,,,
16,503,0.979705810546875,0.9266821146011353,0.1125531792640686,,,
16,504,0.9800815582275391,0.873937726020813,0.21129804849624634,,,
16,505,0.9868631362915039,0.9445925951004028,0.10280954837799072,,,
16,506,0.9829378128051758,0.8989420533180237,0.17931318283081055,,,
16,507,0.9821681976318359,0.8475524187088013,0.28240931034088135,,,
16,508,0.9822521209716797,0.9232542514801025,0.1235385537147522,,,
16,509,0.9846668243408203,0.943381130695343,0.09564298391342163,,,
16,510,0.9832143783569336,0.9509740471839905,0.08367937803268433,,,
16,511,0.9773435592651367,0.8239570260047913,0.28694647550582886,,,
16,512,0.9843358993530273,0.9217656254768372,0.1380671262741089,,,
16,513,0.9780330657958984,0.8243141174316406,0.29135024547576904,,,
16,514,0.9811315536499023,0.9050974249839783,0.15374809503555298,,,
16,515,0.9870471954345703,0.9241008758544922,0.15355676412582397,,,
16,516,0.985499382019043,0.8996813297271729,0.19872337579727173,,,
16,517,0.9830513000488281,0.8113856315612793,0.3623858690261841,,,
16,518,0.9837045669555664,0.9133971333503723,0.14920848608016968,,,
16,519,0.982269287109375,0.9116240739822388,0.14510339498519897,,,
16,520,0.9853115081787109,0.9286326766014099,0.12517136335372925,,,
16,521,0.9834089279174805,0.8864017724990845,0.20840895175933838,,,
16,522,0.9836044311523438,0.8518211841583252,0.2807008624076843,,,
16,523,0.9767389297485352,0.9231319427490234,0.10978138446807861,,,
16,524,0.9852981567382812,0.9387059807777405,0.1043691635131836,,,
16,525,0.9877538681030273,0.9228657484054565,0.16019266843795776,,,
16,526,0.9832941889762878,0.940881609916687,0.09641426801681519,,,
16,526,,,,0.9514355063438416,0.8323245644569397,0.2527365982532501
17,527,0.9817619323730469,0.9265907406806946,0.11467421054840088,,,
17,528,0.984990119934082,0.9183458685874939,0.1454346776008606,,,
17,529,0.9816484451293945,0.8966502547264099,0.16974568367004395,,,
17,530,0.9813051223754883,0.8370476961135864,0.2855589985847473,,,
17,531,0.9820566177368164,0.931046724319458,0.10619664192199707,,,
17,532,0.9820499420166016,0.8944422602653503,0.17826664447784424,,,
17,533,0.9816217422485352,0.9184762239456177,0.12804144620895386,,,
17,534,0.9849958419799805,0.9327327609062195,0.11390835046768188,,,
17,535,0.9857206344604492,0.8984137773513794,0.19429028034210205,,,
17,536,0.9856185913085938,0.9451560378074646,0.09379792213439941,,,
17,537,0.985590934753418,0.9454810619354248,0.09219098091125488,,,
17,538,0.9826545715332031,0.9234189391136169,0.12067127227783203,,,
17,539,0.986475944519043,0.9258669018745422,0.1358121633529663,,,
17,540,0.9793415069580078,0.8952859044075012,0.16192913055419922,,,
17,541,0.9846115112304688,0.923350989818573,0.13095694780349731,,,
17,542,0.985595703125,0.9550714492797852,0.07637310028076172,,,
17,543,0.9748258590698242,0.8349785208702087,0.2458411455154419,,,
17,544,0.9799041748046875,0.9133139252662659,0.12973207235336304,,,
17,545,0.9791574478149414,0.748911440372467,0.4110507369041443,,,
17,546,0.9856739044189453,0.9135434627532959,0.160170316696167,,,
17,547,0.9780864715576172,0.8457748889923096,0.24523162841796875,,,
17,548,0.9868259429931641,0.9280029535293579,0.1333913803100586,,,
17,549,0.9867763519287109,0.923505961894989,0.14169633388519287,,,
17,550,0.9875516891479492,0.9255373477935791,0.14397788047790527,,,
17,551,0.986109733581543,0.8985505104064941,0.19481629133224487,,,
17,552,0.9857378005981445,0.9458893537521362,0.08917051553726196,,,
17,553,0.9835920333862305,0.8964465260505676,0.17938745021820068,,,
17,554,0.9857301712036133,0.9354280233383179,0.11196792125701904,,,
17,555,0.9834718704223633,0.9465648531913757,0.08424180746078491,,,
17,556,0.9851932525634766,0.908704400062561,0.16362667083740234,,,
17,557,0.9870478510856628,0.8498857617378235,0.31285732984542847,,,
17,557,,,,0.9551018476486206,0.8412173986434937,0.24554872512817383
18,558,0.9849720001220703,0.9291351437568665,0.11781126260757446,,,
18,559,0.9785957336425781,0.900220513343811,0.14814096689224243,,,
18,560,0.9791746139526367,0.8832994699478149,0.17773360013961792,,,
18,561,0.9812021255493164,0.8517903089523315,0.24965548515319824,,,
18,562,0.9847421646118164,0.9442636966705322,0.0894925594329834,,,
18,563,0.9814825057983398,0.9048233032226562,0.1468193531036377,,,
18,564,0.9842672348022461,0.9239692687988281,0.12386107444763184,,,
18,565,0.9834671020507812,0.8009758591651917,0.3622084856033325,,,
18,566,0.9802007675170898,0.9339933395385742,0.09706026315689087,,,
18,567,0.9850988388061523,0.9272677302360535,0.12074708938598633,,,
18,568,0.9897098541259766,0.9427446722984314,0.11632543802261353,,,
18,569,0.9873476028442383,0.9336072206497192,0.12149226665496826,,,
18,570,0.9868459701538086,0.9103564620018005,0.17000359296798706,,,
18,571,0.9855928421020508,0.9495705366134644,0.08257973194122314,,,
18,572,0.9904136657714844,0.9708907008171082,0.05952388048171997,,,
18,573,0.9819774627685547,0.9141760468482971,0.13183927536010742,,,
18,574,0.9887628555297852,0.9502623677253723,0.09141528606414795,,,
18,575,0.9849395751953125,0.9344806671142578,0.10474854707717896,,,
18,576,0.9840850830078125,0.8735843896865845,0.22077399492263794,,,
18,577,0.9764680862426758,0.8724957704544067,0.18238699436187744,,,
18,578,0.9846105575561523,0.9231772422790527,0.12460732460021973,,,
18,579,0.9846477508544922,0.8967865109443665,0.1794888973236084,,,
18,580,0.9859609603881836,0.93429034948349,0.10950833559036255,,,
18,581,0.9823570251464844,0.9266178607940674,0.10976666212081909,,,
18,582,0.9848489761352539,0.9064584970474243,0.16054844856262207,,,
18,583,0.9816074371337891,0.8590452075004578,0.22991418838500977,,,
18,584,0.9897842407226562,0.9240978360176086,0.16722577810287476,,,
18,585,0.9881267547607422,0.9195080995559692,0.15603309869766235,,,
18,586,0.9876375198364258,0.925491452217102,0.1389828324317932,,,
18,587,0.9832525253295898,0.8653586506843567,0.23219871520996094,,,
18,588,0.9839350581169128,0.9404836893081665,0.09283345937728882,,,
18,588,,,,0.9550683498382568,0.8398852944374084,0.24618013203144073
19,589,0.9876689910888672,0.9573153257369995,0.07189905643463135,,,
19,590,0.9856843948364258,0.9492087364196777,0.08077311515808105,,,
19,591,0.9867000579833984,0.9191625118255615,0.14649486541748047,,,
19,592,0.9873781204223633,0.9434043765068054,0.09656566381454468,,,
19,593,0.9859580993652344,0.9289820790290833,0.11825168132781982,,,
19,594,0.9822320938110352,0.8657689690589905,0.21875864267349243,,,
19,595,0.9891090393066406,0.9622940421104431,0.06597232818603516,,,
19,596,0.9845790863037109,0.9179941415786743,0.13303905725479126,,,
19,597,0.9784841537475586,0.8602627515792847,0.20792537927627563,,,
19,598,0.9871301651000977,0.9431245923042297,0.09585165977478027,,,
19,599,0.9904012680053711,0.9457848072052002,0.11070972681045532,,,
19,600,0.9802360534667969,0.888687789440155,0.16891944408416748,,,
19,601,0.9881515502929688,0.9389190077781677,0.10765814781188965,,,
19,602,0.9786567687988281,0.8618791103363037,0.20622491836547852,,,
19,603,0.9869832992553711,0.9220293164253235,0.13822460174560547,,,
19,604,0.9845876693725586,0.9086143970489502,0.15118449926376343,,,
19,605,0.9909095764160156,0.9344208240509033,0.14818406105041504,,,
19,606,0.9837703704833984,0.9016783833503723,0.1590667963027954,,,
19,607,0.9871826171875,0.9472829699516296,0.08633852005004883,,,
19,608,0.98187255859375,0.9230868816375732,0.11398845911026001,,,
19,609,0.9894781112670898,0.9541176557540894,0.0812268853187561,,,
19,610,0.9854898452758789,0.8862617015838623,0.20286071300506592,,,
19,611,0.9793500900268555,0.9081923961639404,0.1312769055366516,,,
19,612,0.9877595901489258,0.9129765629768372,0.16389667987823486,,,
19,613,0.9834165573120117,0.9059500098228455,0.14975851774215698,,,
19,614,0.9876737594604492,0.8816825151443481,0.2330845594406128,,,
19,615,0.9879007339477539,0.9344412088394165,0.11528289318084717,,,
19,616,0.9796152114868164,0.9035715460777283,0.13643217086791992,,,
19,617,0.9881467819213867,0.9443578720092773,0.09528237581253052,,,
19,618,0.9850940704345703,0.9425682425498962,0.08911347389221191,,,
19,619,0.980475127696991,0.8856664299964905,0.1707315444946289,,,
19,619,,,,0.9526638388633728,0.8346493244171143,0.2445511817932129
20,620,0.9862337112426758,0.9298863410949707,0.11650431156158447,,,
20,621,0.984339714050293,0.8928223848342896,0.17922115325927734,,,
20,622,0.9864931106567383,0.8920132517814636,0.19593411684036255,,,
20,623,0.989222526550293,0.9406182765960693,0.1087653636932373,,,
20,624,0.9844245910644531,0.8545383214950562,0.25860607624053955,,,
20,625,0.9834499359130859,0.9178571105003357,0.12284177541732788,,,
20,626,0.9867362976074219,0.8923379182815552,0.19612771272659302,,,
20,627,0.9874849319458008,0.9266806244850159,0.1271834373474121,,,
20,628,0.9792709350585938,0.9220629930496216,0.10902458429336548,,,
20,629,0.9901676177978516,0.9628164172172546,0.06590807437896729,,,
20,630,0.9879722595214844,0.9423177242279053,0.09649431705474854,,,
20,631,0.9838428497314453,0.9288142323493958,0.10438692569732666,,,
20,632,0.9846010208129883,0.9352955222129822,0.09757375717163086,,,
20,633,0.9853134155273438,0.9146653413772583,0.14048552513122559,,,
20,634,0.9865207672119141,0.9379600882530212,0.09848380088806152,,,
20,635,0.9838619232177734,0.8923529982566833,0.17301547527313232,,,
20,636,0.9861783981323242,0.9394720196723938,0.09268307685852051,,,
20,637,0.9824714660644531,0.8803291916847229,0.18919247388839722,,,
20,638,0.983525276184082,0.9201989769935608,0.1197199821472168,,,
20,639,0.9846181869506836,0.9241023659706116,0.1161797046661377,,,
20,640,0.9879140853881836,0.9544290900230408,0.07275843620300293,,,
20,641,0.9856319427490234,0.9383195638656616,0.09395366907119751,,,
20,642,0.9816474914550781,0.8191217184066772,0.2837846875190735,,,
20,643,0.9906702041625977,0.9558323621749878,0.08325028419494629,,,
20,644,0.9846973419189453,0.8689523339271545,0.22238034009933472,,,
20,645,0.9835672378540039,0.8916711807250977,0.17128407955169678,,,
20,646,0.986231803894043,0.9378088116645813,0.09771865606307983,,,
20,647,0.9819860458374023,0.9464219212532043,0.07837963104248047,,,
20,648,0.9858341217041016,0.9393936991691589,0.09265285730361938,,,
20,649,0.9879999160766602,0.9362834692001343,0.10956108570098877,,,
20,650,0.9860013127326965,0.9224587082862854,0.12488782405853271,,,
20,650,,,,0.9534738063812256,0.8363198041915894,0.24119336903095245
21,651,0.9817953109741211,0.9020951390266418,0.1446528434753418,,,
21,652,0.9866409301757812,0.9376463294029236,0.09846597909927368,,,
21,653,0.9823875427246094,0.9114036560058594,0.127855122089386,,,
21,654,0.9819116592407227,0.9088808298110962,0.13177990913391113,,,
21,655,0.9867715835571289,0.9028518795967102,0.17110896110534668,,,
21,656,0.9863767623901367,0.9196094274520874,0.1330447793006897,,,
21,657,0.9828271865844727,0.8153203725814819,0.30686813592910767,,,
21,658,0.9830341339111328,0.8635756969451904,0.21829044818878174,,,
21,659,0.9869422912597656,0.921280026435852,0.13077986240386963,,,
21,660,0.9878377914428711,0.9526881575584412,0.07561403512954712,,,
21,661,0.9817991256713867,0.8462151885032654,0.24028491973876953,,,
21,662,0.9899759292602539,0.9684462547302246,0.0566524863243103,,,
21,663,0.9919557571411133,0.9698772430419922,0.056543827056884766,,,
21,664,0.9816532135009766,0.8796150088310242,0.1804235577583313,,,
21,665,0.9846687316894531,0.8957694172859192,0.16753166913986206,,,
21,666,0.9873104095458984,0.9155088663101196,0.14565891027450562,,,
21,667,0.9834709167480469,0.905472993850708,0.14320480823516846,,,
21,668,0.9885883331298828,0.9488247632980347,0.08319330215454102,,,
21,669,0.9888944625854492,0.9460024833679199,0.0905335545539856,,,
21,670,0.9840068817138672,0.9180868268013,0.12098723649978638,,,
21,671,0.9861488342285156,0.9547441601753235,0.06863099336624146,,,
21,672,0.9823808670043945,0.9116269946098328,0.12770003080368042,,,
21,673,0.9871788024902344,0.93007493019104,0.11091876029968262,,,
21,674,0.983428955078125,0.92035973072052,0.11538195610046387,,,
21,675,0.984807014465332,0.8740243911743164,0.20682519674301147,,,
21,676,0.9904994964599609,0.9706549644470215,0.052303314208984375,,,
21,677,0.9888429641723633,0.9318894743919373,0.1185646653175354,,,
21,678,0.9835014343261719,0.9427996873855591,0.08126306533813477,,,
21,679,0.9889259338378906,0.951874315738678,0.07936185598373413,,,
21,680,0.9803495407104492,0.8496819138526917,0.22166144847869873,,,
21,681,0.9904009699821472,0.9452427625656128,0.10117197036743164,,,
21,681,,,,0.9538188576698303,0.837954044342041,0.23805679380893707
22,682,0.9862813949584961,0.913800835609436,0.13991296291351318,,,
22,683,0.9835176467895508,0.9019187092781067,0.14687579870224,,,
22,684,0.9905643463134766,0.9722402095794678,0.0516963005065918,,,
22,685,0.9859170913696289,0.9478908777236938,0.07663798332214355,,,
22,686,0.9812593460083008,0.8998506665229797,0.14204329252243042,,,
22,687,0.9835939407348633,0.8933174014091492,0.1621149182319641,,,
22,688,0.9909019470214844,0.9125885367393494,0.18619108200073242,,,
22,689,0.9868030548095703,0.9496904015541077,0.07535529136657715,,,
22,690,0.9793272018432617,0.916481077671051,0.11389321088790894,,,
22,691,0.9874839782714844,0.9199360609054565,0.1346530318260193,,,
22,692,0.9772167205810547,0.8443759679794312,0.21657615900039673,,,
22,693,0.9901027679443359,0.9489696025848389,0.09033471345901489,,,
22,694,0.9841251373291016,0.929127037525177,0.1025426983833313,,,
22,695,0.9867515563964844,0.9032886624336243,0.1599578857421875,,,
22,696,0.9849367141723633,0.9377060532569885,0.08862459659576416,,,
22,697,0.9836750030517578,0.8541535139083862,0.2291242480278015,,,
22,698,0.9861860275268555,0.8769015073776245,0.20788073539733887,,,
22,699,0.9856863021850586,0.9435346722602844,0.08101850748062134,,,
22,700,0.9848003387451172,0.9287556409835815,0.10474932193756104,,,
22,701,0.9865589141845703,0.824424147605896,0.3203781843185425,,,
22,702,0.9893951416015625,0.9621535539627075,0.060253679752349854,,,
22,703,0.9841403961181641,0.9003708362579346,0.15209126472473145,,,
22,704,0.9836997985839844,0.9202709197998047,0.11570298671722412,,,
22,705,0.9853506088256836,0.898385226726532,0.15984714031219482,,,
22,706,0.9855203628540039,0.9422121644020081,0.08265745639801025,,,
22,707,0.9888982772827148,0.9587293863296509,0.06316637992858887,,,
22,708,0.986231803894043,0.9434501528739929,0.08314979076385498,,,
22,709,0.9866886138916016,0.932658851146698,0.10215789079666138,,,
22,710,0.9892730712890625,0.8959481716156006,0.20188772678375244,,,
22,711,0.9867076873779297,0.9345400333404541,0.09949004650115967,,,
22,712,0.9891484379768372,0.9477866888046265,0.08317965269088745,,,
22,712,,,,0.9523794651031494,0.8343127965927124,0.24034446477890015
23,713,0.9834499359130859,0.9117311835289001,0.12700754404067993,,,
23,714,0.9893484115600586,0.954433262348175,0.07333695888519287,,,
23,715,0.9877023696899414,0.9519311189651489,0.07142013311386108,,,
23,716,0.9836397171020508,0.9019731283187866,0.14367777109146118,,,
23,717,0.9855661392211914,0.9438398480415344,0.07916897535324097,,,
23,718,0.9876613616943359,0.9006534814834595,0.17102551460266113,,,
23,719,0.984196662902832,0.9111626744270325,0.13000822067260742,,,
23,720,0.9858970642089844,0.9173110723495483,0.128027081489563,,,
23,721,0.9900922775268555,0.9232791662216187,0.1450958251953125,,,
23,722,0.9820041656494141,0.897139310836792,0.1434338092803955,,,
23,723,0.9898080825805664,0.9505483508110046,0.08114075660705566,,,
23,724,0.9838657379150391,0.8462768793106079,0.2380850911140442,,,
23,725,0.9876527786254883,0.9171625375747681,0.13704818487167358,,,
23,726,0.9863080978393555,0.929602861404419,0.10775291919708252,,,
23,727,0.9854869842529297,0.9168047308921814,0.12433207035064697,,,
23,728,0.9886569976806641,0.9467737078666687,0.08367109298706055,,,
23,729,0.9878349304199219,0.9444417953491211,0.0842902660369873,,,
23,730,0.9870939254760742,0.9455504417419434,0.07818055152893066,,,
23,731,0.9840297698974609,0.9316163063049316,0.09286582469940186,,,
23,732,0.9859275817871094,0.9108237028121948,0.1382436752319336,,,
23,733,0.9902534484863281,0.9420457482337952,0.10177582502365112,,,
23,734,0.9774637222290039,0.7817602753639221,0.3010191321372986,,,
23,735,0.986149787902832,0.9464143514633179,0.07621407508850098,,,
23,736,0.9875717163085938,0.961719810962677,0.059816062450408936,,,
23,737,0.9865818023681641,0.9382951855659485,0.09006786346435547,,,
23,738,0.9804458618164062,0.8745894432067871,0.1743687391281128,,,
23,739,0.9825382232666016,0.8927803635597229,0.15294647216796875,,,
23,740,0.983820915222168,0.9540017247200012,0.06994235515594482,,,
23,741,0.9842109680175781,0.8073001503944397,0.30524754524230957,,,
23,742,0.9876136779785156,0.9303842782974243,0.1064031720161438,,,
23,743,0.987298309803009,0.9482821226119995,0.07688307762145996,,,
23,743,,,,0.9528969526290894,0.8309894800186157,0.24473950266838074
24,744,0.9859762191772461,0.9196575284004211,0.12008190155029297,,,
24,745,0.9769783020019531,0.6880693435668945,0.4383721947669983,,,
24,746,0.9842796325683594,0.8546307682991028,0.22298115491867065,,,
24,747,0.988835334777832,0.9256962537765503,0.12348783016204834,,,
24,748,0.9867134094238281,0.9535963535308838,0.0666772723197937,,,
24,749,0.9806251525878906,0.9314234852790833,0.09090155363082886,,,
24,750,0.9855823516845703,0.8915743827819824,0.16816192865371704,,,
24,751,0.9861516952514648,0.9536807537078857,0.06766068935394287,,,
24,752,0.9822063446044922,0.9257330894470215,0.09860700368881226,,,
24,753,0.9842319488525391,0.907677173614502,0.13041865825653076,,,
24,754,0.987299919128418,0.9182047843933105,0.12700039148330688,,,
24,755,0.987152099609375,0.9369943141937256,0.09282749891281128,,,
24,756,0.9812183380126953,0.7872804403305054,0.31035101413726807,,,
24,757,0.985407829284668,0.9090179204940796,0.134196937084198,,,
24,758,0.9797916412353516,0.8847423791885376,0.15355992317199707,,,
24,759,0.9838132858276367,0.9260480999946594,0.09989356994628906,,,
24,760,0.9836540222167969,0.9137978553771973,0.12007743120193481,,,
24,761,0.9836578369140625,0.9032695293426514,0.13619911670684814,,,
24,762,0.983576774597168,0.8940950036048889,0.15071874856948853,,,
24,763,0.9862775802612305,0.8967946171760559,0.1594666838645935,,,
24,764,0.9865007400512695,0.9434383511543274,0.08018642663955688,,,
24,765,0.9824857711791992,0.9265764355659485,0.09781777858734131,,,
24,766,0.9858999252319336,0.9555768370628357,0.06364524364471436,,,
24,767,0.9888887405395508,0.9637311697006226,0.05514240264892578,,,
24,768,0.9853172302246094,0.9322770237922668,0.09493499994277954,,,
24,769,0.9840183258056641,0.9054070115089417,0.13513141870498657,,,
24,770,0.9860248565673828,0.9429794549942017,0.07886111736297607,,,
24,771,0.9846773147583008,0.8777942657470703,0.1839727759361267,,,
24,772,0.9762382507324219,0.9003535509109497,0.12418723106384277,,,
24,773,0.9866237640380859,0.9380208849906921,0.08756148815155029,,,
24,774,0.9889004826545715,0.9238652586936951,0.12442880868911743,,,
24,774,,,,0.9551226496696472,0.8397418856620789,0.23366962373256683
25,775,0.9873495101928711,0.9333932399749756,0.09837490320205688,,,
25,776,0.9864950180053711,0.9459804892539978,0.07513391971588135,,,
25,777,0.9866600036621094,0.9471513032913208,0.07418829202651978,,,
25,778,0.9846601486206055,0.9437937140464783,0.07555550336837769,,,
25,779,0.9838762283325195,0.8965857028961182,0.14537489414215088,,,
25,780,0.9871768951416016,0.9569540619850159,0.06199204921722412,,,
25,781,0.9894523620605469,0.9624341130256653,0.05632561445236206,,,
25,782,0.9845056533813477,0.9288909435272217,0.09494912624359131,,,
25,783,0.9842958450317383,0.8735476732254028,0.18970167636871338,,,
25,784,0.9824314117431641,0.932913601398468,0.0868525505065918,,,
25,785,0.9741601943969727,0.8440952301025391,0.19728082418441772,,,
25,786,0.9814872741699219,0.8566152453422546,0.20225614309310913,,,
25,787,0.988429069519043,0.9314659237861633,0.1051720380783081,,,
25,788,0.9832134246826172,0.9231182336807251,0.10033220052719116,,,
25,789,0.9901704788208008,0.9016939401626587,0.1817658543586731,,,
25,790,0.9857292175292969,0.9144259095191956,0.12334614992141724,,,
25,791,0.9820985794067383,0.8244897127151489,0.25016307830810547,,,
25,792,0.9862089157104492,0.9390371441841125,0.0851660966873169,,,
25,793,0.9823036193847656,0.916630744934082,0.10955655574798584,,,
25,794,0.9862308502197266,0.9404205679893494,0.08234143257141113,,,
25,795,0.9824390411376953,0.8762350082397461,0.1707988977432251,,,
25,796,0.9892740249633789,0.8943437933921814,0.1835448145866394,,,
25,797,0.9897022247314453,0.9368781447410583,0.10260272026062012,,,
25,798,0.9893875122070312,0.8626528978347778,0.2519553303718567,,,
25,799,0.980006217956543,0.9256404638290405,0.09123951196670532,,,
25,800,0.9847822189331055,0.9141450524330139,0.11807984113693237,,,
25,801,0.9856653213500977,0.8940621018409729,0.1592985987663269,,,
25,802,0.9814891815185547,0.925995945930481,0.09308576583862305,,,
25,803,0.9873132705688477,0.935731828212738,0.09254461526870728,,,
25,804,0.9866724014282227,0.9493890404701233,0.07003986835479736,,,
25,805,0.9839566349983215,0.9261269569396973,0.09796804189682007,,,
25,805,,,,0.9523510336875916,0.8347396850585938,0.23544539511203766
26,806,0.9848289489746094,0.9388026595115662,0.08195942640304565,,,
26,807,0.9860458374023438,0.9459908604621887,0.07375317811965942,,,
26,808,0.984004020690918,0.9366891980171204,0.08322936296463013,,,
26,809,0.9902238845825195,0.9541477560997009,0.06977611780166626,,,
26,810,0.9892988204956055,0.921152651309967,0.13072574138641357,,,
26,811,0.9852638244628906,0.8791292309761047,0.1801154613494873,,,
26,812,0.9873723983764648,0.9137355089187622,0.13341861963272095,,,
26,813,0.9846715927124023,0.9213318824768066,0.10560822486877441,,,
26,814,0.9782314300537109,0.9157236218452454,0.10135990381240845,,,
26,815,0.9869022369384766,0.9366945028305054,0.08907335996627808,,,
26,816,0.9918832778930664,0.9587679505348206,0.06873512268066406,,,
26,817,0.9869775772094727,0.9000899791717529,0.15320056676864624,,,
26,818,0.9884843826293945,0.9215297698974609,0.1222490668296814,,,
26,819,0.9824075698852539,0.9208545088768005,0.10312014818191528,,,
26,820,0.9880056381225586,0.9363779425621033,0.0934903621673584,,,
26,821,0.9840822219848633,0.9486268162727356,0.06988537311553955,,,
26,822,0.9815196990966797,0.8806038498878479,0.16056030988693237,,,
26,823,0.9921302795410156,0.9401811957359314,0.11489379405975342,,,
26,824,0.9841413497924805,0.8442087769508362,0.2287653088569641,,,
26,825,0.9897727966308594,0.9523621201515198,0.07063835859298706,,,
26,826,0.9895153045654297,0.9279086589813232,0.11638736724853516,,,
26,827,0.9828567504882812,0.909339427947998,0.12113124132156372,,,
26,828,0.9875268936157227,0.938924252986908,0.08552354574203491,,,
26,829,0.9856691360473633,0.9297137260437012,0.09675616025924683,,,
26,830,0.9876108169555664,0.9533652067184448,0.06575995683670044,,,
26,831,0.9830074310302734,0.9052017331123352,0.12627816200256348,,,
26,832,0.9881372451782227,0.9588761925697327,0.05954843759536743,,,
26,833,0.9819297790527344,0.8910070061683655,0.14330053329467773,,,
26,834,0.984990119934082,0.8904884457588196,0.1555078625679016,,,
26,835,0.9847650527954102,0.9371790289878845,0.08294063806533813,,,
26,836,0.9866676330566406,0.898944616317749,0.15277081727981567,,,
26,836,,,,0.9541685581207275,0.8380705714225769,0.2315112203359604
27,837,0.9905967712402344,0.927705705165863,0.1257510781288147,,,
27,838,0.9898033142089844,0.9632158875465393,0.052980899810791016,,,
27,839,0.9843549728393555,0.952657163143158,0.06424468755722046,,,
27,840,0.9847412109375,0.9099555611610413,0.12519782781600952,,,
27,841,0.9828414916992188,0.8657143115997314,0.1862708330154419,,,
27,842,0.9860668182373047,0.9174156188964844,0.11784714460372925,,,
27,843,0.9889841079711914,0.9635632634162903,0.05315810441970825,,,
27,844,0.9877452850341797,0.9286954998970032,0.10541117191314697,,,
27,845,0.9875955581665039,0.9475090503692627,0.07294917106628418,,,
27,846,0.9797086715698242,0.820884108543396,0.2412623167037964,,,
27,847,0.982447624206543,0.9285792112350464,0.09107375144958496,,,
27,848,0.9901628494262695,0.9607508182525635,0.05682927370071411,,,
27,849,0.986271858215332,0.9394503831863403,0.08164060115814209,,,
27,850,0.9886302947998047,0.9454340934753418,0.07888978719711304,,,
27,851,0.9875698089599609,0.9539203643798828,0.06454157829284668,,,
27,852,0.9857387542724609,0.8803335428237915,0.17685627937316895,,,
27,853,0.9834041595458984,0.8889541029930115,0.1524391770362854,,,
27,854,0.9871377944946289,0.8810513019561768,0.1859450340270996,,,
27,855,0.9871530532836914,0.8825718760490417,0.18313294649124146,,,
27,856,0.9898357391357422,0.9544165730476379,0.0677219033241272,,,
27,857,0.9895820617675781,0.9656604528427124,0.05023050308227539,,,
27,858,0.9866018295288086,0.9252462387084961,0.10524511337280273,,,
27,859,0.9874801635742188,0.8901486992835999,0.17135000228881836,,,
27,860,0.9877691268920898,0.9551936984062195,0.06067025661468506,,,
27,861,0.9856081008911133,0.9110415577888489,0.1245732307434082,,,
27,862,0.9832229614257812,0.8784461617469788,0.16641747951507568,,,
27,863,0.9916553497314453,0.9536241888999939,0.0756305456161499,,,
27,864,0.987523078918457,0.9202863574028015,0.11833906173706055,,,
27,865,0.9881668090820312,0.9383352398872375,0.08615303039550781,,,
27,866,0.9865636825561523,0.9448288679122925,0.0735129714012146,,,
27,867,0.983062744140625,0.8029964566230774,0.27791082859039307,,,
27,867,,,,0.9544974565505981,0.8388472199440002,0.23065045475959778
28,868,0.9846744537353516,0.9246336221694946,0.10072076320648193,,,
28,869,0.9867000579833984,0.9328886866569519,0.09297329187393188,,,
28,870,0.9865961074829102,0.9350778460502625,0.08704668283462524,,,
28,871,0.9857864379882812,0.9381415247917175,0.0812641978263855,,,
28,872,0.9900493621826172,0.9470937848091125,0.07975530624389648,,,
28,873,0.9893245697021484,0.9438618421554565,0.0817873477935791,,,
28,874,0.9927577972412109,0.9680953621864319,0.051668763160705566,,,
28,875,0.9893980026245117,0.9211739301681519,0.12322139739990234,,,
28,876,0.9867954254150391,0.935285747051239,0.08735853433609009,,,
28,877,0.9856681823730469,0.9225760102272034,0.103634774684906,,,
28,878,0.9854965209960938,0.9365495443344116,0.08297669887542725,,,
28,879,0.9827213287353516,0.9028832912445068,0.1273118257522583,,,
28,880,0.9864158630371094,0.9189774990081787,0.11318379640579224,,,
28,881,0.9901657104492188,0.8873140811920166,0.19672352075576782,,,
28,882,0.9703073501586914,0.9286300539970398,0.09379464387893677,,,
28,883,0.9873027801513672,0.9137934446334839,0.12679636478424072,,,
28,884,0.9875736236572266,0.9414653182029724,0.08119583129882812,,,
28,885,0.9829750061035156,0.9381507039070129,0.07779437303543091,,,
28,886,0.9891815185546875,0.9425093531608582,0.08382594585418701,,,
28,887,0.9793291091918945,0.8793110847473145,0.15002769231796265,,,
28,888,0.9850759506225586,0.9406290054321289,0.07618612051010132,,,
28,889,0.9870986938476562,0.8836961388587952,0.17466533184051514,,,
28,890,0.9876384735107422,0.9574617743492126,0.056240737438201904,,,
28,891,0.9859066009521484,0.9342890381813049,0.08507639169692993,,,
28,892,0.9806671142578125,0.8580153584480286,0.1866058111190796,,,
28,893,0.9848127365112305,0.8406257033348083,0.23033994436264038,,,
28,894,0.9834327697753906,0.8455808758735657,0.2144261598587036,,,
28,895,0.9766778945922852,0.744621992111206,0.32392340898513794,,,
28,896,0.9829988479614258,0.9342085123062134,0.08428889513015747,,,
28,897,0.9828052520751953,0.8869620561599731,0.14815080165863037,,,
28,898,0.9842045903205872,0.934590756893158,0.08259499073028564,,,
28,898,,,,0.953105092048645,0.8318420648574829,0.24246355891227722
29,899,0.9883823394775391,0.9238396286964417,0.11196815967559814,,,
29,900,0.9839677810668945,0.8828917741775513,0.1589059829711914,,,
29,901,0.9885263442993164,0.9318592548370361,0.09810078144073486,,,
29,902,0.9848117828369141,0.928653359413147,0.09383845329284668,,,
29,903,0.9838266372680664,0.9302867650985718,0.08837521076202393,,,
29,904,0.9822072982788086,0.9059920907020569,0.1192781925201416,,,
29,905,0.9858684539794922,0.9393122792243958,0.07851874828338623,,,
29,906,0.988865852355957,0.9460098147392273,0.07502174377441406,,,
29,907,0.987971305847168,0.9530203342437744,0.0627126693725586,,,
29,908,0.9864282608032227,0.9059455394744873,0.13455945253372192,,,
29,909,0.9801301956176758,0.8731715083122253,0.16147416830062866,,,
29,910,0.9814138412475586,0.9300823211669922,0.08699238300323486,,,
29,911,0.9878025054931641,0.9057417511940002,0.13993293046951294,,,
29,912,0.9888420104980469,0.9536134004592896,0.06299322843551636,,,
29,913,0.9844064712524414,0.948519766330719,0.06610852479934692,,,
29,914,0.9882345199584961,0.9641628861427307,0.05139964818954468,,,
29,915,0.9838418960571289,0.9335005283355713,0.08418136835098267,,,
29,916,0.9881982803344727,0.9512273073196411,0.06498271226882935,,,
29,917,0.9881973266601562,0.9495460391044617,0.06797301769256592,,,
29,918,0.9901227951049805,0.9153874516487122,0.13906872272491455,,,
29,919,0.9892711639404297,0.9283284544944763,0.10666799545288086,,,
29,920,0.9898233413696289,0.9059235453605652,0.15329617261886597,,,
29,921,0.9884214401245117,0.9433071613311768,0.07815957069396973,,,
29,922,0.9842586517333984,0.9305016398429871,0.08696526288986206,,,
29,923,0.9892759323120117,0.9533663988113403,0.0634925365447998,,,
29,924,0.9857492446899414,0.8560681939125061,0.20786815881729126,,,
29,925,0.9785547256469727,0.8379665613174438,0.20740008354187012,,,
29,926,0.9868497848510742,0.9461514353752136,0.07120442390441895,,,
29,927,0.9860773086547852,0.8753255605697632,0.17724967002868652,,,
29,928,0.9885702133178711,0.935884416103363,0.08920121192932129,,,
29,929,0.9850603938102722,0.8718729019165039,0.17941218614578247,,,
29,929,,,,0.9523323774337769,0.8289327621459961,0.24456197023391724
30,930,0.9878139495849609,0.9258089661598206,0.10603296756744385,,,
30,931,0.9877538681030273,0.9459385275840759,0.0720551609992981,,,
30,932,0.9840574264526367,0.9440628290176392,0.07047444581985474,,,
30,933,0.9874963760375977,0.9447609186172485,0.07406890392303467,,,
30,934,0.9888076782226562,0.9134206771850586,0.12886875867843628,,,
30,935,0.9922237396240234,0.9557751417160034,0.07091498374938965,,,
30,936,0.9864664077758789,0.8718055486679077,0.18705058097839355,,,
30,937,0.9863309860229492,0.9347485899925232,0.08595091104507446,,,
30,938,0.9884176254272461,0.9247227907180786,0.10729408264160156,,,
30,939,0.9861793518066406,0.9180659651756287,0.11137926578521729,,,
30,940,0.9845008850097656,0.9380770325660706,0.07748937606811523,,,
30,941,0.9902114868164062,0.9617317914962769,0.05298793315887451,,,
30,942,0.9884929656982422,0.9450734257698059,0.07399088144302368,,,
30,943,0.9846515655517578,0.92653489112854,0.09223371744155884,,,
30,944,0.9891653060913086,0.9434027075767517,0.07858037948608398,,,
30,945,0.9870262145996094,0.939123809337616,0.08074772357940674,,,
30,946,0.9873771667480469,0.9378460049629211,0.08227241039276123,,,
30,947,0.9903049468994141,0.9137933850288391,0.13821625709533691,,,
30,948,0.9876298904418945,0.9466795325279236,0.07086515426635742,,,
30,949,0.9853305816650391,0.8971385955810547,0.13955223560333252,,,
30,950,0.986943244934082,0.9426165819168091,0.07561624050140381,,,
30,951,0.9861240386962891,0.9150523543357849,0.1145559549331665,,,
30,952,0.9842128753662109,0.914449155330658,0.10873496532440186,,,
30,953,0.9873313903808594,0.9515212774276733,0.06360220909118652,,,
30,954,0.9860372543334961,0.9332525134086609,0.0873674750328064,,,
30,955,0.985682487487793,0.9027384519577026,0.1309303641319275,,,
30,956,0.9886140823364258,0.9018158316612244,0.14698082208633423,,,
30,957,0.9881696701049805,0.9516670107841492,0.06444019079208374,,,
30,958,0.9834051132202148,0.9127209186553955,0.1099042296409607,,,
30,959,0.9852819442749023,0.9211169481277466,0.1012008786201477,,,
30,960,0.9923693537712097,0.9553184509277344,0.069954514503479,,,
30,960,,,,0.9537400007247925,0.834939181804657,0.2337733656167984
31,961,0.990046501159668,0.9502198696136475,0.0708051323890686,,,
31,962,0.9885625839233398,0.9507362842559814,0.06594377756118774,,,
31,963,0.9901418685913086,0.9597176909446716,0.055274248123168945,,,
31,964,0.9872102737426758,0.9245207905769348,0.10212326049804688,,,
31,965,0.9857397079467773,0.9516439437866211,0.061959028244018555,,,
31,966,0.9784183502197266,0.7681114673614502,0.2976575493812561,,,
31,967,0.9880466461181641,0.8683817982673645,0.20071285963058472,,,
31,968,0.9865264892578125,0.9289793372154236,0.09444236755371094,,,
31,969,0.988224983215332,0.888231098651886,0.1660245656967163,,,
31,970,0.9860391616821289,0.9329037070274353,0.08660030364990234,,,
31,971,0.9894237518310547,0.9475754499435425,0.07221442461013794,,,
31,972,0.9840583801269531,0.930919349193573,0.08748722076416016,,,
31,973,0.9894580841064453,0.9031862616539001,0.15075266361236572,,,
31,974,0.9919471740722656,0.9656378030776978,0.05014616250991821,,,
31,975,0.9861726760864258,0.9181564450263977,0.10699462890625,,,
31,976,0.9899978637695312,0.9644157290458679,0.04919743537902832,,,
31,977,0.9853248596191406,0.9274229407310486,0.09286385774612427,,,
31,978,0.9862289428710938,0.820418119430542,0.26309722661972046,,,
31,979,0.9869585037231445,0.9507867097854614,0.06214475631713867,,,
31,980,0.9877719879150391,0.8935368061065674,0.15480941534042358,,,
31,981,0.9879140853881836,0.8919755220413208,0.15710633993148804,,,
31,982,0.9845285415649414,0.8251153230667114,0.24536895751953125,,,
31,983,0.9898815155029297,0.9350943565368652,0.09659302234649658,,,
31,984,0.9891462326049805,0.9567468166351318,0.05859297513961792,,,
31,985,0.9868497848510742,0.9454719424247742,0.0703616738319397,,,
31,986,0.9849882125854492,0.9411797523498535,0.0734969973564148,,,
31,987,0.9857358932495117,0.9579197764396667,0.057417213916778564,,,
31,988,0.9845676422119141,0.8977072238922119,0.1328144669532776,,,
31,989,0.9894943237304688,0.9652970433235168,0.047963738441467285,,,
31,990,0.9853477478027344,0.935285210609436,0.08082747459411621,,,
31,991,0.9903132319450378,0.9351394772529602,0.09602177143096924,,,
31,991,,,,0.9527871608734131,0.8321142792701721,0.23432700335979462
32,992,0.9872627258300781,0.9004234671592712,0.1389000415802002,,,
32,993,0.9882020950317383,0.9470010995864868,0.07167154550552368,,,
32,994,0.9862594604492188,0.8920102119445801,0.14670920372009277,,,
32,995,0.9884443283081055,0.9434403777122498,0.0747864842414856,,,
32,996,0.985112190246582,0.8903598785400391,0.14655184745788574,,,
32,997,0.9876976013183594,0.9341087341308594,0.087299644947052,,,
32,998,0.9874839782714844,0.9449235796928406,0.07085520029067993,,,
32,999,0.9897451400756836,0.9645550847053528,0.04899674654006958,,,
32,1000,0.986760139465332,0.9309948682785034,0.08968532085418701,,,
32,1001,0.986353874206543,0.9164579510688782,0.1092604398727417,,,
32,1002,0.9881277084350586,0.9596821069717407,0.05236685276031494,,,
32,1003,0.9889068603515625,0.9031175374984741,0.1444832682609558,,,
32,1004,0.9902114868164062,0.9613529443740845,0.05172020196914673,,,
32,1005,0.986903190612793,0.9206634163856506,0.10483884811401367,,,
32,1006,0.9870738983154297,0.9607688784599304,0.05177277326583862,,,
32,1007,0.9845304489135742,0.9149677753448486,0.10734325647354126,,,
32,1008,0.9883203506469727,0.9127781391143799,0.12768441438674927,,,
32,1009,0.9875631332397461,0.9288570284843445,0.09358346462249756,,,
32,1010,0.9856662750244141,0.9150645732879639,0.10801047086715698,,,
32,1011,0.9879207611083984,0.9355787038803101,0.08426201343536377,,,
32,1012,0.9890270233154297,0.9559205770492554,0.05820739269256592,,,
32,1013,0.9848966598510742,0.9465025663375854,0.06607723236083984,,,
32,1014,0.9891862869262695,0.9278069734573364,0.10297501087188721,,,
32,1015,0.9848709106445312,0.9287619590759277,0.08990508317947388,,,
32,1016,0.989802360534668,0.9207749962806702,0.11705511808395386,,,
32,1017,0.9887428283691406,0.8939395546913147,0.15596652030944824,,,
32,1018,0.9889364242553711,0.9395132064819336,0.08312761783599854,,,
32,1019,0.9843273162841797,0.8679894208908081,0.17441970109939575,,,
32,1020,0.9904136657714844,0.9662498831748962,0.04624253511428833,,,
32,1021,0.9851789474487305,0.9169361591339111,0.1079605221748352,,,
32,1022,0.9900550842285156,0.9506931900978088,0.06884181499481201,,,
32,1022,,,,0.9524413347244263,0.8345159292221069,0.23008118569850922
33,1023,0.9869165420532227,0.944608211517334,0.0697445273399353,,,
33,1024,0.9902057647705078,0.9212815761566162,0.11740660667419434,,,
33,1025,0.9879283905029297,0.9502280354499817,0.06450575590133667,,,
33,1026,0.9822854995727539,0.8744372725486755,0.15852612257003784,,,
33,1027,0.9796819686889648,0.9387013912200928,0.0737771987915039,,,
33,1028,0.9880571365356445,0.9424833059310913,0.0753713846206665,,,
33,1029,0.9853277206420898,0.916706383228302,0.10841226577758789,,,
33,1030,0.9815540313720703,0.8867769837379456,0.13882780075073242,,,
33,1031,0.987757682800293,0.905751645565033,0.130886971950531,,,
33,1032,0.9915342330932617,0.9543615579605103,0.06475889682769775,,,
33,1033,0.9907913208007812,0.943514347076416,0.08022099733352661,,,
33,1034,0.9871273040771484,0.9415620565414429,0.0742756724357605,,,
33,1035,0.9894256591796875,0.938757598400116,0.08561939001083374,,,
33,1036,0.9897184371948242,0.9058765172958374,0.14050185680389404,,,
33,1037,0.9908533096313477,0.8999947905540466,0.16147840023040771,,,
33,1038,0.9865474700927734,0.9542626142501831,0.05990415811538696,,,
33,1039,0.9912624359130859,0.9420005679130554,0.08493530750274658,,,
33,1040,0.9887628555297852,0.9364866614341736,0.08507120609283447,,,
33,1041,0.9896984100341797,0.8866788148880005,0.17565864324569702,,,
33,1042,0.9829978942871094,0.8953368663787842,0.13429701328277588,,,
33,1043,0.9907360076904297,0.958594560623169,0.05644446611404419,,,
33,1044,0.98931884765625,0.9538149833679199,0.06115442514419556,,,
33,1045,0.9898462295532227,0.9579980373382568,0.05576854944229126,,,
33,1046,0.9849920272827148,0.9512126445770264,0.061688780784606934,,,
33,1047,0.9884366989135742,0.9463950991630554,0.06856518983840942,,,
33,1048,0.990260124206543,0.9606171250343323,0.05274075269699097,,,
33,1049,0.9917449951171875,0.9691281914710999,0.04335963726043701,,,
33,1050,0.9883146286010742,0.921645998954773,0.10669034719467163,,,
33,1051,0.9883346557617188,0.9297834634780884,0.09496521949768066,,,
33,1052,0.9861040115356445,0.9181928634643555,0.10587316751480103,,,
33,1053,0.990350067615509,0.9510083794593811,0.06683492660522461,,,
33,1053,,,,0.9546809792518616,0.8398486971855164,0.22682493925094604
34,1054,0.9815158843994141,0.890373945236206,0.13184595108032227,,,
34,1055,0.9875345230102539,0.957527220249176,0.05544388294219971,,,
34,1056,0.9882240295410156,0.9591245055198669,0.05418819189071655,,,
34,1057,0.989954948425293,0.9469957947731018,0.07326322793960571,,,
34,1058,0.9904546737670898,0.9314193725585938,0.10236495733261108,,,
34,1059,0.9872665405273438,0.8929485082626343,0.1465429663658142,,,
34,1060,0.9863147735595703,0.9524911642074585,0.05987131595611572,,,
34,1061,0.9881477355957031,0.8986908197402954,0.1437358260154724,,,
34,1062,0.9887733459472656,0.937683641910553,0.08406215906143188,,,
34,1063,0.99176025390625,0.9552526473999023,0.06408751010894775,,,
34,1064,0.9854087829589844,0.93207848072052,0.0845329761505127,,,
34,1065,0.9909219741821289,0.9261663556098938,0.1125597357749939,,,
34,1066,0.9918804168701172,0.9663214683532715,0.04640507698059082,,,
34,1067,0.9903984069824219,0.9460744857788086,0.07535243034362793,,,
34,1068,0.9909658432006836,0.953533411026001,0.06393903493881226,,,
34,1069,0.9881181716918945,0.9198066592216492,0.1102449893951416,,,
34,1070,0.9897098541259766,0.9531299471855164,0.062042951583862305,,,
34,1071,0.9909038543701172,0.9669578075408936,0.04417824745178223,,,
34,1072,0.9863996505737305,0.8660913705825806,0.18418973684310913,,,
34,1073,0.9928121566772461,0.9710806012153625,0.04105842113494873,,,
34,1074,0.9909305572509766,0.9163801670074463,0.12950873374938965,,,
34,1075,0.9878015518188477,0.9328475594520569,0.08706492185592651,,,
34,1076,0.9882946014404297,0.9585025310516357,0.05255061388015747,,,
34,1077,0.9863824844360352,0.8979196548461914,0.13392621278762817,,,
34,1078,0.9833450317382812,0.898573637008667,0.12527912855148315,,,
34,1079,0.9906940460205078,0.9112997651100159,0.13443708419799805,,,
34,1080,0.9882335662841797,0.9491031765937805,0.06646621227264404,,,
34,1081,0.9849166870117188,0.8872877955436707,0.14634805917739868,,,
34,1082,0.9893970489501953,0.9277648329734802,0.09958440065383911,,,
34,1083,0.9863500595092773,0.9483393430709839,0.06365060806274414,,,
34,1084,0.9804878234863281,0.9434108138084412,0.07005560398101807,,,
34,1084,,,,0.9535903930664062,0.8364042043685913,0.23095570504665375
35,1085,0.9879350662231445,0.9263234734535217,0.09675145149230957,,,
35,1086,0.9893522262573242,0.9621163010597229,0.04854708909988403,,,
35,1087,0.9898452758789062,0.9556375741958618,0.05814540386199951,,,
35,1088,0.9870529174804688,0.9516434669494629,0.06107449531555176,,,
35,1089,0.989593505859375,0.9620481133460999,0.04895728826522827,,,
35,1090,0.9912176132202148,0.9546347856521606,0.06333750486373901,,,
35,1091,0.987635612487793,0.9343674182891846,0.0833359956741333,,,
35,1092,0.9901599884033203,0.9280349016189575,0.10298699140548706,,,
35,1093,0.9871864318847656,0.9422847032546997,0.07463949918746948,,,
35,1094,0.991419792175293,0.9703991413116455,0.04026317596435547,,,
35,1095,0.9916715621948242,0.9663495421409607,0.0455625057220459,,,
35,1096,0.9869318008422852,0.7927117347717285,0.32071876525878906,,,
35,1097,0.9902572631835938,0.9505797624588013,0.0659182071685791,,,
35,1098,0.9827203750610352,0.9169801473617554,0.10056668519973755,,,
35,1099,0.988163948059082,0.9470034241676331,0.06742256879806519,,,
35,1100,0.9861888885498047,0.9361972808837891,0.08003956079483032,,,
35,1101,0.9872951507568359,0.9231306314468384,0.09817248582839966,,,
35,1102,0.9879465103149414,0.9554385542869568,0.057223737239837646,,,
35,1103,0.9883213043212891,0.9168810248374939,0.11282163858413696,,,
35,1104,0.9881687164306641,0.8815453052520752,0.16942232847213745,,,
35,1105,0.9896469116210938,0.941702127456665,0.07927083969116211,,,
35,1106,0.9861202239990234,0.9127238392829895,0.11253172159194946,,,
35,1107,0.9909896850585938,0.9591986536979675,0.0555720329284668,,,
35,1108,0.9873161315917969,0.914693295955658,0.11036050319671631,,,
35,1109,0.9838933944702148,0.8798654079437256,0.15318453311920166,,,
35,1110,0.9864349365234375,0.8873775005340576,0.14900487661361694,,,
35,1111,0.9890680313110352,0.9322433471679688,0.09070128202438354,,,
35,1112,0.9846763610839844,0.9277462959289551,0.08833390474319458,,,
35,1113,0.9894285202026367,0.9627562761306763,0.04678356647491455,,,
35,1114,0.9834165573120117,0.8302800059318542,0.2203890085220337,,,
35,1115,0.9845466613769531,0.9110959768295288,0.11174875497817993,,,
35,1115,,,,0.9533470869064331,0.8359463810920715,0.22960077226161957
36,1116,0.9802579879760742,0.7762634754180908,0.2786296010017395,,,
36,1117,0.9846925735473633,0.9532087445259094,0.06316977739334106,,,
36,1118,0.9893026351928711,0.9107906818389893,0.1266348958015442,,,
36,1119,0.9868230819702148,0.9537997841835022,0.05694019794464111,,,
36,1120,0.9890890121459961,0.9490698575973511,0.06654471158981323,,,
36,1121,0.9882574081420898,0.898768424987793,0.14241033792495728,,,
36,1122,0.9869832992553711,0.8965271711349487,0.1376752257347107,,,
36,1123,0.9871835708618164,0.9480507969856262,0.06467562913894653,,,
36,1124,0.9884967803955078,0.9590616226196289,0.051912009716033936,,,
36,1125,0.9926300048828125,0.9685413837432861,0.044448256492614746,,,
36,1126,0.9891061782836914,0.9503807425498962,0.06407606601715088,,,
36,1127,0.9893913269042969,0.9715576767921448,0.042346835136413574,,,
36,1128,0.9888801574707031,0.9084355235099792,0.1290183663368225,,,
36,1129,0.9882354736328125,0.9440397024154663,0.07068526744842529,,,
36,1130,0.9868497848510742,0.9517745971679688,0.05903482437133789,,,
36,1131,0.9892311096191406,0.919526219367981,0.11142003536224365,,,
36,1132,0.9897232055664062,0.9305011630058289,0.09433186054229736,,,
36,1133,0.9867868423461914,0.9201454520225525,0.10266667604446411,,,
36,1134,0.9875936508178711,0.9091924428939819,0.12127786874771118,,,
36,1135,0.9866914749145508,0.9248628616333008,0.09320008754730225,,,
36,1136,0.9878015518188477,0.9149285554885864,0.11364185810089111,,,
36,1137,0.9892330169677734,0.908778727054596,0.1293390393257141,,,
36,1138,0.9898300170898438,0.9213314056396484,0.11056715250015259,,,
36,1139,0.9862737655639648,0.8983092904090881,0.12921106815338135,,,
36,1140,0.9880619049072266,0.9123026728630066,0.11675441265106201,,,
36,1141,0.9884233474731445,0.9486963748931885,0.06361114978790283,,,
36,1142,0.9866847991943359,0.9404382109642029,0.07466679811477661,,,
36,1143,0.9894638061523438,0.9556547403335571,0.05589228868484497,,,
36,1144,0.9899711608886719,0.9553913474082947,0.058416128158569336,,,
36,1145,0.9917402267456055,0.9154843091964722,0.13089227676391602,,,
36,1146,0.9843559265136719,0.9495016932487488,0.061464786529541016,,,
36,1146,,,,0.9544880986213684,0.8378214240074158,0.22677114605903625
37,1147,0.987666130065918,0.9553262591362,0.05490487813949585,,,
37,1148,0.9899215698242188,0.9582289457321167,0.05363863706588745,,,
37,1149,0.9886236190795898,0.9603484869003296,0.0512009859085083,,,
37,1150,0.9866161346435547,0.9204854369163513,0.0999801754951477,,,
37,1151,0.9880104064941406,0.9523327350616455,0.05955803394317627,,,
37,1152,0.9889440536499023,0.9389138221740723,0.07914692163467407,,,
37,1153,0.9868974685668945,0.9493115544319153,0.06191384792327881,,,
37,1154,0.9874267578125,0.9356482625007629,0.07998490333557129,,,
37,1155,0.9890642166137695,0.9235461950302124,0.10453957319259644,,,
37,1156,0.9869422912597656,0.9258312582969666,0.09396618604660034,,,
37,1157,0.9886064529418945,0.9358195662498474,0.08244293928146362,,,
37,1158,0.9889984130859375,0.9436998963356018,0.07185965776443481,,,
37,1159,0.9848203659057617,0.9509918689727783,0.05957615375518799,,,
37,1160,0.9896821975708008,0.9418473839759827,0.07802534103393555,,,
37,1161,0.9917430877685547,0.9518521428108215,0.06730633974075317,,,
37,1162,0.9900436401367188,0.932694673538208,0.09187722206115723,,,
37,1163,0.9867286682128906,0.9519094824790955,0.05802488327026367,,,
37,1164,0.9889278411865234,0.8926084041595459,0.15103942155838013,,,
37,1165,0.988703727722168,0.9271623492240906,0.09726476669311523,,,
37,1166,0.9907493591308594,0.9471766948699951,0.0721312165260315,,,
37,1167,0.9897232055664062,0.9506713151931763,0.0630839467048645,,,
37,1168,0.9873733520507812,0.9196626543998718,0.10257565975189209,,,
37,1169,0.9922752380371094,0.9707216620445251,0.03870558738708496,,,
37,1170,0.986018180847168,0.8819660544395447,0.15417712926864624,,,
37,1171,0.9878787994384766,0.9305722713470459,0.0893900990486145,,,
37,1172,0.9903478622436523,0.9202882647514343,0.11299729347229004,,,
37,1173,0.9921970367431641,0.9710729122161865,0.03912454843521118,,,
37,1174,0.9911041259765625,0.940517783164978,0.08272171020507812,,,
37,1175,0.9846181869506836,0.8911298513412476,0.13394969701766968,,,
37,1176,0.9904146194458008,0.9236403107643127,0.10890418291091919,,,
37,1177,0.9884211421012878,0.9113478064537048,0.11763882637023926,,,
37,1177,,,,0.9532546997070312,0.8363410830497742,0.22638940811157227
38,1178,0.9917783737182617,0.955778181552887,0.0589977502822876,,,
38,1179,0.9877519607543945,0.9048596024513245,0.1251537799835205,,,
38,1180,0.9857892990112305,0.9406518936157227,0.07067960500717163,,,
38,1181,0.9911918640136719,0.9582525491714478,0.05556082725524902,,,
38,1182,0.9874563217163086,0.9517271518707275,0.058380186557769775,,,
38,1183,0.9860591888427734,0.9376519322395325,0.07612001895904541,,,
38,1184,0.9930028915405273,0.9677566885948181,0.04346573352813721,,,
38,1185,0.9914379119873047,0.953955888748169,0.062064409255981445,,,
38,1186,0.9908313751220703,0.9406996965408325,0.0806434154510498,,,
38,1187,0.9900779724121094,0.9447327852249146,0.07328051328659058,,,
38,1188,0.9890899658203125,0.9542539119720459,0.057618558406829834,,,
38,1189,0.9879341125488281,0.9385303258895874,0.07711529731750488,,,
38,1190,0.9916324615478516,0.954120934009552,0.0625147819519043,,,
38,1191,0.989893913269043,0.9406077861785889,0.07809478044509888,,,
38,1192,0.9871101379394531,0.9462454319000244,0.06584125757217407,,,
38,1193,0.9885110855102539,0.928303599357605,0.09382301568984985,,,
38,1194,0.9894428253173828,0.9460052847862244,0.06971627473831177,,,
38,1195,0.9882106781005859,0.9190629720687866,0.1051551103591919,,,
38,1196,0.9909896850585938,0.9683312177658081,0.04089772701263428,,,
38,1197,0.9918785095214844,0.9447551369667053,0.08093035221099854,,,
38,1198,0.980952262878418,0.8963583111763,0.12229692935943604,,,
38,1199,0.9899997711181641,0.9478567838668823,0.06742042303085327,,,
38,1200,0.9859352111816406,0.888447642326355,0.14454442262649536,,,
38,1201,0.9877233505249023,0.9207532405853271,0.10103076696395874,,,
38,1202,0.9917087554931641,0.9577121734619141,0.05638158321380615,,,
38,1203,0.9839048385620117,0.8808971047401428,0.14435583353042603,,,
38,1204,0.9911184310913086,0.9539557695388794,0.060881614685058594,,,
38,1205,0.9848537445068359,0.9280768632888794,0.08572757244110107,,,
38,1206,0.9895353317260742,0.9476401805877686,0.06691056489944458,,,
38,1207,0.9892816543579102,0.9568227529525757,0.055166423320770264,,,
38,1208,0.9873822331428528,0.9178994297981262,0.10463219881057739,,,
38,1208,,,,0.95173180103302,0.8321388959884644,0.22897577285766602
39,1209,0.9897050857543945,0.937351644039154,0.08280438184738159,,,
39,1210,0.9921951293945312,0.9400957226753235,0.08795332908630371,,,
39,1211,0.9879770278930664,0.9526061415672302,0.05884593725204468,,,
39,1212,0.9925966262817383,0.9506223797798157,0.06984472274780273,,,
39,1213,0.9900751113891602,0.9386173486709595,0.0809476375579834,,,
39,1214,0.9885158538818359,0.9486622214317322,0.06350243091583252,,,
39,1215,0.9907445907592773,0.9074038863182068,0.1371159553527832,,,
39,1216,0.98968505859375,0.9468297362327576,0.06738793849945068,,,
39,1217,0.9895420074462891,0.9472801089286804,0.06735801696777344,,,
39,1218,0.9902534484863281,0.9270937442779541,0.09798794984817505,,,
39,1219,0.9920063018798828,0.9507451057434082,0.06783801317214966,,,
39,1220,0.9902544021606445,0.9339815378189087,0.08956867456436157,,,
39,1221,0.9878883361816406,0.9530563354492188,0.058198630809783936,,,
39,1222,0.9917211532592773,0.9632486701011658,0.049069106578826904,,,
39,1223,0.9898214340209961,0.9628368616104126,0.04729104042053223,,,
39,1224,0.9897212982177734,0.9446700215339661,0.07162714004516602,,,
39,1225,0.9873037338256836,0.957594633102417,0.05174905061721802,,,
39,1226,0.9899330139160156,0.9491928219795227,0.06627094745635986,,,
39,1227,0.9924278259277344,0.9360502362251282,0.09505736827850342,,,
39,1228,0.9883232116699219,0.9526875019073486,0.05929446220397949,,,
39,1229,0.9901542663574219,0.9489898085594177,0.06520992517471313,,,
39,1230,0.9873266220092773,0.933342695236206,0.0821840763092041,,,
39,1231,0.9860382080078125,0.9397516250610352,0.07355767488479614,,,
39,1232,0.9899148941040039,0.9340221285820007,0.08724302053451538,,,
39,1233,0.9816036224365234,0.8947115540504456,0.123995840549469,,,
39,1234,0.9886045455932617,0.9216921329498291,0.10024064779281616,,,
39,1235,0.9872417449951172,0.9481334090232849,0.0633467435836792,,,
39,1236,0.9880847930908203,0.9331596493721008,0.08389270305633545,,,
39,1237,0.9870443344116211,0.9590839147567749,0.051532864570617676,,,
39,1238,0.9886093139648438,0.9330256581306458,0.08526986837387085,,,
39,1239,0.9885025024414062,0.8784791827201843,0.16638469696044922,,,
39,1239,,,,0.954494059085846,0.8401104211807251,0.2216297835111618
40,1240,0.9895563125610352,0.9157893657684326,0.11337155103683472,,,
40,1241,0.9898777008056641,0.9384574294090271,0.08207136392593384,,,
40,1242,0.9897661209106445,0.9187507033348083,0.11280471086502075,,,
40,1243,0.9859218597412109,0.9064867496490479,0.11643105745315552,,,
40,1244,0.9920244216918945,0.9569193124771118,0.05926734209060669,,,
40,1245,0.9901494979858398,0.8892284631729126,0.15898990631103516,,,
40,1246,0.9898509979248047,0.936028778553009,0.08372700214385986,,,
40,1247,0.9902353286743164,0.9347809553146362,0.08748096227645874,,,
40,1248,0.9882345199584961,0.956199586391449,0.053803861141204834,,,
40,1249,0.9928512573242188,0.9473987221717834,0.07656651735305786,,,
40,1250,0.9859094619750977,0.9423864483833313,0.06683558225631714,,,
40,1251,0.9889326095581055,0.9553389549255371,0.05428260564804077,,,
40,1252,0.9880990982055664,0.9293902516365051,0.08946388959884644,,,
40,1253,0.9853019714355469,0.9405717849731445,0.07051140069961548,,,
40,1254,0.9889688491821289,0.9601147770881653,0.04965609312057495,,,
40,1255,0.9900197982788086,0.8559194803237915,0.21467095613479614,,,
40,1256,0.9916343688964844,0.9518564343452454,0.06434845924377441,,,
40,1257,0.9889726638793945,0.9519795179367065,0.058245837688446045,,,
40,1258,0.9893617630004883,0.9653213620185852,0.04435861110687256,,,
40,1259,0.9891176223754883,0.9498580694198608,0.06151735782623291,,,
40,1260,0.9902181625366211,0.9593511819839478,0.05224031209945679,,,
40,1261,0.9923791885375977,0.9638159275054932,0.04773879051208496,,,
40,1262,0.9883966445922852,0.9560097455978394,0.053900182247161865,,,
40,1263,0.9890413284301758,0.9648633003234863,0.045529842376708984,,,
40,1264,0.9855804443359375,0.9269900321960449,0.08805900812149048,,,
40,1265,0.9872875213623047,0.9443640112876892,0.06771916151046753,,,
40,1266,0.9894790649414062,0.930938184261322,0.08964616060256958,,,
40,1267,0.9878158569335938,0.9387779831886292,0.07500648498535156,,,
40,1268,0.9889698028564453,0.9132137894630432,0.11595046520233154,,,
40,1269,0.9920730590820312,0.9179442524909973,0.12392950057983398,,,
40,1270,0.9891738891601562,0.9395934343338013,0.07644927501678467,,,
40,1270,,,,0.9548611044883728,0.8403832316398621,0.22353193163871765
41,1271,0.9912509918212891,0.9528404474258423,0.06162780523300171,,,
41,1272,0.9854822158813477,0.9443959593772888,0.06630492210388184,,,
41,1273,0.9906997680664062,0.931064248085022,0.09749448299407959,,,
41,1274,0.9889211654663086,0.9231085181236267,0.09966570138931274,,,
41,1275,0.9855470657348633,0.9496815800666809,0.05977565050125122,,,
41,1276,0.9889011383056641,0.925934910774231,0.09495329856872559,,,
41,1277,0.9909324645996094,0.9724039435386658,0.03793686628341675,,,
41,1278,0.9900074005126953,0.9554663896560669,0.053727924823760986,,,
41,1279,0.9878501892089844,0.887911319732666,0.14693325757980347,,,
41,1280,0.9907779693603516,0.9333384037017822,0.08998948335647583,,,
41,1281,0.9891366958618164,0.894291877746582,0.14398401975631714,,,
41,1282,0.9918928146362305,0.95646071434021,0.0569612979888916,,,
41,1283,0.9888229370117188,0.9076736569404602,0.12131625413894653,,,
41,1284,0.9866876602172852,0.9614142775535583,0.04945343732833862,,,
41,1285,0.985198974609375,0.9443110823631287,0.06565135717391968,,,
41,1286,0.98675537109375,0.9294273257255554,0.0849183201789856,,,
41,1287,0.9920578002929688,0.9545019865036011,0.06020611524581909,,,
41,1288,0.9899606704711914,0.9416983723640442,0.07435864210128784,,,
41,1289,0.9904165267944336,0.9328418970108032,0.08744293451309204,,,
41,1290,0.9923057556152344,0.9455472230911255,0.0760146975517273,,,
41,1291,0.9910173416137695,0.9336194396018982,0.08852791786193848,,,
41,1292,0.9834518432617188,0.9070011973381042,0.10877752304077148,,,
41,1293,0.991847038269043,0.9519170522689819,0.0647057294845581,,,
41,1294,0.9923534393310547,0.972710132598877,0.035737812519073486,,,
41,1295,0.9874067306518555,0.9227773547172546,0.09524470567703247,,,
41,1296,0.9884176254272461,0.9377699494361877,0.07555526494979858,,,
41,1297,0.9871244430541992,0.9098665714263916,0.11065280437469482,,,
41,1298,0.9861307144165039,0.9612866044044495,0.05014216899871826,,,
41,1299,0.9876461029052734,0.9424407482147217,0.06928563117980957,,,
41,1300,0.98724365234375,0.9299583435058594,0.08590620756149292,,,
41,1301,0.9887745976448059,0.9166564345359802,0.10749375820159912,,,
41,1301,,,,0.9542282819747925,0.8374580144882202,0.2267633080482483
42,1302,0.9867210388183594,0.9437106847763062,0.06646174192428589,,,
42,1303,0.9916191101074219,0.935276210308075,0.0889931321144104,,,
42,1304,0.9921197891235352,0.9515119194984436,0.06557542085647583,,,
42,1305,0.9893627166748047,0.957751452922821,0.05091434717178345,,,
42,1306,0.9917268753051758,0.9620167016983032,0.04874157905578613,,,
42,1307,0.9870815277099609,0.962342381477356,0.048455655574798584,,,
42,1308,0.989013671875,0.9525601863861084,0.058620572090148926,,,
42,1309,0.9881830215454102,0.9273131489753723,0.08918195962905884,,,
42,1310,0.9902811050415039,0.9597570896148682,0.0494920015335083,,,
42,1311,0.9879131317138672,0.9138356447219849,0.10773849487304688,,,
42,1312,0.9910802841186523,0.9743900895118713,0.035364627838134766,,,
42,1313,0.9893789291381836,0.9335342645645142,0.08600443601608276,,,
42,1314,0.9887294769287109,0.9161540865898132,0.10919606685638428,,,
42,1315,0.9901037216186523,0.9453142881393433,0.06914877891540527,,,
42,1316,0.9885129928588867,0.9269388914108276,0.09293854236602783,,,
42,1317,0.9871578216552734,0.9540950059890747,0.05419003963470459,,,
42,1318,0.9914588928222656,0.9371755719184875,0.08547860383987427,,,
42,1319,0.9893722534179688,0.9509040117263794,0.060952067375183105,,,
42,1320,0.9906034469604492,0.9578167200088501,0.053075551986694336,,,
42,1321,0.9862766265869141,0.8649548888206482,0.1697203516960144,,,
42,1322,0.9855747222900391,0.9191001653671265,0.09537166357040405,,,
42,1323,0.9877452850341797,0.9204241037368774,0.10031330585479736,,,
42,1324,0.9920320510864258,0.9401688575744629,0.0843425989151001,,,
42,1325,0.9900569915771484,0.9633367657661438,0.04587835073471069,,,
42,1326,0.9886140823364258,0.9411483407020569,0.07108938694000244,,,
42,1327,0.9891510009765625,0.9137992262840271,0.11250162124633789,,,
42,1328,0.9899797439575195,0.9220837950706482,0.10365724563598633,,,
42,1329,0.989171028137207,0.8767516016960144,0.1667160987854004,,,
42,1330,0.988739013671875,0.9395153522491455,0.0735940933227539,,,
42,1331,0.9881477355957031,0.9559071660041809,0.05272620916366577,,,
42,1332,0.9908091425895691,0.9390674829483032,0.08088642358779907,,,
42,1332,,,,0.9533339738845825,0.8369669318199158,0.2232866883277893
43,1333,0.9913015365600586,0.9413994550704956,0.07935523986816406,,,
43,1334,0.9895591735839844,0.949169397354126,0.06328433752059937,,,
43,1335,0.9924783706665039,0.9497140645980835,0.07041668891906738,,,
43,1336,0.9906673431396484,0.9659879803657532,0.043305039405822754,,,
43,1337,0.9895219802856445,0.9653623104095459,0.04341542720794678,,,
43,1338,0.9918804168701172,0.9529460072517395,0.061762869358062744,,,
43,1339,0.9916725158691406,0.9472593665122986,0.06866335868835449,,,
43,1340,0.9865427017211914,0.9367514848709106,0.07716655731201172,,,
43,1341,0.9848699569702148,0.8875620365142822,0.13679152727127075,,,
43,1342,0.9913835525512695,0.9717312455177307,0.03641873598098755,,,
43,1343,0.9860916137695312,0.9007337689399719,0.12376201152801514,,,
43,1344,0.988922119140625,0.9430758357048035,0.06985348463058472,,,
43,1345,0.9897165298461914,0.9643244743347168,0.04458129405975342,,,
43,1346,0.9907760620117188,0.9484943151473999,0.06484067440032959,,,
43,1347,0.9892644882202148,0.9329165816307068,0.08470845222473145,,,
43,1348,0.9906864166259766,0.9365155696868896,0.08448231220245361,,,
43,1349,0.9910821914672852,0.938420295715332,0.0825430154800415,,,
43,1350,0.9927730560302734,0.9590161442756653,0.0536007285118103,,,
43,1351,0.9849328994750977,0.9361300468444824,0.07412570714950562,,,
43,1352,0.9892148971557617,0.8194575309753418,0.25533515214920044,,,
43,1353,0.9922323226928711,0.9623841643333435,0.04822981357574463,,,
43,1354,0.9873170852661133,0.9233729839324951,0.0928526520729065,,,
43,1355,0.9894189834594727,0.9512744545936584,0.059110403060913086,,,
43,1356,0.9875144958496094,0.9395330548286438,0.07178759574890137,,,
43,1357,0.9923200607299805,0.9688820838928223,0.03921157121658325,,,
43,1358,0.9888229370117188,0.933185875415802,0.08443343639373779,,,
43,1359,0.9894876480102539,0.9412053227424622,0.0749363899230957,,,
43,1360,0.990142822265625,0.9398342370986938,0.0763859748840332,,,
43,1361,0.9918012619018555,0.9615403413772583,0.04874598979949951,,,
43,1362,0.9826793670654297,0.9063940048217773,0.10723400115966797,,,
43,1363,0.9885139465332031,0.9459990859031677,0.06498271226882935,,,
43,1363,,,,0.9552150368690491,0.8424632549285889,0.21909686923027039
44,1364,0.9884319305419922,0.948716402053833,0.06239598989486694,,,
44,1365,0.9869709014892578,0.9104389548301697,0.10965687036514282,,,
44,1366,0.9908933639526367,0.9310187697410583,0.09206932783126831,,,
44,1367,0.9882450103759766,0.9269686937332153,0.09120535850524902,,,
44,1368,0.9870424270629883,0.8809254765510559,0.15052354335784912,,,
44,1369,0.991297721862793,0.9677556157112122,0.041076600551605225,,,
44,1370,0.9894189834594727,0.9538789987564087,0.056136488914489746,,,
44,1371,0.9885692596435547,0.9536299705505371,0.05610769987106323,,,
44,1372,0.990199089050293,0.9527320265769958,0.05777674913406372,,,
44,1373,0.9879150390625,0.9414596557617188,0.07159942388534546,,,
44,1374,0.9885196685791016,0.9448420405387878,0.0655776858329773,,,
44,1375,0.9912710189819336,0.9415964484214783,0.07617998123168945,,,
44,1376,0.9883193969726562,0.9291486740112305,0.09002894163131714,,,
44,1377,0.990234375,0.9041395783424377,0.12825274467468262,,,
44,1378,0.9896154403686523,0.9694845676422119,0.03906702995300293,,,
44,1379,0.9885292053222656,0.9238743782043457,0.09384047985076904,,,
44,1380,0.992405891418457,0.9342764616012573,0.0923662781715393,,,
44,1381,0.9903039932250977,0.931465208530426,0.08887666463851929,,,
44,1382,0.9916963577270508,0.9636157751083374,0.04639714956283569,,,
44,1383,0.9883604049682617,0.9291975498199463,0.08829861879348755,,,
44,1384,0.9913434982299805,0.9668923020362854,0.042133450508117676,,,
44,1385,0.9893503189086914,0.9642706513404846,0.044104814529418945,,,
44,1386,0.98577880859375,0.9302988648414612,0.08268964290618896,,,
44,1387,0.9906730651855469,0.9525055885314941,0.0592954158782959,,,
44,1388,0.9902610778808594,0.8655519485473633,0.19015908241271973,,,
44,1389,0.9877376556396484,0.9464160799980164,0.06516760587692261,,,
44,1390,0.9892587661743164,0.9424423575401306,0.07094186544418335,,,
44,1391,0.9898471832275391,0.9271879196166992,0.09204286336898804,,,
44,1392,0.9921894073486328,0.9603145718574524,0.05156904458999634,,,
44,1393,0.9910354614257812,0.9721161723136902,0.0361095666885376,,,
44,1394,0.9911053776741028,0.9221593141555786,0.10655176639556885,,,
44,1394,,,,0.9538476467132568,0.8366193175315857,0.22598259150981903
45,1395,0.9904642105102539,0.9575401544570923,0.053361594676971436,,,
45,1396,0.9877395629882812,0.9401754140853882,0.07305765151977539,,,
45,1397,0.9862852096557617,0.9196205735206604,0.09658157825469971,,,
45,1398,0.9881172180175781,0.9649983048439026,0.044822514057159424,,,
45,1399,0.9887199401855469,0.9465920329093933,0.06494253873825073,,,
45,1400,0.9861459732055664,0.8672242164611816,0.1670839786529541,,,
45,1401,0.9925432205200195,0.8909195065498352,0.16966235637664795,,,
45,1402,0.986973762512207,0.9323426485061646,0.08168071508407593,,,
45,1403,0.9863739013671875,0.9070844054222107,0.11272192001342773,,,
45,1404,0.9887332916259766,0.9595740437507629,0.04893380403518677,,,
45,1405,0.988926887512207,0.9352667927742004,0.0779528021812439,,,
45,1406,0.9851493835449219,0.8929803371429443,0.12829023599624634,,,
45,1407,0.9893350601196289,0.957476794719696,0.05147576332092285,,,
45,1408,0.9894609451293945,0.9276634454727173,0.09059685468673706,,,
45,1409,0.987889289855957,0.9584599733352661,0.04982864856719971,,,
45,1410,0.9903297424316406,0.943824291229248,0.06948035955429077,,,
45,1411,0.9870080947875977,0.9442527890205383,0.06572502851486206,,,
45,1412,0.9918231964111328,0.9581433534622192,0.05332636833190918,,,
45,1413,0.9922542572021484,0.9264711141586304,0.10146409273147583,,,
45,1414,0.9862632751464844,0.8869955539703369,0.1388111710548401,,,
45,1415,0.9886665344238281,0.8796130418777466,0.15743738412857056,,,
45,1416,0.9909553527832031,0.9469643235206604,0.06759136915206909,,,
45,1417,0.9945564270019531,0.9722346663475037,0.03863495588302612,,,
45,1418,0.9917783737182617,0.9525768756866455,0.06011003255844116,,,
45,1419,0.9880008697509766,0.9440461993217468,0.06698709726333618,,,
45,1420,0.9917793273925781,0.9233355522155762,0.10489577054977417,,,
45,1421,0.9892177581787109,0.9583350419998169,0.04972028732299805,,,
45,1422,0.9933528900146484,0.9791194200515747,0.028842568397521973,,,
45,1423,0.9926071166992188,0.9666345119476318,0.041258811950683594,,,
45,1424,0.9878082275390625,0.9500230550765991,0.0578654408454895,,,
45,1425,0.9942181706428528,0.970054566860199,0.03958475589752197,,,
45,1425,,,,0.955163300037384,0.841325581073761,0.22066956758499146
46,1426,0.988520622253418,0.9447750449180603,0.06548255681991577,,,
46,1427,0.9880857467651367,0.9199976921081543,0.09755200147628784,,,
46,1428,0.990264892578125,0.9520852565765381,0.058743953704833984,,,
46,1429,0.9890069961547852,0.9596509337425232,0.049052894115448,,,
46,1430,0.9910440444946289,0.9640769362449646,0.04412949085235596,,,
46,1431,0.9900503158569336,0.9232003688812256,0.09666681289672852,,,
46,1432,0.9905309677124023,0.9075512290000916,0.12202578783035278,,,
46,1433,0.9879283905029297,0.9528982043266296,0.05666738748550415,,,
46,1434,0.9909534454345703,0.9639155268669128,0.04443079233169556,,,
46,1435,0.9895315170288086,0.9478896260261536,0.06351679563522339,,,
46,1436,0.9919519424438477,0.9672001600265503,0.04096078872680664,,,
46,1437,0.9794416427612305,0.8811808824539185,0.13486248254776,,,
46,1438,0.991328239440918,0.9273135662078857,0.09636205434799194,,,
46,1439,0.9915962219238281,0.9366243481636047,0.08214008808135986,,,
46,1440,0.990626335144043,0.9492819905281067,0.06372100114822388,,,
46,1441,0.9874963760375977,0.9377117156982422,0.07427418231964111,,,
46,1442,0.9890098571777344,0.9493899941444397,0.06055384874343872,,,
46,1443,0.9920024871826172,0.9566318988800049,0.054632484912872314,,,
46,1444,0.989628791809082,0.9227852821350098,0.09740304946899414,,,
46,1445,0.9915456771850586,0.9599817395210266,0.04896211624145508,,,
46,1446,0.9904441833496094,0.9534905552864075,0.058362603187561035,,,
46,1447,0.9870567321777344,0.8932708501815796,0.13261330127716064,,,
46,1448,0.9924297332763672,0.9609462022781372,0.05052149295806885,,,
46,1449,0.994598388671875,0.9752394556999207,0.0334012508392334,,,
46,1450,0.9900131225585938,0.9490703344345093,0.06254041194915771,,,
46,1451,0.9922676086425781,0.9574666619300842,0.0545651912689209,,,
46,1452,0.9881782531738281,0.9292913675308228,0.08594346046447754,,,
46,1453,0.9922018051147461,0.9534786939620972,0.060520052909851074,,,
46,1454,0.991206169128418,0.9384322762489319,0.07956081628799438,,,
46,1455,0.9887733459472656,0.9576301574707031,0.05141949653625488,,,
46,1456,0.9790420532226562,0.9261634945869446,0.08139705657958984,,,
46,1456,,,,0.9552459716796875,0.8411623239517212,0.22115971148014069
47,1457,0.9900016784667969,0.9607152342796326,0.04775094985961914,,,
47,1458,0.9871845245361328,0.9554633498191833,0.05164915323257446,,,
47,1459,0.9879980087280273,0.8795658946037292,0.15413659811019897,,,
47,1460,0.9902963638305664,0.9491930603981018,0.061631858348846436,,,
47,1461,0.9939174652099609,0.9691188931465149,0.04117012023925781,,,
47,1462,0.9896383285522461,0.9595656394958496,0.04969567060470581,,,
47,1463,0.9930229187011719,0.9772312641143799,0.030197739601135254,,,
47,1464,0.9883432388305664,0.933789074420929,0.07947999238967896,,,
47,1465,0.9908008575439453,0.9702235460281372,0.03758060932159424,,,
47,1466,0.9893636703491211,0.9377695918083191,0.07629793882369995,,,
47,1467,0.9897336959838867,0.9596515893936157,0.0482257604598999,,,
47,1468,0.9894895553588867,0.9107162952423096,0.11372846364974976,,,
47,1469,0.9913806915283203,0.9731902480125427,0.03455495834350586,,,
47,1470,0.9913129806518555,0.9424719214439392,0.07348442077636719,,,
47,1471,0.9877395629882812,0.9372681975364685,0.07630085945129395,,,
47,1472,0.9896125793457031,0.9531304836273193,0.05621141195297241,,,
47,1473,0.9900188446044922,0.9494379162788391,0.062350451946258545,,,
47,1474,0.9891557693481445,0.9288142323493958,0.09020024538040161,,,
47,1475,0.9892635345458984,0.9381557703018188,0.075034499168396,,,
47,1476,0.9900846481323242,0.9095102548599243,0.11778450012207031,,,
47,1477,0.9920978546142578,0.950476348400116,0.06516450643539429,,,
47,1478,0.9881782531738281,0.9322723150253296,0.08040553331375122,,,
47,1479,0.9908275604248047,0.9200006723403931,0.10492295026779175,,,
47,1480,0.9882879257202148,0.930304765701294,0.08424156904220581,,,
47,1481,0.9919719696044922,0.8998405337333679,0.14257532358169556,,,
47,1482,0.9897232055664062,0.9122175574302673,0.11204904317855835,,,
47,1483,0.9920988082885742,0.9635354280471802,0.04580444097518921,,,
47,1484,0.9903545379638672,0.9508411288261414,0.05922234058380127,,,
47,1485,0.9865550994873047,0.945780873298645,0.06263262033462524,,,
47,1486,0.9908018112182617,0.9442482590675354,0.06904500722885132,,,
47,1487,0.9875869750976562,0.9176390171051025,0.09628278017044067,,,
47,1487,,,,0.9545390009880066,0.8386419415473938,0.22350876033306122
48,1488,0.9909839630126953,0.8820285201072693,0.1643330454826355,,,
48,1489,0.9912681579589844,0.9624106884002686,0.04404252767562866,,,
48,1490,0.9860420227050781,0.9276366233825684,0.08192849159240723,,,
48,1491,0.9883565902709961,0.9471865296363831,0.0603865385055542,,,
48,1492,0.9916801452636719,0.9538143873214722,0.05678373575210571,,,
48,1493,0.9934530258178711,0.961192786693573,0.052916765213012695,,,
48,1494,0.9916143417358398,0.9505210518836975,0.06398153305053711,,,
48,1495,0.985325813293457,0.9040734767913818,0.11236709356307983,,,
48,1496,0.9902687072753906,0.9390427470207214,0.07476198673248291,,,
48,1497,0.9838018417358398,0.865062415599823,0.161274254322052,,,
48,1498,0.9925565719604492,0.9206179976463318,0.11374276876449585,,,
48,1499,0.989771842956543,0.9633437395095825,0.04468411207199097,,,
48,1500,0.9925117492675781,0.978531002998352,0.03137415647506714,,,
48,1501,0.988652229309082,0.9464151263237,0.06231659650802612,,,
48,1502,0.9896697998046875,0.9547971487045288,0.05323004722595215,,,
48,1503,0.9869089126586914,0.9408780336380005,0.06767076253890991,,,
48,1504,0.9878511428833008,0.9096480011940002,0.10941094160079956,,,
48,1505,0.9904508590698242,0.9574152231216431,0.05120354890823364,,,
48,1506,0.988494873046875,0.9209379553794861,0.09609425067901611,,,
48,1507,0.9873600006103516,0.9458097815513611,0.06284922361373901,,,
48,1508,0.9886474609375,0.9635975360870361,0.0445939302444458,,,
48,1509,0.9891996383666992,0.9409719705581665,0.07020974159240723,,,
48,1510,0.9859189987182617,0.9259082674980164,0.08627581596374512,,,
48,1511,0.9884910583496094,0.9498310089111328,0.05848574638366699,,,
48,1512,0.9907922744750977,0.9475499987602234,0.06366473436355591,,,
48,1513,0.9847526550292969,0.862241268157959,0.1622791290283203,,,
48,1514,0.9848699569702148,0.8550704717636108,0.17454582452774048,,,
48,1515,0.9944067001342773,0.9699204564094543,0.03985637426376343,,,
48,1516,0.9896764755249023,0.941811740398407,0.0684918761253357,,,
48,1517,0.9890804290771484,0.9554909467697144,0.051841557025909424,,,
48,1518,0.9913482666015625,0.9674591422080994,0.03964287042617798,,,
48,1518,,,,0.9539150595664978,0.8363826274871826,0.22521908581256866
49,1519,0.9856891632080078,0.9075296521186829,0.10574966669082642,,,
49,1520,0.9891128540039062,0.9444911479949951,0.06546658277511597,,,
49,1521,0.9891633987426758,0.9320170879364014,0.08206796646118164,,,
49,1522,0.9905252456665039,0.955267071723938,0.05335354804992676,,,
49,1523,0.991215705871582,0.965333878993988,0.04139047861099243,,,
49,1524,0.9915733337402344,0.9183266162872314,0.10895514488220215,,,
49,1525,0.9879341125488281,0.9205406308174133,0.09488475322723389,,,
49,1526,0.9855642318725586,0.8714785575866699,0.15593606233596802,,,
49,1527,0.9891853332519531,0.9435194134712219,0.06837457418441772,,,
49,1528,0.9865512847900391,0.9325469732284546,0.07857906818389893,,,
49,1529,0.9904537200927734,0.9082114696502686,0.11773043870925903,,,
49,1530,0.9867067337036133,0.9444515109062195,0.06281518936157227,,,
49,1531,0.9923200607299805,0.963286817073822,0.04637867212295532,,,
49,1532,0.9913816452026367,0.9617353677749634,0.04622387886047363,,,
49,1533,0.9915275573730469,0.9546669721603394,0.05607914924621582,,,
49,1534,0.9899930953979492,0.9479162693023682,0.0627281665802002,,,
49,1535,0.989863395690918,0.9521737694740295,0.056285202503204346,,,
49,1536,0.9927291870117188,0.9707099199295044,0.035883963108062744,,,
49,1537,0.9893608093261719,0.9534435272216797,0.055471181869506836,,,
49,1538,0.9909152984619141,0.9547890424728394,0.056242167949676514,,,
49,1539,0.9880638122558594,0.9547691941261292,0.05251568555831909,,,
49,1540,0.9896678924560547,0.8285216689109802,0.22871392965316772,,,
49,1541,0.9913253784179688,0.9531877040863037,0.056926846504211426,,,
49,1542,0.9871149063110352,0.9541369080543518,0.051818251609802246,,,
49,1543,0.9898099899291992,0.9484848976135254,0.059833407402038574,,,
49,1544,0.985865592956543,0.9314594864845276,0.07874464988708496,,,
49,1545,0.9923820495605469,0.942503809928894,0.07590878009796143,,,
49,1546,0.9890670776367188,0.9512549638748169,0.057697415351867676,,,
49,1547,0.9892177581787109,0.9391574859619141,0.0737120509147644,,,
49,1548,0.9902229309082031,0.9640680551528931,0.04305773973464966,,,
49,1549,0.9913406372070312,0.9298581480979919,0.09064221382141113,,,
49,1549,,,,0.9549052119255066,0.8393100500106812,0.2227340042591095
