epoch,step,train_BinaryAccuracy,train_BinaryJaccardIndex,train_loss,val_BinaryAccuracy,val_BinaryJaccardIndex,val_loss
0,0,0.5892839431762695,0.1986159384250641,0.7709682583808899,,,
0,1,0.701995849609375,0.3019421696662903,0.7819041013717651,,,
0,2,0.718358039855957,0.3420320451259613,0.7700989246368408,,,
0,3,0.7195816040039062,0.3314233720302582,0.7796819806098938,,,
0,4,0.7367763519287109,0.40867459774017334,0.728623628616333,,,
0,5,0.7621583938598633,0.27747195959091187,0.8363187909126282,,,
0,6,0.7843513488769531,0.4854187071323395,0.6842628717422485,,,
0,7,0.7996635437011719,0.465232253074646,0.6985031366348267,,,
0,8,0.8017024993896484,0.43570733070373535,0.719251811504364,,,
0,9,0.8416547775268555,0.5097236037254333,0.6865462064743042,,,
0,10,0.904541015625,0.7921189069747925,0.49167484045028687,,,
0,11,0.8086519241333008,0.47175994515419006,0.677894115447998,,,
0,12,0.7714004516601562,0.37583258748054504,0.7320898771286011,,,
0,13,0.8817005157470703,0.6491624116897583,0.5871954560279846,,,
0,14,0.8731040954589844,0.5954663753509521,0.6222283840179443,,,
0,15,0.8223476409912109,0.41143128275871277,0.7351832985877991,,,
0,16,0.885920524597168,0.647348940372467,0.5824695825576782,,,
0,17,0.87176513671875,0.5642844438552856,0.6390241980552673,,,
0,18,0.8181228637695312,0.4707722067832947,0.6735824346542358,,,
0,19,0.8969850540161133,0.7071099877357483,0.5235302448272705,,,
0,20,0.8527135848999023,0.4765687882900238,0.6966055035591125,,,
0,21,0.8470916748046875,0.4938042163848877,0.6681223511695862,,,
0,22,0.9052238464355469,0.5760003924369812,0.6833662390708923,,,
0,23,0.9074935913085938,0.6727814674377441,0.5770694017410278,,,
0,24,0.9119901657104492,0.6972018480300903,0.5513725876808167,,,
0,25,0.8893146514892578,0.559991180896759,0.6539025902748108,,,
0,26,0.9011049270629883,0.6310510635375977,0.6013412475585938,,,
0,27,0.909113883972168,0.5082913637161255,0.7465634942054749,,,
0,28,0.9261493682861328,0.7298130989074707,0.5297865867614746,,,
0,29,0.8378076553344727,0.26566290855407715,0.839881420135498,,,
0,30,0.8293724060058594,0.35585498809814453,0.7632830142974854,,,
0,30,,,,0.8385293483734131,0.6116408705711365,0.5471851229667664
1,31,0.9454841613769531,0.8296505212783813,0.4351039528846741,,,
1,32,0.9611377716064453,0.882139265537262,0.3923419713973999,,,
1,33,0.9433345794677734,0.8099766969680786,0.4530220627784729,,,
1,34,0.9165306091308594,0.6654165983200073,0.5739901661872864,,,
1,35,0.8758373260498047,0.5633887052536011,0.6189383268356323,,,
1,36,0.9157066345214844,0.7092920541763306,0.5159183740615845,,,
1,37,0.9286222457885742,0.6653491258621216,0.610098123550415,,,
1,38,0.9166440963745117,0.6497888565063477,0.5901074409484863,,,
1,39,0.9469480514526367,0.8156197667121887,0.4447767436504364,,,
1,40,0.9400568008422852,0.7807080149650574,0.47559043765068054,,,
1,41,0.954554557800293,0.8230059146881104,0.46492472290992737,,,
1,42,0.954463005065918,0.8412209153175354,0.4191918671131134,,,
1,43,0.953857421875,0.8554623126983643,0.3826717734336853,,,
1,44,0.9308204650878906,0.7477720379829407,0.4809848666191101,,,
1,45,0.8824224472045898,0.549704909324646,0.6228846311569214,,,
1,46,0.9373531341552734,0.7642122507095337,0.47300150990486145,,,
1,47,0.8856420516967773,0.5365161895751953,0.636623203754425,,,
1,48,0.9074440002441406,0.4829739034175873,0.731388509273529,,,
1,49,0.9478683471679688,0.7307868599891663,0.5738157033920288,,,
1,50,0.92449951171875,0.6975607872009277,0.5307655930519104,,,
1,51,0.9229402542114258,0.6236907839775085,0.6166170239448547,,,
1,52,0.934840202331543,0.6808764338493347,0.5861603617668152,,,
1,53,0.9390811920166016,0.6489409804344177,0.6431078910827637,,,
1,54,0.9443998336791992,0.7457224726676941,0.5246782302856445,,,
1,55,0.9568710327148438,0.7590623497962952,0.5695382356643677,,,
1,56,0.9493427276611328,0.7683370113372803,0.5064466595649719,,,
1,57,0.9384622573852539,0.7467940449714661,0.4854019284248352,,,
1,58,0.9131641387939453,0.5683867335319519,0.639171838760376,,,
1,59,0.9146661758422852,0.6116379499435425,0.597011387348175,,,
1,60,0.9275655746459961,0.6666768789291382,0.562055766582489,,,
1,61,0.9248682856559753,0.6206746101379395,0.6083090901374817,,,
1,61,,,,0.911553680896759,0.7362297773361206,0.47030940651893616
2,62,0.9506511688232422,0.7878732085227966,0.4703199863433838,,,
2,63,0.9612226486206055,0.8147072792053223,0.47397786378860474,,,
2,64,0.9502964019775391,0.8046398162841797,0.43801936507225037,,,
2,65,0.9657154083251953,0.8482103943824768,0.4291973114013672,,,
2,66,0.9432592391967773,0.7151386141777039,0.5432493686676025,,,
2,67,0.9455795288085938,0.7369740605354309,0.5172838568687439,,,
2,68,0.9243097305297852,0.5503133535385132,0.6765536069869995,,,
2,69,0.9415912628173828,0.6808359026908875,0.5781776309013367,,,
2,70,0.9329042434692383,0.6595962047576904,0.5722480416297913,,,
2,71,0.9444007873535156,0.6995542049407959,0.563937783241272,,,
2,72,0.9254999160766602,0.6414980888366699,0.5769129395484924,,,
2,73,0.9642753601074219,0.8240835666656494,0.46045389771461487,,,
2,74,0.9419069290161133,0.6234771013259888,0.6502412557601929,,,
2,75,0.9621400833129883,0.825520396232605,0.43698978424072266,,,
2,76,0.9572868347167969,0.8728553056716919,0.2988555133342743,,,
2,77,0.9658021926879883,0.8422726392745972,0.4203317165374756,,,
2,78,0.9486351013183594,0.7767766714096069,0.44191670417785645,,,
2,79,0.924046516418457,0.620631992816925,0.5770683288574219,,,
2,80,0.9594345092773438,0.8415431380271912,0.36986663937568665,,,
2,81,0.969691276550293,0.9000842571258545,0.2889632284641266,,,
2,82,0.9451131820678711,0.7928786873817444,0.40585777163505554,,,
2,83,0.9596500396728516,0.8525223731994629,0.34406620264053345,,,
2,84,0.9586172103881836,0.8719422817230225,0.2875937223434448,,,
2,85,0.9635858535766602,0.8327023983001709,0.4092460870742798,,,
2,86,0.9318408966064453,0.6278243660926819,0.5857349634170532,,,
2,87,0.9639158248901367,0.7957627177238464,0.49411532282829285,,,
2,88,0.9050369262695312,0.5289108157157898,0.6330218315124512,,,
2,89,0.9700803756713867,0.9031162261962891,0.2661721706390381,,,
2,90,0.9506301879882812,0.7715042233467102,0.4483913481235504,,,
2,91,0.9481058120727539,0.6781319975852966,0.5850639343261719,,,
2,92,0.9646618962287903,0.839291512966156,0.3905859887599945,,,
2,92,,,,0.9298858642578125,0.7783774137496948,0.41958165168762207
3,93,0.9607810974121094,0.8024802803993225,0.4457641541957855,,,
3,94,0.9676103591918945,0.9051558971405029,0.25000032782554626,,,
3,95,0.9550018310546875,0.8211311101913452,0.3772244155406952,,,
3,96,0.9699010848999023,0.8617709875106812,0.3717261552810669,,,
3,97,0.9371404647827148,0.5658333897590637,0.6709251999855042,,,
3,98,0.9435815811157227,0.6815693378448486,0.546136200428009,,,
3,99,0.9521245956420898,0.6992871761322021,0.5619465708732605,,,
3,100,0.9570627212524414,0.7679645419120789,0.47815877199172974,,,
3,101,0.9455900192260742,0.6886348128318787,0.5463002920150757,,,
3,102,0.9710702896118164,0.8726083636283875,0.34450164437294006,,,
3,103,0.9631128311157227,0.7839004993438721,0.4894760251045227,,,
3,104,0.9343786239624023,0.5313089489936829,0.6870452761650085,,,
3,105,0.966526985168457,0.8649430871009827,0.3262840211391449,,,
3,106,0.9594497680664062,0.8719307780265808,0.26953426003456116,,,
3,107,0.9647197723388672,0.9009210467338562,0.24167431890964508,,,
3,108,0.9546241760253906,0.7709174156188965,0.44128161668777466,,,
3,109,0.9374837875366211,0.7798727750778198,0.38277366757392883,,,
3,110,0.8819971084594727,0.3337838053703308,0.7680007815361023,,,
3,111,0.9459772109985352,0.7634227871894836,0.4123713970184326,,,
3,112,0.9716167449951172,0.9198153018951416,0.20914584398269653,,,
3,113,0.964599609375,0.835395336151123,0.3698568642139435,,,
3,114,0.9535713195800781,0.7825034260749817,0.41899940371513367,,,
3,115,0.9461030960083008,0.6549734473228455,0.5755879878997803,,,
3,116,0.9442481994628906,0.6163840889930725,0.6211363077163696,,,
3,117,0.9688444137573242,0.80026775598526,0.4857708811759949,,,
3,118,0.9716224670410156,0.8356812000274658,0.42797255516052246,,,
3,119,0.9701309204101562,0.8742052316665649,0.3168899416923523,,,
3,120,0.9743862152099609,0.8717052340507507,0.3547538220882416,,,
3,121,0.9670982360839844,0.8827029466629028,0.2687065303325653,,,
3,122,0.9647102355957031,0.8132648468017578,0.4115847647190094,,,
3,123,0.9618911743164062,0.8561651706695557,0.3001581132411957,,,
3,123,,,,0.9359596967697144,0.793127179145813,0.3831336796283722
4,124,0.9653635025024414,0.8149953484535217,0.408193439245224,,,
4,125,0.9633255004882812,0.8148287534713745,0.39136990904808044,,,
4,126,0.956212043762207,0.7851447463035583,0.41313546895980835,,,
4,127,0.9693660736083984,0.8619661331176758,0.32856491208076477,,,
4,128,0.9514713287353516,0.6941174864768982,0.5337724089622498,,,
4,129,0.9690780639648438,0.9102842211723328,0.20988322794437408,,,
4,130,0.9617557525634766,0.793317437171936,0.4246765971183777,,,
4,131,0.9709033966064453,0.879456639289856,0.2949628233909607,,,
4,132,0.9751873016357422,0.886199414730072,0.310332328081131,,,
4,133,0.9658479690551758,0.8429762125015259,0.34315893054008484,,,
4,134,0.9648303985595703,0.8547389507293701,0.3078504502773285,,,
4,135,0.9491004943847656,0.6071833372116089,0.6356124877929688,,,
4,136,0.9597740173339844,0.7565873861312866,0.4757384657859802,,,
4,137,0.9635515213012695,0.8572074174880981,0.2925531268119812,,,
4,138,0.9657926559448242,0.7628699541091919,0.506144106388092,,,
4,139,0.9463109970092773,0.6925929188728333,0.5011237263679504,,,
4,140,0.9586763381958008,0.732603907585144,0.5002633929252625,,,
4,141,0.9745416641235352,0.9094526171684265,0.22715412080287933,,,
4,142,0.9792966842651367,0.9198000431060791,0.23662734031677246,,,
4,143,0.9444522857666016,0.6793539524078369,0.5148215293884277,,,
4,144,0.9645280838012695,0.6695892214775085,0.6355801820755005,,,
4,145,0.9667844772338867,0.8396860957145691,0.3479773700237274,,,
4,146,0.9578390121459961,0.8476974964141846,0.2920932471752167,,,
4,147,0.9769573211669922,0.8856696486473083,0.31520211696624756,,,
4,148,0.9624509811401367,0.8513643145561218,0.2959356904029846,,,
4,149,0.9847993850708008,0.9431365132331848,0.204877108335495,,,
4,150,0.9628973007202148,0.7866629362106323,0.42272770404815674,,,
4,151,0.9667224884033203,0.8688333630561829,0.2762492895126343,,,
4,152,0.9735774993896484,0.8857677578926086,0.276723712682724,,,
4,153,0.9757680892944336,0.873358964920044,0.33019888401031494,,,
4,154,0.9442062377929688,0.7044476270675659,0.474651962518692,,,
4,154,,,,0.9430915117263794,0.8110886812210083,0.35989999771118164
5,155,0.9712133407592773,0.8233566284179688,0.40734702348709106,,,
5,156,0.9622402191162109,0.7884969711303711,0.4120796322822571,,,
5,157,0.974431037902832,0.8733430504798889,0.3136340081691742,,,
5,158,0.9717369079589844,0.899832010269165,0.22250941395759583,,,
5,159,0.9506454467773438,0.6063588857650757,0.6190223693847656,,,
5,160,0.9560403823852539,0.7299585342407227,0.4700493812561035,,,
5,161,0.9723958969116211,0.9002797603607178,0.2254154235124588,,,
5,162,0.9712438583374023,0.8993870615959167,0.22272850573062897,,,
5,163,0.9721851348876953,0.8927645683288574,0.2385241687297821,,,
5,164,0.9529037475585938,0.5947247743606567,0.6339744925498962,,,
5,165,0.9701213836669922,0.85725998878479,0.3092310428619385,,,
5,166,0.9598073959350586,0.7594353556632996,0.44516831636428833,,,
5,167,0.971435546875,0.8557662963867188,0.3227768540382385,,,
5,168,0.9759159088134766,0.8871515989303589,0.2803259491920471,,,
5,169,0.9774351119995117,0.874524712562561,0.3301845192909241,,,
5,170,0.9707612991333008,0.8286038637161255,0.37636107206344604,,,
5,171,0.9617624282836914,0.6948630213737488,0.5559097528457642,,,
5,172,0.9684820175170898,0.8060925602912903,0.40418893098831177,,,
5,173,0.9716672897338867,0.8957695960998535,0.22618632018566132,,,
5,174,0.977351188659668,0.8854244351387024,0.29170799255371094,,,
5,175,0.9726858139038086,0.8954108953475952,0.2297360897064209,,,
5,176,0.9742002487182617,0.871823787689209,0.3003389239311218,,,
5,177,0.9774255752563477,0.9233149290084839,0.18517619371414185,,,
5,178,0.9767189025878906,0.906324565410614,0.22784560918807983,,,
5,179,0.9707965850830078,0.8140560388565063,0.4000283181667328,,,
5,180,0.9766302108764648,0.9220836758613586,0.1802195906639099,,,
5,181,0.9718189239501953,0.8625268340110779,0.2951123118400574,,,
5,182,0.9682836532592773,0.8380188345909119,0.3260987401008606,,,
5,183,0.9694671630859375,0.8396819233894348,0.3314833343029022,,,
5,184,0.9748916625976562,0.8486122488975525,0.35676485300064087,,,
5,185,0.9768078923225403,0.8802319169044495,0.29244887828826904,,,
5,185,,,,0.9493408203125,0.8266099691390991,0.33369481563568115
6,186,0.9623727798461914,0.7434338331222534,0.4708680808544159,,,
6,187,0.9691066741943359,0.8649287819862366,0.273107647895813,,,
6,188,0.9730138778686523,0.8629539012908936,0.29938751459121704,,,
6,189,0.9777688980102539,0.9193114638328552,0.18917930126190186,,,
6,190,0.9706020355224609,0.8454194068908691,0.3206426799297333,,,
6,191,0.9805984497070312,0.906497061252594,0.25158941745758057,,,
6,192,0.968785285949707,0.8909003138542175,0.21112054586410522,,,
6,193,0.9655036926269531,0.8115619421005249,0.35145625472068787,,,
6,194,0.971282958984375,0.86588454246521,0.27687790989875793,,,
6,195,0.9684848785400391,0.8243206143379211,0.34693896770477295,,,
6,196,0.9824972152709961,0.929388701915741,0.19580960273742676,,,
6,197,0.9584627151489258,0.6849570870399475,0.5223967432975769,,,
6,198,0.9731864929199219,0.8036482334136963,0.4276573657989502,,,
6,199,0.9785900115966797,0.9029554128646851,0.23553632199764252,,,
6,200,0.9727516174316406,0.852016031742096,0.3161332905292511,,,
6,201,0.971959114074707,0.8178377151489258,0.3844735026359558,,,
6,202,0.9785938262939453,0.8578962087631226,0.35580703616142273,,,
6,203,0.9717292785644531,0.8961000442504883,0.2076469212770462,,,
6,204,0.9743413925170898,0.8548985719680786,0.3193853497505188,,,
6,205,0.9767036437988281,0.8657544255256653,0.31318360567092896,,,
6,206,0.9749517440795898,0.8656226396560669,0.2946666181087494,,,
6,207,0.9749832153320312,0.9121311902999878,0.18385781347751617,,,
6,208,0.976226806640625,0.8624123334884644,0.3152787983417511,,,
6,209,0.9732513427734375,0.9285988807678223,0.1491888165473938,,,
6,210,0.9669599533081055,0.8292803168296814,0.31319427490234375,,,
6,211,0.9691381454467773,0.8593611717224121,0.264326274394989,,,
6,212,0.97052001953125,0.7375156283378601,0.5131056904792786,,,
6,213,0.9727020263671875,0.8200778365135193,0.37278926372528076,,,
6,214,0.9756641387939453,0.8929896950721741,0.22736160457134247,,,
6,215,0.9806070327758789,0.8891481161117554,0.28479471802711487,,,
6,216,0.9810168147087097,0.9237865209579468,0.1837514042854309,,,
6,216,,,,0.9497960209846497,0.8232929706573486,0.31964027881622314
7,217,0.9779987335205078,0.8750379085540771,0.2933639883995056,,,
7,218,0.9608612060546875,0.6188848614692688,0.6098663210868835,,,
7,219,0.9748497009277344,0.8865891098976135,0.23478420078754425,,,
7,220,0.9636688232421875,0.8415142893791199,0.2851355969905853,,,
7,221,0.9808340072631836,0.9426934719085693,0.13588406145572662,,,
7,222,0.9694347381591797,0.8813275098800659,0.21621333062648773,,,
7,223,0.9771823883056641,0.906601071357727,0.1977105289697647,,,
7,224,0.9767580032348633,0.8679229021072388,0.2903152406215668,,,
7,225,0.9646339416503906,0.6335355639457703,0.6046741008758545,,,
7,226,0.9745550155639648,0.8904644250869751,0.21940025687217712,,,
7,227,0.9751338958740234,0.8718615174293518,0.2673775255680084,,,
7,228,0.9699220657348633,0.7302629947662354,0.5073837041854858,,,
7,229,0.9731378555297852,0.8551251888275146,0.2901780903339386,,,
7,230,0.978724479675293,0.9162049889564514,0.18408691883087158,,,
7,231,0.9677877426147461,0.7972617745399475,0.36969858407974243,,,
7,232,0.9802103042602539,0.8939213752746582,0.2523081302642822,,,
7,233,0.9735279083251953,0.8785415291786194,0.2375471293926239,,,
7,234,0.9765510559082031,0.8022550940513611,0.43126702308654785,,,
7,235,0.9681329727172852,0.7551870942115784,0.44283628463745117,,,
7,236,0.9811697006225586,0.9000465869903564,0.24237649142742157,,,
7,237,0.9804544448852539,0.9190141558647156,0.18128742277622223,,,
7,238,0.9720182418823242,0.8089430332183838,0.3753173053264618,,,
7,239,0.9756746292114258,0.8941358923912048,0.2106272578239441,,,
7,240,0.977874755859375,0.8951919078826904,0.22284550964832306,,,
7,241,0.9785442352294922,0.9080768823623657,0.19554245471954346,,,
7,242,0.9778738021850586,0.909573495388031,0.18777883052825928,,,
7,243,0.9758405685424805,0.9153746962547302,0.16676625609397888,,,
7,244,0.9753875732421875,0.8933373093605042,0.20884937047958374,,,
7,245,0.9781770706176758,0.91429203748703,0.17660820484161377,,,
7,246,0.9801321029663086,0.9085035920143127,0.20354261994361877,,,
7,247,0.9697239995002747,0.7533077001571655,0.44704005122184753,,,
7,247,,,,0.9513965249061584,0.8275405764579773,0.30670908093452454
8,248,0.9795198440551758,0.9122781753540039,0.1877976655960083,,,
8,249,0.9700565338134766,0.901259183883667,0.16650493443012238,,,
8,250,0.9811773300170898,0.8980584740638733,0.24291110038757324,,,
8,251,0.9812870025634766,0.8827101588249207,0.2820441722869873,,,
8,252,0.9755134582519531,0.8813175559043884,0.23353281617164612,,,
8,253,0.9778881072998047,0.9050007462501526,0.19223655760288239,,,
8,254,0.9752569198608398,0.8876903057098389,0.21730758249759674,,,
8,255,0.9767370223999023,0.8303626775741577,0.3570224344730377,,,
8,256,0.9715967178344727,0.79977947473526,0.3737861216068268,,,
8,257,0.9752101898193359,0.8858094215393066,0.22035934031009674,,,
8,258,0.9829216003417969,0.8667985796928406,0.3439980745315552,,,
8,259,0.9804410934448242,0.8803874850273132,0.27606239914894104,,,
8,260,0.9833812713623047,0.9200165271759033,0.19099314510822296,,,
8,261,0.9712820053100586,0.8127906322479248,0.34323030710220337,,,
8,262,0.9702091217041016,0.8534300923347473,0.2553473711013794,,,
8,263,0.9789066314697266,0.8791636824607849,0.2582992613315582,,,
8,264,0.9795303344726562,0.8826712965965271,0.2560378611087799,,,
8,265,0.9719915390014648,0.8460816740989685,0.2828310430049896,,,
8,266,0.9835395812988281,0.863987386226654,0.3535895049571991,,,
8,267,0.9787969589233398,0.9233595728874207,0.14984802901744843,,,
8,268,0.9736042022705078,0.8975644111633301,0.18133951723575592,,,
8,269,0.9780178070068359,0.8835040926933289,0.23677626252174377,,,
8,270,0.9722433090209961,0.76027512550354,0.43887826800346375,,,
8,271,0.9585599899291992,0.6220558285713196,0.554909348487854,,,
8,272,0.9771184921264648,0.8495680093765259,0.30553704500198364,,,
8,273,0.9811716079711914,0.8972248435020447,0.22900913655757904,,,
8,274,0.9723196029663086,0.7937261462211609,0.38113096356391907,,,
8,275,0.978419303894043,0.9348434209823608,0.1260657161474228,,,
8,276,0.9751224517822266,0.9093641042709351,0.169457346200943,,,
8,277,0.9810447692871094,0.927924633026123,0.14728310704231262,,,
8,278,0.9689140319824219,0.9215227365493774,0.13794022798538208,,,
8,278,,,,0.9519382119178772,0.8318147659301758,0.2863420248031616
9,279,0.9726161956787109,0.864018440246582,0.23973073065280914,,,
9,280,0.9806747436523438,0.9167047142982483,0.16859744489192963,,,
9,281,0.9782171249389648,0.9006878733634949,0.19229380786418915,,,
9,282,0.9779176712036133,0.8554646372795105,0.2927769422531128,,,
9,283,0.9779157638549805,0.8208591341972351,0.37262585759162903,,,
9,284,0.9791507720947266,0.911003828048706,0.1731545627117157,,,
9,285,0.9804534912109375,0.9045165777206421,0.1966184675693512,,,
9,286,0.9774255752563477,0.816332995891571,0.3751799166202545,,,
9,287,0.9784383773803711,0.8507440090179443,0.30903691053390503,,,
9,288,0.9786930084228516,0.8763633966445923,0.24940530955791473,,,
9,289,0.9712839126586914,0.8419196009635925,0.2762869894504547,,,
9,290,0.9831914901733398,0.9149544835090637,0.1892058104276657,,,
9,291,0.9828147888183594,0.887441098690033,0.2638357877731323,,,
9,292,0.9750680923461914,0.8878030776977539,0.19919677078723907,,,
9,293,0.9814662933349609,0.9138892292976379,0.17690180242061615,,,
9,294,0.9783830642700195,0.8923469185829163,0.20772789418697357,,,
9,295,0.9776878356933594,0.9303980469703674,0.12759453058242798,,,
9,296,0.98016357421875,0.8801539540290833,0.2506371736526489,,,
9,297,0.981419563293457,0.9209460616111755,0.157444566488266,,,
9,298,0.979374885559082,0.8958492875099182,0.201398566365242,,,
9,299,0.9809446334838867,0.8970136642456055,0.21340012550354004,,,
9,300,0.9832668304443359,0.9056625962257385,0.21332581341266632,,,
9,301,0.9773740768432617,0.9012384414672852,0.17878828942775726,,,
9,302,0.9777126312255859,0.8961665630340576,0.19036710262298584,,,
9,303,0.9678192138671875,0.7845017910003662,0.35132989287376404,,,
9,304,0.9759082794189453,0.8413539528846741,0.29668930172920227,,,
9,305,0.9743108749389648,0.8466395139694214,0.27253711223602295,,,
9,306,0.9796924591064453,0.9072088003158569,0.17982199788093567,,,
9,307,0.9792051315307617,0.944590151309967,0.10826430469751358,,,
9,308,0.9779291152954102,0.894467830657959,0.19269174337387085,,,
9,309,0.9721323847770691,0.8536474704742432,0.2444705218076706,,,
9,309,,,,0.9513833522796631,0.8296822309494019,0.2841254472732544
10,310,0.9824581146240234,0.8587076663970947,0.3217238187789917,,,
10,311,0.9828920364379883,0.8530938625335693,0.3401172161102295,,,
10,312,0.9829883575439453,0.9296303391456604,0.14110532402992249,,,
10,313,0.9734182357788086,0.9341843128204346,0.11837933957576752,,,
10,314,0.9718160629272461,0.7537393569946289,0.422422856092453,,,
10,315,0.9799604415893555,0.8695176839828491,0.26400983333587646,,,
10,316,0.9803714752197266,0.8754304647445679,0.2531563937664032,,,
10,317,0.9803981781005859,0.8861210942268372,0.2271658033132553,,,
10,318,0.9774179458618164,0.9021884799003601,0.17224466800689697,,,
10,319,0.9818925857543945,0.9004493355751038,0.2043934464454651,,,
10,320,0.9819211959838867,0.8853127360343933,0.24018028378486633,,,
10,321,0.9753713607788086,0.9203124046325684,0.1351688653230667,,,
10,322,0.9797153472900391,0.8899244666099548,0.2115543931722641,,,
10,323,0.978550910949707,0.8787325024604797,0.22977232933044434,,,
10,324,0.9810276031494141,0.9217224717140198,0.14656613767147064,,,
10,325,0.9795713424682617,0.8169442415237427,0.3883151113986969,,,
10,326,0.9778718948364258,0.8490635752677917,0.28280484676361084,,,
10,327,0.9770736694335938,0.8881022334098816,0.19736900925636292,,,
10,328,0.964167594909668,0.7494515180587769,0.378492534160614,,,
10,329,0.9750909805297852,0.868042528629303,0.2285764366388321,,,
10,330,0.9769840240478516,0.88970947265625,0.1924472451210022,,,
10,331,0.9793252944946289,0.8837873935699463,0.22293728590011597,,,
10,332,0.9756278991699219,0.9007322192192078,0.16201110184192657,,,
10,333,0.9855518341064453,0.9313774704933167,0.1526186615228653,,,
10,334,0.96624755859375,0.8440352082252502,0.23043805360794067,,,
10,335,0.9847993850708008,0.9538202285766602,0.0970568135380745,,,
10,336,0.9728994369506836,0.8892077207565308,0.17279623448848724,,,
10,337,0.9768905639648438,0.8901805281639099,0.18629781901836395,,,
10,338,0.9802446365356445,0.8865509629249573,0.2171105295419693,,,
10,339,0.9742603302001953,0.8263683319091797,0.29549357295036316,,,
10,340,0.9788742065429688,0.915233850479126,0.1448390781879425,,,
10,340,,,,0.9528388977050781,0.8354508280754089,0.27403512597084045
11,341,0.9766778945922852,0.9109623432159424,0.14598128199577332,,,
11,342,0.9782533645629883,0.8722256422042847,0.23500782251358032,,,
11,343,0.9778623580932617,0.830363929271698,0.31883272528648376,,,
11,344,0.9849758148193359,0.9019438028335571,0.22662971913814545,,,
11,345,0.9794082641601562,0.87478107213974,0.23700447380542755,,,
11,346,0.9731454849243164,0.8174338936805725,0.3049170970916748,,,
11,347,0.9846315383911133,0.9461790919303894,0.10450219362974167,,,
11,348,0.9789237976074219,0.9213632345199585,0.1320820152759552,,,
11,349,0.9762439727783203,0.8630415797233582,0.23280061781406403,,,
11,350,0.9842720031738281,0.9460890889167786,0.10247807204723358,,,
11,351,0.9853487014770508,0.9441737532615662,0.11189017444849014,,,
11,352,0.9820938110351562,0.9280692934989929,0.12979526817798615,,,
11,353,0.9813833236694336,0.9140555262565613,0.15593573451042175,,,
11,354,0.9836034774780273,0.8998193740844727,0.20614579319953918,,,
11,355,0.9811639785766602,0.8859068751335144,0.21953091025352478,,,
11,356,0.9809188842773438,0.9038580656051636,0.17550264298915863,,,
11,357,0.9687986373901367,0.6832019686698914,0.4854520857334137,,,
11,358,0.9855623245239258,0.9162911176681519,0.18320214748382568,,,
11,359,0.9712991714477539,0.8228079676628113,0.2858533561229706,,,
11,360,0.9744796752929688,0.8926917314529419,0.16500799357891083,,,
11,361,0.9859399795532227,0.9369245767593384,0.12982843816280365,,,
11,362,0.9781827926635742,0.9071211218833923,0.15363436937332153,,,
11,363,0.9613361358642578,0.744688093662262,0.3573388457298279,,,
11,364,0.9752044677734375,0.8402722477912903,0.26905447244644165,,,
11,365,0.9789628982543945,0.9361247420310974,0.10831840336322784,,,
11,366,0.9753751754760742,0.898270845413208,0.1588560789823532,,,
11,367,0.9825344085693359,0.9299728274345398,0.124752476811409,,,
11,368,0.9747037887573242,0.8698351383209229,0.2101004719734192,,,
11,369,0.9797000885009766,0.8886691927909851,0.1993154138326645,,,
11,370,0.9716720581054688,0.775374710559845,0.3604491353034973,,,
11,371,0.9481684565544128,0.424306184053421,0.7017731666564941,,,
11,371,,,,0.9449920654296875,0.8164452314376831,0.2817998230457306
12,372,0.9777622222900391,0.8135380148887634,0.3365936577320099,,,
12,373,0.9813899993896484,0.9325617551803589,0.1140747144818306,,,
12,374,0.9819793701171875,0.8896313309669495,0.21245846152305603,,,
12,375,0.9806737899780273,0.9183942079544067,0.1396217942237854,,,
12,376,0.9758520126342773,0.8944540619850159,0.17168283462524414,,,
12,377,0.97979736328125,0.9167397022247314,0.14024168252944946,,,
12,378,0.9848690032958984,0.9435020089149475,0.106350839138031,,,
12,379,0.9809370040893555,0.9108043909072876,0.1581052839756012,,,
12,380,0.9791574478149414,0.8969200849533081,0.17307254672050476,,,
12,381,0.9814577102661133,0.8749428987503052,0.23649480938911438,,,
12,382,0.9710931777954102,0.9029433131217957,0.13909496366977692,,,
12,383,0.9545154571533203,0.5665954947471619,0.5518898963928223,,,
12,384,0.9828376770019531,0.9321834444999695,0.11970880627632141,,,
12,385,0.9777984619140625,0.8432945609092712,0.27260318398475647,,,
12,386,0.9791688919067383,0.8711996078491211,0.22681857645511627,,,
12,387,0.9757299423217773,0.7979066967964172,0.33907464146614075,,,
12,388,0.9773492813110352,0.8728968501091003,0.2084655463695526,,,
12,389,0.9826860427856445,0.8513736724853516,0.30303528904914856,,,
12,390,0.9825897216796875,0.9151842594146729,0.1510157734155655,,,
12,391,0.9779863357543945,0.8762597441673279,0.20809142291545868,,,
12,392,0.9811229705810547,0.8877789378166199,0.2010342925786972,,,
12,393,0.981236457824707,0.8528850674629211,0.2770618498325348,,,
12,394,0.9822797775268555,0.9364006519317627,0.10653360188007355,,,
12,395,0.9799566268920898,0.9236065149307251,0.12227567285299301,,,
12,396,0.9825410842895508,0.8801058530807495,0.22595328092575073,,,
12,397,0.9839029312133789,0.9449605345726013,0.09611766785383224,,,
12,398,0.9815645217895508,0.9134489893913269,0.14579789340496063,,,
12,399,0.9694299697875977,0.7966982126235962,0.3033108115196228,,,
12,400,0.9796037673950195,0.8904236555099487,0.1843048632144928,,,
12,401,0.9722414016723633,0.8872355222702026,0.1565258502960205,,,
12,402,0.9665552973747253,0.8381335735321045,0.2378341406583786,,,
12,402,,,,0.9516808986663818,0.8266639113426208,0.26972299814224243
13,403,0.9813556671142578,0.9095439314842224,0.15143832564353943,,,
13,404,0.9789342880249023,0.9056053757667542,0.15013958513736725,,,
13,405,0.9811439514160156,0.900297999382019,0.17157341539859772,,,
13,406,0.9767980575561523,0.904332160949707,0.1449039727449417,,,
13,407,0.9793977737426758,0.8816442489624023,0.19836610555648804,,,
13,408,0.9742794036865234,0.9033094048500061,0.14226527512073517,,,
13,409,0.9786415100097656,0.8800839781761169,0.1956331878900528,,,
13,410,0.9766006469726562,0.8101898431777954,0.3138215243816376,,,
13,411,0.9824733734130859,0.888375997543335,0.20689545571804047,,,
13,412,0.972844123840332,0.7620440125465393,0.3712400197982788,,,
13,413,0.9766330718994141,0.8184728026390076,0.30578669905662537,,,
13,414,0.9813547134399414,0.9354034066200256,0.10276477783918381,,,
13,415,0.9855165481567383,0.9081246256828308,0.18552599847316742,,,
13,416,0.9769468307495117,0.8868241906166077,0.17430508136749268,,,
13,417,0.9855499267578125,0.9099205136299133,0.17878124117851257,,,
13,418,0.9827127456665039,0.956930935382843,0.08572866022586823,,,
13,419,0.9750146865844727,0.8383845090866089,0.25069382786750793,,,
13,420,0.9808416366577148,0.9181003570556641,0.1296713948249817,,,
13,421,0.9817533493041992,0.9191673994064331,0.12985987961292267,,,
13,422,0.9808902740478516,0.8308115601539612,0.3052804172039032,,,
13,423,0.9810113906860352,0.888279139995575,0.18751490116119385,,,
13,424,0.9785947799682617,0.8474934697151184,0.252971887588501,,,
13,425,0.9788112640380859,0.8905948400497437,0.1738530993461609,,,
13,426,0.9744234085083008,0.9349988698959351,0.09884905815124512,,,
13,427,0.9772729873657227,0.8268083333969116,0.28411054611206055,,,
13,428,0.9812459945678711,0.9116771221160889,0.14475193619728088,,,
13,429,0.9786376953125,0.8756853938102722,0.20212513208389282,,,
13,430,0.985569953918457,0.8844423890113831,0.23590372502803802,,,
13,431,0.9796943664550781,0.9226794242858887,0.1177874282002449,,,
13,432,0.9765939712524414,0.7879636287689209,0.3418710231781006,,,
13,433,0.9806683659553528,0.9302550554275513,0.10719868540763855,,,
13,433,,,,0.94782555103302,0.8121768236160278,0.2803427577018738
14,434,0.9839954376220703,0.9159054160118103,0.14934328198432922,,,
14,435,0.9780263900756836,0.8810265064239502,0.18724055588245392,,,
14,436,0.9827337265014648,0.931274950504303,0.11178860813379288,,,
14,437,0.9785575866699219,0.8632808923721313,0.21995384991168976,,,
14,438,0.9719419479370117,0.8553063273429871,0.20565496385097504,,,
14,439,0.9722356796264648,0.784111499786377,0.31872615218162537,,,
14,440,0.9854745864868164,0.9359945058822632,0.10989590734243393,,,
14,441,0.9778718948364258,0.8039277195930481,0.32028621435165405,,,
14,442,0.9822940826416016,0.9176100492477417,0.13298891484737396,,,
14,443,0.9849166870117188,0.9434215426445007,0.0948643833398819,,,
14,444,0.9837961196899414,0.8794844746589661,0.22361379861831665,,,
14,445,0.9869718551635742,0.9487273097038269,0.0902831181883812,,,
14,446,0.9798994064331055,0.8753924369812012,0.2032136470079422,,,
14,447,0.9806509017944336,0.8597877025604248,0.23814663290977478,,,
14,448,0.975712776184082,0.9000953435897827,0.14476312696933746,,,
14,449,0.9770717620849609,0.8892726898193359,0.16887371242046356,,,
14,450,0.9833498001098633,0.941555917263031,0.09495719522237778,,,
14,451,0.9812107086181641,0.885688066482544,0.1900462955236435,,,
14,452,0.9802646636962891,0.7777276635169983,0.38619866967201233,,,
14,453,0.9843950271606445,0.9231278896331787,0.13237078487873077,,,
14,454,0.9842796325683594,0.9511056542396545,0.0803217813372612,,,
14,455,0.982356071472168,0.8955212235450745,0.1772707849740982,,,
14,456,0.9805469512939453,0.8815839290618896,0.19737789034843445,,,
14,457,0.9829692840576172,0.9167672395706177,0.13603992760181427,,,
14,458,0.9854803085327148,0.9150409698486328,0.15770550072193146,,,
14,459,0.983210563659668,0.9248076677322388,0.12052656710147858,,,
14,460,0.9836301803588867,0.9054514765739441,0.16448192298412323,,,
14,461,0.9775495529174805,0.9008666276931763,0.14300435781478882,,,
14,462,0.9832859039306641,0.9325671792030334,0.10596148669719696,,,
14,463,0.9876260757446289,0.9181408882141113,0.16439571976661682,,,
14,464,0.9772656559944153,0.901107907295227,0.14487342536449432,,,
14,464,,,,0.9528469443321228,0.8323585987091064,0.2552587687969208
15,465,0.9883623123168945,0.9418749809265137,0.11226456612348557,,,
15,466,0.9837989807128906,0.936782717704773,0.09951100498437881,,,
15,467,0.9752960205078125,0.8153907656669617,0.2810056507587433,,,
15,468,0.97882080078125,0.8799768686294556,0.1842973679304123,,,
15,469,0.9831972122192383,0.9193512797355652,0.13011722266674042,,,
15,470,0.9831609725952148,0.9220623970031738,0.12657111883163452,,,
15,471,0.9842672348022461,0.93081134557724,0.11265621334314346,,,
15,472,0.9814176559448242,0.938602864742279,0.09309227019548416,,,
15,473,0.9818239212036133,0.8892806768417358,0.1806725710630417,,,
15,474,0.9822177886962891,0.876034677028656,0.20904110372066498,,,
15,475,0.9872932434082031,0.9317207932472229,0.12691782414913177,,,
15,476,0.9859514236450195,0.9378241896629333,0.10424719750881195,,,
15,477,0.9801578521728516,0.8538658022880554,0.2394053339958191,,,
15,478,0.9821434020996094,0.952339231967926,0.07826666533946991,,,
15,479,0.985713005065918,0.9320512413978577,0.11558303982019424,,,
15,480,0.9849920272827148,0.8946533203125,0.19387638568878174,,,
15,481,0.9823818206787109,0.8981031775474548,0.16577677428722382,,,
15,482,0.9797697067260742,0.8966016173362732,0.15765753388404846,,,
15,483,0.9832191467285156,0.9028130173683167,0.16199347376823425,,,
15,484,0.9815750122070312,0.9005134105682373,0.15374106168746948,,,
15,485,0.9815425872802734,0.9043037295341492,0.14816243946552277,,,
15,486,0.9858837127685547,0.9392579197883606,0.09967909008264542,,,
15,487,0.9830818176269531,0.8972190022468567,0.1717657744884491,,,
15,488,0.983306884765625,0.9049067497253418,0.15838290750980377,,,
15,489,0.9831066131591797,0.8287360668182373,0.3105178773403168,,,
15,490,0.9834308624267578,0.9213351607322693,0.12330083549022675,,,
15,491,0.9724922180175781,0.871258020401001,0.17230144143104553,,,
15,492,0.9786586761474609,0.8925343751907349,0.1574476957321167,,,
15,493,0.9837942123413086,0.9218147993087769,0.12506641447544098,,,
15,494,0.9795770645141602,0.8752984404563904,0.19252705574035645,,,
15,495,0.9841461181640625,0.8958683013916016,0.1791018545627594,,,
15,495,,,,0.951298177242279,0.8298937678337097,0.2526434659957886
16,496,0.980799674987793,0.8671071529388428,0.21251362562179565,,,
16,497,0.9830408096313477,0.8993228673934937,0.1659562736749649,,,
16,498,0.9804229736328125,0.8889934420585632,0.17201238870620728,,,
16,499,0.98394775390625,0.8863179087638855,0.1966039538383484,,,
16,500,0.9821376800537109,0.923592209815979,0.11218064278364182,,,
16,501,0.9776029586791992,0.8457582592964172,0.2334524691104889,,,
16,502,0.9868841171264648,0.9009192585945129,0.18926283717155457,,,
16,503,0.9848442077636719,0.9089695811271667,0.1554410308599472,,,
16,504,0.9848184585571289,0.924866795539856,0.12119248509407043,,,
16,505,0.9813203811645508,0.9313259720802307,0.10074597597122192,,,
16,506,0.9860868453979492,0.9396577477455139,0.0975484624505043,,,
16,507,0.9826755523681641,0.9165916442871094,0.12802618741989136,,,
16,508,0.9838228225708008,0.9292208552360535,0.10782419890165329,,,
16,509,0.9802961349487305,0.9061141014099121,0.13612140715122223,,,
16,510,0.9871044158935547,0.9378052949905396,0.10651254653930664,,,
16,511,0.9812812805175781,0.8903487920761108,0.16911768913269043,,,
16,512,0.9831628799438477,0.8753934502601624,0.20983850955963135,,,
16,513,0.9837427139282227,0.9185628294944763,0.1290905624628067,,,
16,514,0.9827890396118164,0.8835925459861755,0.19063213467597961,,,
16,515,0.9803504943847656,0.8993109464645386,0.1509048342704773,,,
16,516,0.988490104675293,0.9441970586776733,0.10221400856971741,,,
16,517,0.9867630004882812,0.9291518926620483,0.12321022897958755,,,
16,518,0.9827823638916016,0.8962050080299377,0.16556163132190704,,,
16,519,0.9823007583618164,0.9044507741928101,0.14940068125724792,,,
16,520,0.9841489791870117,0.9312704801559448,0.10559900850057602,,,
16,521,0.9814510345458984,0.851058304309845,0.2422337830066681,,,
16,522,0.9805583953857422,0.951183557510376,0.07996094226837158,,,
16,523,0.9844074249267578,0.9138457775115967,0.14040102064609528,,,
16,524,0.9822225570678711,0.873214602470398,0.20402923226356506,,,
16,525,0.9868764877319336,0.9544450640678406,0.07322339713573456,,,
16,526,0.9825032353401184,0.921247661113739,0.1171087846159935,,,
16,526,,,,0.9513494968414307,0.8296145796775818,0.25079023838043213
17,527,0.9860868453979492,0.9305252432823181,0.11284901201725006,,,
17,528,0.9840173721313477,0.9444783329963684,0.08365333080291748,,,
17,529,0.9814319610595703,0.8814489245414734,0.1836397498846054,,,
17,530,0.9807672500610352,0.8396530151367188,0.25574663281440735,,,
17,531,0.9827604293823242,0.8809933066368103,0.19432783126831055,,,
17,532,0.9851503372192383,0.9484913945198059,0.07935544848442078,,,
17,533,0.9851865768432617,0.9186902642250061,0.1331588327884674,,,
17,534,0.985692024230957,0.9197696447372437,0.13421541452407837,,,
17,535,0.9891939163208008,0.9276330471038818,0.14504452049732208,,,
17,536,0.9843654632568359,0.9225781559944153,0.11984698474407196,,,
17,537,0.987757682800293,0.9456735849380493,0.09058400243520737,,,
17,538,0.9844188690185547,0.9265632033348083,0.11236944794654846,,,
17,539,0.9773597717285156,0.8606022000312805,0.20122982561588287,,,
17,540,0.9839773178100586,0.9190051555633545,0.12551401555538177,,,
17,541,0.9783096313476562,0.8997867703437805,0.1384238749742508,,,
17,542,0.9894123077392578,0.9601073861122131,0.06840752810239792,,,
17,543,0.9851455688476562,0.9252938628196716,0.11742176115512848,,,
17,544,0.9826116561889648,0.9392733573913574,0.08745075017213821,,,
17,545,0.9816074371337891,0.8840128183364868,0.17739391326904297,,,
17,546,0.9854564666748047,0.9031389355659485,0.16486407816410065,,,
17,547,0.9843883514404297,0.9147133827209473,0.13487204909324646,,,
17,548,0.9864511489868164,0.9341598153114319,0.10587739944458008,,,
17,549,0.9898853302001953,0.9017171263694763,0.2180650234222412,,,
17,550,0.9822607040405273,0.8988394141197205,0.15909603238105774,,,
17,551,0.9860982894897461,0.9582638740539551,0.06567031145095825,,,
17,552,0.9833822250366211,0.8623976111412048,0.22897085547447205,,,
17,553,0.9805850982666016,0.8778522610664368,0.18335577845573425,,,
17,554,0.9826850891113281,0.9209144115447998,0.1168595403432846,,,
17,555,0.9841136932373047,0.9363591074943542,0.09221159666776657,,,
17,556,0.9681034088134766,0.7787084579467773,0.2849820852279663,,,
17,557,0.9838447570800781,0.8989244103431702,0.15786059200763702,,,
17,557,,,,0.9527553915977478,0.8330065011978149,0.24840259552001953
18,558,0.9825916290283203,0.8779780268669128,0.1919655054807663,,,
18,559,0.9724617004394531,0.908256471157074,0.11546310037374496,,,
18,560,0.9813880920410156,0.7965154647827148,0.3292806148529053,,,
18,561,0.9835834503173828,0.8396490216255188,0.269247829914093,,,
18,562,0.9826946258544922,0.9093995690345764,0.13282327353954315,,,
18,563,0.9851894378662109,0.9265192747116089,0.11284272372722626,,,
18,564,0.9869794845581055,0.9310538172721863,0.11296264827251434,,,
18,565,0.9894514083862305,0.9575388431549072,0.07119285315275192,,,
18,566,0.9803323745727539,0.8276404142379761,0.2611660957336426,,,
18,567,0.9861669540405273,0.9492440223693848,0.07693003118038177,,,
18,568,0.9808492660522461,0.888597309589386,0.16093690693378448,,,
18,569,0.9873790740966797,0.9368013143539429,0.10314865410327911,,,
18,570,0.9815969467163086,0.924701988697052,0.10602651536464691,,,
18,571,0.9800996780395508,0.9013091325759888,0.13868018984794617,,,
18,572,0.9782629013061523,0.8612931966781616,0.20012548565864563,,,
18,573,0.9884481430053711,0.9034243822097778,0.18454450368881226,,,
18,574,0.9779014587402344,0.7895711660385132,0.30890998244285583,,,
18,575,0.9818782806396484,0.880171000957489,0.18138545751571655,,,
18,576,0.9846973419189453,0.9073267579078674,0.1452096402645111,,,
18,577,0.98724365234375,0.9604935646057129,0.06376306712627411,,,
18,578,0.9825677871704102,0.9365213513374329,0.08726318925619125,,,
18,579,0.9870901107788086,0.9407298564910889,0.09351377189159393,,,
18,580,0.9863471984863281,0.8816468119621277,0.20736758410930634,,,
18,581,0.9886159896850586,0.9460688829421997,0.08931323140859604,,,
18,582,0.9851055145263672,0.9448633790016174,0.08051875978708267,,,
18,583,0.9812173843383789,0.9345049858093262,0.089737668633461,,,
18,584,0.9837331771850586,0.9244369268417358,0.1094338595867157,,,
18,585,0.9856510162353516,0.920073926448822,0.1256933957338333,,,
18,586,0.9863405227661133,0.941752016544342,0.08631278574466705,,,
18,587,0.9837322235107422,0.8834835886955261,0.18503469228744507,,,
18,588,0.984656035900116,0.9155551791191101,0.1293552666902542,,,
18,588,,,,0.9531428217887878,0.8357423543930054,0.2408851534128189
19,589,0.9883670806884766,0.9345386624336243,0.11115838587284088,,,
19,590,0.9858198165893555,0.9412299394607544,0.08863404393196106,,,
19,591,0.9792594909667969,0.9127115607261658,0.11821967363357544,,,
19,592,0.9861164093017578,0.9402726888656616,0.08906468749046326,,,
19,593,0.9850902557373047,0.9106679558753967,0.1400040239095688,,,
19,594,0.9831314086914062,0.901529848575592,0.14736884832382202,,,
19,595,0.9860754013061523,0.9074087142944336,0.15223878622055054,,,
19,596,0.9840564727783203,0.8973013758659363,0.15723656117916107,,,
19,597,0.985783576965332,0.922707200050354,0.12041369080543518,,,
19,598,0.9842767715454102,0.9434344172477722,0.0800420418381691,,,
19,599,0.9779987335205078,0.7897183299064636,0.3018609881401062,,,
19,600,0.9861059188842773,0.9463959336280823,0.07897478342056274,,,
19,601,0.9757404327392578,0.7691630721092224,0.318280428647995,,,
19,602,0.9883518218994141,0.9517162442207336,0.07439707219600677,,,
19,603,0.986353874206543,0.9358924627304077,0.09653092920780182,,,
19,604,0.9807004928588867,0.8344377875328064,0.24906660616397858,,,
19,605,0.9828596115112305,0.9237543940544128,0.10687069594860077,,,
19,606,0.9861154556274414,0.925613522529602,0.11185818165540695,,,
19,607,0.9850587844848633,0.9301936030387878,0.10163778066635132,,,
19,608,0.9845094680786133,0.9191339612007141,0.11843820661306381,,,
19,609,0.9805212020874023,0.8992313742637634,0.13765326142311096,,,
19,610,0.985687255859375,0.9310883283615112,0.1023455485701561,,,
19,611,0.9828939437866211,0.9257392883300781,0.10277046263217926,,,
19,612,0.9822912216186523,0.903741180896759,0.13913966715335846,,,
19,613,0.9811372756958008,0.8740736246109009,0.185679093003273,,,
19,614,0.9865913391113281,0.8936218619346619,0.18106219172477722,,,
19,615,0.9825296401977539,0.9101639986038208,0.12582814693450928,,,
19,616,0.9780521392822266,0.8668510317802429,0.1816866099834442,,,
19,617,0.9866180419921875,0.9455581903457642,0.0782516747713089,,,
19,618,0.9788570404052734,0.8875874876976013,0.15094073116779327,,,
19,619,0.9826838374137878,0.94908207654953,0.07286537438631058,,,
19,619,,,,0.9540765285491943,0.8395596146583557,0.23787648975849152
20,620,0.9876031875610352,0.9606249332427979,0.060491617769002914,,,
20,621,0.9880266189575195,0.9506765007972717,0.07346920669078827,,,
20,622,0.9842147827148438,0.9280844926834106,0.10079268366098404,,,
20,623,0.9869451522827148,0.9521087408065796,0.06991877406835556,,,
20,624,0.9852781295776367,0.938446044921875,0.08776040375232697,,,
20,625,0.9838676452636719,0.9300734400749207,0.09762753546237946,,,
20,626,0.9799108505249023,0.8598338961601257,0.19811469316482544,,,
20,627,0.9818391799926758,0.8904819488525391,0.1568937599658966,,,
20,628,0.9824762344360352,0.9032747149467468,0.1364479511976242,,,
20,629,0.9827985763549805,0.9363167881965637,0.08371853828430176,,,
20,630,0.9821796417236328,0.9138631820678711,0.11673089116811752,,,
20,631,0.9824295043945312,0.9025123119354248,0.1367136836051941,,,
20,632,0.9897212982177734,0.9167773127555847,0.15736795961856842,,,
20,633,0.9810237884521484,0.9100456237792969,0.12197097390890121,,,
20,634,0.9650774002075195,0.6904852390289307,0.3804689645767212,,,
20,635,0.9838399887084961,0.9454942941665649,0.07403278350830078,,,
20,636,0.9810609817504883,0.8592767715454102,0.20175230503082275,,,
20,637,0.985957145690918,0.9377420544624329,0.08918201178312302,,,
20,638,0.9870948791503906,0.9142806529998779,0.13871856033802032,,,
20,639,0.985377311706543,0.8983114957809448,0.15850326418876648,,,
20,640,0.9829750061035156,0.9173805117607117,0.11172223836183548,,,
20,641,0.9798431396484375,0.8745660185813904,0.17235805094242096,,,
20,642,0.9857463836669922,0.8998216986656189,0.15532803535461426,,,
20,643,0.9874858856201172,0.9323301315307617,0.10580461472272873,,,
20,644,0.9820337295532227,0.9359180927276611,0.0865914449095726,,,
20,645,0.9860363006591797,0.864483654499054,0.22730278968811035,,,
20,646,0.9798526763916016,0.8731399774551392,0.17481787502765656,,,
20,647,0.9826688766479492,0.893782913684845,0.15541575849056244,,,
20,648,0.9850673675537109,0.9126739501953125,0.12903155386447906,,,
20,649,0.9829921722412109,0.9211017489433289,0.1106860563158989,,,
20,650,0.9848492741584778,0.9247068166732788,0.10695613920688629,,,
20,650,,,,0.9529851078987122,0.8326948285102844,0.24094878137111664
21,651,0.9843559265136719,0.8973852396011353,0.1535148024559021,,,
21,652,0.9873008728027344,0.9041897058486938,0.15910661220550537,,,
21,653,0.9855260848999023,0.9276920557022095,0.10472957044839859,,,
21,654,0.9884605407714844,0.9588930606842041,0.0625271424651146,,,
21,655,0.9854660034179688,0.9123417735099792,0.13071252405643463,,,
21,656,0.9894886016845703,0.9585320949554443,0.06363902240991592,,,
21,657,0.9839305877685547,0.8889452815055847,0.1644763946533203,,,
21,658,0.9878501892089844,0.948929488658905,0.07517984509468079,,,
21,659,0.9841737747192383,0.9433259963989258,0.07663369178771973,,,
21,660,0.9865331649780273,0.9423235058784485,0.0815272405743599,,,
21,661,0.9841585159301758,0.9049273133277893,0.13777528703212738,,,
21,662,0.9809646606445312,0.8544213175773621,0.20584267377853394,,,
21,663,0.9877700805664062,0.9398978352546692,0.09111062437295914,,,
21,664,0.9830341339111328,0.9356895685195923,0.08685784041881561,,,
21,665,0.9850683212280273,0.9098041653633118,0.13217303156852722,,,
21,666,0.9818153381347656,0.9060596823692322,0.127030149102211,,,
21,667,0.9857368469238281,0.9450419545173645,0.07536117732524872,,,
21,668,0.9844255447387695,0.864288330078125,0.20917080342769623,,,
21,669,0.9812850952148438,0.9377166032791138,0.08121798932552338,,,
21,670,0.9821968078613281,0.8967928886413574,0.14310500025749207,,,
21,671,0.9834814071655273,0.9211570620536804,0.1078302264213562,,,
21,672,0.9876470565795898,0.9103307127952576,0.14862559735774994,,,
21,673,0.986628532409668,0.9391932487487793,0.08730195462703705,,,
21,674,0.9739818572998047,0.8278933763504028,0.21925252676010132,,,
21,675,0.9852886199951172,0.9053062200546265,0.14184264838695526,,,
21,676,0.9823312759399414,0.8384996056556702,0.2373214215040207,,,
21,677,0.98541259765625,0.9103158116340637,0.1328464150428772,,,
21,678,0.987605094909668,0.9435541033744812,0.08143686503171921,,,
21,679,0.9875831604003906,0.9520948529243469,0.06786081939935684,,,
21,680,0.98577880859375,0.924852728843689,0.10840827226638794,,,
21,681,0.9823277592658997,0.87657630443573,0.17581459879875183,,,
21,681,,,,0.9537917375564575,0.8363569378852844,0.23907774686813354
22,682,0.9839916229248047,0.925712525844574,0.10133079439401627,,,
22,683,0.9898662567138672,0.9264402389526367,0.1294526606798172,,,
22,684,0.9838113784790039,0.9322952628135681,0.09108816832304001,,,
22,685,0.9831104278564453,0.9340282082557678,0.086358942091465,,,
22,686,0.9841384887695312,0.8854024410247803,0.16939309239387512,,,
22,687,0.9895954132080078,0.9639264941215515,0.05463743582367897,,,
22,688,0.9847593307495117,0.9442337155342102,0.07635655254125595,,,
22,689,0.9850692749023438,0.920525074005127,0.11452056467533112,,,
22,690,0.9841480255126953,0.930573582649231,0.0945655107498169,,,
22,691,0.9838314056396484,0.8876377940177917,0.16197364032268524,,,
22,692,0.9874954223632812,0.939673900604248,0.08785273134708405,,,
22,693,0.985997200012207,0.953021764755249,0.06520812213420868,,,
22,694,0.9870014190673828,0.9204152822494507,0.12051892280578613,,,
22,695,0.9887895584106445,0.8932440876960754,0.18452328443527222,,,
22,696,0.9842510223388672,0.8486259579658508,0.23382693529129028,,,
22,697,0.9790706634521484,0.903927206993103,0.12225650995969772,,,
22,698,0.9754314422607422,0.7970249652862549,0.27324604988098145,,,
22,699,0.9879837036132812,0.9296517968177795,0.10703067481517792,,,
22,700,0.9894142150878906,0.9297361373901367,0.11640963703393936,,,
22,701,0.9827957153320312,0.8725061416625977,0.1815202683210373,,,
22,702,0.9869956970214844,0.935154378414154,0.09469827264547348,,,
22,703,0.9896831512451172,0.9631677269935608,0.05541436746716499,,,
22,704,0.9847908020019531,0.9127814173698425,0.1216866672039032,,,
22,705,0.9889602661132812,0.9510443806648254,0.07103752344846725,,,
22,706,0.9837646484375,0.9286671876907349,0.09551163762807846,,,
22,707,0.9843034744262695,0.9358953237533569,0.08546417206525803,,,
22,708,0.98358154296875,0.8998464345932007,0.13864262402057648,,,
22,709,0.9859514236450195,0.9164250493049622,0.12151626497507095,,,
22,710,0.9838895797729492,0.9140598177909851,0.11895256489515305,,,
22,711,0.9764976501464844,0.9005957841873169,0.11980397999286652,,,
22,712,0.9859962463378906,0.8732856512069702,0.19832350313663483,,,
22,712,,,,0.951425313949585,0.8260306119918823,0.2481008619070053
23,713,0.9877262115478516,0.8783174157142639,0.20294776558876038,,,
23,714,0.9831485748291016,0.9442604184150696,0.0730256587266922,,,
23,715,0.9903154373168945,0.9572483897209167,0.06423527002334595,,,
23,716,0.986842155456543,0.9145929217338562,0.125926673412323,,,
23,717,0.9806976318359375,0.9244400858879089,0.0944218784570694,,,
23,718,0.9786844253540039,0.7386703491210938,0.3576338589191437,,,
23,719,0.9869136810302734,0.919019877910614,0.11910171806812286,,,
23,720,0.9835958480834961,0.9341918230056763,0.08603818714618683,,,
23,721,0.9832906723022461,0.9359186291694641,0.08303075283765793,,,
23,722,0.9840183258056641,0.8936236500740051,0.15235471725463867,,,
23,723,0.9837541580200195,0.9241138696670532,0.09957395493984222,,,
23,724,0.9853572845458984,0.9186926484107971,0.11626067012548447,,,
23,725,0.9812679290771484,0.8223472237586975,0.25192663073539734,,,
23,726,0.9873476028442383,0.9531378746032715,0.06492070108652115,,,
23,727,0.9858875274658203,0.9451406002044678,0.07363908737897873,,,
23,728,0.9863367080688477,0.9284355044364929,0.10145992785692215,,,
23,729,0.9785909652709961,0.9080836772918701,0.11399300396442413,,,
23,730,0.9854316711425781,0.9300517439842224,0.0953773483633995,,,
23,731,0.9837369918823242,0.9522636532783508,0.06658414751291275,,,
23,732,0.9867496490478516,0.9489012956619263,0.0694478303194046,,,
23,733,0.9799947738647461,0.8339967727661133,0.2243867665529251,,,
23,734,0.9864902496337891,0.9015969634056091,0.1482737511396408,,,
23,735,0.9876489639282227,0.9155080914497375,0.13040770590305328,,,
23,736,0.9842948913574219,0.8868979215621948,0.16260580718517303,,,
23,737,0.9854364395141602,0.9422869086265564,0.0766340121626854,,,
23,738,0.9788293838500977,0.7838840484619141,0.29239487648010254,,,
23,739,0.9887447357177734,0.9311583638191223,0.10558740049600601,,,
23,740,0.9884147644042969,0.9455398321151733,0.0777057483792305,,,
23,741,0.9859790802001953,0.9143669009208679,0.12322010844945908,,,
23,742,0.9873723983764648,0.9440193176269531,0.07807981967926025,,,
23,743,0.9876849055290222,0.9133961200714111,0.13313816487789154,,,
23,743,,,,0.9531809687614441,0.8350498676300049,0.2371235489845276
24,744,0.9888544082641602,0.9555758833885193,0.0632047951221466,,,
24,745,0.9848556518554688,0.9062358140945435,0.13001228868961334,,,
24,746,0.986546516418457,0.8955756425857544,0.15769453346729279,,,
24,747,0.9862604141235352,0.9115885496139526,0.12902851402759552,,,
24,748,0.9886207580566406,0.8784322142601013,0.20467858016490936,,,
24,749,0.9878454208374023,0.9538144469261169,0.06349130719900131,,,
24,750,0.9852418899536133,0.9436662197113037,0.07446503639221191,,,
24,751,0.9771442413330078,0.8747681379318237,0.15841299295425415,,,
24,752,0.9871559143066406,0.9015439748764038,0.148076593875885,,,
24,753,0.9840917587280273,0.8930245637893677,0.15019537508487701,,,
24,754,0.9813661575317383,0.8227707147598267,0.24848559498786926,,,
24,755,0.9874515533447266,0.9394237995147705,0.08416561782360077,,,
24,756,0.9851751327514648,0.9375461935997009,0.08292421698570251,,,
24,757,0.9847373962402344,0.8959725499153137,0.14531992375850677,,,
24,758,0.986241340637207,0.9436075091362,0.07484538108110428,,,
24,759,0.9866361618041992,0.8884785771369934,0.16867433488368988,,,
24,760,0.9839048385620117,0.9248615503311157,0.1004486083984375,,,
24,761,0.9854202270507812,0.9364274144172668,0.08437945693731308,,,
24,762,0.9892473220825195,0.9631545543670654,0.05316464602947235,,,
24,763,0.9882898330688477,0.9336822032928467,0.09855666011571884,,,
24,764,0.9872856140136719,0.9618173837661743,0.05500880256295204,,,
24,765,0.9866647720336914,0.8912793397903442,0.16226255893707275,,,
24,766,0.9850139617919922,0.8945164084434509,0.1509532928466797,,,
24,767,0.984583854675293,0.8832143545150757,0.16521118581295013,,,
24,768,0.9860124588012695,0.9406148791313171,0.07915709912776947,,,
24,769,0.9876289367675781,0.9316810369491577,0.09620761126279831,,,
24,770,0.9833545684814453,0.8389019966125488,0.22961483895778656,,,
24,771,0.9854211807250977,0.9338399767875671,0.08810572326183319,,,
24,772,0.9867868423461914,0.9360628128051758,0.08844157308340073,,,
24,773,0.9854593276977539,0.9545158743858337,0.06124294176697731,,,
24,774,0.987311065196991,0.9540127515792847,0.061744749546051025,,,
24,774,,,,0.9544321894645691,0.8387237787246704,0.2323736548423767
25,775,0.9781150817871094,0.8340600728988647,0.21934841573238373,,,
25,776,0.9889755249023438,0.9508495330810547,0.06891336292028427,,,
25,777,0.9888496398925781,0.9682702422142029,0.04955574870109558,,,
25,778,0.9843368530273438,0.8691064715385437,0.18590034544467926,,,
25,779,0.9880714416503906,0.9360162019729614,0.09022093564271927,,,
25,780,0.9847984313964844,0.9496984481811523,0.06652515381574631,,,
25,781,0.988896369934082,0.9542322158813477,0.06385284662246704,,,
25,782,0.9910449981689453,0.9597593545913696,0.06052841246128082,,,
25,783,0.986964225769043,0.9481205344200134,0.0701841190457344,,,
25,784,0.9863567352294922,0.9390730857849121,0.0817817971110344,,,
25,785,0.985896110534668,0.913830578327179,0.12074333429336548,,,
25,786,0.9870738983154297,0.9482039213180542,0.06775444746017456,,,
25,787,0.9869747161865234,0.9247791767120361,0.10566408932209015,,,
25,788,0.9870977401733398,0.9148889183998108,0.12359543889760971,,,
25,789,0.9846210479736328,0.873928964138031,0.18000055849552155,,,
25,790,0.984074592590332,0.8518725633621216,0.211659237742424,,,
25,791,0.9863128662109375,0.9495013952255249,0.06731202453374863,,,
25,792,0.9816122055053711,0.8482683300971985,0.2062595933675766,,,
25,793,0.9822177886962891,0.8745449781417847,0.16651830077171326,,,
25,794,0.9824542999267578,0.8809753060340881,0.1567426323890686,,,
25,795,0.9872169494628906,0.9256048202514648,0.1036536917090416,,,
25,796,0.9914741516113281,0.9246116876602173,0.13296395540237427,,,
25,797,0.9856300354003906,0.9300477504730225,0.09339992702007294,,,
25,798,0.9898881912231445,0.9374140501022339,0.09571466594934464,,,
25,799,0.9792919158935547,0.9346466064453125,0.08102194219827652,,,
25,800,0.9856595993041992,0.9120550751686096,0.12138024717569351,,,
25,801,0.9827470779418945,0.9024118185043335,0.12711167335510254,,,
25,802,0.9829626083374023,0.878923237323761,0.1618761420249939,,,
25,803,0.9877653121948242,0.9228687882423401,0.10993620753288269,,,
25,804,0.9851417541503906,0.9425677061080933,0.07378294318914413,,,
25,805,0.9878895878791809,0.9452841877937317,0.07556674629449844,,,
25,805,,,,0.9497761130332947,0.8187362551689148,0.25109606981277466
26,806,0.9860019683837891,0.9141923189163208,0.1188475489616394,,,
26,807,0.989008903503418,0.9176609516143799,0.12458666414022446,,,
26,808,0.9878730773925781,0.9500357508659363,0.06633096188306808,,,
26,809,0.9815053939819336,0.8776621222496033,0.1587788164615631,,,
26,810,0.9841938018798828,0.933318555355072,0.08590931445360184,,,
26,811,0.9858293533325195,0.9162269234657288,0.11274324357509613,,,
26,812,0.9840936660766602,0.9095866680145264,0.11826606094837189,,,
26,813,0.988804817199707,0.9388622641563416,0.08860579878091812,,,
26,814,0.9853391647338867,0.9331597089767456,0.08671197295188904,,,
26,815,0.9819097518920898,0.8335176706314087,0.22834566235542297,,,
26,816,0.9847593307495117,0.8831858038902283,0.1621856689453125,,,
26,817,0.9856338500976562,0.9233965277671814,0.10132434964179993,,,
26,818,0.9914064407348633,0.9671784043312073,0.0469878651201725,,,
26,819,0.9815492630004883,0.7896722555160522,0.294931560754776,,,
26,820,0.9814338684082031,0.9169350862503052,0.1023968756198883,,,
26,821,0.9868631362915039,0.921059250831604,0.1092144176363945,,,
26,822,0.9863119125366211,0.9088541865348816,0.12564659118652344,,,
26,823,0.9858951568603516,0.9533751606941223,0.0611332505941391,,,
26,824,0.9853477478027344,0.9367127418518066,0.08307985216379166,,,
26,825,0.9873075485229492,0.9593525528907776,0.05520878732204437,,,
26,826,0.9895210266113281,0.9348503947257996,0.09831348061561584,,,
26,827,0.9867181777954102,0.9130817651748657,0.12437334656715393,,,
26,828,0.9888401031494141,0.9376129508018494,0.08855919539928436,,,
26,829,0.9906997680664062,0.9611390233039856,0.0552852638065815,,,
26,830,0.9831991195678711,0.9292430281639099,0.08866015821695328,,,
26,831,0.9896535873413086,0.9216271042823792,0.12332877516746521,,,
26,832,0.9856958389282227,0.9184340238571167,0.10797813534736633,,,
26,833,0.9888572692871094,0.9544257521629333,0.062049247324466705,,,
26,834,0.9836492538452148,0.896217942237854,0.13825348019599915,,,
26,835,0.9835109710693359,0.9447224140167236,0.06971154361963272,,,
26,836,0.9815075993537903,0.9039337038993835,0.12394700944423676,,,
26,836,,,,0.9541791081428528,0.8378856182098389,0.23461386561393738
27,837,0.9804468154907227,0.9228682518005371,0.0936727449297905,,,
27,838,0.9872283935546875,0.9557194113731384,0.05795010179281235,,,
27,839,0.9871234893798828,0.9324508309364319,0.09309448301792145,,,
27,840,0.992131233215332,0.9653664231300354,0.052220020443201065,,,
27,841,0.9857931137084961,0.937900960445404,0.0808008685708046,,,
27,842,0.9855947494506836,0.9127634763717651,0.11795571446418762,,,
27,843,0.9876575469970703,0.9171563386917114,0.12103726714849472,,,
27,844,0.9889411926269531,0.9281759262084961,0.10668564587831497,,,
27,845,0.986760139465332,0.9032921195030212,0.13866284489631653,,,
27,846,0.9842138290405273,0.9199529886245728,0.10172402858734131,,,
27,847,0.9851226806640625,0.9026332497596741,0.13205979764461517,,,
27,848,0.9843196868896484,0.9323190450668335,0.08504797518253326,,,
27,849,0.9891939163208008,0.9391431212425232,0.08635232597589493,,,
27,850,0.9882898330688477,0.9485814571380615,0.06847350299358368,,,
27,851,0.9896726608276367,0.954833984375,0.06201182305812836,,,
27,852,0.9863882064819336,0.9004325270652771,0.13932432234287262,,,
27,853,0.9857492446899414,0.909736156463623,0.12297747284173965,,,
27,854,0.985722541809082,0.9252186417579651,0.09831482917070389,,,
27,855,0.9863595962524414,0.9169415235519409,0.11308883875608444,,,
27,856,0.9831275939941406,0.9487672448158264,0.06586526334285736,,,
27,857,0.9869823455810547,0.9264039993286133,0.09984372556209564,,,
27,858,0.9892778396606445,0.9496087431907654,0.06945758312940598,,,
27,859,0.9882659912109375,0.9247397184371948,0.10769955813884735,,,
27,860,0.989501953125,0.9361281394958496,0.09192878752946854,,,
27,861,0.9810514450073242,0.8464967608451843,0.1995677947998047,,,
27,862,0.9860916137695312,0.9115912318229675,0.11854492872953415,,,
27,863,0.9862642288208008,0.9228845834732056,0.10398414731025696,,,
27,864,0.983607292175293,0.9108718037605286,0.11559929698705673,,,
27,865,0.9874601364135742,0.902450442314148,0.1409054696559906,,,
27,866,0.9860925674438477,0.9540471434593201,0.05957946926355362,,,
27,867,0.9849624633789062,0.9268043637275696,0.09182743728160858,,,
27,867,,,,0.9522145390510559,0.8299488425254822,0.2426610291004181
28,868,0.9897594451904297,0.9355214238166809,0.09514529258012772,,,
28,869,0.9810285568237305,0.7893003225326538,0.2898547649383545,,,
28,870,0.9862632751464844,0.9281531572341919,0.09584592282772064,,,
28,871,0.9861297607421875,0.931382954120636,0.08770141005516052,,,
28,872,0.9884014129638672,0.8878095746040344,0.17205680906772614,,,
28,873,0.985621452331543,0.9566991925239563,0.059227753430604935,,,
28,874,0.985163688659668,0.9146073460578918,0.11285234987735748,,,
28,875,0.9875650405883789,0.9630951285362244,0.053782958537340164,,,
28,876,0.98651123046875,0.9582962393760681,0.0565454438328743,,,
28,877,0.983433723449707,0.8873768448829651,0.14577338099479675,,,
28,878,0.983917236328125,0.9218608140945435,0.0970844253897667,,,
28,879,0.9905424118041992,0.9613562226295471,0.0543491430580616,,,
28,880,0.9903726577758789,0.8959643244743347,0.17703865468502045,,,
28,881,0.9861621856689453,0.8952807784080505,0.14406615495681763,,,
28,882,0.9841508865356445,0.9348052144050598,0.07967997342348099,,,
28,883,0.9843864440917969,0.9151274561882019,0.10807903856039047,,,
28,884,0.987727165222168,0.9427151083946228,0.07513654232025146,,,
28,885,0.9871358871459961,0.891276478767395,0.15323153138160706,,,
28,886,0.9842500686645508,0.879744827747345,0.15907220542430878,,,
28,887,0.9822874069213867,0.8938261270523071,0.13429173827171326,,,
28,888,0.9893693923950195,0.9608905911445618,0.05179794505238533,,,
28,889,0.9857826232910156,0.953144371509552,0.059232939034700394,,,
28,890,0.9878501892089844,0.8857019543647766,0.17170661687850952,,,
28,891,0.9857025146484375,0.8901475667953491,0.14924123883247375,,,
28,892,0.9857854843139648,0.9446402788162231,0.06982738524675369,,,
28,893,0.9901695251464844,0.8542647361755371,0.2453201562166214,,,
28,894,0.9862880706787109,0.9308097958564758,0.08927270770072937,,,
28,895,0.9900531768798828,0.9690654277801514,0.04384583607316017,,,
28,896,0.9846267700195312,0.869966447353363,0.17580868303775787,,,
28,897,0.9784078598022461,0.91676926612854,0.09728468209505081,,,
28,898,0.9880765080451965,0.9324185252189636,0.09180569648742676,,,
28,898,,,,0.95317542552948,0.8329214453697205,0.24021774530410767
29,899,0.9887466430664062,0.9121389985084534,0.1273084580898285,,,
29,900,0.9878654479980469,0.9286094903945923,0.09605386108160019,,,
29,901,0.9819555282592773,0.940015971660614,0.0737929418683052,,,
29,902,0.9865884780883789,0.9627508521080017,0.05186869576573372,,,
29,903,0.986236572265625,0.8973140120506287,0.1410151869058609,,,
29,904,0.9853229522705078,0.8737272024154663,0.17360205948352814,,,
29,905,0.9870052337646484,0.8985783457756042,0.141714945435524,,,
29,906,0.9858627319335938,0.9557947516441345,0.05775710195302963,,,
29,907,0.9874267578125,0.9609484672546387,0.05219148099422455,,,
29,908,0.984919548034668,0.8395221829414368,0.22091561555862427,,,
29,909,0.9872903823852539,0.88266521692276,0.16763709485530853,,,
29,910,0.9884681701660156,0.9527327418327332,0.06179254129528999,,,
29,911,0.9868192672729492,0.9333323836326599,0.08746737241744995,,,
29,912,0.9862146377563477,0.9314990639686584,0.08802071213722229,,,
29,913,0.9819879531860352,0.7913707494735718,0.2737601399421692,,,
29,914,0.9868621826171875,0.917112410068512,0.1112627238035202,,,
29,915,0.98382568359375,0.864971399307251,0.17815187573432922,,,
29,916,0.9878139495849609,0.9492489695549011,0.06474139541387558,,,
29,917,0.9848861694335938,0.8670414090156555,0.17848560214042664,,,
29,918,0.9861812591552734,0.9401704668998718,0.07472272217273712,,,
29,919,0.9867753982543945,0.9126884341239929,0.11769162118434906,,,
29,920,0.989771842956543,0.9636130928993225,0.049222223460674286,,,
29,921,0.9857959747314453,0.9356474876403809,0.07924681156873703,,,
29,922,0.9872255325317383,0.8994844555854797,0.1385871320962906,,,
29,923,0.9804487228393555,0.8171284198760986,0.23263423144817352,,,
29,924,0.9866361618041992,0.9535568952560425,0.05879349634051323,,,
29,925,0.9862794876098633,0.9056336283683777,0.1254369169473648,,,
29,926,0.9889698028564453,0.9588086605072021,0.05316111445426941,,,
29,927,0.9900302886962891,0.9471208453178406,0.07178011536598206,,,
29,928,0.9889078140258789,0.9533747434616089,0.06119386479258537,,,
29,929,0.9893519282341003,0.9498163461685181,0.06681333482265472,,,
29,929,,,,0.9525133967399597,0.8309520483016968,0.23839467763900757
30,930,0.9862880706787109,0.9075060486793518,0.12477589398622513,,,
30,931,0.9890232086181641,0.9361619353294373,0.0874568447470665,,,
30,932,0.9906864166259766,0.9562889933586121,0.05890550836920738,,,
30,933,0.9851846694946289,0.9335963726043701,0.08192387223243713,,,
30,934,0.9833793640136719,0.9274929761886597,0.0856795683503151,,,
30,935,0.9830894470214844,0.9437627196311951,0.06957081705331802,,,
30,936,0.9861297607421875,0.9403675198554993,0.07398011535406113,,,
30,937,0.9866580963134766,0.9248878955841064,0.09826697409152985,,,
30,938,0.9879016876220703,0.9614951610565186,0.050545770674943924,,,
30,939,0.9879465103149414,0.9062889218330383,0.1309598982334137,,,
30,940,0.9883460998535156,0.9443368911743164,0.07251685112714767,,,
30,941,0.9869327545166016,0.938384473323822,0.07802329957485199,,,
30,942,0.9906167984008789,0.9467237591743469,0.07421958446502686,,,
30,943,0.9861602783203125,0.9152752161026001,0.11135857552289963,,,
30,944,0.9839963912963867,0.9406450986862183,0.07266398519277573,,,
30,945,0.9863147735595703,0.9228071570396423,0.09850674122571945,,,
30,946,0.9884862899780273,0.9106656312942505,0.12592995166778564,,,
30,947,0.9861326217651367,0.8104097843170166,0.2723444402217865,,,
30,948,0.9864263534545898,0.9112218618392944,0.11653056740760803,,,
30,949,0.9838991165161133,0.8716999888420105,0.16465942561626434,,,
30,950,0.9836463928222656,0.8597793579101562,0.1830543726682663,,,
30,951,0.989995002746582,0.9545722007751465,0.05948968604207039,,,
30,952,0.9885826110839844,0.9466471672058105,0.07089481502771378,,,
30,953,0.9841070175170898,0.9035400748252869,0.12231676280498505,,,
30,954,0.9870185852050781,0.9424809217453003,0.07304394990205765,,,
30,955,0.9847431182861328,0.905901312828064,0.12086830288171768,,,
30,956,0.989837646484375,0.9621358513832092,0.05043792352080345,,,
30,957,0.9891233444213867,0.9118304252624512,0.1254090815782547,,,
30,958,0.9860601425170898,0.9285703897476196,0.08844747394323349,,,
30,959,0.98895263671875,0.9590104818344116,0.05343203991651535,,,
30,960,0.9880244135856628,0.9388203024864197,0.0795208141207695,,,
30,960,,,,0.9518258571624756,0.8315593600273132,0.2311534285545349
31,961,0.9897632598876953,0.9395778179168701,0.08428671956062317,,,
31,962,0.9909248352050781,0.9497600197792053,0.06930510699748993,,,
31,963,0.9854660034179688,0.9443612694740295,0.06886898726224899,,,
31,964,0.9874887466430664,0.9454327821731567,0.06946461647748947,,,
31,965,0.9863862991333008,0.9408204555511475,0.07353523373603821,,,
31,966,0.9896650314331055,0.9145636558532715,0.1238362267613411,,,
31,967,0.9884529113769531,0.9435563683509827,0.07221799343824387,,,
31,968,0.9862451553344727,0.9193615317344666,0.10326407849788666,,,
31,969,0.9836997985839844,0.8977310657501221,0.13006414473056793,,,
31,970,0.9907636642456055,0.9418321847915649,0.08254358917474747,,,
31,971,0.9856777191162109,0.9530495405197144,0.05880754068493843,,,
31,972,0.9833536148071289,0.8580189943313599,0.1816442459821701,,,
31,973,0.9883213043212891,0.9420697093009949,0.07431797683238983,,,
31,974,0.9844427108764648,0.9482923150062561,0.064003586769104,,,
31,975,0.9866552352905273,0.8632708191871643,0.19085045158863068,,,
31,976,0.9879884719848633,0.9495726227760315,0.06447502225637436,,,
31,977,0.9877786636352539,0.9413350820541382,0.07549837976694107,,,
31,978,0.9894256591796875,0.9428038001060486,0.07675327360630035,,,
31,979,0.98455810546875,0.9275503158569336,0.08958686143159866,,,
31,980,0.9863853454589844,0.914660632610321,0.1113114282488823,,,
31,981,0.9886951446533203,0.8819663524627686,0.17310257256031036,,,
31,982,0.9922895431518555,0.9416493773460388,0.09177639335393906,,,
31,983,0.9878997802734375,0.9486047625541687,0.06466139107942581,,,
31,984,0.987574577331543,0.9448022246360779,0.0684853345155716,,,
31,985,0.9853296279907227,0.9352379441261292,0.07808104902505875,,,
31,986,0.9884843826293945,0.9254316687583923,0.09851682186126709,,,
31,987,0.9861764907836914,0.8572877049446106,0.19326776266098022,,,
31,988,0.9873151779174805,0.9364339709281921,0.08141522854566574,,,
31,989,0.9889926910400391,0.9600690603256226,0.05219828337430954,,,
31,990,0.9814014434814453,0.9261858463287354,0.08631648123264313,,,
31,991,0.9846217036247253,0.9167246222496033,0.1017414778470993,,,
31,991,,,,0.9524362087249756,0.8337303996086121,0.23065298795700073
32,992,0.9854860305786133,0.8723034858703613,0.16722917556762695,,,
32,993,0.9886159896850586,0.942064642906189,0.07533743977546692,,,
32,994,0.9885377883911133,0.9248756170272827,0.10059512406587601,,,
32,995,0.9846086502075195,0.8958404660224915,0.1346655786037445,,,
32,996,0.988032341003418,0.9353134036064148,0.08263877779245377,,,
32,997,0.9905757904052734,0.9705578088760376,0.040600139647722244,,,
32,998,0.9877080917358398,0.932464599609375,0.08842083066701889,,,
32,999,0.989990234375,0.9667342901229858,0.04482809826731682,,,
32,1000,0.9806718826293945,0.8125872611999512,0.23011459410190582,,,
32,1001,0.9834928512573242,0.9015219211578369,0.12025321274995804,,,
32,1002,0.9826107025146484,0.8346946835517883,0.2074386328458786,,,
32,1003,0.9911880493164062,0.9460822343826294,0.07716462016105652,,,
32,1004,0.9871673583984375,0.9294843673706055,0.08923045545816422,,,
32,1005,0.9875917434692383,0.9491555094718933,0.06255199015140533,,,
32,1006,0.9836359024047852,0.8153457045555115,0.2408820539712906,,,
32,1007,0.9876165390014648,0.8983672857284546,0.1380143016576767,,,
32,1008,0.986546516418457,0.9194925427436829,0.10412565618753433,,,
32,1009,0.9864158630371094,0.935587465763092,0.07769838720560074,,,
32,1010,0.9888210296630859,0.9574463367462158,0.05350176617503166,,,
32,1011,0.9899053573608398,0.9474536180496216,0.0692749097943306,,,
32,1012,0.9894266128540039,0.9555146098136902,0.056789446622133255,,,
32,1013,0.9883050918579102,0.9263315200805664,0.0959000512957573,,,
32,1014,0.9854555130004883,0.9471771717071533,0.06417103856801987,,,
32,1015,0.9861898422241211,0.9230597615242004,0.09512657672166824,,,
32,1016,0.9911489486694336,0.9685319662094116,0.04115384817123413,,,
32,1017,0.9850263595581055,0.9241156578063965,0.09400642663240433,,,
32,1018,0.9839305877685547,0.897555947303772,0.12810742855072021,,,
32,1019,0.9866762161254883,0.9578759074211121,0.05305386707186699,,,
32,1020,0.9860744476318359,0.9303000569343567,0.08479043841362,,,
32,1021,0.9875850677490234,0.9136502742767334,0.11395948380231857,,,
32,1022,0.9873936772346497,0.9484330415725708,0.06362109631299973,,,
32,1022,,,,0.9533271789550781,0.8349456787109375,0.2306642234325409
33,1023,0.9848136901855469,0.9479230046272278,0.06368406862020493,,,
33,1024,0.9869632720947266,0.9373628497123718,0.07823441922664642,,,
33,1025,0.9892377853393555,0.9425252079963684,0.07408081740140915,,,
33,1026,0.9841747283935547,0.9594129920005798,0.055314287543296814,,,
33,1027,0.9836139678955078,0.8957453370094299,0.12838031351566315,,,
33,1028,0.9880599975585938,0.9424219727516174,0.07312555611133575,,,
33,1029,0.9851131439208984,0.9256631135940552,0.09080043435096741,,,
33,1030,0.9899301528930664,0.9143494367599487,0.1220855787396431,,,
33,1031,0.9874725341796875,0.9433800578117371,0.07095439732074738,,,
33,1032,0.9843816757202148,0.9072597622871399,0.11558178067207336,,,
33,1033,0.9882173538208008,0.9407126903533936,0.0757097452878952,,,
33,1034,0.9907636642456055,0.9517441391944885,0.06413721293210983,,,
33,1035,0.9820985794067383,0.8780890107154846,0.15105362236499786,,,
33,1036,0.9871730804443359,0.9150272011756897,0.11052067577838898,,,
33,1037,0.9874210357666016,0.9355447292327881,0.08177405595779419,,,
33,1038,0.9906139373779297,0.9481150507926941,0.07017318904399872,,,
33,1039,0.9892301559448242,0.9483826160430908,0.06689237058162689,,,
33,1040,0.9879264831542969,0.9215360879898071,0.10332848876714706,,,
33,1041,0.9864234924316406,0.8608052730560303,0.18647901713848114,,,
33,1042,0.9918384552001953,0.9704585075378418,0.039479054510593414,,,
33,1043,0.982914924621582,0.8944051861763,0.12820488214492798,,,
33,1044,0.9900979995727539,0.9502250552177429,0.06543247401714325,,,
33,1045,0.9894247055053711,0.9397549629211426,0.07954806089401245,,,
33,1046,0.9902935028076172,0.9660781025886536,0.04365582764148712,,,
33,1047,0.9883222579956055,0.9520769715309143,0.05810046195983887,,,
33,1048,0.9873723983764648,0.877048671245575,0.1659306436777115,,,
33,1049,0.9890356063842773,0.9026090502738953,0.1337357759475708,,,
33,1050,0.9865131378173828,0.9323423504829407,0.08441484719514847,,,
33,1051,0.9863185882568359,0.9422115087509155,0.06999360024929047,,,
33,1052,0.9823875427246094,0.8948830366134644,0.1248525083065033,,,
33,1053,0.988867461681366,0.9028485417366028,0.13398905098438263,,,
33,1053,,,,0.9546144008636475,0.8396543860435486,0.22622664272785187
34,1054,0.9900312423706055,0.947253942489624,0.06833433359861374,,,
34,1055,0.9894018173217773,0.920962393283844,0.10858612507581711,,,
34,1056,0.9875850677490234,0.9545229077339172,0.05472492054104805,,,
34,1057,0.9887199401855469,0.9623219966888428,0.0476570762693882,,,
34,1058,0.980891227722168,0.9015806317329407,0.11527009308338165,,,
34,1059,0.9889745712280273,0.9675995707511902,0.04264603555202484,,,
34,1060,0.9867191314697266,0.948836624622345,0.06124743074178696,,,
34,1061,0.9878273010253906,0.9503085017204285,0.06265886127948761,,,
34,1062,0.9893465042114258,0.9561023116111755,0.055527959018945694,,,
34,1063,0.9868412017822266,0.9470387101173401,0.06482556462287903,,,
34,1064,0.987788200378418,0.9088423848152161,0.11910459399223328,,,
34,1065,0.9864645004272461,0.8609047532081604,0.18657852709293365,,,
34,1066,0.9883823394775391,0.9048860669136047,0.12758927047252655,,,
34,1067,0.9814167022705078,0.8861100673675537,0.1354839950799942,,,
34,1068,0.9912948608398438,0.9424318671226501,0.0818602442741394,,,
34,1069,0.989415168762207,0.9362251162528992,0.08396092802286148,,,
34,1070,0.9912633895874023,0.9448789954185486,0.07458199560642242,,,
34,1071,0.9870309829711914,0.9502589702606201,0.06036526709794998,,,
34,1072,0.9850959777832031,0.8027639389038086,0.263563871383667,,,
34,1073,0.9874916076660156,0.9494397044181824,0.06318298727273941,,,
34,1074,0.9914703369140625,0.9265832304954529,0.10929235070943832,,,
34,1075,0.9860782623291016,0.9439019560813904,0.06820035725831985,,,
34,1076,0.9880905151367188,0.9386393427848816,0.07650192826986313,,,
34,1077,0.9881677627563477,0.8622851967811584,0.19400666654109955,,,
34,1078,0.9889888763427734,0.9524127244949341,0.06001356616616249,,,
34,1079,0.9867115020751953,0.9349489212036133,0.08200498670339584,,,
34,1080,0.988072395324707,0.8879331350326538,0.15344443917274475,,,
34,1081,0.9861030578613281,0.9112421274185181,0.11299363523721695,,,
34,1082,0.987797737121582,0.9470716714859009,0.06524136662483215,,,
34,1083,0.9896221160888672,0.9594082236289978,0.05081150680780411,,,
34,1084,0.9886525273323059,0.9056978821754456,0.12885522842407227,,,
34,1084,,,,0.9553379416465759,0.8412917852401733,0.22795470058918
35,1085,0.9845409393310547,0.9070239663124084,0.11402951925992966,,,
35,1086,0.991267204284668,0.963089108467102,0.04748903587460518,,,
35,1087,0.9882192611694336,0.9327138066291809,0.0859370157122612,,,
35,1088,0.9868268966674805,0.9288415312767029,0.09139938652515411,,,
35,1089,0.990513801574707,0.9495155811309814,0.06622526794672012,,,
35,1090,0.9900703430175781,0.9563524127006531,0.056088637560606,,,
35,1091,0.986083984375,0.9438250660896301,0.06657058000564575,,,
35,1092,0.9916515350341797,0.9623681306838989,0.048735611140728,,,
35,1093,0.9874954223632812,0.9106044769287109,0.11448729038238525,,,
35,1094,0.98321533203125,0.902330219745636,0.11852522939443588,,,
35,1095,0.9867973327636719,0.9606203436851501,0.04972424358129501,,,
35,1096,0.9907445907592773,0.9352982640266418,0.08950135856866837,,,
35,1097,0.9918289184570312,0.9545820951461792,0.06143792346119881,,,
35,1098,0.9895143508911133,0.9438721537590027,0.07233212888240814,,,
35,1099,0.9873428344726562,0.9386597871780396,0.07501780241727829,,,
35,1100,0.9856748580932617,0.9394207000732422,0.07189919799566269,,,
35,1101,0.985814094543457,0.9419151544570923,0.06914159655570984,,,
35,1102,0.9893302917480469,0.9173322916030884,0.11132177710533142,,,
35,1103,0.9846811294555664,0.9144511222839355,0.10401685535907745,,,
35,1104,0.9857101440429688,0.8873739242553711,0.14526456594467163,,,
35,1105,0.987635612487793,0.9447237253189087,0.0679745301604271,,,
35,1106,0.9881248474121094,0.93897545337677,0.07642488926649094,,,
35,1107,0.9914751052856445,0.9573103189468384,0.056977227330207825,,,
35,1108,0.991908073425293,0.9516237378120422,0.06643868237733841,,,
35,1109,0.9877138137817383,0.9122040867805481,0.11570373177528381,,,
35,1110,0.9884853363037109,0.9440329074859619,0.06880783289670944,,,
35,1111,0.9880037307739258,0.93446284532547,0.08295690268278122,,,
35,1112,0.9900646209716797,0.9317706823348999,0.09082268178462982,,,
35,1113,0.9874811172485352,0.9347175359725952,0.0807906836271286,,,
35,1114,0.9845438003540039,0.9110985398292542,0.10593383014202118,,,
35,1115,0.9887949824333191,0.9379121661186218,0.07936164736747742,,,
35,1115,,,,0.954914927482605,0.8405957818031311,0.22735701501369476
36,1116,0.9875354766845703,0.9370183944702148,0.07805976271629333,,,
36,1117,0.990107536315918,0.949503481388092,0.06550182402133942,,,
36,1118,0.9857416152954102,0.8405872583389282,0.20858904719352722,,,
36,1119,0.9866209030151367,0.9374372959136963,0.07600558549165726,,,
36,1120,0.9825096130371094,0.9151421189308167,0.101092129945755,,,
36,1121,0.9883270263671875,0.9256975054740906,0.09529060125350952,,,
36,1122,0.9875860214233398,0.9460350275039673,0.06563052535057068,,,
36,1123,0.9874048233032227,0.9396452903747559,0.07374271750450134,,,
36,1124,0.9861736297607422,0.9390394687652588,0.07168445736169815,,,
36,1125,0.9910774230957031,0.9409059882164001,0.08089706301689148,,,
36,1126,0.9881048202514648,0.862606406211853,0.1866762489080429,,,
36,1127,0.9890098571777344,0.9428361654281616,0.07231355458498001,,,
36,1128,0.9886207580566406,0.9126826524734497,0.11483247578144073,,,
36,1129,0.990483283996582,0.9531344175338745,0.05914466828107834,,,
36,1130,0.9870758056640625,0.946255087852478,0.06505755335092545,,,
36,1131,0.9911518096923828,0.9546234607696533,0.05900571122765541,,,
36,1132,0.9861307144165039,0.8498244285583496,0.19775713980197906,,,
36,1133,0.984827995300293,0.9285435080528259,0.08406183868646622,,,
36,1134,0.9897480010986328,0.9414235949516296,0.07450097054243088,,,
36,1135,0.9885883331298828,0.9300020933151245,0.08831208944320679,,,
36,1136,0.9876527786254883,0.9177294373512268,0.10458578914403915,,,
36,1137,0.987736701965332,0.9209581613540649,0.09888673573732376,,,
36,1138,0.9881000518798828,0.9550991058349609,0.05490081012248993,,,
36,1139,0.9893512725830078,0.9468278288841248,0.06729435175657272,,,
36,1140,0.9871482849121094,0.954487144947052,0.054359596222639084,,,
36,1141,0.9886693954467773,0.9554294347763062,0.05479658022522926,,,
36,1142,0.9880475997924805,0.8529128432273865,0.20053017139434814,,,
36,1143,0.9890327453613281,0.9648883938789368,0.044685184955596924,,,
36,1144,0.9891080856323242,0.9438936710357666,0.0700446143746376,,,
36,1145,0.98779296875,0.9375171065330505,0.07616174966096878,,,
36,1146,0.9885279536247253,0.9690959453582764,0.043668538331985474,,,
36,1146,,,,0.9542533159255981,0.8381036520004272,0.2277216911315918
37,1147,0.9888525009155273,0.9541125297546387,0.05614498257637024,,,
37,1148,0.9900388717651367,0.9666131734848022,0.042603086680173874,,,
37,1149,0.9878635406494141,0.9418479204177856,0.07007966935634613,,,
37,1150,0.9916133880615234,0.9570674896240234,0.05525371804833412,,,
37,1151,0.9879884719848633,0.8949155807495117,0.13796111941337585,,,
37,1152,0.9906444549560547,0.9510813355445862,0.06307709217071533,,,
37,1153,0.9936714172363281,0.9573795795440674,0.06366627663373947,,,
37,1154,0.9894990921020508,0.9485731720924377,0.06476233899593353,,,
37,1155,0.9868240356445312,0.9346303939819336,0.0792333260178566,,,
37,1156,0.9872493743896484,0.9419369697570801,0.07014834135770798,,,
37,1157,0.9890260696411133,0.9484168887138367,0.06472380459308624,,,
37,1158,0.9879951477050781,0.9330589175224304,0.08340875059366226,,,
37,1159,0.9843988418579102,0.9026174545288086,0.11651193350553513,,,
37,1160,0.9902896881103516,0.9515214562416077,0.06237911805510521,,,
37,1161,0.9822311401367188,0.9209818840026855,0.09197840839624405,,,
37,1162,0.9891433715820312,0.9590588808059692,0.049753934144973755,,,
37,1163,0.9901981353759766,0.9373918771743774,0.08284443616867065,,,
37,1164,0.9870100021362305,0.9330242276191711,0.08181242644786835,,,
37,1165,0.9884710311889648,0.8975517153739929,0.1339118629693985,,,
37,1166,0.9889421463012695,0.948992133140564,0.06425924599170685,,,
37,1167,0.9895591735839844,0.9616114497184753,0.04673707112669945,,,
37,1168,0.9907207489013672,0.9495428800582886,0.06408736109733582,,,
37,1169,0.9842300415039062,0.9088905453681946,0.10650722682476044,,,
37,1170,0.9855003356933594,0.9312661290168762,0.08188185095787048,,,
37,1171,0.9865741729736328,0.9300183653831482,0.08622335642576218,,,
37,1172,0.9888210296630859,0.9501662254333496,0.06154488027095795,,,
37,1173,0.9868688583374023,0.9185266494750977,0.0998125672340393,,,
37,1174,0.9902858734130859,0.9089446067810059,0.12621623277664185,,,
37,1175,0.9858226776123047,0.8512135148048401,0.19017034769058228,,,
37,1176,0.9866724014282227,0.9115052819252014,0.10883134603500366,,,
37,1177,0.9885851740837097,0.9567767381668091,0.05183248966932297,,,
37,1177,,,,0.9555218815803528,0.8409678936004639,0.2271420955657959
38,1178,0.9891290664672852,0.9525021910667419,0.05864584073424339,,,
38,1179,0.9844198226928711,0.9140614867210388,0.10038360208272934,,,
38,1180,0.9882678985595703,0.9311175346374512,0.08573581278324127,,,
38,1181,0.9921665191650391,0.8967467546463013,0.159539133310318,,,
38,1182,0.9891538619995117,0.9239019751548767,0.09853917360305786,,,
38,1183,0.9920368194580078,0.9029949307441711,0.14991620182991028,,,
38,1184,0.9862146377563477,0.9271832704544067,0.08845561742782593,,,
38,1185,0.9922084808349609,0.9778667688369751,0.03221837803721428,,,
38,1186,0.983027458190918,0.891928493976593,0.1313067078590393,,,
38,1187,0.9906949996948242,0.9635887742042542,0.04589037969708443,,,
38,1188,0.9885797500610352,0.8993333578109741,0.13275398313999176,,,
38,1189,0.9857645034790039,0.8827295899391174,0.14662592113018036,,,
38,1190,0.9900703430175781,0.9550039172172546,0.057448916137218475,,,
38,1191,0.9851894378662109,0.9221807718276978,0.09262297302484512,,,
38,1192,0.9885234832763672,0.9255266189575195,0.09472940862178802,,,
38,1193,0.9883899688720703,0.9532116651535034,0.05515585094690323,,,
38,1194,0.9889259338378906,0.9384132623672485,0.0766279473900795,,,
38,1195,0.9885196685791016,0.9618664383888245,0.048223093152046204,,,
38,1196,0.9924411773681641,0.9402289390563965,0.08492866903543472,,,
38,1197,0.9882450103759766,0.9273770451545715,0.09157142788171768,,,
38,1198,0.9890432357788086,0.8876743912696838,0.1509498953819275,,,
38,1199,0.9897880554199219,0.9403164982795715,0.0750712901353836,,,
38,1200,0.9885969161987305,0.9563726186752319,0.05294061079621315,,,
38,1201,0.9838876724243164,0.9272595047950745,0.08268451690673828,,,
38,1202,0.9872827529907227,0.9355943202972412,0.07795336097478867,,,
38,1203,0.9914340972900391,0.9681519865989685,0.04030435159802437,,,
38,1204,0.9857730865478516,0.9332059025764465,0.08011471480131149,,,
38,1205,0.9882946014404297,0.9618015289306641,0.046368714421987534,,,
38,1206,0.988102912902832,0.935210645198822,0.0793854296207428,,,
38,1207,0.9870786666870117,0.9147566556930542,0.10427207499742508,,,
38,1208,0.9913063049316406,0.9626509547233582,0.049008890986442566,,,
38,1208,,,,0.953922688961029,0.8368119597434998,0.22710108757019043
39,1209,0.985224723815918,0.9248263239860535,0.08904238045215607,,,
39,1210,0.9893026351928711,0.9423014521598816,0.07359717786312103,,,
39,1211,0.9846916198730469,0.8991379141807556,0.12323743104934692,,,
39,1212,0.9877862930297852,0.947676956653595,0.06340774893760681,,,
39,1213,0.989964485168457,0.9629128575325012,0.04553567245602608,,,
39,1214,0.9914827346801758,0.9459232091903687,0.0715528205037117,,,
39,1215,0.9892349243164062,0.9281376004219055,0.09215368330478668,,,
39,1216,0.9889936447143555,0.9340781569480896,0.08317285776138306,,,
39,1217,0.9899148941040039,0.9285743236541748,0.09594569355249405,,,
39,1218,0.9875049591064453,0.9619774222373962,0.04715609550476074,,,
39,1219,0.988163948059082,0.9307015538215637,0.08486152440309525,,,
39,1220,0.9863462448120117,0.8991973400115967,0.12392666935920715,,,
39,1221,0.9930524826049805,0.9722111225128174,0.036331381648778915,,,
39,1222,0.9917802810668945,0.9587199091911316,0.05404073745012283,,,
39,1223,0.991673469543457,0.9530248045921326,0.060453128069639206,,,
39,1224,0.9910125732421875,0.9682434797286987,0.040053561329841614,,,
39,1225,0.9870157241821289,0.9074866771697998,0.11455613374710083,,,
39,1226,0.9885740280151367,0.9005536437034607,0.13064219057559967,,,
39,1227,0.9863786697387695,0.8434945344924927,0.20012767612934113,,,
39,1228,0.9880685806274414,0.9303051233291626,0.08701292425394058,,,
39,1229,0.9891023635864258,0.9234259128570557,0.09635293483734131,,,
39,1230,0.9882946014404297,0.9543211460113525,0.054186396300792694,,,
39,1231,0.9836101531982422,0.926337718963623,0.08574780076742172,,,
39,1232,0.9858188629150391,0.8954789638519287,0.1260293573141098,,,
39,1233,0.9891080856323242,0.9442494511604309,0.06928965449333191,,,
39,1234,0.9915018081665039,0.9618643522262573,0.0475783608853817,,,
39,1235,0.9908504486083984,0.9457911252975464,0.07001421600580215,,,
39,1236,0.9876432418823242,0.9507686495780945,0.05833050608634949,,,
39,1237,0.9849233627319336,0.9193212389945984,0.0934545248746872,,,
39,1238,0.9897594451904297,0.9581923484802246,0.04973708465695381,,,
39,1239,0.988305389881134,0.9462289810180664,0.06461918354034424,,,
39,1239,,,,0.9549641013145447,0.8394392728805542,0.2257988452911377
40,1240,0.9889087677001953,0.9061529040336609,0.12218885123729706,,,
40,1241,0.9875040054321289,0.9501134753227234,0.05871046334505081,,,
40,1242,0.9883213043212891,0.9032518267631531,0.12489385157823563,,,
40,1243,0.9908151626586914,0.9593952298164368,0.0505189411342144,,,
40,1244,0.9915962219238281,0.9525864124298096,0.06122375279664993,,,
40,1245,0.9878339767456055,0.9579075574874878,0.05063137039542198,,,
40,1246,0.9897117614746094,0.9158220291137695,0.10894747823476791,,,
40,1247,0.9883203506469727,0.9586233496665955,0.048896558582782745,,,
40,1248,0.9897966384887695,0.912777304649353,0.11561649292707443,,,
40,1249,0.9869480133056641,0.9430928230285645,0.06801611185073853,,,
40,1250,0.9869585037231445,0.8761524558067322,0.15607662498950958,,,
40,1251,0.9901695251464844,0.9545424580574036,0.05636286735534668,,,
40,1252,0.9920978546142578,0.9589548110961914,0.05298252031207085,,,
40,1253,0.9904060363769531,0.9636735320091248,0.04439692199230194,,,
40,1254,0.987187385559082,0.9430527091026306,0.06732476502656937,,,
40,1255,0.98779296875,0.9550721049308777,0.05427902936935425,,,
40,1256,0.9866781234741211,0.9026618599891663,0.11893344670534134,,,
40,1257,0.9867763519287109,0.9213062524795532,0.09491308778524399,,,
40,1258,0.980189323425293,0.9416899681091309,0.06547602266073227,,,
40,1259,0.9877691268920898,0.9273568391799927,0.0865979939699173,,,
40,1260,0.9869308471679688,0.9601965546607971,0.046599432826042175,,,
40,1261,0.9893531799316406,0.9379073977470398,0.0771360993385315,,,
40,1262,0.9887895584106445,0.9081626534461975,0.11695361137390137,,,
40,1263,0.988250732421875,0.9352447986602783,0.07819364964962006,,,
40,1264,0.9863052368164062,0.8984613418579102,0.1238875761628151,,,
40,1265,0.9860820770263672,0.8710116744041443,0.15964889526367188,,,
40,1266,0.9888668060302734,0.9475547671318054,0.06352318823337555,,,
40,1267,0.9866065979003906,0.9064157605171204,0.111136794090271,,,
40,1268,0.9889659881591797,0.9527176022529602,0.055440954864025116,,,
40,1269,0.9896688461303711,0.9361062049865723,0.07829688489437103,,,
40,1270,0.9867375493049622,0.8752526640892029,0.15903177857398987,,,
40,1270,,,,0.95371413230896,0.8395704030990601,0.22068943083286285
41,1271,0.9878778457641602,0.8883374333381653,0.14230214059352875,,,
41,1272,0.9861345291137695,0.8392343521118164,0.20091140270233154,,,
41,1273,0.9887790679931641,0.9528191685676575,0.05596960708498955,,,
41,1274,0.9887485504150391,0.8726729154586792,0.1678132563829422,,,
41,1275,0.9848575592041016,0.9009692072868347,0.11815577000379562,,,
41,1276,0.9887065887451172,0.9596701860427856,0.0501493476331234,,,
41,1277,0.9902191162109375,0.9332408905029297,0.08725985139608383,,,
41,1278,0.9867334365844727,0.9367184042930603,0.07443183660507202,,,
41,1279,0.9855594635009766,0.9031668305397034,0.11247626692056656,,,
41,1280,0.9844884872436523,0.8859556913375854,0.13630399107933044,,,
41,1281,0.9899473190307617,0.9382548928260803,0.07763326168060303,,,
41,1282,0.9878435134887695,0.9464910626411438,0.0631895512342453,,,
41,1283,0.9883794784545898,0.9464647173881531,0.06496687978506088,,,
41,1284,0.9859094619750977,0.9387328624725342,0.07064341008663177,,,
41,1285,0.990570068359375,0.9688318371772766,0.039166536182165146,,,
41,1286,0.988555908203125,0.9679520726203918,0.04153438284993172,,,
41,1287,0.9878044128417969,0.9500347971916199,0.05895246937870979,,,
41,1288,0.9904651641845703,0.9710944294929504,0.03724771365523338,,,
41,1289,0.9905071258544922,0.9609513878822327,0.04714898020029068,,,
41,1290,0.9856014251708984,0.9488972425460815,0.059154022485017776,,,
41,1291,0.9891729354858398,0.9233278632164001,0.09601473808288574,,,
41,1292,0.9879684448242188,0.9525783658027649,0.056168172508478165,,,
41,1293,0.9923591613769531,0.9588651657104492,0.05339474976062775,,,
41,1294,0.9887838363647461,0.8575994968414307,0.1908044070005417,,,
41,1295,0.9871301651000977,0.910194993019104,0.10798567533493042,,,
41,1296,0.987828254699707,0.8863925933837891,0.14411517977714539,,,
41,1297,0.9898996353149414,0.9505848288536072,0.05989830568432808,,,
41,1298,0.9894866943359375,0.9203888177871704,0.10037586838006973,,,
41,1299,0.9880828857421875,0.8621176481246948,0.17609916627407074,,,
41,1300,0.988591194152832,0.9666441679000854,0.042180005460977554,,,
41,1301,0.9900181889533997,0.8687400817871094,0.1792713850736618,,,
41,1301,,,,0.9557482600212097,0.8421749472618103,0.2244231402873993
42,1302,0.9916410446166992,0.9673845767974854,0.04006272181868553,,,
42,1303,0.9910221099853516,0.9479817748069763,0.06551806628704071,,,
42,1304,0.9887876510620117,0.9224370121955872,0.0952586978673935,,,
42,1305,0.9902963638305664,0.9545572400093079,0.054960522800683975,,,
42,1306,0.9877958297729492,0.9452733993530273,0.0655445009469986,,,
42,1307,0.9878435134887695,0.9466554522514343,0.06295797973871231,,,
42,1308,0.9851112365722656,0.9230610132217407,0.08879444748163223,,,
42,1309,0.9894695281982422,0.9146822094917297,0.1090218797326088,,,
42,1310,0.9923057556152344,0.9651463031768799,0.04363340884447098,,,
42,1311,0.9898319244384766,0.9304110407829285,0.08791305869817734,,,
42,1312,0.9849233627319336,0.9013201594352722,0.11651110649108887,,,
42,1313,0.9886207580566406,0.9290226697921753,0.08713669329881668,,,
42,1314,0.9889688491821289,0.9497290253639221,0.05966304615139961,,,
42,1315,0.9908390045166016,0.9667215347290039,0.04048424959182739,,,
42,1316,0.9878673553466797,0.9138256907463074,0.10529372096061707,,,
42,1317,0.986659049987793,0.9381830096244812,0.0705127865076065,,,
42,1318,0.9833173751831055,0.9543308019638062,0.055028632283210754,,,
42,1319,0.9880895614624023,0.9496999382972717,0.059424709528684616,,,
42,1320,0.9814376831054688,0.9287121891975403,0.08111641556024551,,,
42,1321,0.9896421432495117,0.9552304744720459,0.05289803072810173,,,
42,1322,0.9906139373779297,0.8993217945098877,0.13716568052768707,,,
42,1323,0.9906768798828125,0.9449911713600159,0.06924807280302048,,,
42,1324,0.9905643463134766,0.8677714467048645,0.18453297019004822,,,
42,1325,0.9894685745239258,0.9501907825469971,0.05936938524246216,,,
42,1326,0.9882478713989258,0.8845003843307495,0.14684362709522247,,,
42,1327,0.9893970489501953,0.9516396522521973,0.057682428508996964,,,
42,1328,0.9867115020751953,0.9602259397506714,0.048727113753557205,,,
42,1329,0.9860248565673828,0.9345248341560364,0.07638710737228394,,,
42,1330,0.9886627197265625,0.9042086005210876,0.12088479846715927,,,
42,1331,0.9906320571899414,0.9138371348381042,0.11295967549085617,,,
42,1332,0.9884936213493347,0.8849108219146729,0.14794692397117615,,,
42,1332,,,,0.9541935324668884,0.8382594585418701,0.22265836596488953
43,1333,0.987309455871582,0.9453048706054688,0.06386680901050568,,,
43,1334,0.9902172088623047,0.9576036930084229,0.05130590870976448,,,
43,1335,0.9888677597045898,0.9569411277770996,0.05154171958565712,,,
43,1336,0.9903230667114258,0.8688814640045166,0.17792944610118866,,,
43,1337,0.9924507141113281,0.9574970602989197,0.05462966114282608,,,
43,1338,0.9860649108886719,0.9500551819801331,0.057497914880514145,,,
43,1339,0.9883050918579102,0.9565525650978088,0.052267204970121384,,,
43,1340,0.9868383407592773,0.8724267482757568,0.16025862097740173,,,
43,1341,0.9889097213745117,0.9459498524665833,0.06538259983062744,,,
43,1342,0.9910717010498047,0.9605686068534851,0.04741354286670685,,,
43,1343,0.9893608093261719,0.8553516864776611,0.18959569931030273,,,
43,1344,0.9868402481079102,0.9296973943710327,0.08338026702404022,,,
43,1345,0.9861965179443359,0.930139422416687,0.08191174268722534,,,
43,1346,0.9891595840454102,0.937636137008667,0.07522746920585632,,,
43,1347,0.9861574172973633,0.9017557501792908,0.11610521376132965,,,
43,1348,0.9883718490600586,0.9291154146194458,0.0860329270362854,,,
43,1349,0.9897928237915039,0.9196869134902954,0.10269463807344437,,,
43,1350,0.9882993698120117,0.9652470946311951,0.043344803154468536,,,
43,1351,0.9886207580566406,0.923433780670166,0.09420378506183624,,,
43,1352,0.9897489547729492,0.948603093624115,0.06190705671906471,,,
43,1353,0.9887065887451172,0.8840985298156738,0.1467304527759552,,,
43,1354,0.9891452789306641,0.9478152990341187,0.06261051446199417,,,
43,1355,0.9906435012817383,0.8845561146736145,0.15757012367248535,,,
43,1356,0.9882164001464844,0.933202862739563,0.07860027253627777,,,
43,1357,0.987757682800293,0.9397066235542297,0.07071877270936966,,,
43,1358,0.9874067306518555,0.9548747539520264,0.052252523601055145,,,
43,1359,0.9901418685913086,0.9175697565078735,0.10403329879045486,,,
43,1360,0.9884538650512695,0.941431999206543,0.06935743987560272,,,
43,1361,0.9924592971801758,0.9543019533157349,0.06023711338639259,,,
43,1362,0.9895210266113281,0.9624930620193481,0.04507629573345184,,,
43,1363,0.9850298762321472,0.9608491659164429,0.049607135355472565,,,
43,1363,,,,0.9537374973297119,0.8349196314811707,0.22852632403373718
44,1364,0.9902687072753906,0.956401526927948,0.05180341750383377,,,
44,1365,0.9902973175048828,0.9453351497650146,0.06756426393985748,,,
44,1366,0.9852771759033203,0.9531437754631042,0.05338418856263161,,,
44,1367,0.9913530349731445,0.908724844455719,0.12328101694583893,,,
44,1368,0.9908847808837891,0.9239418506622314,0.09819475561380386,,,
44,1369,0.9909830093383789,0.9167745113372803,0.11081111431121826,,,
44,1370,0.9874496459960938,0.9404656887054443,0.06922153383493423,,,
44,1371,0.9909830093383789,0.9413126707077026,0.07404167950153351,,,
44,1372,0.9894847869873047,0.9218562841415405,0.09723686426877975,,,
44,1373,0.9859676361083984,0.9007701277732849,0.11877995729446411,,,
44,1374,0.9879922866821289,0.9076973795890808,0.11300131678581238,,,
44,1375,0.9910764694213867,0.9506604671478271,0.06201833859086037,,,
44,1376,0.9857912063598633,0.8357729911804199,0.19880564510822296,,,
44,1377,0.9897603988647461,0.9476736783981323,0.06348910182714462,,,
44,1378,0.9905490875244141,0.9706063866615295,0.03720686212182045,,,
44,1379,0.9893121719360352,0.9445664286613464,0.06627797335386276,,,
44,1380,0.9889039993286133,0.9411461353302002,0.06991290301084518,,,
44,1381,0.9907674789428711,0.9388852715492249,0.07570508122444153,,,
44,1382,0.9898195266723633,0.9549756646156311,0.05345339700579643,,,
44,1383,0.9868144989013672,0.9299147129058838,0.08239748328924179,,,
44,1384,0.9878177642822266,0.9402430653572083,0.06972946971654892,,,
44,1385,0.9872665405273438,0.9259706735610962,0.08750727772712708,,,
44,1386,0.9903554916381836,0.9683132171630859,0.03925631195306778,,,
44,1387,0.9866905212402344,0.926151692867279,0.08585036545991898,,,
44,1388,0.9866132736206055,0.9333127737045288,0.07762123644351959,,,
44,1389,0.9904775619506836,0.9424100518226624,0.07217362523078918,,,
44,1390,0.9887752532958984,0.9491279721260071,0.059897035360336304,,,
44,1391,0.9895181655883789,0.9550291895866394,0.05328896641731262,,,
44,1392,0.9876127243041992,0.9508705139160156,0.05734436213970184,,,
44,1393,0.9940090179443359,0.9759216904640198,0.03096541203558445,,,
44,1394,0.986670196056366,0.9436295032501221,0.06467525660991669,,,
44,1394,,,,0.9537400007247925,0.8351690769195557,0.2261020839214325
45,1395,0.982722282409668,0.893082857131958,0.12321239709854126,,,
45,1396,0.9864730834960938,0.9529197812080383,0.054523274302482605,,,
45,1397,0.990544319152832,0.9627617001533508,0.04558929055929184,,,
45,1398,0.9918994903564453,0.9625849723815918,0.04641757905483246,,,
45,1399,0.9893245697021484,0.9291173815727234,0.08549004793167114,,,
45,1400,0.9893827438354492,0.9525004029273987,0.056233037263154984,,,
45,1401,0.9900684356689453,0.965361475944519,0.04264890030026436,,,
45,1402,0.9873247146606445,0.9376810789108276,0.07356692105531693,,,
45,1403,0.990382194519043,0.9580209851264954,0.05121313035488129,,,
45,1404,0.9859714508056641,0.9033553004264832,0.11281776428222656,,,
45,1405,0.9903478622436523,0.9534317851066589,0.056998662650585175,,,
45,1406,0.9864788055419922,0.9045053124427795,0.11247728765010834,,,
45,1407,0.9888725280761719,0.9352583289146423,0.07626481354236603,,,
45,1408,0.9858608245849609,0.932618260383606,0.07760501652956009,,,
45,1409,0.9885215759277344,0.9570960998535156,0.05024273321032524,,,
45,1410,0.9867105484008789,0.9123739004135132,0.10309853404760361,,,
45,1411,0.9920320510864258,0.9408977031707764,0.07753811031579971,,,
45,1412,0.9863433837890625,0.9439042806625366,0.06380399316549301,,,
45,1413,0.9919347763061523,0.9687286019325256,0.03721966966986656,,,
45,1414,0.9932498931884766,0.9492627382278442,0.06927184015512466,,,
45,1415,0.9901618957519531,0.9177371859550476,0.10370060801506042,,,
45,1416,0.9913187026977539,0.9629473090171814,0.04579902067780495,,,
45,1417,0.9918794631958008,0.9488309025764465,0.06502299010753632,,,
45,1418,0.9912757873535156,0.9575234651565552,0.05234713479876518,,,
45,1419,0.991236686706543,0.9351462125778198,0.08302297443151474,,,
45,1420,0.9839067459106445,0.8596603870391846,0.16548603773117065,,,
45,1421,0.9874706268310547,0.9553505778312683,0.052249059081077576,,,
45,1422,0.9893093109130859,0.913109540939331,0.10825265944004059,,,
45,1423,0.991124153137207,0.9322964549064636,0.0864894837141037,,,
45,1424,0.9913702011108398,0.9499676823616028,0.06324028223752975,,,
45,1425,0.9971046447753906,0.986373782157898,0.02080635353922844,,,
45,1425,,,,0.9551264643669128,0.8421504497528076,0.21889103949069977
46,1426,0.9917659759521484,0.9655880331993103,0.04212025925517082,,,
46,1427,0.9862384796142578,0.9292289614677429,0.08080074936151505,,,
46,1428,0.9871788024902344,0.9107398986816406,0.10646263509988785,,,
46,1429,0.9904861450195312,0.9644505381584167,0.041682761162519455,,,
46,1430,0.9930448532104492,0.9632318615913391,0.047068119049072266,,,
46,1431,0.9885892868041992,0.9604892730712891,0.04661742225289345,,,
46,1432,0.9882822036743164,0.9335000514984131,0.07845921069383621,,,
46,1433,0.9874505996704102,0.9364980459213257,0.0734533965587616,,,
46,1434,0.9895715713500977,0.9489200115203857,0.05981631949543953,,,
46,1435,0.9895219802856445,0.9596530199050903,0.04583605378866196,,,
46,1436,0.992584228515625,0.9694980978965759,0.0372496023774147,,,
46,1437,0.9886417388916016,0.8997010588645935,0.12637120485305786,,,
46,1438,0.9885234832763672,0.9541425704956055,0.054704438894987106,,,
46,1439,0.990264892578125,0.8919685482978821,0.1406182497739792,,,
46,1440,0.9882068634033203,0.8869321942329407,0.13731230795383453,,,
46,1441,0.9905242919921875,0.9302800297737122,0.08564883470535278,,,
46,1442,0.989715576171875,0.9431529641151428,0.06640937179327011,,,
46,1443,0.9897956848144531,0.9456505179405212,0.06419047713279724,,,
46,1444,0.9895353317260742,0.9168548583984375,0.10320252180099487,,,
46,1445,0.9928245544433594,0.9711631536483765,0.03613495081663132,,,
46,1446,0.988865852355957,0.931263267993927,0.08281338214874268,,,
46,1447,0.9874191284179688,0.9484419822692871,0.05948081240057945,,,
46,1448,0.9890499114990234,0.9493054747581482,0.06083565205335617,,,
46,1449,0.9843502044677734,0.912444531917572,0.0980270504951477,,,
46,1450,0.9890756607055664,0.9522738456726074,0.05486379936337471,,,
46,1451,0.9885931015014648,0.9518402814865112,0.05630280449986458,,,
46,1452,0.9905118942260742,0.9487162232398987,0.0624019093811512,,,
46,1453,0.986363410949707,0.8992176651954651,0.1199612021446228,,,
46,1454,0.9866046905517578,0.9274581074714661,0.08283862471580505,,,
46,1455,0.9883718490600586,0.9186509847640991,0.09754379093647003,,,
46,1456,0.9910672307014465,0.9568430781364441,0.05143299698829651,,,
46,1456,,,,0.9521925449371338,0.8345129489898682,0.22261793911457062
47,1457,0.9882078170776367,0.9062497615814209,0.11426131427288055,,,
47,1458,0.9886198043823242,0.8920959830284119,0.13577701151371002,,,
47,1459,0.9913482666015625,0.9404642581939697,0.07404874265193939,,,
47,1460,0.9902019500732422,0.9454358220100403,0.0641435757279396,,,
47,1461,0.9871082305908203,0.9089341163635254,0.10604443401098251,,,
47,1462,0.9877586364746094,0.9321022629737854,0.07929646223783493,,,
47,1463,0.991816520690918,0.9576066732406616,0.0517464242875576,,,
47,1464,0.99102783203125,0.9738650918006897,0.03378116711974144,,,
47,1465,0.9887990951538086,0.9516652822494507,0.05585500970482826,,,
47,1466,0.9864425659179688,0.9302706718444824,0.07896925508975983,,,
47,1467,0.9905719757080078,0.9626893997192383,0.04276779666543007,,,
47,1468,0.9877185821533203,0.9303933382034302,0.07918040454387665,,,
47,1469,0.9897975921630859,0.9571442604064941,0.04987796023488045,,,
47,1470,0.9889335632324219,0.915858805179596,0.1024508848786354,,,
47,1471,0.988032341003418,0.9519059062004089,0.05360369384288788,,,
47,1472,0.9882583618164062,0.9400823712348938,0.0678330808877945,,,
47,1473,0.9875764846801758,0.9369167685508728,0.07101476192474365,,,
47,1474,0.988224983215332,0.9188508987426758,0.09683289378881454,,,
47,1475,0.9898147583007812,0.9403108358383179,0.07044697552919388,,,
47,1476,0.988682746887207,0.9535972476005554,0.05424767732620239,,,
47,1477,0.9832496643066406,0.8837944865226746,0.1308717578649521,,,
47,1478,0.9862241744995117,0.9032737612724304,0.11137887835502625,,,
47,1479,0.9882278442382812,0.9412235021591187,0.06973841786384583,,,
47,1480,0.9881248474121094,0.9096050262451172,0.10920749604701996,,,
47,1481,0.9882316589355469,0.9505035877227783,0.057118382304906845,,,
47,1482,0.9878654479980469,0.9132184386253357,0.1026628240942955,,,
47,1483,0.9864578247070312,0.901984453201294,0.11482014507055283,,,
47,1484,0.9879560470581055,0.9474509954452515,0.05936616659164429,,,
47,1485,0.9885616302490234,0.9606409668922424,0.04561983421444893,,,
47,1486,0.9928703308105469,0.9675509333610535,0.03958327695727348,,,
47,1487,0.9906603693962097,0.9629364013671875,0.043867941945791245,,,
47,1487,,,,0.953711211681366,0.8372114300727844,0.22412149608135223
48,1488,0.9871034622192383,0.879176914691925,0.14386704564094543,,,
48,1489,0.9891538619995117,0.9433795809745789,0.06652500480413437,,,
48,1490,0.9903221130371094,0.9263970851898193,0.09142214804887772,,,
48,1491,0.9883642196655273,0.9481120109558105,0.06050056219100952,,,
48,1492,0.9885311126708984,0.9284796714782715,0.08350852876901627,,,
48,1493,0.9882802963256836,0.9559047222137451,0.04938730597496033,,,
48,1494,0.9882345199584961,0.9130866527557373,0.1033698171377182,,,
48,1495,0.993896484375,0.9754500389099121,0.030406301841139793,,,
48,1496,0.9912233352661133,0.9449512362480164,0.0682966560125351,,,
48,1497,0.9913043975830078,0.9588294625282288,0.049093544483184814,,,
48,1498,0.9875831604003906,0.9388757944107056,0.07002413272857666,,,
48,1499,0.9912309646606445,0.9387093782424927,0.07529600709676743,,,
48,1500,0.98883056640625,0.8703234195709229,0.16333328187465668,,,
48,1501,0.9910087585449219,0.9734105467796326,0.033272989094257355,,,
48,1502,0.985651969909668,0.9504547715187073,0.05595817789435387,,,
48,1503,0.9874563217163086,0.9313245415687561,0.07950244843959808,,,
48,1504,0.9901342391967773,0.914946973323822,0.10400650650262833,,,
48,1505,0.9867162704467773,0.9427251815795898,0.06442204117774963,,,
48,1506,0.9868974685668945,0.952000617980957,0.05457128584384918,,,
48,1507,0.9851503372192383,0.8366689682006836,0.1934376358985901,,,
48,1508,0.9880332946777344,0.931146502494812,0.07926595211029053,,,
48,1509,0.9906644821166992,0.9650381803512573,0.04203879088163376,,,
48,1510,0.9895238876342773,0.9641384482383728,0.043181441724300385,,,
48,1511,0.9902973175048828,0.9069320559501648,0.11744353920221329,,,
48,1512,0.9891109466552734,0.9305339455604553,0.0825430378317833,,,
48,1513,0.9866085052490234,0.9149263501167297,0.09898818284273148,,,
48,1514,0.9857902526855469,0.8987172842025757,0.11523251235485077,,,
48,1515,0.991786003112793,0.9635750651359558,0.04262375831604004,,,
48,1516,0.9879884719848633,0.9498750567436218,0.05738778039813042,,,
48,1517,0.9832544326782227,0.9008985161781311,0.11164233088493347,,,
48,1518,0.9919026494026184,0.9698266386985779,0.03549732267856598,,,
48,1518,,,,0.9554235935211182,0.8422324061393738,0.21948440372943878
49,1519,0.9884471893310547,0.9386297464370728,0.07225847244262695,,,
49,1520,0.9862384796142578,0.9191279411315918,0.09444297850131989,,,
49,1521,0.9906558990478516,0.9549831748008728,0.052255719900131226,,,
49,1522,0.9855546951293945,0.8729768991470337,0.15033473074436188,,,
49,1523,0.9903879165649414,0.9661736488342285,0.03961879760026932,,,
49,1524,0.9897003173828125,0.9258109331130981,0.0892147570848465,,,
49,1525,0.9887542724609375,0.8922997117042542,0.1335315853357315,,,
49,1526,0.9896421432495117,0.9630385637283325,0.0431029349565506,,,
49,1527,0.9897670745849609,0.8999934792518616,0.12660641968250275,,,
49,1528,0.9879360198974609,0.9510263204574585,0.05578633025288582,,,
49,1529,0.9864006042480469,0.9622552394866943,0.04464467242360115,,,
49,1530,0.9867448806762695,0.928636372089386,0.08273123949766159,,,
49,1531,0.9907159805297852,0.9005323052406311,0.12892498075962067,,,
49,1532,0.9842939376831055,0.9339308142662048,0.07346589863300323,,,
49,1533,0.9881725311279297,0.9122591018676758,0.10633128136396408,,,
49,1534,0.9876699447631836,0.8886630535125732,0.13350334763526917,,,
49,1535,0.9892444610595703,0.9038541913032532,0.1163993552327156,,,
49,1536,0.9904441833496094,0.9625867009162903,0.043001167476177216,,,
49,1537,0.9858255386352539,0.8888963460922241,0.12934301793575287,,,
49,1538,0.9916591644287109,0.9675848484039307,0.0386832170188427,,,
49,1539,0.9930019378662109,0.9575570821762085,0.0533645823597908,,,
49,1540,0.9896678924560547,0.9254221320152283,0.08890971541404724,,,
49,1541,0.9913578033447266,0.9722954034805298,0.03375259041786194,,,
49,1542,0.9894485473632812,0.9187050461769104,0.09580440074205399,,,
49,1543,0.9929409027099609,0.9590400457382202,0.05072728917002678,,,
49,1544,0.9879837036132812,0.9610441327095032,0.045244209468364716,,,
49,1545,0.9916400909423828,0.959613561630249,0.04834804683923721,,,
49,1546,0.9906234741210938,0.95777428150177,0.049215421080589294,,,
49,1547,0.9882230758666992,0.953896701335907,0.05216009542346001,,,
49,1548,0.9876852035522461,0.9053479433059692,0.11381758004426956,,,
49,1549,0.9909095764160156,0.9483643770217896,0.06151245906949043,,,
49,1549,,,,0.9529728293418884,0.8336397409439087,0.22632142901420593
