epoch,step,train_BinaryAccuracy,train_BinaryJaccardIndex,train_loss,val_BinaryAccuracy,val_BinaryJaccardIndex,val_loss
0,0,0.6589298248291016,0.05775386840105057,0.9333636164665222,,,
0,1,0.6968517303466797,0.2002364993095398,0.8389878273010254,,,
0,2,0.6816473007202148,0.3181159794330597,0.7430187463760376,,,
0,3,0.7463455200195312,0.43578866124153137,0.7122538685798645,,,
0,4,0.78790283203125,0.4830707907676697,0.6976134181022644,,,
0,5,0.7890958786010742,0.4060371518135071,0.7492511868476868,,,
0,6,0.8056097030639648,0.4602223336696625,0.7066166996955872,,,
0,7,0.8618240356445312,0.6255921125411987,0.6192479729652405,,,
0,8,0.7782621383666992,0.383353590965271,0.7440051436424255,,,
0,9,0.8228664398193359,0.5120158195495605,0.667473554611206,,,
0,10,0.8142032623291016,0.46645450592041016,0.6906664371490479,,,
0,11,0.7237663269042969,0.17658229172229767,0.8772956132888794,,,
0,12,0.8756580352783203,0.6488121747970581,0.5831435918807983,,,
0,13,0.8535690307617188,0.49632272124290466,0.6881129145622253,,,
0,14,0.9008283615112305,0.6859599947929382,0.5720824003219604,,,
0,15,0.9242038726806641,0.7632448077201843,0.5300062894821167,,,
0,16,0.9070272445678711,0.6744397878646851,0.5848347544670105,,,
0,17,0.9122238159179688,0.6710813045501709,0.5970305800437927,,,
0,18,0.8996601104736328,0.6510002613067627,0.5907105207443237,,,
0,19,0.8282594680786133,0.3996953070163727,0.7364882826805115,,,
0,20,0.8936824798583984,0.6444125771522522,0.5813874006271362,,,
0,21,0.8799619674682617,0.553091824054718,0.6486462354660034,,,
0,22,0.8255481719970703,0.3347298800945282,0.7812492251396179,,,
0,23,0.9191884994506836,0.7438801527023315,0.5063132047653198,,,
0,24,0.9229459762573242,0.7200235724449158,0.5386151671409607,,,
0,25,0.9098100662231445,0.740015983581543,0.4988611936569214,,,
0,26,0.9210433959960938,0.7330108284950256,0.5130903124809265,,,
0,27,0.8595237731933594,0.38558438420295715,0.7646363377571106,,,
0,28,0.9013051986694336,0.5790631771087646,0.6443513035774231,,,
0,29,0.9206790924072266,0.6436524987220764,0.6210146546363831,,,
0,30,0.8970044255256653,0.5616913437843323,0.6471816301345825,,,
0,30,,,,0.9117825627326965,0.7394147515296936,0.4905714988708496
1,31,0.9033660888671875,0.5414047241210938,0.6819792985916138,,,
1,32,0.9672269821166992,0.9022680521011353,0.3785637617111206,,,
1,33,0.9377679824829102,0.7941411137580872,0.4615505337715149,,,
1,34,0.9456310272216797,0.7827867865562439,0.49871936440467834,,,
1,35,0.915618896484375,0.6718965172767639,0.5673980116844177,,,
1,36,0.918452262878418,0.6397072672843933,0.6001325845718384,,,
1,37,0.8934488296508789,0.6224023103713989,0.579488217830658,,,
1,38,0.9376277923583984,0.7717693448066711,0.49053069949150085,,,
1,39,0.9580850601196289,0.8313779234886169,0.4614490270614624,,,
1,40,0.8783712387084961,0.4436383843421936,0.7176342010498047,,,
1,41,0.9182853698730469,0.6043277978897095,0.6314871311187744,,,
1,42,0.8961896896362305,0.5492218732833862,0.6450579762458801,,,
1,43,0.9399871826171875,0.7043732404708862,0.5856561064720154,,,
1,44,0.9608125686645508,0.8831908702850342,0.35559654235839844,,,
1,45,0.9336366653442383,0.7318543791770935,0.5163013935089111,,,
1,46,0.9102573394775391,0.5754994750022888,0.6373773217201233,,,
1,47,0.9580097198486328,0.8375624418258667,0.4310497045516968,,,
1,48,0.9569854736328125,0.8330056667327881,0.43246546387672424,,,
1,49,0.953984260559082,0.7951916456222534,0.48527488112449646,,,
1,50,0.920985221862793,0.6749409437179565,0.5389384031295776,,,
1,51,0.9036922454833984,0.5627327561378479,0.6315062046051025,,,
1,52,0.9544525146484375,0.8259088397026062,0.4213215708732605,,,
1,53,0.9465112686157227,0.7667890787124634,0.488299161195755,,,
1,54,0.9491367340087891,0.7697597742080688,0.49282416701316833,,,
1,55,0.9328098297119141,0.6934236884117126,0.5446838736534119,,,
1,56,0.9384660720825195,0.7403271198272705,0.5000986456871033,,,
1,57,0.9318704605102539,0.6511034965515137,0.5935894250869751,,,
1,58,0.9654006958007812,0.8564702868461609,0.41281649470329285,,,
1,59,0.9533710479736328,0.7745084762573242,0.5014252662658691,,,
1,60,0.9678993225097656,0.855288028717041,0.4311979115009308,,,
1,61,0.9328600764274597,0.576188325881958,0.6784985065460205,,,
1,61,,,,0.9260173439979553,0.7732717394828796,0.4423198699951172
2,62,0.9396543502807617,0.7363535165786743,0.4991376996040344,,,
2,63,0.9584598541259766,0.8175535202026367,0.4440695345401764,,,
2,64,0.944767951965332,0.7237130403518677,0.5324144959449768,,,
2,65,0.9601411819458008,0.8429450392723083,0.4011840224266052,,,
2,66,0.9538211822509766,0.7836980819702148,0.4801348149776459,,,
2,67,0.9208860397338867,0.49288758635520935,0.7197001576423645,,,
2,68,0.9649896621704102,0.8714506030082703,0.35790860652923584,,,
2,69,0.9296979904174805,0.5992116332054138,0.6305980682373047,,,
2,70,0.9468135833740234,0.7294504642486572,0.5236286520957947,,,
2,71,0.9476757049560547,0.8245029449462891,0.3736804723739624,,,
2,72,0.968846321105957,0.8953453898429871,0.3104088604450226,,,
2,73,0.9671163558959961,0.8604889512062073,0.39076077938079834,,,
2,74,0.9298439025878906,0.6830135583877563,0.5203250646591187,,,
2,75,0.9449586868286133,0.7377532720565796,0.49178868532180786,,,
2,76,0.9721488952636719,0.89878910779953,0.32873275876045227,,,
2,77,0.9468603134155273,0.6842716336250305,0.5814744234085083,,,
2,78,0.9562664031982422,0.8224732279777527,0.4032348394393921,,,
2,79,0.9412517547607422,0.6441494226455688,0.605514407157898,,,
2,80,0.9763345718383789,0.9182391166687012,0.2837044894695282,,,
2,81,0.8905105590820312,0.4053678810596466,0.733314037322998,,,
2,82,0.9675388336181641,0.875310480594635,0.33884793519973755,,,
2,83,0.9582586288452148,0.8296189904212952,0.3789641559123993,,,
2,84,0.9632539749145508,0.8037856817245483,0.4685259461402893,,,
2,85,0.9688520431518555,0.8926472663879395,0.2957940101623535,,,
2,86,0.9636955261230469,0.8688309788703918,0.32402172684669495,,,
2,87,0.9570846557617188,0.8120426535606384,0.4043114185333252,,,
2,88,0.9385194778442383,0.7489935159683228,0.44340622425079346,,,
2,89,0.8782234191894531,0.34338459372520447,0.7698513269424438,,,
2,90,0.9522027969360352,0.7135828137397766,0.549465000629425,,,
2,91,0.9663839340209961,0.7942408919334412,0.5051857829093933,,,
2,92,0.968329131603241,0.8462720513343811,0.4084269106388092,,,
2,92,,,,0.949899435043335,0.8294810652732849,0.39394739270210266
3,93,0.9573497772216797,0.8238916993141174,0.380892276763916,,,
3,94,0.9635000228881836,0.8305559754371643,0.4019726514816284,,,
3,95,0.9601011276245117,0.7949870228767395,0.45219025015830994,,,
3,96,0.9510459899902344,0.7270517945289612,0.5151373744010925,,,
3,97,0.9564170837402344,0.7043085694313049,0.5794951915740967,,,
3,98,0.9625244140625,0.7854342460632324,0.4795514643192291,,,
3,99,0.9604721069335938,0.7916463613510132,0.45339661836624146,,,
3,100,0.9752082824707031,0.8853407502174377,0.36330318450927734,,,
3,101,0.9608678817749023,0.8124985694885254,0.4109798073768616,,,
3,102,0.9682340621948242,0.8484066724777222,0.3883340656757355,,,
3,103,0.9215583801269531,0.5010131001472473,0.687913179397583,,,
3,104,0.977625846862793,0.9085736870765686,0.29697903990745544,,,
3,105,0.9681777954101562,0.8428032398223877,0.3971893787384033,,,
3,106,0.9700632095336914,0.8388751149177551,0.41529878973960876,,,
3,107,0.9581260681152344,0.7772241830825806,0.45363953709602356,,,
3,108,0.9715232849121094,0.8488858938217163,0.40088531374931335,,,
3,109,0.9678802490234375,0.8512341380119324,0.36950016021728516,,,
3,110,0.952357292175293,0.7547857761383057,0.47442346811294556,,,
3,111,0.9669656753540039,0.7884473204612732,0.4893457889556885,,,
3,112,0.9689693450927734,0.8615899085998535,0.3466288149356842,,,
3,113,0.9689712524414062,0.8518113493919373,0.3668452501296997,,,
3,114,0.9760503768920898,0.9126227498054504,0.25827261805534363,,,
3,115,0.9626712799072266,0.8753582239151001,0.27885672450065613,,,
3,116,0.9741554260253906,0.8889722228050232,0.30775895714759827,,,
3,117,0.9792900085449219,0.9314455389976501,0.22308501601219177,,,
3,118,0.9730510711669922,0.8935800790786743,0.2851509749889374,,,
3,119,0.9559049606323242,0.7731200456619263,0.43357914686203003,,,
3,120,0.9538803100585938,0.7797011733055115,0.41548416018486023,,,
3,121,0.9695253372192383,0.8530534505844116,0.3563389182090759,,,
3,122,0.964630126953125,0.8287442326545715,0.37462669610977173,,,
3,123,0.9726142883300781,0.8729380369186401,0.32704678177833557,,,
3,123,,,,0.9537345170974731,0.8431425094604492,0.34504884481430054
4,124,0.9682235717773438,0.8941869735717773,0.2453276365995407,,,
4,125,0.9685907363891602,0.8698699474334717,0.30423811078071594,,,
4,126,0.9798755645751953,0.924688994884491,0.2405705749988556,,,
4,127,0.964228630065918,0.8428711891174316,0.33834198117256165,,,
4,128,0.9547700881958008,0.7968482375144958,0.38212472200393677,,,
4,129,0.967137336730957,0.8924551010131836,0.24442942440509796,,,
4,130,0.9633293151855469,0.7927473187446594,0.43125322461128235,,,
4,131,0.9732046127319336,0.8521599769592285,0.39231589436531067,,,
4,132,0.9750604629516602,0.8684656620025635,0.35884591937065125,,,
4,133,0.9791221618652344,0.9225547313690186,0.2320363074541092,,,
4,134,0.9753656387329102,0.8655790686607361,0.3670320510864258,,,
4,135,0.9591121673583984,0.8000746369361877,0.387645959854126,,,
4,136,0.9491252899169922,0.6392810940742493,0.5893399119377136,,,
4,137,0.9652185440063477,0.8355473279953003,0.35339438915252686,,,
4,138,0.9724540710449219,0.8815239071846008,0.2928449809551239,,,
4,139,0.9747486114501953,0.9090874791145325,0.23284541070461273,,,
4,140,0.9694252014160156,0.8443794846534729,0.35581979155540466,,,
4,141,0.9703445434570312,0.7960450053215027,0.4711844325065613,,,
4,142,0.9693574905395508,0.818792462348938,0.4171253740787506,,,
4,143,0.9762306213378906,0.9156519770622253,0.22049619257450104,,,
4,144,0.9729204177856445,0.9055018424987793,0.22549320757389069,,,
4,145,0.97265625,0.8217281103134155,0.43240466713905334,,,
4,146,0.9638185501098633,0.7762793302536011,0.4510784447193146,,,
4,147,0.9726438522338867,0.8632608652114868,0.3298247158527374,,,
4,148,0.976806640625,0.8574468493461609,0.39158037304878235,,,
4,149,0.9737100601196289,0.8824745416641235,0.2880306839942932,,,
4,150,0.9778909683227539,0.809572696685791,0.5203851461410522,,,
4,151,0.9631242752075195,0.6697978377342224,0.6094900369644165,,,
4,152,0.9647035598754883,0.8054888248443604,0.40087324380874634,,,
4,153,0.9758148193359375,0.8504372835159302,0.3919539749622345,,,
4,154,0.9639104008674622,0.8417534232139587,0.3308224380016327,,,
4,154,,,,0.9515669345855713,0.8379078507423401,0.3340209722518921
5,155,0.9809446334838867,0.9121077060699463,0.2656487822532654,,,
5,156,0.9790821075439453,0.9099704027175903,0.25361117720603943,,,
5,157,0.979578971862793,0.906120777130127,0.27185821533203125,,,
5,158,0.9469709396362305,0.6014092564582825,0.6132297515869141,,,
5,159,0.9579877853393555,0.7154897451400757,0.5163719654083252,,,
5,160,0.9765214920043945,0.8503922820091248,0.39351311326026917,,,
5,161,0.9674777984619141,0.7648510932922363,0.4870589077472687,,,
5,162,0.9791421890258789,0.8078271746635437,0.5202094316482544,,,
5,163,0.9771308898925781,0.9054468870162964,0.24262502789497375,,,
5,164,0.9679899215698242,0.7956543564796448,0.43035489320755005,,,
5,165,0.9581146240234375,0.7712523937225342,0.40985679626464844,,,
5,166,0.9659080505371094,0.8272659778594971,0.34567025303840637,,,
5,167,0.9782867431640625,0.9207496047019958,0.20784349739551544,,,
5,168,0.9747447967529297,0.8895865678787231,0.26068323850631714,,,
5,169,0.9738988876342773,0.8623144030570984,0.32316887378692627,,,
5,170,0.9760503768920898,0.8460033535957336,0.3810111880302429,,,
5,171,0.942901611328125,0.5247235298156738,0.6600680947303772,,,
5,172,0.9800138473510742,0.8919458389282227,0.3013354241847992,,,
5,173,0.969365119934082,0.8838723301887512,0.2401178777217865,,,
5,174,0.9723081588745117,0.8822004795074463,0.25646185874938965,,,
5,175,0.9678030014038086,0.8615109324455261,0.2807391285896301,,,
5,176,0.9673891067504883,0.8592056632041931,0.27876031398773193,,,
5,177,0.9749822616577148,0.8839617371559143,0.2691327631473541,,,
5,178,0.9744014739990234,0.9027227759361267,0.21845316886901855,,,
5,179,0.9802865982055664,0.9129077196121216,0.2379734069108963,,,
5,180,0.9808139801025391,0.8844815492630005,0.32917481660842896,,,
5,181,0.9824457168579102,0.9414879679679871,0.16468080878257751,,,
5,182,0.979252815246582,0.9242152571678162,0.19047591090202332,,,
5,183,0.9678878784179688,0.7469393014907837,0.49357104301452637,,,
5,184,0.9792194366455078,0.9271783232688904,0.1831936538219452,,,
5,185,0.9749107360839844,0.8871314525604248,0.25402095913887024,,,
5,185,,,,0.9546805620193481,0.8463239073753357,0.30192604660987854
6,186,0.9472675323486328,0.5782946944236755,0.6109930276870728,,,
6,187,0.973078727722168,0.8676931262016296,0.28967028856277466,,,
6,188,0.9649934768676758,0.8232452869415283,0.3340347409248352,,,
6,189,0.97955322265625,0.9263955950737,0.1844797134399414,,,
6,190,0.9797906875610352,0.9071376323699951,0.23973052203655243,,,
6,191,0.980067253112793,0.8994041681289673,0.2641482651233673,,,
6,192,0.9789962768554688,0.9117242693901062,0.21941669285297394,,,
6,193,0.9684162139892578,0.7279701828956604,0.5234108567237854,,,
6,194,0.9725131988525391,0.8900184035301208,0.22735296189785004,,,
6,195,0.9747915267944336,0.7829232811927795,0.480362206697464,,,
6,196,0.9767923355102539,0.9182407259941101,0.18442708253860474,,,
6,197,0.9796247482299805,0.9053678512573242,0.23693960905075073,,,
6,198,0.9714889526367188,0.7199149131774902,0.5560990571975708,,,
6,199,0.9752740859985352,0.8887873888015747,0.24888843297958374,,,
6,200,0.9714832305908203,0.8777918815612793,0.2510833740234375,,,
6,201,0.9769811630249023,0.9074380993843079,0.20911267399787903,,,
6,202,0.9746408462524414,0.8985006809234619,0.21628129482269287,,,
6,203,0.9733562469482422,0.89764803647995,0.20961931347846985,,,
6,204,0.9697074890136719,0.8173894882202148,0.36415496468544006,,,
6,205,0.9778318405151367,0.9017660617828369,0.2262575626373291,,,
6,206,0.9841241836547852,0.9217171669006348,0.22994397580623627,,,
6,207,0.978271484375,0.8716618418693542,0.3093023896217346,,,
6,208,0.9775066375732422,0.8327945470809937,0.3949168622493744,,,
6,209,0.9831867218017578,0.9359607696533203,0.17096392810344696,,,
6,210,0.9784755706787109,0.8714011311531067,0.31125351786613464,,,
6,211,0.9489212036132812,0.6279418468475342,0.5406438708305359,,,
6,212,0.9748687744140625,0.9045839905738831,0.19759006798267365,,,
6,213,0.9798250198364258,0.9009008407592773,0.24151518940925598,,,
6,214,0.9835624694824219,0.9238060116767883,0.20930267870426178,,,
6,215,0.9806423187255859,0.8709591031074524,0.33351463079452515,,,
6,216,0.9804496765136719,0.9087131023406982,0.2220783829689026,,,
6,216,,,,0.9553396701812744,0.8477920889854431,0.2916797399520874
7,217,0.97979736328125,0.8787941336631775,0.29843223094940186,,,
7,218,0.9799022674560547,0.9228256344795227,0.1798020899295807,,,
7,219,0.9773874282836914,0.905412495136261,0.2058095633983612,,,
7,220,0.9781770706176758,0.8913097381591797,0.24741753935813904,,,
7,221,0.9858036041259766,0.9170150756835938,0.2554316520690918,,,
7,222,0.9773216247558594,0.9109539985656738,0.19064562022686005,,,
7,223,0.9777326583862305,0.8728101849555969,0.28665128350257874,,,
7,224,0.981109619140625,0.8977562189102173,0.25622788071632385,,,
7,225,0.9767141342163086,0.8553795218467712,0.32181212306022644,,,
7,226,0.978306770324707,0.8983919024467468,0.2275400161743164,,,
7,227,0.9738645553588867,0.857837975025177,0.29211699962615967,,,
7,228,0.975184440612793,0.7891978025436401,0.44315627217292786,,,
7,229,0.9773645401000977,0.9221274852752686,0.16170546412467957,,,
7,230,0.9762601852416992,0.879769504070282,0.25463351607322693,,,
7,231,0.9817752838134766,0.9335165619850159,0.15767309069633484,,,
7,232,0.9714260101318359,0.8865848779678345,0.2088029533624649,,,
7,233,0.9696435928344727,0.8018661141395569,0.37131214141845703,,,
7,234,0.9703149795532227,0.7989354729652405,0.3798288106918335,,,
7,235,0.9793233871459961,0.9169955849647522,0.18026292324066162,,,
7,236,0.9736175537109375,0.8175041675567627,0.3664628267288208,,,
7,237,0.9763011932373047,0.8899790048599243,0.22423513233661652,,,
7,238,0.9817628860473633,0.8249049782752991,0.44189944863319397,,,
7,239,0.9807834625244141,0.9046564698219299,0.2239854484796524,,,
7,240,0.9762372970581055,0.7687259912490845,0.4801095426082611,,,
7,241,0.9788675308227539,0.8743948936462402,0.28498661518096924,,,
7,242,0.9765214920043945,0.9059043526649475,0.18783125281333923,,,
7,243,0.9856052398681641,0.9463408589363098,0.1414208859205246,,,
7,244,0.984349250793457,0.938639223575592,0.15333740413188934,,,
7,245,0.9828853607177734,0.9240503311157227,0.1836375892162323,,,
7,246,0.9632949829101562,0.6453307271003723,0.5580113530158997,,,
7,247,0.9717381596565247,0.9000616073608398,0.18071454763412476,,,
7,247,,,,0.962921142578125,0.8681924939155579,0.26300591230392456
8,248,0.9732866287231445,0.9024333357810974,0.17649690806865692,,,
8,249,0.9788341522216797,0.7810032963752747,0.4947524666786194,,,
8,250,0.9734697341918945,0.8568944931030273,0.2738345265388489,,,
8,251,0.9787673950195312,0.8971544504165649,0.21947509050369263,,,
8,252,0.9786109924316406,0.8992108702659607,0.21185193955898285,,,
8,253,0.9862432479858398,0.9257132411003113,0.21259143948554993,,,
8,254,0.9844017028808594,0.9073928594589233,0.24768826365470886,,,
8,255,0.9729709625244141,0.8991574645042419,0.18608838319778442,,,
8,256,0.9454822540283203,0.5699282288551331,0.5791271328926086,,,
8,257,0.9748134613037109,0.9160918593406677,0.15163768827915192,,,
8,258,0.9810571670532227,0.8987738490104675,0.2304062694311142,,,
8,259,0.9759731292724609,0.8031210899353027,0.4003743827342987,,,
8,260,0.9813499450683594,0.9378862977027893,0.1345784068107605,,,
8,261,0.9719610214233398,0.8573750257492065,0.2577945590019226,,,
8,262,0.9728565216064453,0.816041886806488,0.34669461846351624,,,
8,263,0.9841451644897461,0.9357714056968689,0.15314292907714844,,,
8,264,0.9814243316650391,0.9248304963111877,0.162854865193367,,,
8,265,0.9764013290405273,0.8935492634773254,0.2055971920490265,,,
8,266,0.9804716110229492,0.8735964298248291,0.2878674566745758,,,
8,267,0.9844141006469727,0.917557418346405,0.20781759917736053,,,
8,268,0.9783601760864258,0.8857837319374084,0.23534493148326874,,,
8,269,0.9777917861938477,0.8810437321662903,0.24025744199752808,,,
8,270,0.9797430038452148,0.9136042594909668,0.17607128620147705,,,
8,271,0.9819774627685547,0.9475265741348267,0.11637284606695175,,,
8,272,0.9769515991210938,0.8912448883056641,0.2127416431903839,,,
8,273,0.9800300598144531,0.8679189085960388,0.29306748509407043,,,
8,274,0.9767627716064453,0.8817304968833923,0.23253463208675385,,,
8,275,0.9595556259155273,0.7004337310791016,0.45480111241340637,,,
8,276,0.9801473617553711,0.8672909736633301,0.29619163274765015,,,
8,277,0.9757099151611328,0.8744206428527832,0.23837915062904358,,,
8,278,0.9820277094841003,0.8870391249656677,0.26061633229255676,,,
8,278,,,,0.9602139592170715,0.8614856600761414,0.259851336479187
9,279,0.9762229919433594,0.9145236611366272,0.15393614768981934,,,
9,280,0.9730815887451172,0.7541160583496094,0.44624993205070496,,,
9,281,0.9748039245605469,0.848032534122467,0.28632116317749023,,,
9,282,0.9777956008911133,0.8941873908042908,0.20242828130722046,,,
9,283,0.9800930023193359,0.9284436106681824,0.14133892953395844,,,
9,284,0.9791040420532227,0.9165406227111816,0.16344092786312103,,,
9,285,0.980769157409668,0.833803117275238,0.3688048720359802,,,
9,286,0.9768657684326172,0.9114173650741577,0.1623889058828354,,,
9,287,0.9841022491455078,0.9292165637016296,0.16132794320583344,,,
9,288,0.980748176574707,0.8812522292137146,0.2563379108905792,,,
9,289,0.9755344390869141,0.760650098323822,0.45117858052253723,,,
9,290,0.9753284454345703,0.8298787474632263,0.32589277625083923,,,
9,291,0.9738245010375977,0.8362780809402466,0.29763248562812805,,,
9,292,0.973790168762207,0.8548353910446167,0.2593119740486145,,,
9,293,0.977656364440918,0.9276690483093262,0.133515402674675,,,
9,294,0.9836263656616211,0.8915407061576843,0.25696811079978943,,,
9,295,0.9866533279418945,0.9436192512512207,0.13818250596523285,,,
9,296,0.979435920715332,0.906383752822876,0.18291746079921722,,,
9,297,0.9802541732788086,0.8369068503379822,0.3497465252876282,,,
9,298,0.9812602996826172,0.9523037672042847,0.10527529567480087,,,
9,299,0.9806785583496094,0.931451678276062,0.13153177499771118,,,
9,300,0.9806556701660156,0.8834406733512878,0.24008992314338684,,,
9,301,0.9819478988647461,0.8842453956604004,0.25123798847198486,,,
9,302,0.9795970916748047,0.9126012325286865,0.16689448058605194,,,
9,303,0.9828062057495117,0.9144689440727234,0.18359887599945068,,,
9,304,0.9808435440063477,0.8713303804397583,0.2704114615917206,,,
9,305,0.9770355224609375,0.8714519739151001,0.2422652542591095,,,
9,306,0.9849824905395508,0.9202024936676025,0.18676908314228058,,,
9,307,0.9771614074707031,0.864606499671936,0.256889283657074,,,
9,308,0.9793920516967773,0.8992075324058533,0.19428686797618866,,,
9,309,0.9788131713867188,0.8280034065246582,0.3472393751144409,,,
9,309,,,,0.9618394374847412,0.8639777898788452,0.2503451108932495
10,310,0.9854831695556641,0.9430128931999207,0.12657001614570618,,,
10,311,0.9865570068359375,0.9541133642196655,0.10527122020721436,,,
10,312,0.9822721481323242,0.9121158123016357,0.18243707716464996,,,
10,313,0.985870361328125,0.9304484724998474,0.1649637669324875,,,
10,314,0.974452018737793,0.919651985168457,0.13541832566261292,,,
10,315,0.9752302169799805,0.9117369055747986,0.14832907915115356,,,
10,316,0.9856843948364258,0.9491462707519531,0.10991199314594269,,,
10,317,0.9813213348388672,0.8508619666099548,0.3174299895763397,,,
10,318,0.9682846069335938,0.7565642595291138,0.38986852765083313,,,
10,319,0.985112190246582,0.9365793466567993,0.13975252211093903,,,
10,320,0.9800004959106445,0.9109322428703308,0.16891351342201233,,,
10,321,0.9757623672485352,0.8590975403785706,0.25462812185287476,,,
10,322,0.9813766479492188,0.8862302899360657,0.23588688671588898,,,
10,323,0.9802169799804688,0.8329979181289673,0.3407459855079651,,,
10,324,0.9755859375,0.8190301060676575,0.3288002908229828,,,
10,325,0.980412483215332,0.8874489068984985,0.22110825777053833,,,
10,326,0.9802818298339844,0.9082021117210388,0.17263780534267426,,,
10,327,0.9798202514648438,0.9125818610191345,0.1599164605140686,,,
10,328,0.9696798324584961,0.8723280429840088,0.1968620866537094,,,
10,329,0.9841995239257812,0.9255608320236206,0.1566758006811142,,,
10,330,0.985504150390625,0.9237456917762756,0.17322514951229095,,,
10,331,0.9864187240600586,0.9189041256904602,0.19499045610427856,,,
10,332,0.9864873886108398,0.9395530819892883,0.1360209435224533,,,
10,333,0.9821720123291016,0.8993793725967407,0.2041597068309784,,,
10,334,0.9804477691650391,0.8672090172767639,0.26418402791023254,,,
10,335,0.9795618057250977,0.8748072385787964,0.23903857171535492,,,
10,336,0.9834995269775391,0.8569219708442688,0.319975882768631,,,
10,337,0.9808797836303711,0.90605229139328,0.1778394728899002,,,
10,338,0.9793081283569336,0.8521640300750732,0.2880178987979889,,,
10,339,0.9855251312255859,0.9262831807136536,0.16223344206809998,,,
10,340,0.9766032099723816,0.8567736744880676,0.25433459877967834,,,
10,340,,,,0.9564285278320312,0.8515031337738037,0.24940599501132965
11,341,0.9857692718505859,0.9450424909591675,0.1142997294664383,,,
11,342,0.9785556793212891,0.8505168557167053,0.2760894000530243,,,
11,343,0.9828281402587891,0.9158244132995605,0.1650732159614563,,,
11,344,0.9821243286132812,0.8528370261192322,0.30737507343292236,,,
11,345,0.9824028015136719,0.9365400075912476,0.11541124433279037,,,
11,346,0.9775104522705078,0.909372866153717,0.1495831310749054,,,
11,347,0.9815340042114258,0.9001845717430115,0.1911311149597168,,,
11,348,0.9770927429199219,0.925424337387085,0.11971709877252579,,,
11,349,0.981755256652832,0.9278483986854553,0.1308717280626297,,,
11,350,0.9825763702392578,0.9264039397239685,0.13754902780056,,,
11,351,0.9771556854248047,0.8653263449668884,0.23504452407360077,,,
11,352,0.9798030853271484,0.8959956169128418,0.1871558278799057,,,
11,353,0.9734954833984375,0.8424980640411377,0.26069772243499756,,,
11,354,0.985112190246582,0.9249749183654785,0.15845943987369537,,,
11,355,0.9871425628662109,0.9407392144203186,0.13075470924377441,,,
11,356,0.980778694152832,0.8658426403999329,0.26206544041633606,,,
11,357,0.9846534729003906,0.9495992660522461,0.09797565639019012,,,
11,358,0.9843912124633789,0.9412731528282166,0.11335740983486176,,,
11,359,0.9825477600097656,0.8554102778434753,0.2992324233055115,,,
11,360,0.9777593612670898,0.806342601776123,0.35174989700317383,,,
11,361,0.9750127792358398,0.9094149470329285,0.14128708839416504,,,
11,362,0.9766483306884766,0.8633182048797607,0.23176226019859314,,,
11,363,0.9661140441894531,0.6608085632324219,0.49102434515953064,,,
11,364,0.9820461273193359,0.9102447032928467,0.16574975848197937,,,
11,365,0.9809141159057617,0.9116825461387634,0.15908783674240112,,,
11,366,0.9817657470703125,0.8980467915534973,0.1934371143579483,,,
11,367,0.9830198287963867,0.905375599861145,0.18385058641433716,,,
11,368,0.984349250793457,0.926670491695404,0.14140790700912476,,,
11,369,0.9878625869750977,0.9403946399688721,0.13653671741485596,,,
11,370,0.9872550964355469,0.8896868228912354,0.2736770808696747,,,
11,371,0.9784749150276184,0.8001298904418945,0.36124300956726074,,,
11,371,,,,0.9611274003982544,0.8643548488616943,0.23408164083957672
12,372,0.9788532257080078,0.8904268145561218,0.1890341192483902,,,
12,373,0.9867591857910156,0.949388325214386,0.1026725098490715,,,
12,374,0.9770240783691406,0.926627516746521,0.12106214463710785,,,
12,375,0.9670877456665039,0.6518787741661072,0.5092442035675049,,,
12,376,0.9816141128540039,0.922073245048523,0.13993744552135468,,,
12,377,0.9848670959472656,0.9494496583938599,0.09665918350219727,,,
12,378,0.9848794937133789,0.9391264915466309,0.11542493104934692,,,
12,379,0.9885063171386719,0.9484525322914124,0.11580632627010345,,,
12,380,0.9816722869873047,0.9250631928443909,0.12910129129886627,,,
12,381,0.9778041839599609,0.8434698581695557,0.273860365152359,,,
12,382,0.9838218688964844,0.8839536905288696,0.2393186390399933,,,
12,383,0.9794378280639648,0.9046239256858826,0.15990415215492249,,,
12,384,0.9823637008666992,0.9043923616409302,0.17808321118354797,,,
12,385,0.980377197265625,0.9128859043121338,0.14676369726657867,,,
12,386,0.9798707962036133,0.8493626713752747,0.2719186842441559,,,
12,387,0.9813165664672852,0.9218756556510925,0.13251659274101257,,,
12,388,0.9837875366210938,0.9134578108787537,0.16551488637924194,,,
12,389,0.980137825012207,0.8687095642089844,0.23606431484222412,,,
12,390,0.9846401214599609,0.8312341570854187,0.3630617558956146,,,
12,391,0.9849681854248047,0.903939425945282,0.19650453329086304,,,
12,392,0.980198860168457,0.8388978838920593,0.2951592803001404,,,
12,393,0.980992317199707,0.9187077283859253,0.13803419470787048,,,
12,394,0.9828863143920898,0.9052193760871887,0.17603150010108948,,,
12,395,0.9852762222290039,0.9296773076057434,0.13681548833847046,,,
12,396,0.9841327667236328,0.8232500553131104,0.36505991220474243,,,
12,397,0.9832773208618164,0.9389709234237671,0.10572110861539841,,,
12,398,0.9830961227416992,0.925723671913147,0.12984241545200348,,,
12,399,0.9778528213500977,0.9012308120727539,0.1572054773569107,,,
12,400,0.9847908020019531,0.9188702702522278,0.15560640394687653,,,
12,401,0.9796648025512695,0.9119880795478821,0.14121103286743164,,,
12,402,0.982458770275116,0.8471502065658569,0.29361000657081604,,,
12,402,,,,0.9617873430252075,0.8656204342842102,0.22498314082622528
13,403,0.983428955078125,0.9236102104187012,0.1349445879459381,,,
13,404,0.9838457107543945,0.915912926197052,0.1570265293121338,,,
13,405,0.9845151901245117,0.9133541584014893,0.16820736229419708,,,
13,406,0.9883079528808594,0.950835108757019,0.10104404389858246,,,
13,407,0.98419189453125,0.9283850193023682,0.12960347533226013,,,
13,408,0.9808931350708008,0.8628829121589661,0.24759924411773682,,,
13,409,0.9858465194702148,0.9297527074813843,0.13733956217765808,,,
13,410,0.976593017578125,0.7368612885475159,0.4358169138431549,,,
13,411,0.9788541793823242,0.8547604084014893,0.24793264269828796,,,
13,412,0.9792919158935547,0.9383186101913452,0.09809289127588272,,,
13,413,0.9852705001831055,0.8844300508499146,0.2397674322128296,,,
13,414,0.9790744781494141,0.9156290888786316,0.13255423307418823,,,
13,415,0.9815530776977539,0.9189577698707581,0.13393110036849976,,,
13,416,0.9862461090087891,0.9156391024589539,0.17284299433231354,,,
13,417,0.9848041534423828,0.9084752798080444,0.1742829531431198,,,
13,418,0.9777259826660156,0.8744598031044006,0.20036549866199493,,,
13,419,0.9787092208862305,0.8836876153945923,0.18807408213615417,,,
13,420,0.9831972122192383,0.8788447380065918,0.22690367698669434,,,
13,421,0.9853935241699219,0.9151890873908997,0.162409707903862,,,
13,422,0.9840583801269531,0.9493548274040222,0.08729206025600433,,,
13,423,0.9823675155639648,0.8661594390869141,0.2451329231262207,,,
13,424,0.9812488555908203,0.9060596227645874,0.15672458708286285,,,
13,425,0.9875593185424805,0.9022692441940308,0.21638375520706177,,,
13,426,0.9807405471801758,0.9227529764175415,0.12326653301715851,,,
13,427,0.9863758087158203,0.8701945543289185,0.27733200788497925,,,
13,428,0.983098030090332,0.9572756290435791,0.08332277089357376,,,
13,429,0.9808444976806641,0.9011749029159546,0.16114909946918488,,,
13,430,0.9821567535400391,0.9122481942176819,0.14549052715301514,,,
13,431,0.9836006164550781,0.9147303104400635,0.14948266744613647,,,
13,432,0.9827995300292969,0.9087768793106079,0.15960267186164856,,,
13,433,0.9813817143440247,0.9106334447860718,0.14553019404411316,,,
13,433,,,,0.9622158408164978,0.8665129542350769,0.21861174702644348
14,434,0.983851432800293,0.8941303491592407,0.19796021282672882,,,
14,435,0.9840784072875977,0.9262776970863342,0.1284000128507614,,,
14,436,0.9833660125732422,0.9298442006111145,0.11785532534122467,,,
14,437,0.9763145446777344,0.8020988702774048,0.312167227268219,,,
14,438,0.9804744720458984,0.924795389175415,0.11717140674591064,,,
14,439,0.9796047210693359,0.8119366765022278,0.31866559386253357,,,
14,440,0.9846057891845703,0.9111876487731934,0.16348467767238617,,,
14,441,0.9865875244140625,0.9424470067024231,0.10570128262042999,,,
14,442,0.98431396484375,0.8611221313476562,0.2724379897117615,,,
14,443,0.9842967987060547,0.8809072375297546,0.2261001169681549,,,
14,444,0.9861087799072266,0.9367215633392334,0.11425705254077911,,,
14,445,0.9844026565551758,0.9429377913475037,0.09793908894062042,,,
14,446,0.983184814453125,0.9078884124755859,0.15814553201198578,,,
14,447,0.9888324737548828,0.9662620425224304,0.06735337525606155,,,
14,448,0.9848976135253906,0.9366899132728577,0.10853864997625351,,,
14,449,0.9836454391479492,0.8968369364738464,0.18218247592449188,,,
14,450,0.9783029556274414,0.8637819886207581,0.21448759734630585,,,
14,451,0.9831161499023438,0.9247547388076782,0.12308253347873688,,,
14,452,0.9832820892333984,0.8567283749580383,0.26502132415771484,,,
14,453,0.9847955703735352,0.8981434106826782,0.19120614230632782,,,
14,454,0.986760139465332,0.9352731704711914,0.11829215288162231,,,
14,455,0.9873437881469727,0.942952573299408,0.10462380945682526,,,
14,456,0.9880046844482422,0.9499289393424988,0.0921759083867073,,,
14,457,0.9815254211425781,0.9140862822532654,0.13458150625228882,,,
14,458,0.9856090545654297,0.9301654100418091,0.12403341382741928,,,
14,459,0.9808444976806641,0.901964008808136,0.1563691645860672,,,
14,460,0.9828691482543945,0.9225171804428101,0.12667733430862427,,,
14,461,0.9848613739013672,0.8849818706512451,0.2139931470155716,,,
14,462,0.9789342880249023,0.9141877889633179,0.1258542537689209,,,
14,463,0.982457160949707,0.8968421816825867,0.1746368259191513,,,
14,464,0.9815877079963684,0.9110925793647766,0.1421135514974594,,,
14,464,,,,0.962910532951355,0.8691161870956421,0.21311253309249878
15,465,0.9679832458496094,0.6372202634811401,0.5004129409790039,,,
15,466,0.9851932525634766,0.9253823161125183,0.12960658967494965,,,
15,467,0.9843072891235352,0.9229544401168823,0.1315082460641861,,,
15,468,0.9825439453125,0.9095272421836853,0.14985798299312592,,,
15,469,0.9867610931396484,0.9382179379463196,0.11200880259275436,,,
15,470,0.9820127487182617,0.9047284722328186,0.15326419472694397,,,
15,471,0.9828901290893555,0.9441189765930176,0.08875013887882233,,,
15,472,0.9869384765625,0.9346643090248108,0.11984795331954956,,,
15,473,0.9799528121948242,0.9236186146736145,0.11235132068395615,,,
15,474,0.9842615127563477,0.9366604089736938,0.10386922210454941,,,
15,475,0.9751338958740234,0.7834942936897278,0.33041515946388245,,,
15,476,0.98370361328125,0.8954452872276306,0.18409226834774017,,,
15,477,0.9876899719238281,0.9156753420829773,0.18330489099025726,,,
15,478,0.9854335784912109,0.9322429299354553,0.11561911553144455,,,
15,479,0.9822483062744141,0.9073616862297058,0.14918576180934906,,,
15,480,0.9860544204711914,0.9416689872741699,0.09819983690977097,,,
15,481,0.9840526580810547,0.9277685880661011,0.11663999408483505,,,
15,482,0.9844598770141602,0.902910590171814,0.16987164318561554,,,
15,483,0.9846525192260742,0.9065853953361511,0.16256122291088104,,,
15,484,0.9841489791870117,0.8453572988510132,0.281656950712204,,,
15,485,0.9764270782470703,0.8902602791786194,0.15712162852287292,,,
15,486,0.9803323745727539,0.8686884641647339,0.21139152348041534,,,
15,487,0.9829807281494141,0.9022335410118103,0.16025325655937195,,,
15,488,0.9844465255737305,0.9189284443855286,0.1358729600906372,,,
15,489,0.9836444854736328,0.9100903272628784,0.15028077363967896,,,
15,490,0.9787702560424805,0.9073516130447388,0.1331426054239273,,,
15,491,0.9838094711303711,0.9336779117584229,0.10269054025411606,,,
15,492,0.9754810333251953,0.9073670506477356,0.12713736295700073,,,
15,493,0.9877042770385742,0.9476980566978455,0.09236926585435867,,,
15,494,0.9829206466674805,0.904074490070343,0.15317271649837494,,,
15,495,0.9842720031738281,0.9179964661598206,0.13470862805843353,,,
15,495,,,,0.9632886052131653,0.8702116012573242,0.20612576603889465
16,496,0.9851217269897461,0.9484983086585999,0.08260393887758255,,,
16,497,0.9841814041137695,0.9407433867454529,0.0902383103966713,,,
16,498,0.9855623245239258,0.9022223949432373,0.1766597181558609,,,
16,499,0.9844303131103516,0.9096053242683411,0.15243493020534515,,,
16,500,0.9821891784667969,0.9294947385787964,0.10461539775133133,,,
16,501,0.9871940612792969,0.9120046496391296,0.1673482358455658,,,
16,502,0.9841814041137695,0.8943038582801819,0.1787535548210144,,,
16,503,0.9849071502685547,0.9199494123458862,0.13200660049915314,,,
16,504,0.981318473815918,0.9322351217269897,0.0996285006403923,,,
16,505,0.9855060577392578,0.9036796689033508,0.1706347018480301,,,
16,506,0.9838714599609375,0.9449034333229065,0.08440611511468887,,,
16,507,0.9844741821289062,0.9216863512992859,0.12808725237846375,,,
16,508,0.9771518707275391,0.8054836392402649,0.2954206168651581,,,
16,509,0.9831733703613281,0.9259945750236511,0.11343353986740112,,,
16,510,0.9848108291625977,0.8601864576339722,0.25667405128479004,,,
16,511,0.9887456893920898,0.9429823756217957,0.10627950727939606,,,
16,512,0.9853153228759766,0.9210245609283447,0.1326301246881485,,,
16,513,0.9840965270996094,0.9044595956802368,0.159423828125,,,
16,514,0.9803667068481445,0.9361086487770081,0.09364593774080276,,,
16,515,0.9781618118286133,0.8933894038200378,0.1520662158727646,,,
16,516,0.9800319671630859,0.9140557050704956,0.12374170869588852,,,
16,517,0.9790143966674805,0.8783918023109436,0.1783948838710785,,,
16,518,0.979557991027832,0.8332321643829346,0.26219186186790466,,,
16,519,0.984161376953125,0.7754552960395813,0.41227978467941284,,,
16,520,0.9832534790039062,0.9082304835319519,0.14680115878582,,,
16,521,0.9854536056518555,0.9589443206787109,0.07312474399805069,,,
16,522,0.9799566268920898,0.8263387680053711,0.27753227949142456,,,
16,523,0.985814094543457,0.9468526244163513,0.08271600306034088,,,
16,524,0.9864835739135742,0.9157412052154541,0.14967365562915802,,,
16,525,0.9826622009277344,0.8375639915466309,0.2737547755241394,,,
16,526,0.987267792224884,0.9367973804473877,0.11178246885538101,,,
16,526,,,,0.9628461003303528,0.8693494200706482,0.20645181834697723
17,527,0.9820194244384766,0.8878939151763916,0.180795818567276,,,
17,528,0.9853944778442383,0.8930964469909668,0.18809619545936584,,,
17,529,0.9787731170654297,0.8983606696128845,0.14514660835266113,,,
17,530,0.9877157211303711,0.9387811422348022,0.10894471406936646,,,
17,531,0.9908475875854492,0.9642764329910278,0.06729448586702347,,,
17,532,0.9862327575683594,0.9479659795761108,0.08323677629232407,,,
17,533,0.9832448959350586,0.8765754103660583,0.20327897369861603,,,
17,534,0.9867830276489258,0.8887408375740051,0.2132500559091568,,,
17,535,0.9856433868408203,0.9267345666885376,0.12071830034255981,,,
17,536,0.9795732498168945,0.8370075821876526,0.251792848110199,,,
17,537,0.9810705184936523,0.881135880947113,0.18356071412563324,,,
17,538,0.9871988296508789,0.9228452444076538,0.13681428134441376,,,
17,539,0.9837493896484375,0.9247003793716431,0.11412228643894196,,,
17,540,0.986083984375,0.8839223980903625,0.2099190652370453,,,
17,541,0.9856739044189453,0.9140312671661377,0.1440538763999939,,,
17,542,0.9842996597290039,0.9568249583244324,0.07079028338193893,,,
17,543,0.9800386428833008,0.7545096278190613,0.3839074373245239,,,
17,544,0.9865303039550781,0.9426701664924622,0.09138593822717667,,,
17,545,0.9839611053466797,0.9269890189170837,0.11075800657272339,,,
17,546,0.9851589202880859,0.9332509636878967,0.10273190587759018,,,
17,547,0.9870481491088867,0.9494574069976807,0.08163368701934814,,,
17,548,0.9844093322753906,0.879623293876648,0.20356999337673187,,,
17,549,0.9841833114624023,0.9111976027488708,0.1412074714899063,,,
17,550,0.9825677871704102,0.946491003036499,0.07962334901094437,,,
17,551,0.9841156005859375,0.880494236946106,0.2001350075006485,,,
17,552,0.9838705062866211,0.9596335887908936,0.07284636050462723,,,
17,553,0.9849510192871094,0.9187999963760376,0.12663677334785461,,,
17,554,0.9852943420410156,0.9116691946983337,0.1446850299835205,,,
17,555,0.9858942031860352,0.9179025888442993,0.1370036005973816,,,
17,556,0.98065185546875,0.891371488571167,0.1595427542924881,,,
17,557,0.9865557551383972,0.8924918174743652,0.19457301497459412,,,
17,557,,,,0.9613320827484131,0.8644582033157349,0.20688918232917786
18,558,0.9838476181030273,0.9330862760543823,0.10000737756490707,,,
18,559,0.9833030700683594,0.9191667437553406,0.11940097063779831,,,
18,560,0.9858083724975586,0.8777047991752625,0.2166534662246704,,,
18,561,0.9830656051635742,0.9230865836143494,0.11298632621765137,,,
18,562,0.9866418838500977,0.9384908080101013,0.09742135554552078,,,
18,563,0.988037109375,0.9113898873329163,0.16384370625019073,,,
18,564,0.9820003509521484,0.8829932808876038,0.18103192746639252,,,
18,565,0.9843721389770508,0.9053305387496948,0.15075689554214478,,,
18,566,0.9850597381591797,0.919693648815155,0.12688203155994415,,,
18,567,0.9879798889160156,0.9469159841537476,0.08686881512403488,,,
18,568,0.986027717590332,0.8313165903091431,0.3027805984020233,,,
18,569,0.980712890625,0.8658859133720398,0.20115703344345093,,,
18,570,0.9891281127929688,0.9106743931770325,0.17527993023395538,,,
18,571,0.9882316589355469,0.9393879771232605,0.1038738340139389,,,
18,572,0.9863290786743164,0.9392358064651489,0.09508447349071503,,,
18,573,0.9860992431640625,0.886253833770752,0.19455820322036743,,,
18,574,0.9858360290527344,0.9593080282211304,0.06565652787685394,,,
18,575,0.9867134094238281,0.9519634246826172,0.07391265779733658,,,
18,576,0.9861745834350586,0.9156410694122314,0.13836587965488434,,,
18,577,0.9792938232421875,0.8909213542938232,0.15424466133117676,,,
18,578,0.9856338500976562,0.9457059502601624,0.08154427260160446,,,
18,579,0.9878997802734375,0.9247975945472717,0.1307574063539505,,,
18,580,0.9827346801757812,0.9128194451332092,0.127190500497818,,,
18,581,0.9876003265380859,0.9245123267173767,0.12714609503746033,,,
18,582,0.9855241775512695,0.9617597460746765,0.06478451937437057,,,
18,583,0.9866008758544922,0.905905544757843,0.16114361584186554,,,
18,584,0.985713005065918,0.9036913514137268,0.1582184135913849,,,
18,585,0.9856176376342773,0.9234676957130432,0.11925073713064194,,,
18,586,0.9824323654174805,0.8247305154800415,0.27899280190467834,,,
18,587,0.9840526580810547,0.934577226638794,0.09495267271995544,,,
18,588,0.9852409362792969,0.9530500769615173,0.07067226618528366,,,
18,588,,,,0.9638188481330872,0.8721590042114258,0.1961086243391037
19,589,0.9807205200195312,0.9013921022415161,0.13807256519794464,,,
19,590,0.9848384857177734,0.8232691287994385,0.3013349771499634,,,
19,591,0.9860343933105469,0.9185612201690674,0.12925352156162262,,,
19,592,0.983551025390625,0.9195908904075623,0.1177687719464302,,,
19,593,0.983952522277832,0.9310552477836609,0.10021503269672394,,,
19,594,0.9863271713256836,0.953442394733429,0.07048438489437103,,,
19,595,0.9869375228881836,0.95232093334198,0.07349473237991333,,,
19,596,0.9890031814575195,0.9410169720649719,0.10118324309587479,,,
19,597,0.9780788421630859,0.742266058921814,0.37336039543151855,,,
19,598,0.9864120483398438,0.92606121301651,0.11695487052202225,,,
19,599,0.9870128631591797,0.9492019414901733,0.07712031155824661,,,
19,600,0.9874076843261719,0.9221287965774536,0.12940891087055206,,,
19,601,0.9799833297729492,0.9395745992660522,0.08345164358615875,,,
19,602,0.9784021377563477,0.797519862651825,0.29969918727874756,,,
19,603,0.9851064682006836,0.8187694549560547,0.31151559948921204,,,
19,604,0.9845590591430664,0.9285405278205872,0.10544999688863754,,,
19,605,0.9871511459350586,0.8863785862922668,0.2015644758939743,,,
19,606,0.9880876541137695,0.9292498826980591,0.1181972324848175,,,
19,607,0.9831132888793945,0.9021636843681335,0.1446344256401062,,,
19,608,0.9857025146484375,0.8566086292266846,0.24315913021564484,,,
19,609,0.983006477355957,0.9313907027244568,0.09472621232271194,,,
19,610,0.9921398162841797,0.9607104659080505,0.07523937523365021,,,
19,611,0.9837617874145508,0.920346736907959,0.11385484784841537,,,
19,612,0.9881038665771484,0.9352070689201355,0.10463164746761322,,,
19,613,0.9871177673339844,0.9318029284477234,0.10849426686763763,,,
19,614,0.9859380722045898,0.9567155838012695,0.06568320840597153,,,
19,615,0.9886922836303711,0.9481733441352844,0.08293801546096802,,,
19,616,0.9859409332275391,0.9217594861984253,0.12101878225803375,,,
19,617,0.9903926849365234,0.9468908905982971,0.09581957012414932,,,
19,618,0.9882516860961914,0.9512522220611572,0.07701998949050903,,,
19,619,0.9840685725212097,0.9236297607421875,0.11098618060350418,,,
19,619,,,,0.9619238376617432,0.8670743703842163,0.1971214860677719
20,620,0.9855766296386719,0.906726062297821,0.14614316821098328,,,
20,621,0.9882564544677734,0.953911542892456,0.07129630446434021,,,
20,622,0.984654426574707,0.9311341047286987,0.09927545487880707,,,
20,623,0.9909763336181641,0.9241638779640198,0.15383213758468628,,,
20,624,0.9797487258911133,0.9233606457710266,0.10231734067201614,,,
20,625,0.9901285171508789,0.9300839304924011,0.12996730208396912,,,
20,626,0.9852399826049805,0.931678831577301,0.09991416335105896,,,
20,627,0.9880638122558594,0.9401388764381409,0.09434238821268082,,,
20,628,0.981043815612793,0.9174214005470276,0.11252134293317795,,,
20,629,0.9891948699951172,0.910908043384552,0.16362392902374268,,,
20,630,0.9873533248901367,0.9023404121398926,0.16466353833675385,,,
20,631,0.9842824935913086,0.9126200079917908,0.12827321887016296,,,
20,632,0.9851760864257812,0.9114266633987427,0.13333019614219666,,,
20,633,0.9872875213623047,0.8972362279891968,0.1753513664007187,,,
20,634,0.9852447509765625,0.9357805848121643,0.09241478145122528,,,
20,635,0.9873085021972656,0.893997311592102,0.18109416961669922,,,
20,636,0.986180305480957,0.9399719834327698,0.0892985537648201,,,
20,637,0.9854831695556641,0.8847377300262451,0.18327011168003082,,,
20,638,0.9878416061401367,0.950494110584259,0.07525482028722763,,,
20,639,0.988947868347168,0.9528469443321228,0.0737711489200592,,,
20,640,0.9881401062011719,0.9425116181373596,0.09068340063095093,,,
20,641,0.9870548248291016,0.8828747272491455,0.19694243371486664,,,
20,642,0.9810056686401367,0.9338197708129883,0.08804075419902802,,,
20,643,0.9837102890014648,0.914592444896698,0.12423519790172577,,,
20,644,0.9842338562011719,0.9338859915733337,0.09061107039451599,,,
20,645,0.9880428314208984,0.968072235584259,0.055569007992744446,,,
20,646,0.9901018142700195,0.9191024303436279,0.15146656334400177,,,
20,647,0.9845991134643555,0.9425933957099915,0.07926999032497406,,,
20,648,0.9807195663452148,0.9029326438903809,0.1322987973690033,,,
20,649,0.9872655868530273,0.913971483707428,0.13821446895599365,,,
20,650,0.9889640808105469,0.9165031313896179,0.14745932817459106,,,
20,650,,,,0.9633356928825378,0.8703716993331909,0.19438855350017548
21,651,0.982635498046875,0.9075660705566406,0.13132420182228088,,,
21,652,0.9849767684936523,0.929378092288971,0.10185890644788742,,,
21,653,0.9864015579223633,0.9252328276634216,0.11318626999855042,,,
21,654,0.9874401092529297,0.9250158071517944,0.11886772513389587,,,
21,655,0.9841823577880859,0.8921151757240295,0.1607179194688797,,,
21,656,0.9853630065917969,0.9237449765205383,0.11265385150909424,,,
21,657,0.983759880065918,0.8557829856872559,0.2197924107313156,,,
21,658,0.9874992370605469,0.9456173777580261,0.08103781938552856,,,
21,659,0.9849252700805664,0.9480995535850525,0.07328877598047256,,,
21,660,0.9862632751464844,0.9375852942466736,0.09170740842819214,,,
21,661,0.9849557876586914,0.8450362682342529,0.24386726319789886,,,
21,662,0.9841337203979492,0.9152742624282837,0.11965932697057724,,,
21,663,0.9860820770263672,0.9434099793434143,0.08038617670536041,,,
21,664,0.9875888824462891,0.9479350447654724,0.07779223471879959,,,
21,665,0.9864587783813477,0.9426261186599731,0.08338641375303268,,,
21,666,0.9886474609375,0.9582255482673645,0.06307386606931686,,,
21,667,0.9878959655761719,0.9246814846992493,0.12053389102220535,,,
21,668,0.9881019592285156,0.9098222851753235,0.1501159518957138,,,
21,669,0.9912567138671875,0.9702943563461304,0.049432020634412766,,,
21,670,0.9857330322265625,0.8861508965492249,0.17736871540546417,,,
21,671,0.9822168350219727,0.8784728646278381,0.17477139830589294,,,
21,672,0.9858846664428711,0.9499516487121582,0.06988825649023056,,,
21,673,0.9867048263549805,0.893926739692688,0.17162947356700897,,,
21,674,0.9875850677490234,0.9178897738456726,0.13009198009967804,,,
21,675,0.9873857498168945,0.9221423864364624,0.12305940687656403,,,
21,676,0.9857540130615234,0.9276974201202393,0.10530664026737213,,,
21,677,0.9909915924072266,0.9574230313301086,0.0698348805308342,,,
21,678,0.9875869750976562,0.9400623440742493,0.08802812546491623,,,
21,679,0.9896869659423828,0.9314089417457581,0.11680620908737183,,,
21,680,0.9871196746826172,0.9058408737182617,0.15153585374355316,,,
21,681,0.991845428943634,0.9736194610595703,0.04516798257827759,,,
21,681,,,,0.9636704921722412,0.870710015296936,0.19220231473445892
22,682,0.9857797622680664,0.8819370269775391,0.18580485880374908,,,
22,683,0.9769668579101562,0.8499698638916016,0.19654157757759094,,,
22,684,0.9862489700317383,0.9409802556037903,0.08379942923784256,,,
22,685,0.9855327606201172,0.9518609642982483,0.06803138554096222,,,
22,686,0.9899768829345703,0.9704466462135315,0.04915919154882431,,,
22,687,0.9847135543823242,0.8991208076477051,0.1492207944393158,,,
22,688,0.9852657318115234,0.9262332916259766,0.10510420054197311,,,
22,689,0.9881114959716797,0.9356034994125366,0.09905076026916504,,,
22,690,0.9873819351196289,0.8809958696365356,0.19603674113750458,,,
22,691,0.9861326217651367,0.9087182283401489,0.13909700512886047,,,
22,692,0.9871606826782227,0.9259562492370605,0.11191809922456741,,,
22,693,0.9888772964477539,0.9455028176307678,0.08442554622888565,,,
22,694,0.9920120239257812,0.9550783634185791,0.07952942699193954,,,
22,695,0.9814939498901367,0.9066622853279114,0.12487239390611649,,,
22,696,0.9840812683105469,0.9364000558853149,0.0867777019739151,,,
22,697,0.9874773025512695,0.9423745274543762,0.08413977175951004,,,
22,698,0.9872560501098633,0.9503695368766785,0.06968597322702408,,,
22,699,0.986821174621582,0.9294646978378296,0.10415952652692795,,,
22,700,0.9873666763305664,0.9335187077522278,0.09844958037137985,,,
22,701,0.9873857498168945,0.9428600072860718,0.08338815718889236,,,
22,702,0.9885950088500977,0.9469531178474426,0.08019601553678513,,,
22,703,0.9891433715820312,0.9407098889350891,0.09252551943063736,,,
22,704,0.9930524826049805,0.9690786600112915,0.054756246507167816,,,
22,705,0.9895563125610352,0.9446648359298706,0.08837509155273438,,,
22,706,0.9840927124023438,0.8653209805488586,0.19988079369068146,,,
22,707,0.9885244369506836,0.9423369765281677,0.08662540465593338,,,
22,708,0.9865579605102539,0.9282525777816772,0.1055016964673996,,,
22,709,0.9873418807983398,0.9439877271652222,0.07990727573633194,,,
22,710,0.9823932647705078,0.8513909578323364,0.21247777342796326,,,
22,711,0.9856681823730469,0.8596838712692261,0.21827489137649536,,,
22,712,0.9917195439338684,0.9620762467384338,0.06256555765867233,,,
22,712,,,,0.9628918766975403,0.8682413697242737,0.19425474107265472
23,713,0.988006591796875,0.9353880882263184,0.0975266620516777,,,
23,714,0.9818534851074219,0.9144251346588135,0.11137574911117554,,,
23,715,0.9868373870849609,0.9261099100112915,0.10871797055006027,,,
23,716,0.9877939224243164,0.9183591604232788,0.1285514533519745,,,
23,717,0.9849462509155273,0.9252989888191223,0.10671207308769226,,,
23,718,0.9881296157836914,0.9271112084388733,0.1111428365111351,,,
23,719,0.98480224609375,0.9240180253982544,0.10387592017650604,,,
23,720,0.9869871139526367,0.9465961456298828,0.07463164627552032,,,
23,721,0.9893703460693359,0.9526885747909546,0.07011917233467102,,,
23,722,0.9847574234008789,0.9443529844284058,0.0752679854631424,,,
23,723,0.9871129989624023,0.903075635433197,0.14876499772071838,,,
23,724,0.9848670959472656,0.908157467842102,0.13176247477531433,,,
23,725,0.9921283721923828,0.9715986251831055,0.045621566474437714,,,
23,726,0.9871959686279297,0.9038093686103821,0.15025179088115692,,,
23,727,0.9872035980224609,0.9287999868392944,0.10289982706308365,,,
23,728,0.9865942001342773,0.9374716281890869,0.08912165462970734,,,
23,729,0.9901180267333984,0.9492526650428772,0.0782257467508316,,,
23,730,0.9850234985351562,0.9300652146339417,0.09517091512680054,,,
23,731,0.9851570129394531,0.9260244965553284,0.10331947356462479,,,
23,732,0.9872074127197266,0.9392836689949036,0.08697802573442459,,,
23,733,0.9897708892822266,0.9336114525794983,0.10773361474275589,,,
23,734,0.9836444854736328,0.9109178781509399,0.12197993695735931,,,
23,735,0.9867658615112305,0.9445257186889648,0.07623682916164398,,,
23,736,0.9835233688354492,0.9022406935691833,0.13393867015838623,,,
23,737,0.9869165420532227,0.9147517681121826,0.12713618576526642,,,
23,738,0.9901285171508789,0.9526746273040771,0.07370413839817047,,,
23,739,0.9881067276000977,0.9640649557113647,0.05306810140609741,,,
23,740,0.9838123321533203,0.8735538721084595,0.17888963222503662,,,
23,741,0.9880237579345703,0.9397943019866943,0.08865956217050552,,,
23,742,0.9903068542480469,0.9449883699417114,0.08739332109689713,,,
23,743,0.9884986877441406,0.8337529897689819,0.2918452322483063,,,
23,743,,,,0.9641655683517456,0.8721181154251099,0.1891537606716156
24,744,0.9906826019287109,0.953660249710083,0.07285841554403305,,,
24,745,0.9889106750488281,0.9296598434448242,0.11016809195280075,,,
24,746,0.9875011444091797,0.9163443446159363,0.12701013684272766,,,
24,747,0.9854040145874023,0.9233320355415344,0.1055188849568367,,,
24,748,0.9881563186645508,0.908768355846405,0.1414712369441986,,,
24,749,0.9868040084838867,0.918104887008667,0.11940813064575195,,,
24,750,0.9884586334228516,0.9530507922172546,0.0659789964556694,,,
24,751,0.9876651763916016,0.9255288243293762,0.11019907146692276,,,
24,752,0.9875478744506836,0.9337665438652039,0.09519272297620773,,,
24,753,0.9888858795166016,0.9609991312026978,0.055975694209337234,,,
24,754,0.987584114074707,0.959164559841156,0.05756969004869461,,,
24,755,0.9872732162475586,0.9329262375831604,0.09743470698595047,,,
24,756,0.9864320755004883,0.9529387354850769,0.06386202573776245,,,
24,757,0.984466552734375,0.9302112460136414,0.09336841851472855,,,
24,758,0.9866943359375,0.892629861831665,0.16306234896183014,,,
24,759,0.9871015548706055,0.9397456049919128,0.08454648405313492,,,
24,760,0.9875688552856445,0.9325087070465088,0.0972498208284378,,,
24,761,0.9843330383300781,0.9415932893753052,0.0767793208360672,,,
24,762,0.9844579696655273,0.9242313504219055,0.100997194647789,,,
24,763,0.9903049468994141,0.9399421215057373,0.09760060906410217,,,
24,764,0.9896526336669922,0.9588085412979126,0.05894489213824272,,,
24,765,0.9889345169067383,0.941504180431366,0.08784925937652588,,,
24,766,0.9870777130126953,0.9292184114456177,0.10092588514089584,,,
24,767,0.9845714569091797,0.8360260128974915,0.24427662789821625,,,
24,768,0.9887580871582031,0.953369140625,0.06678127497434616,,,
24,769,0.9876604080200195,0.9557397365570068,0.061050768941640854,,,
24,770,0.9866542816162109,0.94037926197052,0.08156964182853699,,,
24,771,0.9862403869628906,0.9108590483665466,0.1299571990966797,,,
24,772,0.9861125946044922,0.8996817469596863,0.14725415408611298,,,
24,773,0.9866504669189453,0.8593307137489319,0.21789774298667908,,,
24,774,0.9839999079704285,0.7984042763710022,0.29878997802734375,,,
24,774,,,,0.9640201926231384,0.8715963959693909,0.1894107460975647
25,775,0.9893369674682617,0.9531466364860535,0.06773430854082108,,,
25,776,0.9859333038330078,0.8743804097175598,0.18672077357769012,,,
25,777,0.9883136749267578,0.9595445394515991,0.05650104209780693,,,
25,778,0.9850444793701172,0.9375815987586975,0.08272019028663635,,,
25,779,0.9841165542602539,0.9297215938568115,0.09220511466264725,,,
25,780,0.9883012771606445,0.9332011938095093,0.0975259393453598,,,
25,781,0.9895696640014648,0.9648305177688599,0.05096616968512535,,,
25,782,0.9862985610961914,0.879864513874054,0.1799207180738449,,,
25,783,0.9924936294555664,0.9450249075889587,0.09918265789747238,,,
25,784,0.9845600128173828,0.9422987103462219,0.07452648133039474,,,
25,785,0.9877214431762695,0.9347860217094421,0.09254106134176254,,,
25,786,0.987213134765625,0.9512941241264343,0.06637212634086609,,,
25,787,0.982518196105957,0.8752721548080444,0.1681448370218277,,,
25,788,0.9849519729614258,0.8698316812515259,0.18802975118160248,,,
25,789,0.9898147583007812,0.9664528369903564,0.049414508044719696,,,
25,790,0.9820175170898438,0.9282269477844238,0.08853417634963989,,,
25,791,0.9828414916992188,0.9104068875312805,0.11330381035804749,,,
25,792,0.9843931198120117,0.9120463728904724,0.11617128551006317,,,
25,793,0.981348991394043,0.8742023706436157,0.16519500315189362,,,
25,794,0.9889326095581055,0.9329078197479248,0.10061562806367874,,,
25,795,0.9845705032348633,0.9347699880599976,0.08353182673454285,,,
25,796,0.9860811233520508,0.902435302734375,0.13655059039592743,,,
25,797,0.9884033203125,0.9478557109832764,0.0714702159166336,,,
25,798,0.9884958267211914,0.8978871703147888,0.1629994958639145,,,
25,799,0.9906091690063477,0.918307900428772,0.13874343037605286,,,
25,800,0.9889841079711914,0.9417771697044373,0.08405330032110214,,,
25,801,0.9840888977050781,0.8945818543434143,0.1441596895456314,,,
25,802,0.9858465194702148,0.9414278864860535,0.07715284824371338,,,
25,803,0.9847965240478516,0.9050918817520142,0.12827372550964355,,,
25,804,0.9870891571044922,0.9444701671600342,0.07410145550966263,,,
25,805,0.9876022338867188,0.9175970554351807,0.11991782486438751,,,
25,805,,,,0.9634263515472412,0.8710517883300781,0.1868649423122406
26,806,0.984553337097168,0.896708071231842,0.14432086050510406,,,
26,807,0.9854116439819336,0.9029236435890198,0.1347656399011612,,,
26,808,0.9876480102539062,0.9001518487930298,0.14978572726249695,,,
26,809,0.9889974594116211,0.9502511620521545,0.06846822798252106,,,
26,810,0.9874105453491211,0.9137104749679565,0.12612241506576538,,,
26,811,0.9871482849121094,0.9187002778053284,0.11562472581863403,,,
26,812,0.9889116287231445,0.9112544655799866,0.13685911893844604,,,
26,813,0.9852705001831055,0.9412434101104736,0.0757032036781311,,,
26,814,0.9884777069091797,0.9570686221122742,0.060106582939624786,,,
26,815,0.9851408004760742,0.932729184627533,0.08787670731544495,,,
26,816,0.9869241714477539,0.9544077515602112,0.06097034364938736,,,
26,817,0.9862480163574219,0.9419942498207092,0.0766616091132164,,,
26,818,0.9878644943237305,0.9239967465400696,0.1079661026597023,,,
26,819,0.9861469268798828,0.9268244504928589,0.09874378144741058,,,
26,820,0.9827814102172852,0.8956092596054077,0.13811539113521576,,,
26,821,0.989105224609375,0.9424219727516174,0.08207723498344421,,,
26,822,0.9892215728759766,0.8559869527816772,0.24136897921562195,,,
26,823,0.9825811386108398,0.9144672751426697,0.1073731780052185,,,
26,824,0.9829483032226562,0.9359163045883179,0.07755541056394577,,,
26,825,0.9905719757080078,0.9731646776199341,0.04232862964272499,,,
26,826,0.9886569976806641,0.9203866124153137,0.11967387795448303,,,
26,827,0.9889049530029297,0.9525982737541199,0.06500492244958878,,,
26,828,0.9879646301269531,0.9149412512779236,0.12338904291391373,,,
26,829,0.9859294891357422,0.9440369009971619,0.07174371182918549,,,
26,830,0.9869308471679688,0.9269256591796875,0.10018350183963776,,,
26,831,0.987086296081543,0.9159455895423889,0.11771877855062485,,,
26,832,0.9862213134765625,0.9511941075325012,0.06345009803771973,,,
26,833,0.9896879196166992,0.9463919997215271,0.076975516974926,,,
26,834,0.9871664047241211,0.9232987761497498,0.10712697356939316,,,
26,835,0.985133171081543,0.8856138586997986,0.16086609661579132,,,
26,836,0.9888203740119934,0.9298279285430908,0.10288853198289871,,,
26,836,,,,0.9644016623497009,0.8731802701950073,0.18378609418869019
27,837,0.9877233505249023,0.9101173281669617,0.13162462413311005,,,
27,838,0.9838390350341797,0.9396122694015503,0.07498878985643387,,,
27,839,0.9854021072387695,0.9338619112968445,0.08500712364912033,,,
27,840,0.9905824661254883,0.9712928533554077,0.04236980527639389,,,
27,841,0.9873075485229492,0.9013395309448242,0.1430518925189972,,,
27,842,0.9851408004760742,0.8769195675849915,0.17105822265148163,,,
27,843,0.9897632598876953,0.958774209022522,0.05784950032830238,,,
27,844,0.9835395812988281,0.9257593154907227,0.09532811492681503,,,
27,845,0.9893922805786133,0.9398584365844727,0.08703944832086563,,,
27,846,0.9868869781494141,0.9075294733047485,0.13182565569877625,,,
27,847,0.9880952835083008,0.9493322968482971,0.06850545108318329,,,
27,848,0.992218017578125,0.9559516310691833,0.07039167732000351,,,
27,849,0.9900054931640625,0.9575792551040649,0.05855708569288254,,,
27,850,0.9877042770385742,0.9585852026939392,0.05532832071185112,,,
27,851,0.9904413223266602,0.9152632355690002,0.13746339082717896,,,
27,852,0.9895057678222656,0.9560679793357849,0.061162397265434265,,,
27,853,0.9859390258789062,0.9427059292793274,0.07393050193786621,,,
27,854,0.9866533279418945,0.938254714012146,0.08089529722929001,,,
27,855,0.9817781448364258,0.851050078868866,0.1974584013223648,,,
27,856,0.9879045486450195,0.9340968132019043,0.09015948325395584,,,
27,857,0.990300178527832,0.9516157507896423,0.06893528252840042,,,
27,858,0.9888362884521484,0.8529544472694397,0.2442527413368225,,,
27,859,0.9870615005493164,0.8772872686386108,0.1821410357952118,,,
27,860,0.9881162643432617,0.9441273212432861,0.07515093684196472,,,
27,861,0.982666015625,0.9279330968856812,0.0901498794555664,,,
27,862,0.9855785369873047,0.9231836199760437,0.10076558589935303,,,
27,863,0.9838943481445312,0.8583685159683228,0.19365961849689484,,,
27,864,0.9887485504150391,0.9545694589614868,0.06093547120690346,,,
27,865,0.9895839691162109,0.9341318011283875,0.0990806370973587,,,
27,866,0.9900913238525391,0.9138588309288025,0.13658511638641357,,,
27,867,0.98486328125,0.9495071172714233,0.06399276852607727,,,
27,867,,,,0.9633216857910156,0.870581328868866,0.1846294403076172
28,868,0.9898099899291992,0.9452881813049316,0.07882802188396454,,,
28,869,0.9885025024414062,0.8918628096580505,0.1651344746351242,,,
28,870,0.9922189712524414,0.963390052318573,0.056509412825107574,,,
28,871,0.9874658584594727,0.958977997303009,0.05424564704298973,,,
28,872,0.9843149185180664,0.9340682625770569,0.08149318397045135,,,
28,873,0.9901094436645508,0.9560250639915466,0.062215112149715424,,,
28,874,0.9861936569213867,0.9148741960525513,0.11407782137393951,,,
28,875,0.9878168106079102,0.9146917462348938,0.12102306634187698,,,
28,876,0.9851589202880859,0.9230282306671143,0.10037269443273544,,,
28,877,0.9858798980712891,0.9278849959373474,0.0954449325799942,,,
28,878,0.9888811111450195,0.9350035190582275,0.09301677346229553,,,
28,879,0.9850807189941406,0.8958150148391724,0.14052638411521912,,,
28,880,0.988154411315918,0.9324266314506531,0.09299671649932861,,,
28,881,0.9907388687133789,0.913262128829956,0.14321336150169373,,,
28,882,0.9870777130126953,0.9641245603561401,0.05233265087008476,,,
28,883,0.9872779846191406,0.9343458414077759,0.08809357136487961,,,
28,884,0.9847602844238281,0.8498035669326782,0.20820742845535278,,,
28,885,0.9909601211547852,0.9642320871353149,0.05153237655758858,,,
28,886,0.987177848815918,0.9175436496734619,0.1140625923871994,,,
28,887,0.9876909255981445,0.9062052369117737,0.13429170846939087,,,
28,888,0.9874029159545898,0.9268389940261841,0.09931858628988266,,,
28,889,0.98785400390625,0.9437592625617981,0.07480675727128983,,,
28,890,0.9863700866699219,0.9246071577072144,0.09949395805597305,,,
28,891,0.9904203414916992,0.9551051259040833,0.06273337453603745,,,
28,892,0.9918060302734375,0.9631901979446411,0.054552361369132996,,,
28,893,0.9892988204956055,0.9531699419021606,0.06377135962247849,,,
28,894,0.9849843978881836,0.8926553130149841,0.14253847301006317,,,
28,895,0.9892768859863281,0.9360660314559937,0.0900702103972435,,,
28,896,0.9867429733276367,0.9441152215003967,0.07271839678287506,,,
28,897,0.9873342514038086,0.9125404357910156,0.12261437624692917,,,
28,898,0.9869830012321472,0.9590948820114136,0.055067241191864014,,,
28,898,,,,0.96370530128479,0.8708789348602295,0.18382252752780914
29,899,0.9893598556518555,0.9351797103881836,0.09355467557907104,,,
29,900,0.9924421310424805,0.9612874388694763,0.05904652923345566,,,
29,901,0.9912710189819336,0.9752201437950134,0.03860490024089813,,,
29,902,0.9890289306640625,0.9431542158126831,0.07842546701431274,,,
29,903,0.9908742904663086,0.9633249640464783,0.051150765269994736,,,
29,904,0.9895000457763672,0.9420843124389648,0.0821881964802742,,,
29,905,0.9828462600708008,0.8318374752998352,0.22147004306316376,,,
29,906,0.9903755187988281,0.9476830363273621,0.07536062598228455,,,
29,907,0.9875335693359375,0.9499191641807556,0.06481846421957016,,,
29,908,0.9915170669555664,0.9203777313232422,0.1336461901664734,,,
29,909,0.9932317733764648,0.9600090384483337,0.06576396524906158,,,
29,910,0.9884986877441406,0.9348333477973938,0.0899440348148346,,,
29,911,0.984797477722168,0.9378387928009033,0.07822383940219879,,,
29,912,0.991302490234375,0.967238187789917,0.046463944017887115,,,
29,913,0.9889535903930664,0.9540528655052185,0.06045017018914223,,,
29,914,0.9860172271728516,0.9386206269264221,0.07824723422527313,,,
29,915,0.9868354797363281,0.9583196043968201,0.055550605058670044,,,
29,916,0.9906549453735352,0.9471330046653748,0.07561535388231277,,,
29,917,0.9855012893676758,0.9232559204101562,0.09977792948484421,,,
29,918,0.9799947738647461,0.814949095249176,0.23639509081840515,,,
29,919,0.9894208908081055,0.9510353207588196,0.06585431098937988,,,
29,920,0.9844827651977539,0.9029749631881714,0.1274813413619995,,,
29,921,0.986607551574707,0.93839031457901,0.07942526042461395,,,
29,922,0.9899454116821289,0.9399135708808899,0.08477049320936203,,,
29,923,0.9905490875244141,0.9240549206733704,0.11719953268766403,,,
29,924,0.9880399703979492,0.9003337621688843,0.14589917659759521,,,
29,925,0.9805088043212891,0.9091220498085022,0.11059902608394623,,,
29,926,0.9867572784423828,0.9136292338371277,0.11751581728458405,,,
29,927,0.9901084899902344,0.9414834380149841,0.08231944590806961,,,
29,928,0.985722541809082,0.906373918056488,0.12302228063344955,,,
29,929,0.9901657104492188,0.9450862407684326,0.07877896726131439,,,
29,929,,,,0.9640731811523438,0.8728188872337341,0.1813391000032425
30,930,0.9880027770996094,0.9504455327987671,0.06490019708871841,,,
30,931,0.9845561981201172,0.8653720021247864,0.18295204639434814,,,
30,932,0.9876899719238281,0.8971408605575562,0.1435856819152832,,,
30,933,0.9858417510986328,0.9205845594406128,0.10287918150424957,,,
30,934,0.987278938293457,0.9502814412117004,0.06405127793550491,,,
30,935,0.9879741668701172,0.9283335208892822,0.09915545582771301,,,
30,936,0.994140625,0.9744170308113098,0.04027340188622475,,,
30,937,0.9906301498413086,0.9511449337005615,0.06913404911756516,,,
30,938,0.9877786636352539,0.9415416717529297,0.07605110108852386,,,
30,939,0.9872159957885742,0.9519976377487183,0.061346713453531265,,,
30,940,0.9902143478393555,0.9606330394744873,0.05341728776693344,,,
30,941,0.9860191345214844,0.8949706554412842,0.14239269495010376,,,
30,942,0.9891338348388672,0.9194144010543823,0.11545398831367493,,,
30,943,0.9869480133056641,0.9510897994041443,0.06225840002298355,,,
30,944,0.9856595993041992,0.9301443099975586,0.08704640716314316,,,
30,945,0.9895954132080078,0.9172500371932983,0.11998268961906433,,,
30,946,0.9898157119750977,0.9631046056747437,0.04951866716146469,,,
30,947,0.9821987152099609,0.9196224212646484,0.09793934226036072,,,
30,948,0.9861297607421875,0.9279436469078064,0.09287060797214508,,,
30,949,0.9896564483642578,0.9323132038116455,0.09608485549688339,,,
30,950,0.9893817901611328,0.917743444442749,0.12137104570865631,,,
30,951,0.9909801483154297,0.9589605331420898,0.05668508633971214,,,
30,952,0.9877538681030273,0.91213458776474,0.12387696653604507,,,
30,953,0.9882669448852539,0.9527084231376648,0.06148558482527733,,,
30,954,0.9886331558227539,0.8990573883056641,0.14781345427036285,,,
30,955,0.9932546615600586,0.9714626669883728,0.04246440902352333,,,
30,956,0.9857473373413086,0.9409372806549072,0.07323388755321503,,,
30,957,0.9937410354614258,0.9799525737762451,0.031663987785577774,,,
30,958,0.9872150421142578,0.9065784215927124,0.12777534127235413,,,
30,959,0.9894390106201172,0.9097201228141785,0.13307476043701172,,,
30,960,0.9909566044807434,0.9332036972045898,0.10276034474372864,,,
30,960,,,,0.963476836681366,0.8708924055099487,0.18146130442619324
31,961,0.9876937866210938,0.9200480580329895,0.10821222513914108,,,
31,962,0.9905080795288086,0.9654349684715271,0.04726317897439003,,,
31,963,0.9882936477661133,0.9231910109519958,0.10688299685716629,,,
31,964,0.9882688522338867,0.9315618872642517,0.09232771396636963,,,
31,965,0.9901065826416016,0.9494143724441528,0.06784294545650482,,,
31,966,0.9870967864990234,0.9315040707588196,0.08839859813451767,,,
31,967,0.9878873825073242,0.9455341696739197,0.07332182675600052,,,
31,968,0.9913978576660156,0.9435328841209412,0.0839926078915596,,,
31,969,0.9921550750732422,0.9702038764953613,0.04194342717528343,,,
31,970,0.9884805679321289,0.935444712638855,0.08681521564722061,,,
31,971,0.9888124465942383,0.9258648157119751,0.10315194725990295,,,
31,972,0.9881801605224609,0.9388231635093689,0.08032495528459549,,,
31,973,0.9919462203979492,0.9707032442092896,0.04083385318517685,,,
31,974,0.984827995300293,0.894726037979126,0.13511987030506134,,,
31,975,0.9869298934936523,0.9240745306015015,0.10048467665910721,,,
31,976,0.9892578125,0.9306915998458862,0.09503310173749924,,,
31,977,0.9883270263671875,0.898277223110199,0.14430685341358185,,,
31,978,0.9890604019165039,0.9517343640327454,0.06419549882411957,,,
31,979,0.9894123077392578,0.9585215449333191,0.054357822984457016,,,
31,980,0.986724853515625,0.909660279750824,0.11947638541460037,,,
31,981,0.9901094436645508,0.9680555462837219,0.04304340109229088,,,
31,982,0.9903192520141602,0.9572378993034363,0.05852594971656799,,,
31,983,0.9888296127319336,0.933353841304779,0.09006037563085556,,,
31,984,0.9880905151367188,0.9148384928703308,0.11686008423566818,,,
31,985,0.9866971969604492,0.9221965074539185,0.10296699404716492,,,
31,986,0.9909286499023438,0.9544387459754944,0.062192149460315704,,,
31,987,0.9903984069824219,0.9619733691215515,0.050592705607414246,,,
31,988,0.9866161346435547,0.8928784132003784,0.14497724175453186,,,
31,989,0.9915294647216797,0.9502726793289185,0.07210734486579895,,,
31,990,0.985957145690918,0.9334366917610168,0.08311821520328522,,,
31,991,0.9859530329704285,0.9259777665138245,0.09371502697467804,,,
31,991,,,,0.9629228115081787,0.8688169717788696,0.18401402235031128
32,992,0.9895286560058594,0.95571368932724,0.05836101248860359,,,
32,993,0.9885663986206055,0.968685507774353,0.04511150345206261,,,
32,994,0.9896001815795898,0.9137126207351685,0.12347133457660675,,,
32,995,0.9881067276000977,0.9278853535652161,0.09443984180688858,,,
32,996,0.9887466430664062,0.9553402662277222,0.05837162584066391,,,
32,997,0.9883613586425781,0.9268393516540527,0.09971264749765396,,,
32,998,0.9883670806884766,0.9103246331214905,0.12656916677951813,,,
32,999,0.989567756652832,0.9598042368888855,0.05318270996212959,,,
32,1000,0.9899148941040039,0.9622156620025635,0.048745326697826385,,,
32,1001,0.9906749725341797,0.9419806599617004,0.0817970260977745,,,
32,1002,0.9908056259155273,0.9555667042732239,0.061533041298389435,,,
32,1003,0.990025520324707,0.9665672779083252,0.0446435771882534,,,
32,1004,0.9896984100341797,0.9624431133270264,0.04966893419623375,,,
32,1005,0.9869251251220703,0.9185712337493896,0.10502645373344421,,,
32,1006,0.9876117706298828,0.9395431280136108,0.07868170738220215,,,
32,1007,0.9874238967895508,0.9296092391014099,0.09142154455184937,,,
32,1008,0.9896640777587891,0.942399799823761,0.07833576202392578,,,
32,1009,0.9841785430908203,0.9149099588394165,0.10632798075675964,,,
32,1010,0.9899654388427734,0.9570826888084412,0.056429896503686905,,,
32,1011,0.9905509948730469,0.9565120339393616,0.05754420906305313,,,
32,1012,0.986851692199707,0.9174050092697144,0.1083802580833435,,,
32,1013,0.9879474639892578,0.8814713358879089,0.16549155116081238,,,
32,1014,0.9862632751464844,0.8897630572319031,0.14601904153823853,,,
32,1015,0.9917240142822266,0.945245087146759,0.0805906429886818,,,
32,1016,0.988896369934082,0.9176504015922546,0.11499753594398499,,,
32,1017,0.9855728149414062,0.9273502826690674,0.0914454311132431,,,
32,1018,0.9939289093017578,0.9154738783836365,0.16036635637283325,,,
32,1019,0.9865903854370117,0.9447190165519714,0.06834462285041809,,,
32,1020,0.9865703582763672,0.936082124710083,0.08157879114151001,,,
32,1021,0.9932594299316406,0.9667605757713318,0.0480327270925045,,,
32,1022,0.9813563227653503,0.7975812554359436,0.25529927015304565,,,
32,1022,,,,0.963476836681366,0.8705703020095825,0.181344136595726
33,1023,0.9905872344970703,0.9216821789741516,0.11299021542072296,,,
33,1024,0.9893455505371094,0.9667662382125854,0.04365014284849167,,,
33,1025,0.9897794723510742,0.9650493264198303,0.046049173921346664,,,
33,1026,0.9882955551147461,0.9572266340255737,0.053479935973882675,,,
33,1027,0.9886398315429688,0.8989240527153015,0.1416884809732437,,,
33,1028,0.9914484024047852,0.9623996615409851,0.051914118230342865,,,
33,1029,0.9877891540527344,0.84848952293396,0.21229645609855652,,,
33,1030,0.9871721267700195,0.9394093751907349,0.07521159946918488,,,
33,1031,0.9896860122680664,0.9401719570159912,0.07888149470090866,,,
33,1032,0.9867792129516602,0.9510685801506042,0.059618230909109116,,,
33,1033,0.9887733459472656,0.9648619294166565,0.04578569903969765,,,
33,1034,0.9900798797607422,0.9346854090690613,0.09077426046133041,,,
33,1035,0.9876070022583008,0.931730329990387,0.0871012955904007,,,
33,1036,0.9834089279174805,0.9204668402671814,0.09649777412414551,,,
33,1037,0.9864444732666016,0.9142117500305176,0.10922151803970337,,,
33,1038,0.9845809936523438,0.934340238571167,0.07780521363019943,,,
33,1039,0.9853067398071289,0.8800712823867798,0.15373128652572632,,,
33,1040,0.9869499206542969,0.9343724250793457,0.08168048411607742,,,
33,1041,0.9891080856323242,0.9268545508384705,0.09922824054956436,,,
33,1042,0.987548828125,0.9449137449264526,0.0698012262582779,,,
33,1043,0.9896039962768555,0.9234802722930908,0.10563063621520996,,,
33,1044,0.9906949996948242,0.9185450673103333,0.11973607540130615,,,
33,1045,0.9896211624145508,0.9557723999023438,0.05841650068759918,,,
33,1046,0.9892368316650391,0.9436432719230652,0.07281969487667084,,,
33,1047,0.9873561859130859,0.9176762104034424,0.10639655590057373,,,
33,1048,0.9905281066894531,0.9586561322212219,0.05450255796313286,,,
33,1049,0.9902658462524414,0.9515654444694519,0.06363843381404877,,,
33,1050,0.9853239059448242,0.9290757775306702,0.08838087320327759,,,
33,1051,0.9849786758422852,0.8071385025978088,0.25580257177352905,,,
33,1052,0.9884462356567383,0.9449455738067627,0.06880972534418106,,,
33,1053,0.9883473515510559,0.9393795132637024,0.07784866541624069,,,
33,1053,,,,0.9605772495269775,0.8629456758499146,0.18702730536460876
34,1054,0.984705924987793,0.9313898682594299,0.08304428309202194,,,
34,1055,0.9900188446044922,0.964896023273468,0.046501364558935165,,,
34,1056,0.9910821914672852,0.9352625608444214,0.09393256902694702,,,
34,1057,0.9873781204223633,0.9432874917984009,0.06865314394235611,,,
34,1058,0.9890480041503906,0.9450644850730896,0.07142210751771927,,,
34,1059,0.9923801422119141,0.9683766961097717,0.04251640662550926,,,
34,1060,0.9895515441894531,0.9434324502944946,0.07538489252328873,,,
34,1061,0.9853353500366211,0.8923541307449341,0.13759967684745789,,,
34,1062,0.9887523651123047,0.8882890343666077,0.15753749012947083,,,
34,1063,0.9880161285400391,0.9096757769584656,0.12051339447498322,,,
34,1064,0.9929323196411133,0.9549995064735413,0.0678117424249649,,,
34,1065,0.9840974807739258,0.897626519203186,0.1256120800971985,,,
34,1066,0.986663818359375,0.9404616951942444,0.07294623553752899,,,
34,1067,0.9903402328491211,0.9332736134529114,0.09431024640798569,,,
34,1068,0.9904375076293945,0.9553931355476379,0.058516789227724075,,,
34,1069,0.9891023635864258,0.9319201707839966,0.08957745879888535,,,
34,1070,0.9893131256103516,0.9588847756385803,0.05214780196547508,,,
34,1071,0.9890756607055664,0.9482526779174805,0.06580629199743271,,,
34,1072,0.9916305541992188,0.9468153715133667,0.07575083523988724,,,
34,1073,0.9896116256713867,0.9590850472450256,0.05292356386780739,,,
34,1074,0.9856081008911133,0.8583337068557739,0.187079519033432,,,
34,1075,0.9893341064453125,0.9585075378417969,0.05065659061074257,,,
34,1076,0.9906740188598633,0.9522297382354736,0.06465396285057068,,,
34,1077,0.9911842346191406,0.961913526058197,0.052086107432842255,,,
34,1078,0.9868698120117188,0.9453477263450623,0.06618472933769226,,,
34,1079,0.9897394180297852,0.9387900233268738,0.08176669478416443,,,
34,1080,0.9888782501220703,0.9393220543861389,0.07857541739940643,,,
34,1081,0.9847908020019531,0.9510422348976135,0.05982205271720886,,,
34,1082,0.9897422790527344,0.9506186246871948,0.06449192017316818,,,
34,1083,0.9880819320678711,0.9301796555519104,0.09023603051900864,,,
34,1084,0.989477813243866,0.8527947068214417,0.2139691263437271,,,
34,1084,,,,0.963657796382904,0.8712279200553894,0.17943082749843597
35,1085,0.9873065948486328,0.9236689209938049,0.09763751924037933,,,
35,1086,0.9893293380737305,0.9471935629844666,0.06885729730129242,,,
35,1087,0.9873208999633789,0.9529755115509033,0.05860479176044464,,,
35,1088,0.988408088684082,0.94657963514328,0.06672186404466629,,,
35,1089,0.9898757934570312,0.9484900236129761,0.06650109589099884,,,
35,1090,0.9886817932128906,0.9336538314819336,0.0851135402917862,,,
35,1091,0.985356330871582,0.8714008331298828,0.16635163128376007,,,
35,1092,0.990077018737793,0.961418092250824,0.049974530935287476,,,
35,1093,0.9911413192749023,0.9459152817726135,0.07494713366031647,,,
35,1094,0.9922294616699219,0.9705975651741028,0.03893785923719406,,,
35,1095,0.9863424301147461,0.9197294116020203,0.10160194337368011,,,
35,1096,0.9893169403076172,0.9599985480308533,0.05110222473740578,,,
35,1097,0.9895877838134766,0.9460879564285278,0.07038954645395279,,,
35,1098,0.9875764846801758,0.9526760578155518,0.05816102772951126,,,
35,1099,0.9941568374633789,0.9776910543441772,0.03199424967169762,,,
35,1100,0.9874992370605469,0.9197821617126465,0.1026652604341507,,,
35,1101,0.989954948425293,0.9487550258636475,0.0687713623046875,,,
35,1102,0.9818401336669922,0.9592728018760681,0.06256847083568573,,,
35,1103,0.9890050888061523,0.954399824142456,0.057021353393793106,,,
35,1104,0.9884061813354492,0.9181021451950073,0.10614335536956787,,,
35,1105,0.9905080795288086,0.939355731010437,0.08193492144346237,,,
35,1106,0.9874639511108398,0.9367082715034485,0.07921986281871796,,,
35,1107,0.987858772277832,0.8938127756118774,0.14313633739948273,,,
35,1108,0.9907093048095703,0.9078326225280762,0.13217134773731232,,,
35,1109,0.990107536315918,0.9313560128211975,0.09404204785823822,,,
35,1110,0.991908073425293,0.9494739174842834,0.07146281003952026,,,
35,1111,0.9803581237792969,0.8570754528045654,0.170519158244133,,,
35,1112,0.9892482757568359,0.9513479471206665,0.06010293588042259,,,
35,1113,0.9842729568481445,0.8162501454353333,0.23351211845874786,,,
35,1114,0.9904603958129883,0.9340236783027649,0.09102946519851685,,,
35,1115,0.9877230525016785,0.9046288132667542,0.12513719499111176,,,
35,1115,,,,0.9645216464996338,0.8731911182403564,0.17729316651821136
36,1116,0.9896526336669922,0.9486064314842224,0.0657309740781784,,,
36,1117,0.9884214401245117,0.9281550645828247,0.09198776632547379,,,
36,1118,0.9872064590454102,0.8978091478347778,0.13349321484565735,,,
36,1119,0.9886236190795898,0.9043322801589966,0.12804384529590607,,,
36,1120,0.9880228042602539,0.9472017884254456,0.06651970744132996,,,
36,1121,0.9868011474609375,0.8990237712860107,0.13015668094158173,,,
36,1122,0.9898042678833008,0.9398770928382874,0.0784367173910141,,,
36,1123,0.9857826232910156,0.8878229260444641,0.14223535358905792,,,
36,1124,0.9875383377075195,0.9390042424201965,0.0753205269575119,,,
36,1125,0.987910270690918,0.9194128513336182,0.10179321467876434,,,
36,1126,0.9897050857543945,0.9407041072845459,0.07531676441431046,,,
36,1127,0.988377571105957,0.954603374004364,0.05499064177274704,,,
36,1128,0.9911413192749023,0.9344376921653748,0.09203222393989563,,,
36,1129,0.9875574111938477,0.912445068359375,0.11301165819168091,,,
36,1130,0.9881162643432617,0.9438536763191223,0.06983524560928345,,,
36,1131,0.9920129776000977,0.9713335037231445,0.037618253380060196,,,
36,1132,0.987030029296875,0.9354008436203003,0.08047237992286682,,,
36,1133,0.9856443405151367,0.9524996876716614,0.05826389417052269,,,
36,1134,0.9880895614624023,0.9424814581871033,0.06932253390550613,,,
36,1135,0.9908428192138672,0.9490634202957153,0.06592584401369095,,,
36,1136,0.9866256713867188,0.9303739666938782,0.08409837633371353,,,
36,1137,0.9914522171020508,0.9510684013366699,0.06647556275129318,,,
36,1138,0.9908056259155273,0.9672427177429199,0.04099385812878609,,,
36,1139,0.9929418563842773,0.9585974216461182,0.05718555673956871,,,
36,1140,0.9853115081787109,0.9370280504226685,0.07371142506599426,,,
36,1141,0.9890289306640625,0.9523000121116638,0.05972103402018547,,,
36,1142,0.9885692596435547,0.9356583952903748,0.08125260472297668,,,
36,1143,0.988072395324707,0.9167570471763611,0.10676193237304688,,,
36,1144,0.9908599853515625,0.9496667981147766,0.06689759343862534,,,
36,1145,0.9875202178955078,0.9448603987693787,0.06647147238254547,,,
36,1146,0.9888127446174622,0.9574624300003052,0.05306919291615486,,,
36,1146,,,,0.9634314775466919,0.8703441023826599,0.17964938282966614
37,1147,0.988581657409668,0.9155164957046509,0.11071153730154037,,,
37,1148,0.9894895553588867,0.9599609375,0.05123560503125191,,,
37,1149,0.9926509857177734,0.952814519405365,0.0668753832578659,,,
37,1150,0.9892673492431641,0.9512895941734314,0.06078174337744713,,,
37,1151,0.9935188293457031,0.9602503180503845,0.057281382381916046,,,
37,1152,0.9890260696411133,0.9210562705993652,0.10419483482837677,,,
37,1153,0.9899454116821289,0.9643888473510742,0.04534183070063591,,,
37,1154,0.9881839752197266,0.9534369707107544,0.058344967663288116,,,
37,1155,0.9906482696533203,0.9192835688591003,0.11290091276168823,,,
37,1156,0.9900684356689453,0.950134813785553,0.06331861019134521,,,
37,1157,0.9846668243408203,0.9235196709632874,0.09062349796295166,,,
37,1158,0.9907455444335938,0.923770010471344,0.1061999574303627,,,
37,1159,0.9900941848754883,0.9592858552932739,0.05165361985564232,,,
37,1160,0.9878826141357422,0.9595559239387512,0.050346583127975464,,,
37,1161,0.9836835861206055,0.9314062595367432,0.0790352076292038,,,
37,1162,0.9924221038818359,0.9571272134780884,0.05919164791703224,,,
37,1163,0.9910526275634766,0.9313564300537109,0.0936034768819809,,,
37,1164,0.9910449981689453,0.9421520233154297,0.07673294097185135,,,
37,1165,0.9899721145629883,0.9249185919761658,0.10223649442195892,,,
37,1166,0.9909791946411133,0.9600327610969543,0.051301758736371994,,,
37,1167,0.9917945861816406,0.9347108602523804,0.09530360996723175,,,
37,1168,0.9855489730834961,0.9015437960624695,0.12208996713161469,,,
37,1169,0.9891490936279297,0.9194238185882568,0.10604564100503922,,,
37,1170,0.9879426956176758,0.9601818919181824,0.04947976395487785,,,
37,1171,0.9898462295532227,0.9498277902603149,0.06228726729750633,,,
37,1172,0.9918327331542969,0.9488603472709656,0.06949244439601898,,,
37,1173,0.9816141128540039,0.9382516741752625,0.07267369329929352,,,
37,1174,0.9917736053466797,0.9637754559516907,0.04640471562743187,,,
37,1175,0.9868106842041016,0.9435735940933228,0.06908012926578522,,,
37,1176,0.9875650405883789,0.9186501502990723,0.10294802486896515,,,
37,1177,0.9850883483886719,0.8395364284515381,0.2058856189250946,,,
37,1177,,,,0.96277916431427,0.8687498569488525,0.180214986205101
38,1178,0.9882602691650391,0.9103331565856934,0.11641083657741547,,,
38,1179,0.9909553527832031,0.9428157806396484,0.0760514959692955,,,
38,1180,0.9883623123168945,0.9053142666816711,0.12369636446237564,,,
38,1181,0.9873495101928711,0.9025048017501831,0.12366130203008652,,,
38,1182,0.9912748336791992,0.9535515308380127,0.061760064214468,,,
38,1183,0.9903631210327148,0.9466298222541809,0.06936494261026382,,,
38,1184,0.9873466491699219,0.9242516756057739,0.09569009393453598,,,
38,1185,0.9891834259033203,0.9450737237930298,0.06777910888195038,,,
38,1186,0.9917144775390625,0.9600953459739685,0.052116602659225464,,,
38,1187,0.9859542846679688,0.9296640157699585,0.08426211774349213,,,
38,1188,0.9880313873291016,0.9456535577774048,0.0666646733880043,,,
38,1189,0.9921550750732422,0.9500625133514404,0.07010730355978012,,,
38,1190,0.9930505752563477,0.9601007699966431,0.056401289999485016,,,
38,1191,0.9911909103393555,0.8910551071166992,0.15857267379760742,,,
38,1192,0.9898920059204102,0.9536029100418091,0.05671574920415878,,,
38,1193,0.9905738830566406,0.8871766924858093,0.1647789478302002,,,
38,1194,0.9891796112060547,0.9553835988044739,0.05422050878405571,,,
38,1195,0.9880619049072266,0.940532922744751,0.07297752052545547,,,
38,1196,0.9883737564086914,0.9434819221496582,0.0697292611002922,,,
38,1197,0.987767219543457,0.9399605989456177,0.07451936602592468,,,
38,1198,0.9872112274169922,0.9561578631401062,0.05289168655872345,,,
38,1199,0.9893474578857422,0.9225112795829773,0.1018306091427803,,,
38,1200,0.9898042678833008,0.9626675844192505,0.046184998005628586,,,
38,1201,0.9873409271240234,0.941024899482727,0.06933347135782242,,,
38,1202,0.9872579574584961,0.8852157592773438,0.14819976687431335,,,
38,1203,0.9879846572875977,0.9323267340660095,0.0847027599811554,,,
38,1204,0.9926986694335938,0.97394198179245,0.03517886996269226,,,
38,1205,0.9907093048095703,0.9467833638191223,0.0695202499628067,,,
38,1206,0.9925928115844727,0.9654463529586792,0.04577704146504402,,,
38,1207,0.9879684448242188,0.962689220905304,0.04643956199288368,,,
38,1208,0.9842681884765625,0.9522305727005005,0.05741053447127342,,,
38,1208,,,,0.9623387455940247,0.866491973400116,0.18240025639533997
39,1209,0.9890708923339844,0.9577519297599792,0.05049717798829079,,,
39,1210,0.9898920059204102,0.9174969792366028,0.1105683296918869,,,
39,1211,0.9911823272705078,0.9479327201843262,0.06920691579580307,,,
39,1212,0.9909172058105469,0.9326730966567993,0.09190244227647781,,,
39,1213,0.9889802932739258,0.9485300779342651,0.06262411177158356,,,
39,1214,0.9886245727539062,0.9167928099632263,0.10947105288505554,,,
39,1215,0.9888362884521484,0.893254816532135,0.14348646998405457,,,
39,1216,0.9904966354370117,0.9495179653167725,0.06375599652528763,,,
39,1217,0.9886760711669922,0.9247466325759888,0.09625061601400375,,,
39,1218,0.9907312393188477,0.9678663015365601,0.03991008549928665,,,
39,1219,0.9914960861206055,0.9636965394020081,0.04596739634871483,,,
39,1220,0.991124153137207,0.938275933265686,0.08512269705533981,,,
39,1221,0.9887151718139648,0.9427275657653809,0.06936347484588623,,,
39,1222,0.9890117645263672,0.950066328048706,0.06241445615887642,,,
39,1223,0.9908828735351562,0.9215673208236694,0.11099503934383392,,,
39,1224,0.9908208847045898,0.923746645450592,0.10645577311515808,,,
39,1225,0.9863195419311523,0.9294250011444092,0.08563129603862762,,,
39,1226,0.9921188354492188,0.9672327637672424,0.04100606217980385,,,
39,1227,0.9880857467651367,0.9487832188606262,0.06181003525853157,,,
39,1228,0.9877843856811523,0.9565382599830627,0.05184395611286163,,,
39,1229,0.9931573867797852,0.9703992009162903,0.03910209238529205,,,
39,1230,0.9865999221801758,0.9382123947143555,0.07404894381761551,,,
39,1231,0.9847698211669922,0.9429720044136047,0.0660165399312973,,,
39,1232,0.9896697998046875,0.952567994594574,0.05872451886534691,,,
39,1233,0.9898595809936523,0.9397928714752197,0.07603879272937775,,,
39,1234,0.989588737487793,0.9426103830337524,0.07083024829626083,,,
39,1235,0.9837942123413086,0.9149945974349976,0.10069546103477478,,,
39,1236,0.9931249618530273,0.9770482778549194,0.029874317348003387,,,
39,1237,0.9914169311523438,0.9363651871681213,0.0867987722158432,,,
39,1238,0.9895706176757812,0.920588493347168,0.10421161353588104,,,
39,1239,0.985382080078125,0.9066799879074097,0.11502394080162048,,,
39,1239,,,,0.9622061252593994,0.8671358227729797,0.1805739849805832
40,1240,0.9905300140380859,0.9469718337059021,0.06717391312122345,,,
40,1241,0.9897871017456055,0.9417251348495483,0.07546664029359818,,,
40,1242,0.990483283996582,0.9337652325630188,0.08745231479406357,,,
40,1243,0.9882287979125977,0.9446378350257874,0.06652696430683136,,,
40,1244,0.991455078125,0.9544678330421448,0.06029205769300461,,,
40,1245,0.9923896789550781,0.959807813167572,0.0544336773455143,,,
40,1246,0.9927339553833008,0.9768247008323669,0.031123410910367966,,,
40,1247,0.9884243011474609,0.9526382684707642,0.058090269565582275,,,
40,1248,0.9897670745849609,0.9376060962677002,0.07845684140920639,,,
40,1249,0.9901523590087891,0.9472492933273315,0.06615562736988068,,,
40,1250,0.9923734664916992,0.947599470615387,0.07497076690196991,,,
40,1251,0.9912643432617188,0.9433599710464478,0.07630226016044617,,,
40,1252,0.9907999038696289,0.9120007753372192,0.1222492977976799,,,
40,1253,0.9898977279663086,0.9125362038612366,0.11547794938087463,,,
40,1254,0.9872446060180664,0.9553477764129639,0.053489748388528824,,,
40,1255,0.9855718612670898,0.895592212677002,0.1253168284893036,,,
40,1256,0.9888525009155273,0.9155553579330444,0.10797755420207977,,,
40,1257,0.9907512664794922,0.9496793150901794,0.06494742631912231,,,
40,1258,0.9868402481079102,0.949854850769043,0.05937758460640907,,,
40,1259,0.9900312423706055,0.9296534657478333,0.08970649540424347,,,
40,1260,0.9899940490722656,0.9634289741516113,0.04676317051053047,,,
40,1261,0.9909400939941406,0.9620887041091919,0.04774016886949539,,,
40,1262,0.9870996475219727,0.9413930773735046,0.06956946104764938,,,
40,1263,0.9886322021484375,0.9595589637756348,0.04857075586915016,,,
40,1264,0.9880399703979492,0.9356541633605957,0.07844775170087814,,,
40,1265,0.9891242980957031,0.9085814952850342,0.11803392320871353,,,
40,1266,0.9923896789550781,0.9280030131340027,0.1039290726184845,,,
40,1267,0.9924221038818359,0.9500603079795837,0.06967190653085709,,,
40,1268,0.9918642044067383,0.9584916830062866,0.053608622401952744,,,
40,1269,0.9876155853271484,0.9460447430610657,0.06616748869419098,,,
40,1270,0.9894282221794128,0.9644264578819275,0.04405263811349869,,,
40,1270,,,,0.961004912853241,0.8639981746673584,0.182304248213768
41,1271,0.9914169311523438,0.9364684820175171,0.08338651806116104,,,
41,1272,0.9870510101318359,0.9445436000823975,0.06523561477661133,,,
41,1273,0.9859142303466797,0.922868013381958,0.09274960309267044,,,
41,1274,0.9895334243774414,0.9265665411949158,0.09549643099308014,,,
41,1275,0.9898700714111328,0.9384114146232605,0.07738183438777924,,,
41,1276,0.9889192581176758,0.9414907693862915,0.07072114199399948,,,
41,1277,0.9892349243164062,0.9264615774154663,0.09385789185762405,,,
41,1278,0.9899053573608398,0.9619140625,0.04649577662348747,,,
41,1279,0.9929924011230469,0.9608911871910095,0.053501226007938385,,,
41,1280,0.9908952713012695,0.9529507160186768,0.06086861342191696,,,
41,1281,0.985011100769043,0.8383988738059998,0.19831283390522003,,,
41,1282,0.9886512756347656,0.903653085231781,0.12406467646360397,,,
41,1283,0.990696907043457,0.9731205105781555,0.03593805059790611,,,
41,1284,0.9893226623535156,0.9438645243644714,0.06965146213769913,,,
41,1285,0.9880638122558594,0.9510290026664734,0.05863253027200699,,,
41,1286,0.9885454177856445,0.9456143975257874,0.06607533991336823,,,
41,1287,0.9884424209594727,0.9064119458198547,0.11959195882081985,,,
41,1288,0.9875335693359375,0.945173978805542,0.06506141275167465,,,
41,1289,0.9932126998901367,0.9502373933792114,0.07264706492424011,,,
41,1290,0.9879426956176758,0.9059202671051025,0.12027542293071747,,,
41,1291,0.9906110763549805,0.9625886082649231,0.045536041259765625,,,
41,1292,0.9898347854614258,0.9339893460273743,0.084036685526371,,,
41,1293,0.9915714263916016,0.9452029466629028,0.07094984501600266,,,
41,1294,0.9880971908569336,0.957701563835144,0.05063984543085098,,,
41,1295,0.98602294921875,0.9562417268753052,0.05244654789566994,,,
41,1296,0.9894695281982422,0.9359961748123169,0.07768973708152771,,,
41,1297,0.9895954132080078,0.9061658978462219,0.12542860209941864,,,
41,1298,0.988133430480957,0.9505004286766052,0.057973284274339676,,,
41,1299,0.9922962188720703,0.9691163301467896,0.03805706650018692,,,
41,1300,0.9907569885253906,0.9325652122497559,0.08902975916862488,,,
41,1301,0.991766631603241,0.9688283801078796,0.039700545370578766,,,
41,1301,,,,0.9616855978965759,0.8660143613815308,0.18061155080795288
42,1302,0.9888553619384766,0.9401319622993469,0.07201327383518219,,,
42,1303,0.9914131164550781,0.9491282105445862,0.06525751948356628,,,
42,1304,0.9885101318359375,0.9513664245605469,0.05723993107676506,,,
42,1305,0.9847373962402344,0.9095711708068848,0.10584521293640137,,,
42,1306,0.9895877838134766,0.9193809032440186,0.10357276350259781,,,
42,1307,0.9894313812255859,0.9687923192977905,0.03918396309018135,,,
42,1308,0.9904451370239258,0.9331232905387878,0.08680812269449234,,,
42,1309,0.9875965118408203,0.9313163757324219,0.0815688967704773,,,
42,1310,0.9859714508056641,0.9040199518203735,0.11712215095758438,,,
42,1311,0.9891338348388672,0.9347602128982544,0.07992805540561676,,,
42,1312,0.9903631210327148,0.9395861625671387,0.07598111033439636,,,
42,1313,0.9894037246704102,0.9366605877876282,0.0800098180770874,,,
42,1314,0.99285888671875,0.9773781895637512,0.03011050447821617,,,
42,1315,0.9911308288574219,0.9618505239486694,0.047835592180490494,,,
42,1316,0.9941349029541016,0.9679483771324158,0.044562287628650665,,,
42,1317,0.9920873641967773,0.9526245594024658,0.06343061476945877,,,
42,1318,0.9878749847412109,0.8605753183364868,0.18174704909324646,,,
42,1319,0.9874038696289062,0.9439383745193481,0.06574032455682755,,,
42,1320,0.9906778335571289,0.9453443288803101,0.0700235515832901,,,
42,1321,0.9902839660644531,0.9245372414588928,0.09811783581972122,,,
42,1322,0.9910526275634766,0.9622456431388855,0.045568063855171204,,,
42,1323,0.9921283721923828,0.9567493200302124,0.05807219445705414,,,
42,1324,0.9897174835205078,0.9514263272285461,0.06028979644179344,,,
42,1325,0.9899168014526367,0.9622798562049866,0.04628976061940193,,,
42,1326,0.9914083480834961,0.9573842883110046,0.05333016812801361,,,
42,1327,0.9858551025390625,0.9200547337532043,0.09557516127824783,,,
42,1328,0.9901056289672852,0.9347668886184692,0.0864371582865715,,,
42,1329,0.9890060424804688,0.9455599784851074,0.06552410125732422,,,
42,1330,0.9900932312011719,0.9551398158073425,0.05611512437462807,,,
42,1331,0.9920101165771484,0.940366268157959,0.08251307159662247,,,
42,1332,0.9909083247184753,0.9652725458145142,0.0445936918258667,,,
42,1332,,,,0.9635552167892456,0.870879590511322,0.17644256353378296
43,1333,0.9883823394775391,0.94002765417099,0.07322607189416885,,,
43,1334,0.9908580780029297,0.9521245956420898,0.06025703251361847,,,
43,1335,0.986811637878418,0.9469356536865234,0.06354250013828278,,,
43,1336,0.9910726547241211,0.9617409110069275,0.04705459624528885,,,
43,1337,0.9898395538330078,0.9036098718643188,0.1264950931072235,,,
43,1338,0.9892892837524414,0.9373574256896973,0.07979309558868408,,,
43,1339,0.9902839660644531,0.9577965140342712,0.053569283336400986,,,
43,1340,0.9905500411987305,0.9589567184448242,0.05119416490197182,,,
43,1341,0.9877080917358398,0.850792407989502,0.19408194720745087,,,
43,1342,0.9887933731079102,0.9643383622169495,0.044091761112213135,,,
43,1343,0.9912862777709961,0.9648242592811584,0.045179564505815506,,,
43,1344,0.9883623123168945,0.9292612671852112,0.08622244000434875,,,
43,1345,0.9920873641967773,0.9657763838768005,0.04386279359459877,,,
43,1346,0.9903659820556641,0.9424928426742554,0.07330024987459183,,,
43,1347,0.9882469177246094,0.9512013792991638,0.05903618410229683,,,
43,1348,0.9913797378540039,0.9704570174217224,0.03777719661593437,,,
43,1349,0.9892816543579102,0.9104248285293579,0.1156449168920517,,,
43,1350,0.9883289337158203,0.9534987807273865,0.05719675123691559,,,
43,1351,0.9911184310913086,0.9587927460670471,0.05117729306221008,,,
43,1352,0.9885435104370117,0.9171711206436157,0.10539595782756805,,,
43,1353,0.9882745742797852,0.9290328025817871,0.08620748668909073,,,
43,1354,0.9893999099731445,0.9221709370613098,0.10102289170026779,,,
43,1355,0.9931163787841797,0.9531599879264832,0.06596451252698898,,,
43,1356,0.991185188293457,0.9077240824699402,0.12779627740383148,,,
43,1357,0.9920406341552734,0.9576877951622009,0.05590629577636719,,,
43,1358,0.9918737411499023,0.938507616519928,0.08506236225366592,,,
43,1359,0.9913663864135742,0.9462646842002869,0.06865759193897247,,,
43,1360,0.9887113571166992,0.9130514860153198,0.11036991328001022,,,
43,1361,0.9914436340332031,0.9451515674591064,0.0721861943602562,,,
43,1362,0.9933290481567383,0.979114294052124,0.028963716700673103,,,
43,1363,0.9922993779182434,0.9678699374198914,0.041732147336006165,,,
43,1363,,,,0.9634391069412231,0.8706384897232056,0.1767532080411911
44,1364,0.9898004531860352,0.9733984470367432,0.03694741055369377,,,
44,1365,0.9906291961669922,0.9639139771461487,0.04585682600736618,,,
44,1366,0.98785400390625,0.9342790246009827,0.07858879119157791,,,
44,1367,0.9888687133789062,0.927902102470398,0.0885239690542221,,,
44,1368,0.9911375045776367,0.9546923637390137,0.056634481996297836,,,
44,1369,0.9906816482543945,0.9407221674919128,0.07400625199079514,,,
44,1370,0.9916448593139648,0.9535671472549438,0.060078270733356476,,,
44,1371,0.989990234375,0.9240976572036743,0.10022899508476257,,,
44,1372,0.9898061752319336,0.9447239637374878,0.06831006705760956,,,
44,1373,0.991302490234375,0.937322199344635,0.084861159324646,,,
44,1374,0.9829187393188477,0.9093164205551147,0.10557951033115387,,,
44,1375,0.988189697265625,0.9300876259803772,0.08645450323820114,,,
44,1376,0.987945556640625,0.93204265832901,0.08389925956726074,,,
44,1377,0.991276741027832,0.9547377824783325,0.058212947100400925,,,
44,1378,0.9912405014038086,0.9521529674530029,0.06102539226412773,,,
44,1379,0.990300178527832,0.9031766653060913,0.13278211653232574,,,
44,1380,0.9923000335693359,0.9747833013534546,0.033411651849746704,,,
44,1381,0.9924421310424805,0.9239581823348999,0.11157071590423584,,,
44,1382,0.992924690246582,0.9577488899230957,0.05790819972753525,,,
44,1383,0.9870538711547852,0.9351217150688171,0.0786406546831131,,,
44,1384,0.9935932159423828,0.9596303105354309,0.05601232498884201,,,
44,1385,0.9946718215942383,0.9678064584732056,0.051426488906145096,,,
44,1386,0.9890518188476562,0.9680727124214172,0.04098784551024437,,,
44,1387,0.9892292022705078,0.9400231242179871,0.07523446530103683,,,
44,1388,0.9914255142211914,0.924919843673706,0.10393834859132767,,,
44,1389,0.9890899658203125,0.8987207412719727,0.130889430642128,,,
44,1390,0.9907188415527344,0.967176616191864,0.042420804500579834,,,
44,1391,0.9906711578369141,0.9601854085922241,0.05020821839570999,,,
44,1392,0.9880838394165039,0.9398298263549805,0.07335688173770905,,,
44,1393,0.9925308227539062,0.9630038738250732,0.04899318516254425,,,
44,1394,0.9921467900276184,0.9616575837135315,0.05056437849998474,,,
44,1394,,,,0.9635802507400513,0.870994508266449,0.1764528602361679
45,1395,0.989750862121582,0.9518129825592041,0.05948643386363983,,,
45,1396,0.9914236068725586,0.9573237299919128,0.055548492819070816,,,
45,1397,0.9871807098388672,0.9547404646873474,0.054775502532720566,,,
45,1398,0.9910354614257812,0.9330479502677917,0.08969464153051376,,,
45,1399,0.9911165237426758,0.9260567426681519,0.10224632173776627,,,
45,1400,0.9897480010986328,0.9217025637626648,0.10527855902910233,,,
45,1401,0.9881410598754883,0.914534330368042,0.10484769195318222,,,
45,1402,0.9899835586547852,0.9365462064743042,0.08104213327169418,,,
45,1403,0.9897270202636719,0.9459890127182007,0.0665796771645546,,,
45,1404,0.9899225234985352,0.9326457977294922,0.0886446014046669,,,
45,1405,0.9926300048828125,0.9535381197929382,0.06297512352466583,,,
45,1406,0.9921112060546875,0.9595254063606262,0.05193137750029564,,,
45,1407,0.9895448684692383,0.9516878128051758,0.05861933156847954,,,
45,1408,0.9864664077758789,0.9157624244689941,0.10171286761760712,,,
45,1409,0.9909124374389648,0.9687045216560364,0.04058944433927536,,,
45,1410,0.9904441833496094,0.9665902853012085,0.04175131022930145,,,
45,1411,0.9883441925048828,0.9323274493217468,0.08450084179639816,,,
45,1412,0.9911127090454102,0.9324362277984619,0.08969387412071228,,,
45,1413,0.99212646484375,0.9497920274734497,0.06984272599220276,,,
45,1414,0.9894599914550781,0.9288024306297302,0.08960892260074615,,,
45,1415,0.9874782562255859,0.9197103977203369,0.09879998117685318,,,
45,1416,0.9916696548461914,0.9753871560096741,0.03357984498143196,,,
45,1417,0.9913454055786133,0.9552121758460999,0.056170135736465454,,,
45,1418,0.9914617538452148,0.970144510269165,0.03800063580274582,,,
45,1419,0.9893169403076172,0.9526364803314209,0.05784496292471886,,,
45,1420,0.9901342391967773,0.8787605166435242,0.1711982786655426,,,
45,1421,0.993617057800293,0.9608569145202637,0.05487629026174545,,,
45,1422,0.9915552139282227,0.9758608937263489,0.03210361301898956,,,
45,1423,0.9919033050537109,0.9533300995826721,0.06323211640119553,,,
45,1424,0.991694450378418,0.9531399011611938,0.06038203462958336,,,
45,1425,0.9940884709358215,0.9555158019065857,0.06657145172357559,,,
45,1425,,,,0.9633805751800537,0.8704085946083069,0.17677442729473114
46,1426,0.987727165222168,0.9594523906707764,0.049713198095560074,,,
46,1427,0.9930648803710938,0.9744077920913696,0.03467399626970291,,,
46,1428,0.9891586303710938,0.9113951921463013,0.11617709696292877,,,
46,1429,0.9916973114013672,0.963958203792572,0.044448383152484894,,,
46,1430,0.9916954040527344,0.9337698817253113,0.09068333357572556,,,
46,1431,0.9917268753051758,0.9543502926826477,0.05916035547852516,,,
46,1432,0.9924097061157227,0.9628829956054688,0.0492970272898674,,,
46,1433,0.9925956726074219,0.9695993065834045,0.03981037065386772,,,
46,1434,0.9925365447998047,0.9563695192337036,0.05784691125154495,,,
46,1435,0.9911050796508789,0.9646360278129578,0.04424496367573738,,,
46,1436,0.9897594451904297,0.96904456615448,0.03972453624010086,,,
46,1437,0.993556022644043,0.9712393283843994,0.03978806361556053,,,
46,1438,0.9882783889770508,0.9373601675033569,0.07794764637947083,,,
46,1439,0.9918689727783203,0.9464117288589478,0.07135219871997833,,,
46,1440,0.9930343627929688,0.9622383713722229,0.051671918481588364,,,
46,1441,0.9907979965209961,0.8466392159461975,0.22167633473873138,,,
46,1442,0.9889612197875977,0.9192225933074951,0.10341545194387436,,,
46,1443,0.985896110534668,0.910863995552063,0.10678767412900925,,,
46,1444,0.9895601272583008,0.920684814453125,0.10486909002065659,,,
46,1445,0.9894981384277344,0.9190019965171814,0.10561376810073853,,,
46,1446,0.9897661209106445,0.9659366011619568,0.04272757098078728,,,
46,1447,0.9915399551391602,0.9506903886795044,0.06421993672847748,,,
46,1448,0.9886760711669922,0.9500401616096497,0.06027260422706604,,,
46,1449,0.9918270111083984,0.9489306211471558,0.0679757297039032,,,
46,1450,0.9937114715576172,0.9715363383293152,0.038660064339637756,,,
46,1451,0.9891567230224609,0.9395511746406555,0.07627148926258087,,,
46,1452,0.9889373779296875,0.9342984557151794,0.08174242079257965,,,
46,1453,0.9871654510498047,0.9140568971633911,0.10758157819509506,,,
46,1454,0.9906082153320312,0.9479005336761475,0.06515681743621826,,,
46,1455,0.9906425476074219,0.9583693742752075,0.05163833871483803,,,
46,1456,0.9912757873535156,0.9387918710708618,0.08206044137477875,,,
46,1456,,,,0.9634039402008057,0.8705064058303833,0.17685498297214508
47,1457,0.9915313720703125,0.9430429935455322,0.07646526396274567,,,
47,1458,0.9934520721435547,0.9633116722106934,0.05092070996761322,,,
47,1459,0.9900970458984375,0.9504887461662292,0.06329866498708725,,,
47,1460,0.9923725128173828,0.9615526795387268,0.0506276935338974,,,
47,1461,0.9915304183959961,0.9580598473548889,0.05500926077365875,,,
47,1462,0.9926319122314453,0.955521285533905,0.05923023074865341,,,
47,1463,0.990839958190918,0.9534790515899658,0.06009262800216675,,,
47,1464,0.9900121688842773,0.9448763132095337,0.07098118960857391,,,
47,1465,0.9908428192138672,0.9579468369483948,0.05266137048602104,,,
47,1466,0.9913349151611328,0.9555283784866333,0.05643082037568092,,,
47,1467,0.9940385818481445,0.9735820293426514,0.0356343574821949,,,
47,1468,0.9910202026367188,0.9572250843048096,0.05463500693440437,,,
47,1469,0.9932012557983398,0.9708386063575745,0.03728310018777847,,,
47,1470,0.9881696701049805,0.9369533061981201,0.07770248502492905,,,
47,1471,0.9907636642456055,0.9564552903175354,0.053768109530210495,,,
47,1472,0.9885520935058594,0.934302031993866,0.08028342574834824,,,
47,1473,0.9871358871459961,0.8771840333938599,0.15508130192756653,,,
47,1474,0.9917373657226562,0.9689071178436279,0.04138254001736641,,,
47,1475,0.9879035949707031,0.9072420597076416,0.11877001076936722,,,
47,1476,0.9909467697143555,0.9578536748886108,0.05372397601604462,,,
47,1477,0.9898748397827148,0.9514104723930359,0.06028338521718979,,,
47,1478,0.9937610626220703,0.9692354202270508,0.0420912466943264,,,
47,1479,0.9911794662475586,0.9379544854164124,0.08393197506666183,,,
47,1480,0.9937944412231445,0.9735690951347351,0.03644232824444771,,,
47,1481,0.991124153137207,0.9476905465126038,0.06827362626791,,,
47,1482,0.9876747131347656,0.9236021041870117,0.09425856918096542,,,
47,1483,0.9878301620483398,0.954522967338562,0.05465826392173767,,,
47,1484,0.9921789169311523,0.9634265899658203,0.04781613498926163,,,
47,1485,0.9871454238891602,0.9145042896270752,0.1055072471499443,,,
47,1486,0.991973876953125,0.9459292888641357,0.0702953040599823,,,
47,1487,0.988739013671875,0.9418973922729492,0.07180792838335037,,,
47,1487,,,,0.9633132219314575,0.8703290224075317,0.1765269637107849
48,1488,0.9855670928955078,0.9103478789329529,0.10843773931264877,,,
48,1489,0.9896030426025391,0.9461206793785095,0.06765422970056534,,,
48,1490,0.9904546737670898,0.9445171356201172,0.0720142126083374,,,
48,1491,0.9899635314941406,0.9320326447486877,0.08574258536100388,,,
48,1492,0.9917469024658203,0.9628329873085022,0.048526037484407425,,,
48,1493,0.9917812347412109,0.9385713934898376,0.0835714265704155,,,
48,1494,0.988490104675293,0.8597149848937988,0.18505911529064178,,,
48,1495,0.9929895401000977,0.9684053659439087,0.04229578375816345,,,
48,1496,0.9903087615966797,0.9342916011810303,0.0864800438284874,,,
48,1497,0.9874258041381836,0.9263855814933777,0.09091045707464218,,,
48,1498,0.992375373840332,0.9638453125953674,0.04813329502940178,,,
48,1499,0.9901113510131836,0.9581354856491089,0.05121517926454544,,,
48,1500,0.9908447265625,0.9621236324310303,0.04795517027378082,,,
48,1501,0.9929065704345703,0.9766094088554382,0.03185488283634186,,,
48,1502,0.9897499084472656,0.9548149108886719,0.05614528805017471,,,
48,1503,0.9888248443603516,0.9245824813842773,0.09454327076673508,,,
48,1504,0.9900684356689453,0.9660962820053101,0.04184846207499504,,,
48,1505,0.9944171905517578,0.9691190719604492,0.04290004447102547,,,
48,1506,0.9926309585571289,0.9756228923797607,0.032547757029533386,,,
48,1507,0.9895095825195312,0.9146996140480042,0.11099233478307724,,,
48,1508,0.9902744293212891,0.9417080879211426,0.07420162111520767,,,
48,1509,0.988194465637207,0.944559633731842,0.06759615987539291,,,
48,1510,0.9893007278442383,0.9467121958732605,0.06521011143922806,,,
48,1511,0.9919233322143555,0.9168393015861511,0.11910849064588547,,,
48,1512,0.9913349151611328,0.9544396996498108,0.06070585548877716,,,
48,1513,0.9919815063476562,0.9560216665267944,0.05818118527531624,,,
48,1514,0.9914684295654297,0.962105929851532,0.05006920173764229,,,
48,1515,0.9939479827880859,0.9730284810066223,0.03644602373242378,,,
48,1516,0.9928083419799805,0.9656045436859131,0.045529916882514954,,,
48,1517,0.9901714324951172,0.9533793926239014,0.05703979358077049,,,
48,1518,0.9921340942382812,0.8798555135726929,0.1814490258693695,,,
48,1518,,,,0.9630749821662903,0.8696222305297852,0.1774146556854248
49,1519,0.9893836975097656,0.9256414175033569,0.09481561183929443,,,
49,1520,0.9903993606567383,0.9646271467208862,0.04486344754695892,,,
49,1521,0.9890785217285156,0.9642147421836853,0.04425596445798874,,,
49,1522,0.9896907806396484,0.9308757185935974,0.08994942903518677,,,
49,1523,0.9876632690429688,0.9532062411308289,0.05708428844809532,,,
49,1524,0.9923553466796875,0.9586878418922424,0.053878385573625565,,,
49,1525,0.9896688461303711,0.8767408728599548,0.16602462530136108,,,
49,1526,0.9903011322021484,0.9477241635322571,0.06523314863443375,,,
49,1527,0.9903688430786133,0.945370078086853,0.07025986164808273,,,
49,1528,0.9937114715576172,0.9742022752761841,0.03411241993308067,,,
49,1529,0.991358757019043,0.9647932052612305,0.04503729194402695,,,
49,1530,0.9934110641479492,0.9735559821128845,0.03643953800201416,,,
49,1531,0.9858570098876953,0.9402336478233337,0.07047398388385773,,,
49,1532,0.9910745620727539,0.9485856890678406,0.06692083179950714,,,
49,1533,0.9933710098266602,0.9441453218460083,0.08039536327123642,,,
49,1534,0.9897327423095703,0.945171594619751,0.07110396027565002,,,
49,1535,0.9912614822387695,0.9679130911827087,0.03995508700609207,,,
49,1536,0.9910516738891602,0.9337162375450134,0.08877930045127869,,,
49,1537,0.9880485534667969,0.9191739559173584,0.10316791385412216,,,
49,1538,0.9923934936523438,0.9624097943305969,0.04965377226471901,,,
49,1539,0.9929056167602539,0.8994566798210144,0.1557401865720749,,,
49,1540,0.9898452758789062,0.9485046863555908,0.0669589564204216,,,
49,1541,0.9906606674194336,0.9546040296554565,0.05772533640265465,,,
49,1542,0.9931497573852539,0.9669383764266968,0.044185981154441833,,,
49,1543,0.991999626159668,0.9335119128227234,0.09032678604125977,,,
49,1544,0.9911222457885742,0.8894864320755005,0.15784694254398346,,,
49,1545,0.9892816543579102,0.9405739903450012,0.07427089661359787,,,
49,1546,0.9912910461425781,0.9650615453720093,0.044650256633758545,,,
49,1547,0.9924478530883789,0.9474473595619202,0.0716494545340538,,,
49,1548,0.9917373657226562,0.9638141989707947,0.04722331836819649,,,
49,1549,0.9918225407600403,0.9688289165496826,0.03884926438331604,,,
49,1549,,,,0.963186502456665,0.8699221611022949,0.1770225614309311
