epoch,step,train_BinaryAccuracy,train_BinaryJaccardIndex,train_loss,val_BinaryAccuracy,val_BinaryJaccardIndex,val_loss
0,0,0.2568626403808594,0.16972623765468597,0.8376765251159668,,,
0,1,0.44051456451416016,0.3402157425880432,0.7053154110908508,,,
0,2,0.4160041809082031,0.30012983083724976,0.728933572769165,,,
0,3,0.4558267593383789,0.3109501600265503,0.7133078575134277,,,
0,4,0.3539571762084961,0.1814970076084137,0.8209928870201111,,,
0,5,0.4008188247680664,0.21428079903125763,0.7881652116775513,,,
0,6,0.4158487319946289,0.17419475317001343,0.8308234214782715,,,
0,7,0.46366214752197266,0.23106445372104645,0.7746332883834839,,,
0,8,0.5747251510620117,0.35682153701782227,0.6774478554725647,,,
0,9,0.6182041168212891,0.3929769694805145,0.6604063510894775,,,
0,10,0.4872293472290039,0.24273017048835754,0.7644603252410889,,,
0,11,0.5110750198364258,0.27131199836730957,0.7398643493652344,,,
0,12,0.5191125869750977,0.2574578523635864,0.750684916973114,,,
0,13,0.5302925109863281,0.274298757314682,0.7339863777160645,,,
0,14,0.520756721496582,0.31584563851356506,0.6848585605621338,,,
0,15,0.5350503921508789,0.21192708611488342,0.8034531474113464,,,
0,16,0.5735483169555664,0.22087112069129944,0.8082054257392883,,,
0,17,0.4752378463745117,0.1272198110818863,0.8791478276252747,,,
0,18,0.5139102935791016,0.1936779022216797,0.813022255897522,,,
0,19,0.5962619781494141,0.3606182634830475,0.6575548052787781,,,
0,20,0.5873746871948242,0.2974510192871094,0.722970187664032,,,
0,21,0.5688199996948242,0.2613253891468048,0.7513443231582642,,,
0,22,0.5581531524658203,0.2585960626602173,0.752689003944397,,,
0,23,0.7231817245483398,0.4122608006000519,0.6782020330429077,,,
0,24,0.740635871887207,0.5444108843803406,0.5448315143585205,,,
0,25,0.6239471435546875,0.33738645911216736,0.6910964250564575,,,
0,26,0.6702985763549805,0.3795325756072998,0.6687670946121216,,,
0,27,0.6294898986816406,0.32457235455513,0.7075867056846619,,,
0,28,0.7210865020751953,0.4048707187175751,0.6821945309638977,,,
0,29,0.6536645889282227,0.30713358521461487,0.7331516146659851,,,
0,30,0.7221323847770691,0.3955076038837433,0.6879653930664062,,,
0,30,,,,0.6416151523590088,0.42160579562187195,0.6128184795379639
1,31,0.7761678695678711,0.4953871965408325,0.6311963200569153,,,
1,32,0.7513971328735352,0.4799504578113556,0.6234821081161499,,,
1,33,0.690190315246582,0.31374871730804443,0.7511667013168335,,,
1,34,0.7555704116821289,0.41798922419548035,0.6953997611999512,,,
1,35,0.8414535522460938,0.6515389084815979,0.5281436443328857,,,
1,36,0.751215934753418,0.39385512471199036,0.7124273180961609,,,
1,37,0.7541513442993164,0.27844005823135376,0.8231451511383057,,,
1,38,0.7838535308837891,0.46047714352607727,0.6773761510848999,,,
1,39,0.8449945449829102,0.6774587035179138,0.5001316666603088,,,
1,40,0.743901252746582,0.3413124680519104,0.760966956615448,,,
1,41,0.7517280578613281,0.3638491928577423,0.7469545006752014,,,
1,42,0.8364944458007812,0.571281373500824,0.6221581697463989,,,
1,43,0.673527717590332,0.18647189438343048,0.8644945025444031,,,
1,44,0.818120002746582,0.4709356427192688,0.7065885066986084,,,
1,45,0.8412809371948242,0.6074472665786743,0.5860248804092407,,,
1,46,0.8038444519042969,0.42454424500465393,0.7320854663848877,,,
1,47,0.7829780578613281,0.4026721119880676,0.7326139807701111,,,
1,48,0.8277559280395508,0.5417267084121704,0.644707441329956,,,
1,49,0.8338031768798828,0.4681263267993927,0.7232754826545715,,,
1,50,0.9050235748291016,0.7522254586219788,0.5172761678695679,,,
1,51,0.8935546875,0.7295573949813843,0.5233464241027832,,,
1,52,0.8102998733520508,0.39702993631362915,0.7619274258613586,,,
1,53,0.8292779922485352,0.41538676619529724,0.7660272717475891,,,
1,54,0.8693170547485352,0.5085870027542114,0.7358866930007935,,,
1,55,0.8783864974975586,0.558215856552124,0.7025390863418579,,,
1,56,0.8586015701293945,0.5548580288887024,0.6721891164779663,,,
1,57,0.8748493194580078,0.6369606852531433,0.6104991436004639,,,
1,58,0.8771476745605469,0.5553008913993835,0.7014598846435547,,,
1,59,0.8665399551391602,0.5174928307533264,0.720626711845398,,,
1,60,0.9005231857299805,0.6717055439949036,0.6202144622802734,,,
1,61,0.8563130497932434,0.5286973118782043,0.6947270631790161,,,
1,61,,,,0.8433668613433838,0.6216913461685181,0.5864127278327942
2,62,0.917912483215332,0.7286249995231628,0.5930299758911133,,,
2,63,0.8490667343139648,0.48716992139816284,0.7254859209060669,,,
2,64,0.8739538192749023,0.589186429977417,0.6627532243728638,,,
2,65,0.8801231384277344,0.5517581701278687,0.7152007818222046,,,
2,66,0.9224977493286133,0.7856645584106445,0.5148684978485107,,,
2,67,0.8954935073852539,0.6631542444229126,0.6220594644546509,,,
2,68,0.8506603240966797,0.48745593428611755,0.7272682189941406,,,
2,69,0.8687801361083984,0.4736890494823456,0.7613378763198853,,,
2,70,0.9137763977050781,0.7309975028038025,0.5731304287910461,,,
2,71,0.8985967636108398,0.6112399101257324,0.6861705183982849,,,
2,72,0.9295587539672852,0.7829812169075012,0.5438259840011597,,,
2,73,0.8820114135742188,0.5239231586456299,0.7380274534225464,,,
2,74,0.9434890747070312,0.8368911147117615,0.49607008695602417,,,
2,75,0.9265432357788086,0.7483640909194946,0.5883995890617371,,,
2,76,0.9371252059936523,0.8035857677459717,0.5342472791671753,,,
2,77,0.9047861099243164,0.6071820855140686,0.7034052610397339,,,
2,78,0.9068384170532227,0.6520969271659851,0.6588845252990723,,,
2,79,0.9177322387695312,0.677194356918335,0.657762885093689,,,
2,80,0.9140481948852539,0.6283836364746094,0.702009916305542,,,
2,81,0.9177055358886719,0.6465007066726685,0.693727970123291,,,
2,82,0.9591484069824219,0.8860926628112793,0.45166701078414917,,,
2,83,0.9137077331542969,0.6532940864562988,0.6750367879867554,,,
2,84,0.8312387466430664,0.3150840401649475,0.8384082913398743,,,
2,85,0.9125461578369141,0.6406351923942566,0.6837272644042969,,,
2,86,0.8235721588134766,0.3284984827041626,0.8228631019592285,,,
2,87,0.8896369934082031,0.5946165323257446,0.6794058084487915,,,
2,88,0.8284082412719727,0.30145782232284546,0.8450153470039368,,,
2,89,0.9323244094848633,0.7401650547981262,0.6184200644493103,,,
2,90,0.9439754486083984,0.811554491519928,0.5471019744873047,,,
2,91,0.9239339828491211,0.6948909163475037,0.6532329320907593,,,
2,92,0.9296340942382812,0.7218329310417175,0.6354982256889343,,,
2,92,,,,0.9069989323616028,0.7321455478668213,0.5651986002922058
3,93,0.9225740432739258,0.6421825289726257,0.7095282077789307,,,
3,94,0.9193916320800781,0.6615899801254272,0.6772465705871582,,,
3,95,0.8452949523925781,0.3520452678203583,0.8225102424621582,,,
3,96,0.9108715057373047,0.5938974618911743,0.7231529951095581,,,
3,97,0.9296102523803711,0.760776698589325,0.5714172124862671,,,
3,98,0.9066991806030273,0.5359230041503906,0.7669004201889038,,,
3,99,0.8919172286987305,0.5139635801315308,0.7594442367553711,,,
3,100,0.9547252655029297,0.8406029939651489,0.5408851504325867,,,
3,101,0.9497051239013672,0.7898942828178406,0.6149411201477051,,,
3,102,0.8757266998291016,0.3869812786579132,0.8310563564300537,,,
3,103,0.932591438293457,0.7527745366096497,0.5951768159866333,,,
3,104,0.9353580474853516,0.7490206360816956,0.613248348236084,,,
3,105,0.9460983276367188,0.7787632942199707,0.6142454147338867,,,
3,106,0.9627752304077148,0.8890609741210938,0.45912861824035645,,,
3,107,0.9469013214111328,0.8045617938041687,0.5705592632293701,,,
3,108,0.9024457931518555,0.5973683595657349,0.6984604597091675,,,
3,109,0.9518823623657227,0.8467456698417664,0.5011175274848938,,,
3,110,0.872349739074707,0.35559022426605225,0.8430392146110535,,,
3,111,0.9532880783081055,0.848455011844635,0.5053015947341919,,,
3,112,0.9353713989257812,0.7241705060005188,0.6435711979866028,,,
3,113,0.9104375839233398,0.635178804397583,0.674531102180481,,,
3,114,0.9188728332519531,0.6925901174545288,0.6278678178787231,,,
3,115,0.9245290756225586,0.6894785761833191,0.6500741243362427,,,
3,116,0.9402046203613281,0.7476130127906799,0.6287667751312256,,,
3,117,0.9598302841186523,0.8743661642074585,0.47715121507644653,,,
3,118,0.956939697265625,0.8463041186332703,0.5318444967269897,,,
3,119,0.9305620193481445,0.6135932803153992,0.7533417344093323,,,
3,120,0.9711875915527344,0.923978328704834,0.3919965624809265,,,
3,121,0.9498720169067383,0.7853782773017883,0.6141122579574585,,,
3,122,0.9347248077392578,0.6430270075798035,0.7363911867141724,,,
3,123,0.936883270740509,0.7236477732658386,0.6479888558387756,,,
3,123,,,,0.9334627985954285,0.791266143321991,0.5510166883468628
4,124,0.9361772537231445,0.7355020642280579,0.6267061233520508,,,
4,125,0.9355087280273438,0.7198465466499329,0.6453770995140076,,,
4,126,0.9508857727050781,0.7785879373550415,0.6283745765686035,,,
4,127,0.9121818542480469,0.580681562423706,0.7301722168922424,,,
4,128,0.9597387313842773,0.8708869218826294,0.4796146750450134,,,
4,129,0.9606151580810547,0.8501181602478027,0.5433772802352905,,,
4,130,0.9518423080444336,0.8193419575691223,0.5539893507957458,,,
4,131,0.946385383605957,0.7493423819541931,0.6480982303619385,,,
4,132,0.936549186706543,0.7128732800483704,0.6558604836463928,,,
4,133,0.9195547103881836,0.6094623804092407,0.7195298671722412,,,
4,134,0.9560394287109375,0.7911902666091919,0.6330115795135498,,,
4,135,0.9455938339233398,0.753763735294342,0.6390063762664795,,,
4,136,0.9301691055297852,0.6693429946899414,0.6854797601699829,,,
4,137,0.960174560546875,0.8550744652748108,0.5236967206001282,,,
4,138,0.9658985137939453,0.8819435238838196,0.4936220645904541,,,
4,139,0.9490499496459961,0.7890266180038452,0.5928647518157959,,,
4,140,0.9591531753540039,0.8442361950874329,0.5413936376571655,,,
4,141,0.9701480865478516,0.903639018535614,0.45519518852233887,,,
4,142,0.9373540878295898,0.618550717830658,0.7596821784973145,,,
4,143,0.9278879165649414,0.6732409000396729,0.6701438426971436,,,
4,144,0.9489984512329102,0.789740800857544,0.5894798040390015,,,
4,145,0.9169120788574219,0.5063040852546692,0.7979633808135986,,,
4,146,0.9485893249511719,0.7273463010787964,0.6839398145675659,,,
4,147,0.9518890380859375,0.7762590050697327,0.6291136741638184,,,
4,148,0.9574260711669922,0.8234028220176697,0.5727725625038147,,,
4,149,0.9545297622680664,0.8229836225509644,0.5527932643890381,,,
4,150,0.9617156982421875,0.8531825542449951,0.532699465751648,,,
4,151,0.9294729232788086,0.6218591928482056,0.7286591529846191,,,
4,152,0.9687824249267578,0.8641765117645264,0.5666279792785645,,,
4,153,0.9651002883911133,0.8665390014648438,0.5231034159660339,,,
4,154,0.9491602778434753,0.7627800703048706,0.6311702132225037,,,
4,154,,,,0.9408412575721741,0.8102126717567444,0.5428420305252075
5,155,0.9598426818847656,0.8174946308135986,0.5984747409820557,,,
5,156,0.9431562423706055,0.7352677583694458,0.6431361436843872,,,
5,157,0.9421987533569336,0.7201180458068848,0.6602274179458618,,,
5,158,0.9637393951416016,0.8218793272972107,0.618425726890564,,,
5,159,0.96929931640625,0.8707366585731506,0.5496819019317627,,,
5,160,0.9501304626464844,0.6771242022514343,0.7428483366966248,,,
5,161,0.9379920959472656,0.6720749139785767,0.6997010707855225,,,
5,162,0.9571065902709961,0.8171592354774475,0.575488805770874,,,
5,163,0.9502935409545898,0.7985669374465942,0.5701335668563843,,,
5,164,0.9604473114013672,0.8335620760917664,0.5642497539520264,,,
5,165,0.9778547286987305,0.9377010464668274,0.375166118144989,,,
5,166,0.9696598052978516,0.8705653548240662,0.5484597682952881,,,
5,167,0.9595413208007812,0.8189005255699158,0.5870926380157471,,,
5,168,0.9496660232543945,0.7832795977592468,0.5917425155639648,,,
5,169,0.9547386169433594,0.8205142021179199,0.5488157868385315,,,
5,170,0.951873779296875,0.8200811743736267,0.5314539670944214,,,
5,171,0.9625968933105469,0.8675680160522461,0.4868895411491394,,,
5,172,0.9001493453979492,0.379299521446228,0.8481573462486267,,,
5,173,0.9667043685913086,0.8773583769798279,0.49311506748199463,,,
5,174,0.9519948959350586,0.760848879814148,0.6400173902511597,,,
5,175,0.9167022705078125,0.4645348787307739,0.8173275589942932,,,
5,176,0.9618844985961914,0.8546586036682129,0.5134385824203491,,,
5,177,0.9324216842651367,0.6655875444412231,0.6798981428146362,,,
5,178,0.9657115936279297,0.8693185448646545,0.5037329196929932,,,
5,179,0.9677515029907227,0.8447991609573364,0.5908017158508301,,,
5,180,0.9217281341552734,0.5921363234519958,0.7241485118865967,,,
5,181,0.9630918502807617,0.8421398401260376,0.5541659593582153,,,
5,182,0.9725332260131836,0.8681894540786743,0.5768929719924927,,,
5,183,0.9672727584838867,0.8420856595039368,0.591488242149353,,,
5,184,0.9676189422607422,0.8771064877510071,0.49197447299957275,,,
5,185,0.9580739140510559,0.8034983277320862,0.5998468399047852,,,
5,185,,,,0.9337946772575378,0.7936722040176392,0.5292956829071045
6,186,0.9393606185913086,0.6643492579460144,0.7038189172744751,,,
6,187,0.9392204284667969,0.6565571427345276,0.7117865085601807,,,
6,188,0.9673147201538086,0.885493278503418,0.46272915601730347,,,
6,189,0.9518604278564453,0.7573604583740234,0.639122486114502,,,
6,190,0.9668655395507812,0.855280339717865,0.5496788024902344,,,
6,191,0.9703178405761719,0.8789947628974915,0.5150536298751831,,,
6,192,0.9566640853881836,0.756793200969696,0.665774941444397,,,
6,193,0.9610967636108398,0.773854672908783,0.6666024923324585,,,
6,194,0.9721384048461914,0.9081346988677979,0.425409197807312,,,
6,195,0.9689712524414062,0.8850602507591248,0.4759839177131653,,,
6,196,0.9411382675170898,0.7351586818695068,0.6143165826797485,,,
6,197,0.9582815170288086,0.823455810546875,0.5501371622085571,,,
6,198,0.9399557113647461,0.6227824687957764,0.7449122667312622,,,
6,199,0.9462795257568359,0.7257586121559143,0.6506866216659546,,,
6,200,0.9616003036499023,0.7919433116912842,0.6386175155639648,,,
6,201,0.9638519287109375,0.8576733469963074,0.5088808536529541,,,
6,202,0.9626150131225586,0.8134307265281677,0.60428786277771,,,
6,203,0.9779272079467773,0.9179301857948303,0.4553760886192322,,,
6,204,0.9687118530273438,0.8697583675384521,0.5196241140365601,,,
6,205,0.9459075927734375,0.6830151677131653,0.7015011310577393,,,
6,206,0.9551868438720703,0.7770259380340576,0.6154210567474365,,,
6,207,0.9295310974121094,0.6110435724258423,0.7184687852859497,,,
6,208,0.9672718048095703,0.8744075894355774,0.4839150905609131,,,
6,209,0.9743061065673828,0.9192262887954712,0.39191341400146484,,,
6,210,0.9584159851074219,0.8163245320320129,0.559579610824585,,,
6,211,0.9620113372802734,0.6934431195259094,0.7660936117172241,,,
6,212,0.9740142822265625,0.9154631495475769,0.4044795632362366,,,
6,213,0.9737701416015625,0.8945972919464111,0.4872143864631653,,,
6,214,0.9653911590576172,0.8476835489273071,0.541115403175354,,,
6,215,0.9611492156982422,0.8377081751823425,0.5288228392601013,,,
6,216,0.9435386657714844,0.7032003998756409,0.6617205142974854,,,
6,216,,,,0.9373058676719666,0.8019452691078186,0.510034441947937
7,217,0.9240036010742188,0.5116618275642395,0.7873209714889526,,,
7,218,0.9626636505126953,0.8279597163200378,0.5627049207687378,,,
7,219,0.9303483963012695,0.5637331604957581,0.7603161334991455,,,
7,220,0.9659824371337891,0.8627306222915649,0.5030180215835571,,,
7,221,0.9645347595214844,0.7671281695365906,0.6873642802238464,,,
7,222,0.9578666687011719,0.7372849583625793,0.687238335609436,,,
7,223,0.9641685485839844,0.7915006279945374,0.6459469199180603,,,
7,224,0.9751176834106445,0.925725519657135,0.3602558374404907,,,
7,225,0.9748401641845703,0.9086005091667175,0.43800288438796997,,,
7,226,0.9540653228759766,0.7861351370811462,0.5839660167694092,,,
7,227,0.9581241607666016,0.7855967283248901,0.6092872023582458,,,
7,228,0.9701929092407227,0.8831413984298706,0.47492843866348267,,,
7,229,0.9625911712646484,0.8455954790115356,0.513278603553772,,,
7,230,0.9771623611450195,0.9033116102218628,0.49072229862213135,,,
7,231,0.9756460189819336,0.9187707901000977,0.39817696809768677,,,
7,232,0.9698715209960938,0.8833128213882446,0.4698055386543274,,,
7,233,0.971217155456543,0.83470618724823,0.6190444827079773,,,
7,234,0.9730939865112305,0.8787627220153809,0.5215321779251099,,,
7,235,0.9576988220214844,0.8242380023002625,0.5239659547805786,,,
7,236,0.9517202377319336,0.6824406385421753,0.7151710987091064,,,
7,237,0.9479694366455078,0.7188369631767273,0.6521539688110352,,,
7,238,0.9701805114746094,0.8991237878799438,0.4103294610977173,,,
7,239,0.974370002746582,0.8943497538566589,0.4788849353790283,,,
7,240,0.9584007263183594,0.7748017311096191,0.6247043609619141,,,
7,241,0.9732503890991211,0.8855689167976379,0.4957270622253418,,,
7,242,0.9443225860595703,0.642341673374176,0.726139485836029,,,
7,243,0.9719123840332031,0.9062082767486572,0.3985072374343872,,,
7,244,0.9709854125976562,0.8789171576499939,0.4880720376968384,,,
7,245,0.969996452331543,0.884584903717041,0.4593283534049988,,,
7,246,0.9722604751586914,0.8553274273872375,0.5728166103363037,,,
7,247,0.9492810368537903,0.5410011410713196,0.8232268691062927,,,
7,247,,,,0.9424235224723816,0.8151172399520874,0.48502928018569946
8,248,0.9638042449951172,0.796261727809906,0.6215019226074219,,,
8,249,0.9733552932739258,0.8539664149284363,0.5860940217971802,,,
8,250,0.9672689437866211,0.8015369772911072,0.6375961899757385,,,
8,251,0.9706907272338867,0.8938286304473877,0.4288284182548523,,,
8,252,0.9723329544067383,0.856561541557312,0.5673917531967163,,,
8,253,0.9843654632568359,0.9415693879127502,0.40895384550094604,,,
8,254,0.9681596755981445,0.845848023891449,0.5484654903411865,,,
8,255,0.9666099548339844,0.8423181176185608,0.5418556928634644,,,
8,256,0.9587678909301758,0.8366536498069763,0.48905473947525024,,,
8,257,0.9719696044921875,0.8836637735366821,0.47557157278060913,,,
8,258,0.9698371887207031,0.8580666780471802,0.5323348045349121,,,
8,259,0.9397745132446289,0.6130548119544983,0.7319124937057495,,,
8,260,0.9774742126464844,0.8662241697311401,0.6004292964935303,,,
8,261,0.9700584411621094,0.8531174659729004,0.5467212200164795,,,
8,262,0.9708929061889648,0.8170521855354309,0.6357184052467346,,,
8,263,0.9567880630493164,0.7689369320869446,0.6104029417037964,,,
8,264,0.9725589752197266,0.8904740810394287,0.4531523585319519,,,
8,265,0.9707794189453125,0.8527885675430298,0.5501101613044739,,,
8,266,0.9604835510253906,0.7667719125747681,0.6392828226089478,,,
8,267,0.9736719131469727,0.8588556051254272,0.5664995908737183,,,
8,268,0.9729118347167969,0.8925779461860657,0.44812387228012085,,,
8,269,0.9766101837158203,0.8966756463050842,0.48355984687805176,,,
8,270,0.9578609466552734,0.78011554479599,0.5954515933990479,,,
8,271,0.9666471481323242,0.8529557585716248,0.5060961246490479,,,
8,272,0.9761943817138672,0.9352065324783325,0.2947320342063904,,,
8,273,0.9717035293579102,0.924654483795166,0.29331547021865845,,,
8,274,0.9230527877807617,0.6154010891914368,0.6668957471847534,,,
8,275,0.9453506469726562,0.6738902926445007,0.6785210967063904,,,
8,276,0.9572639465332031,0.7712564468383789,0.6037253141403198,,,
8,277,0.9740133285522461,0.8822652697563171,0.49367696046829224,,,
8,278,0.9751484990119934,0.8807252645492554,0.5143299102783203,,,
8,278,,,,0.9474563598632812,0.8279246687889099,0.4562737047672272
9,279,0.9739217758178711,0.8948523998260498,0.4460298418998718,,,
9,280,0.9652099609375,0.8347609043121338,0.532665491104126,,,
9,281,0.9675512313842773,0.8772834539413452,0.4311630129814148,,,
9,282,0.9681825637817383,0.8460171818733215,0.529803991317749,,,
9,283,0.9704198837280273,0.8302196860313416,0.5910308957099915,,,
9,284,0.9739084243774414,0.888664186000824,0.4665628671646118,,,
9,285,0.9824438095092773,0.9261124730110168,0.43927478790283203,,,
9,286,0.9726572036743164,0.9058448672294617,0.3820800185203552,,,
9,287,0.9626407623291016,0.8409190773963928,0.492350697517395,,,
9,288,0.9629287719726562,0.7123554348945618,0.7194393277168274,,,
9,289,0.9479780197143555,0.6899145245552063,0.6641857624053955,,,
9,290,0.9729633331298828,0.8963797092437744,0.41621607542037964,,,
9,291,0.9549121856689453,0.7581514716148376,0.6016879081726074,,,
9,292,0.9549150466918945,0.7400901913642883,0.6307675838470459,,,
9,293,0.9616994857788086,0.7967221140861511,0.5796033143997192,,,
9,294,0.9801416397094727,0.9143252372741699,0.44785064458847046,,,
9,295,0.9709386825561523,0.85970139503479,0.5165790319442749,,,
9,296,0.9661159515380859,0.7294580936431885,0.7171646356582642,,,
9,297,0.9677209854125977,0.8381037712097168,0.5373077392578125,,,
9,298,0.9732818603515625,0.8997416496276855,0.40306609869003296,,,
9,299,0.9533319473266602,0.7444086670875549,0.61167311668396,,,
9,300,0.9673290252685547,0.8066650032997131,0.6013660430908203,,,
9,301,0.9720659255981445,0.8877795338630676,0.4340341091156006,,,
9,302,0.9799842834472656,0.941931962966919,0.2859969735145569,,,
9,303,0.9760293960571289,0.9037861824035645,0.4219251275062561,,,
9,304,0.9539728164672852,0.6788440346717834,0.7020914554595947,,,
9,305,0.9786863327026367,0.9183472990989685,0.39610862731933594,,,
9,306,0.9720611572265625,0.8649518489837646,0.5058013200759888,,,
9,307,0.9683418273925781,0.8593580722808838,0.4802023768424988,,,
9,308,0.9715490341186523,0.8436843156814575,0.5562703609466553,,,
9,309,0.9653396606445312,0.8153789639472961,0.5626078844070435,,,
9,309,,,,0.9480582475662231,0.8293445110321045,0.4610428214073181
10,310,0.9712457656860352,0.8152014017105103,0.6153761744499207,,,
10,311,0.9783191680908203,0.9336276054382324,0.30302125215530396,,,
10,312,0.9707098007202148,0.8291833996772766,0.5792118310928345,,,
10,313,0.9632072448730469,0.8234518766403198,0.5226408243179321,,,
10,314,0.9739742279052734,0.870791494846344,0.5059092044830322,,,
10,315,0.97186279296875,0.8472387790679932,0.5479100942611694,,,
10,316,0.9755144119262695,0.890461266040802,0.4603153467178345,,,
10,317,0.9775772094726562,0.9027730822563171,0.44108444452285767,,,
10,318,0.9602289199829102,0.7541053295135498,0.6305503249168396,,,
10,319,0.9726552963256836,0.8502950072288513,0.5447546243667603,,,
10,320,0.9685020446777344,0.84786456823349,0.5062196254730225,,,
10,321,0.9697723388671875,0.8538654446601868,0.502463161945343,,,
10,322,0.972259521484375,0.829343855381012,0.5892370939254761,,,
10,323,0.9569177627563477,0.7300471067428589,0.640498697757721,,,
10,324,0.9707775115966797,0.8454313278198242,0.5342559814453125,,,
10,325,0.9751806259155273,0.8845319151878357,0.4707217216491699,,,
10,326,0.9217205047607422,0.4037468433380127,0.8281949758529663,,,
10,327,0.9886150360107422,0.9616005420684814,0.3061884045600891,,,
10,328,0.9780597686767578,0.9212042093276978,0.3550182580947876,,,
10,329,0.9566879272460938,0.7786884903907776,0.5571959018707275,,,
10,330,0.9761009216308594,0.9075167775154114,0.3875409960746765,,,
10,331,0.968841552734375,0.8682798147201538,0.4430309534072876,,,
10,332,0.9767551422119141,0.9017470479011536,0.4205160140991211,,,
10,333,0.9783458709716797,0.9367573857307434,0.27206283807754517,,,
10,334,0.9798173904418945,0.9185706377029419,0.3917628526687622,,,
10,335,0.9690151214599609,0.8156229853630066,0.5785117745399475,,,
10,336,0.9624195098876953,0.7551144957542419,0.6334718465805054,,,
10,337,0.9778957366943359,0.9081775546073914,0.40882349014282227,,,
10,338,0.9738550186157227,0.867827296257019,0.4997027516365051,,,
10,339,0.9803457260131836,0.895828902721405,0.4979878067970276,,,
10,340,0.9694417119026184,0.8570417165756226,0.47819268703460693,,,
10,340,,,,0.9473393559455872,0.8269106149673462,0.44921842217445374
11,341,0.971989631652832,0.8969243168830872,0.36939406394958496,,,
11,342,0.958928108215332,0.7966590523719788,0.5295263528823853,,,
11,343,0.9693393707275391,0.814246654510498,0.5813353061676025,,,
11,344,0.9835271835327148,0.9500012993812561,0.2644137740135193,,,
11,345,0.9783000946044922,0.8898175358772278,0.48159128427505493,,,
11,346,0.9692621231079102,0.8470667004585266,0.4998367428779602,,,
11,347,0.9769859313964844,0.8688235878944397,0.5317074060440063,,,
11,348,0.9777746200561523,0.9328010678291321,0.2759612798690796,,,
11,349,0.9619674682617188,0.7472702264785767,0.6342687606811523,,,
11,350,0.9754867553710938,0.9029957056045532,0.3831776976585388,,,
11,351,0.9709386825561523,0.8755960464477539,0.42719537019729614,,,
11,352,0.9763374328613281,0.892575740814209,0.43600696325302124,,,
11,353,0.9706411361694336,0.837742269039154,0.5340056419372559,,,
11,354,0.9814395904541016,0.9180119037628174,0.41188573837280273,,,
11,355,0.9807233810424805,0.9035165309906006,0.4624858498573303,,,
11,356,0.9769411087036133,0.87066251039505,0.519464910030365,,,
11,357,0.9700441360473633,0.7846895456314087,0.6338688135147095,,,
11,358,0.9642953872680664,0.8121917843818665,0.5291122198104858,,,
11,359,0.970463752746582,0.8477672338485718,0.5006765127182007,,,
11,360,0.9747123718261719,0.8383722901344299,0.5719461441040039,,,
11,361,0.9657182693481445,0.7832872867584229,0.597044825553894,,,
11,362,0.9787969589233398,0.9289351105690002,0.30033016204833984,,,
11,363,0.9592227935791016,0.6596784591674805,0.7286559343338013,,,
11,364,0.9693288803100586,0.8409988880157471,0.5053776502609253,,,
11,365,0.9844799041748047,0.9390000104904175,0.3477429747581482,,,
11,366,0.9829874038696289,0.9318130612373352,0.359089195728302,,,
11,367,0.9834747314453125,0.938826322555542,0.32474756240844727,,,
11,368,0.96728515625,0.8717430233955383,0.3919726610183716,,,
11,369,0.9688568115234375,0.840215265750885,0.49745631217956543,,,
11,370,0.9680576324462891,0.8200514912605286,0.5385677218437195,,,
11,371,0.9579150080680847,0.7044488787651062,0.6592227220535278,,,
11,371,,,,0.9475983381271362,0.8285747766494751,0.4222102165222168
12,372,0.9635858535766602,0.7608585357666016,0.614208459854126,,,
12,373,0.986328125,0.9530541300773621,0.28519099950790405,,,
12,374,0.9792013168334961,0.9236537218093872,0.3304210305213928,,,
12,375,0.9726572036743164,0.8676841259002686,0.4595276713371277,,,
12,376,0.9792299270629883,0.9164854884147644,0.36180680990219116,,,
12,377,0.973480224609375,0.8894850015640259,0.39175063371658325,,,
12,378,0.9754581451416016,0.9264469742774963,0.2592419385910034,,,
12,379,0.9739761352539062,0.9104292392730713,0.31421780586242676,,,
12,380,0.9651823043823242,0.7583737373352051,0.625221848487854,,,
12,381,0.9787101745605469,0.8216904401779175,0.6475340723991394,,,
12,382,0.975092887878418,0.8847613334655762,0.4303104281425476,,,
12,383,0.981287956237793,0.9286085963249207,0.33280324935913086,,,
12,384,0.9686441421508789,0.8128386735916138,0.551892876625061,,,
12,385,0.9709281921386719,0.8447616696357727,0.4969789385795593,,,
12,386,0.9533796310424805,0.6748002767562866,0.6635061502456665,,,
12,387,0.9827251434326172,0.930866003036499,0.3426486849784851,,,
12,388,0.9751148223876953,0.8594663739204407,0.5065653324127197,,,
12,389,0.964451789855957,0.731606662273407,0.6552957892417908,,,
12,390,0.982396125793457,0.9276463985443115,0.3546191453933716,,,
12,391,0.9699573516845703,0.8136802911758423,0.559522271156311,,,
12,392,0.9788761138916016,0.8862165212631226,0.47237956523895264,,,
12,393,0.9724760055541992,0.8321332335472107,0.5401950478553772,,,
12,394,0.9611854553222656,0.7252079248428345,0.6369184255599976,,,
12,395,0.9573945999145508,0.6523697972297668,0.7057069540023804,,,
12,396,0.9734592437744141,0.85966557264328,0.47838908433914185,,,
12,397,0.9779319763183594,0.8577592968940735,0.5422052145004272,,,
12,398,0.9792251586914062,0.9428519010543823,0.21209663152694702,,,
12,399,0.9829444885253906,0.9330868721008301,0.3286709785461426,,,
12,400,0.9743709564208984,0.8565847873687744,0.4960484504699707,,,
12,401,0.9796829223632812,0.9240030646324158,0.3157058358192444,,,
12,402,0.9797706604003906,0.8977340459823608,0.4365893602371216,,,
12,402,,,,0.9561178684234619,0.8505202531814575,0.40241140127182007
13,403,0.9805755615234375,0.9278318881988525,0.3107983469963074,,,
13,404,0.9831552505493164,0.93780916929245,0.3006916046142578,,,
13,405,0.9763669967651367,0.8580804467201233,0.5180021524429321,,,
13,406,0.9777936935424805,0.8951438069343567,0.4132634997367859,,,
13,407,0.9738845825195312,0.8484509587287903,0.5077224969863892,,,
13,408,0.9819374084472656,0.9431034922599792,0.24101203680038452,,,
13,409,0.9733219146728516,0.8512417078018188,0.4910350441932678,,,
13,410,0.9747295379638672,0.8848133683204651,0.4025787115097046,,,
13,411,0.9770393371582031,0.9082266688346863,0.3426439166069031,,,
13,412,0.979588508605957,0.9141951203346252,0.35593074560165405,,,
13,413,0.98309326171875,0.9100608229637146,0.44042694568634033,,,
13,414,0.9758491516113281,0.8368950486183167,0.5583783388137817,,,
13,415,0.9778623580932617,0.8624333143234253,0.5170251727104187,,,
13,416,0.969334602355957,0.8315636515617371,0.4953569173812866,,,
13,417,0.9736557006835938,0.7951835989952087,0.6162987947463989,,,
13,418,0.9839057922363281,0.9354374408721924,0.3217048645019531,,,
13,419,0.9800128936767578,0.9253342747688293,0.3049144148826599,,,
13,420,0.9705066680908203,0.8585043549537659,0.4311714768409729,,,
13,421,0.9701251983642578,0.8298683762550354,0.5021837949752808,,,
13,422,0.968602180480957,0.8089969754219055,0.5331000089645386,,,
13,423,0.974818229675293,0.8709949851036072,0.4425972104072571,,,
13,424,0.9826440811157227,0.909089982509613,0.42652052640914917,,,
13,425,0.9807548522949219,0.9169601798057556,0.35350221395492554,,,
13,426,0.9857625961303711,0.9337522387504578,0.3680434226989746,,,
13,427,0.9694423675537109,0.783825695514679,0.5894240140914917,,,
13,428,0.9761009216308594,0.8821543455123901,0.4209408760070801,,,
13,429,0.9821443557739258,0.929500162601471,0.31400609016418457,,,
13,430,0.9667806625366211,0.7642324566841125,0.598400354385376,,,
13,431,0.9843387603759766,0.9358124732971191,0.3176996111869812,,,
13,432,0.9807596206665039,0.8930332660675049,0.4491758942604065,,,
13,433,0.9711812138557434,0.8498834371566772,0.4548153877258301,,,
13,433,,,,0.9533441066741943,0.8435986042022705,0.3961087465286255
14,434,0.9652996063232422,0.6528152823448181,0.7343576550483704,,,
14,435,0.9814119338989258,0.8884450197219849,0.47703689336776733,,,
14,436,0.9746465682983398,0.8578304052352905,0.4729081988334656,,,
14,437,0.9620561599731445,0.7396224141120911,0.5980650186538696,,,
14,438,0.9778213500976562,0.9270873665809631,0.2493700385093689,,,
14,439,0.982640266418457,0.9070848822593689,0.42276424169540405,,,
14,440,0.9770545959472656,0.8085278868675232,0.615038275718689,,,
14,441,0.9763526916503906,0.8882660269737244,0.3932439684867859,,,
14,442,0.9880304336547852,0.9568606615066528,0.2525961995124817,,,
14,443,0.9803667068481445,0.8889626264572144,0.4504878520965576,,,
14,444,0.980372428894043,0.9095427989959717,0.36742204427719116,,,
14,445,0.9754343032836914,0.8827590942382812,0.3962010145187378,,,
14,446,0.9776363372802734,0.8964241147041321,0.3750836253166199,,,
14,447,0.9855728149414062,0.9422487616539001,0.2929077744483948,,,
14,448,0.9736137390136719,0.8751596212387085,0.3965687155723572,,,
14,449,0.9814720153808594,0.9113115668296814,0.3775073289871216,,,
14,450,0.9807844161987305,0.9548454284667969,0.14252859354019165,,,
14,451,0.9579305648803711,0.6521714925765991,0.6822614669799805,,,
14,452,0.97320556640625,0.8710240125656128,0.40319615602493286,,,
14,453,0.9830741882324219,0.9135357141494751,0.3939715623855591,,,
14,454,0.9728231430053711,0.8101010322570801,0.5547952651977539,,,
14,455,0.9690790176391602,0.8613684773445129,0.3865903615951538,,,
14,456,0.9707412719726562,0.8169156312942505,0.516854465007782,,,
14,457,0.9786176681518555,0.911436140537262,0.32355767488479614,,,
14,458,0.9821004867553711,0.9035449028015137,0.41384387016296387,,,
14,459,0.9804468154907227,0.8689703345298767,0.5076558589935303,,,
14,460,0.97344970703125,0.8266565203666687,0.5236908793449402,,,
14,461,0.9872217178344727,0.9462414383888245,0.2981829047203064,,,
14,462,0.9808073043823242,0.9413360953330994,0.20718181133270264,,,
14,463,0.9782896041870117,0.9137800335884094,0.3020499348640442,,,
14,464,0.9751536250114441,0.8404507040977478,0.5048843622207642,,,
14,464,,,,0.9571677446365356,0.8537282943725586,0.3648626506328583
15,465,0.9787406921386719,0.911087691783905,0.32015806436538696,,,
15,466,0.9684295654296875,0.7707114219665527,0.5804158449172974,,,
15,467,0.978912353515625,0.8696049451828003,0.47453027963638306,,,
15,468,0.9811315536499023,0.8693723082542419,0.5126326680183411,,,
15,469,0.9750938415527344,0.8767997026443481,0.3974199891090393,,,
15,470,0.9783821105957031,0.8695847392082214,0.4652748107910156,,,
15,471,0.9844579696655273,0.9354323744773865,0.29430240392684937,,,
15,472,0.9728803634643555,0.8090643286705017,0.5457468032836914,,,
15,473,0.9841985702514648,0.9086820483207703,0.42371129989624023,,,
15,474,0.9808502197265625,0.9051142930984497,0.3741047978401184,,,
15,475,0.9840965270996094,0.8938131928443909,0.48066389560699463,,,
15,476,0.9797811508178711,0.9233738780021667,0.2749421000480652,,,
15,477,0.9833240509033203,0.890999972820282,0.4725217819213867,,,
15,478,0.9821290969848633,0.9062135815620422,0.3911663889884949,,,
15,479,0.9758539199829102,0.8711737394332886,0.41539084911346436,,,
15,480,0.9815301895141602,0.9352603554725647,0.23745036125183105,,,
15,481,0.9877004623413086,0.9505549669265747,0.26607805490493774,,,
15,482,0.9832019805908203,0.9451825618743896,0.20766443014144897,,,
15,483,0.9827613830566406,0.9276282787322998,0.29635298252105713,,,
15,484,0.9769859313964844,0.9153081774711609,0.267292320728302,,,
15,485,0.9760913848876953,0.871112048625946,0.4170690178871155,,,
15,486,0.9760732650756836,0.9161984920501709,0.24878042936325073,,,
15,487,0.9784374237060547,0.8986621499061584,0.3503120541572571,,,
15,488,0.9802103042602539,0.9200679659843445,0.28451043367385864,,,
15,489,0.9791345596313477,0.9161422252655029,0.2873767614364624,,,
15,490,0.9826765060424805,0.8979580402374268,0.4257516860961914,,,
15,491,0.9797277450561523,0.8677298426628113,0.47857463359832764,,,
15,492,0.9858131408691406,0.9034063816070557,0.46868038177490234,,,
15,493,0.9660139083862305,0.7128016948699951,0.6355413198471069,,,
15,494,0.9825754165649414,0.9008955359458923,0.40848153829574585,,,
15,495,0.9857037663459778,0.9431261420249939,0.25987058877944946,,,
15,495,,,,0.9550141096115112,0.8481153845787048,0.3802097737789154
16,496,0.9840335845947266,0.92355877161026,0.33377712965011597,,,
16,497,0.9777536392211914,0.8625988960266113,0.4574679136276245,,,
16,498,0.9806613922119141,0.8865331411361694,0.42418134212493896,,,
16,499,0.9858837127685547,0.9287031888961792,0.3459818959236145,,,
16,500,0.9818906784057617,0.8897590637207031,0.4351353645324707,,,
16,501,0.9799613952636719,0.9143821001052856,0.30141282081604004,,,
16,502,0.9876794815063477,0.9403262734413147,0.31966567039489746,,,
16,503,0.9723300933837891,0.7988826036453247,0.5417872667312622,,,
16,504,0.9827022552490234,0.9078994989395142,0.3717867136001587,,,
16,505,0.9807920455932617,0.8983362913131714,0.37743282318115234,,,
16,506,0.984990119934082,0.9310442805290222,0.3062267303466797,,,
16,507,0.9758510589599609,0.8835218548774719,0.3591911196708679,,,
16,508,0.9779691696166992,0.8507436513900757,0.4864344596862793,,,
16,509,0.9850883483886719,0.9364945292472839,0.2767689824104309,,,
16,510,0.9815168380737305,0.9069674611091614,0.35217130184173584,,,
16,511,0.9756488800048828,0.8906611800193787,0.32391685247421265,,,
16,512,0.9679489135742188,0.8022337555885315,0.48095351457595825,,,
16,513,0.9776363372802734,0.9030887484550476,0.302842915058136,,,
16,514,0.9742555618286133,0.7779924869537354,0.5925734043121338,,,
16,515,0.9818172454833984,0.9558650255203247,0.12095093727111816,,,
16,516,0.9831333160400391,0.9440709352493286,0.19265598058700562,,,
16,517,0.9794092178344727,0.9007757306098938,0.33737075328826904,,,
16,518,0.9858064651489258,0.9437575340270996,0.2409060001373291,,,
16,519,0.9832944869995117,0.8981415629386902,0.4123342037200928,,,
16,520,0.9817676544189453,0.9144853353500366,0.3129095435142517,,,
16,521,0.9771366119384766,0.9039157032966614,0.28896164894104004,,,
16,522,0.9804191589355469,0.8553330898284912,0.4993221163749695,,,
16,523,0.9835567474365234,0.9277961254119873,0.280659019947052,,,
16,524,0.9846429824829102,0.9184579849243164,0.34892672300338745,,,
16,525,0.9737663269042969,0.8348522782325745,0.46000611782073975,,,
16,526,0.9828300476074219,0.8725603222846985,0.48488277196884155,,,
16,526,,,,0.9575534462928772,0.8548248410224915,0.33601295948028564
17,527,0.9802722930908203,0.8847004771232605,0.4018757939338684,,,
17,528,0.9788742065429688,0.9183008074760437,0.24569052457809448,,,
17,529,0.9734611511230469,0.8432004451751709,0.4298672080039978,,,
17,530,0.9825754165649414,0.8981146216392517,0.3878626823425293,,,
17,531,0.9667863845825195,0.687700629234314,0.6664820909500122,,,
17,532,0.9844760894775391,0.9411786198616028,0.21878886222839355,,,
17,533,0.9778833389282227,0.8495292663574219,0.4665638208389282,,,
17,534,0.9820594787597656,0.9419196248054504,0.18040192127227783,,,
17,535,0.9823322296142578,0.906934916973114,0.34609436988830566,,,
17,536,0.9835834503173828,0.923303484916687,0.2971765398979187,,,
17,537,0.9886159896850586,0.9607841372489929,0.17612481117248535,,,
17,538,0.980738639831543,0.914918065071106,0.2834656834602356,,,
17,539,0.9876213073730469,0.9454206824302673,0.25763070583343506,,,
17,540,0.9575004577636719,0.6963353753089905,0.5721526145935059,,,
17,541,0.9862966537475586,0.9395374059677124,0.25968432426452637,,,
17,542,0.9755525588989258,0.8307451605796814,0.47831183671951294,,,
17,543,0.973322868347168,0.8323484063148499,0.44703102111816406,,,
17,544,0.985844612121582,0.9597304463386536,0.13052409887313843,,,
17,545,0.9815692901611328,0.9110069274902344,0.3079226016998291,,,
17,546,0.9793319702148438,0.8540802597999573,0.4637545347213745,,,
17,547,0.9783153533935547,0.889836847782135,0.3371492028236389,,,
17,548,0.981907844543457,0.8895898461341858,0.394092857837677,,,
17,549,0.9826583862304688,0.9402657747268677,0.18769586086273193,,,
17,550,0.9789876937866211,0.877561092376709,0.3881710171699524,,,
17,551,0.9755058288574219,0.8106262683868408,0.5149579644203186,,,
17,552,0.9823064804077148,0.9121730923652649,0.30816715955734253,,,
17,553,0.9804277420043945,0.9111589193344116,0.2810182571411133,,,
17,554,0.9847469329833984,0.9195614457130432,0.3206966519355774,,,
17,555,0.9834270477294922,0.8930150270462036,0.4030742049217224,,,
17,556,0.9851140975952148,0.9051868319511414,0.3921619653701782,,,
17,557,0.9847361445426941,0.9473502039909363,0.17660123109817505,,,
17,557,,,,0.959873616695404,0.8607550263404846,0.32331058382987976
18,558,0.980133056640625,0.8709221482276917,0.41888678073883057,,,
18,559,0.981353759765625,0.9294034242630005,0.21324753761291504,,,
18,560,0.9827785491943359,0.922862708568573,0.26110607385635376,,,
18,561,0.9843111038208008,0.9128783941268921,0.33499616384506226,,,
18,562,0.9824972152709961,0.9362000823020935,0.19615894556045532,,,
18,563,0.9847354888916016,0.9312173128128052,0.2562844157218933,,,
18,564,0.9853982925415039,0.9065405130386353,0.3832627534866333,,,
18,565,0.9827823638916016,0.8888676762580872,0.3967059254646301,,,
18,566,0.9837818145751953,0.931757926940918,0.23610490560531616,,,
18,567,0.9870529174804688,0.9346311688423157,0.2836940884590149,,,
18,568,0.9826164245605469,0.9052519798278809,0.32871299982070923,,,
18,569,0.9832296371459961,0.9118696451187134,0.31246060132980347,,,
18,570,0.9750356674194336,0.8402955532073975,0.4232034683227539,,,
18,571,0.9783086776733398,0.8716168403625488,0.37757331132888794,,,
18,572,0.9870843887329102,0.941612184047699,0.2400711178779602,,,
18,573,0.9843864440917969,0.9113762378692627,0.3339468836784363,,,
18,574,0.9825172424316406,0.9126964211463928,0.29342490434646606,,,
18,575,0.9822168350219727,0.8950257301330566,0.3575748801231384,,,
18,576,0.9864587783813477,0.9252070188522339,0.31404852867126465,,,
18,577,0.979771614074707,0.9236041307449341,0.20754081010818481,,,
18,578,0.9788980484008789,0.8703164458274841,0.38244909048080444,,,
18,579,0.9843616485595703,0.920570433139801,0.28322339057922363,,,
18,580,0.9814319610595703,0.8842029571533203,0.3734130263328552,,,
18,581,0.9802160263061523,0.9034788608551025,0.28599655628204346,,,
18,582,0.9877700805664062,0.9356114864349365,0.28340989351272583,,,
18,583,0.9858865737915039,0.9537792801856995,0.14156895875930786,,,
18,584,0.9817323684692383,0.9116967916488647,0.2772536277770996,,,
18,585,0.982813835144043,0.8716169595718384,0.4366183280944824,,,
18,586,0.9883766174316406,0.9632818698883057,0.12460047006607056,,,
18,587,0.9794912338256836,0.8832626938819885,0.3411318063735962,,,
18,588,0.977105438709259,0.8585324287414551,0.3832795023918152,,,
18,588,,,,0.9599918723106384,0.8611278533935547,0.30238813161849976
19,589,0.9812765121459961,0.9256381988525391,0.20516180992126465,,,
19,590,0.9754257202148438,0.787708044052124,0.5269424915313721,,,
19,591,0.9841985702514648,0.9043923616409302,0.34042781591415405,,,
19,592,0.989100456237793,0.9627525806427002,0.13768655061721802,,,
19,593,0.9870538711547852,0.9630955457687378,0.10784763097763062,,,
19,594,0.9843721389770508,0.9472032785415649,0.15147602558135986,,,
19,595,0.9816455841064453,0.9116487503051758,0.26066017150878906,,,
19,596,0.984044075012207,0.9554798007011414,0.1128770112991333,,,
19,597,0.9834222793579102,0.916103184223175,0.27186328172683716,,,
19,598,0.9822587966918945,0.9118495583534241,0.2685507535934448,,,
19,599,0.984980583190918,0.9219542741775513,0.2721914052963257,,,
19,600,0.9793615341186523,0.8749002814292908,0.3550504446029663,,,
19,601,0.9876565933227539,0.9321475028991699,0.2801976203918457,,,
19,602,0.9850502014160156,0.9077296257019043,0.3308197855949402,,,
19,603,0.9697656631469727,0.75286865234375,0.5215968489646912,,,
19,604,0.9864654541015625,0.9023692011833191,0.3808419704437256,,,
19,605,0.982966423034668,0.8510242700576782,0.47902727127075195,,,
19,606,0.9783544540405273,0.878469705581665,0.3273109793663025,,,
19,607,0.982177734375,0.9267297983169556,0.20548880100250244,,,
19,608,0.9828567504882812,0.9294558167457581,0.2018224000930786,,,
19,609,0.9855966567993164,0.9429735541343689,0.17879366874694824,,,
19,610,0.9811592102050781,0.8748003840446472,0.3702203631401062,,,
19,611,0.9815740585327148,0.917066216468811,0.22862237691879272,,,
19,612,0.9855594635009766,0.8993318676948547,0.36420267820358276,,,
19,613,0.9865274429321289,0.9144549369812012,0.32478761672973633,,,
19,614,0.988067626953125,0.9214790463447571,0.3294522762298584,,,
19,615,0.9843835830688477,0.8964760899543762,0.3459380865097046,,,
19,616,0.9855480194091797,0.9504074454307556,0.1436261534690857,,,
19,617,0.9772319793701172,0.8246350884437561,0.44022059440612793,,,
19,618,0.9785614013671875,0.8730567693710327,0.33226484060287476,,,
19,619,0.9871355891227722,0.9320861101150513,0.25113099813461304,,,
19,619,,,,0.9628465175628662,0.868962824344635,0.292030394077301
20,620,0.9847917556762695,0.9431424736976624,0.1613803505897522,,,
20,621,0.9803657531738281,0.8986032605171204,0.27331453561782837,,,
20,622,0.9870204925537109,0.9493143558502197,0.1631203293800354,,,
20,623,0.9815893173217773,0.8653268218040466,0.3899881839752197,,,
20,624,0.9789180755615234,0.8287776708602905,0.44572514295578003,,,
20,625,0.9850749969482422,0.9407051205635071,0.17133194208145142,,,
20,626,0.9901609420776367,0.966850757598877,0.11698758602142334,,,
20,627,0.9848794937133789,0.9265247583389282,0.22927379608154297,,,
20,628,0.9823637008666992,0.8848161101341248,0.3427038788795471,,,
20,629,0.9841108322143555,0.9053228497505188,0.3014458417892456,,,
20,630,0.9882259368896484,0.9386268854141235,0.23640793561935425,,,
20,631,0.9800014495849609,0.8854936957359314,0.30352699756622314,,,
20,632,0.9818782806396484,0.8890381455421448,0.3186054229736328,,,
20,633,0.9831886291503906,0.8515374064445496,0.44962078332901,,,
20,634,0.9863948822021484,0.9313315749168396,0.2312861680984497,,,
20,635,0.9851169586181641,0.8739255666732788,0.42054814100265503,,,
20,636,0.9838581085205078,0.9319973587989807,0.18857288360595703,,,
20,637,0.9878635406494141,0.9523518681526184,0.15518051385879517,,,
20,638,0.980830192565918,0.8744503855705261,0.34418928623199463,,,
20,639,0.9876461029052734,0.9498313665390015,0.1625889539718628,,,
20,640,0.9847946166992188,0.9430717825889587,0.1535852551460266,,,
20,641,0.985774040222168,0.9052124619483948,0.32188165187835693,,,
20,642,0.9873228073120117,0.9136195778846741,0.32267576456069946,,,
20,643,0.9836206436157227,0.9094489216804504,0.2662414312362671,,,
20,644,0.9806861877441406,0.8617695569992065,0.37339985370635986,,,
20,645,0.9887933731079102,0.9616660475730896,0.11724358797073364,,,
20,646,0.9815711975097656,0.876456081867218,0.34351831674575806,,,
20,647,0.985966682434082,0.9328979849815369,0.20944911241531372,,,
20,648,0.9848670959472656,0.8984571695327759,0.3251287341117859,,,
20,649,0.9797277450561523,0.922727644443512,0.17157530784606934,,,
20,650,0.9862111210823059,0.9526876211166382,0.12653207778930664,,,
20,650,,,,0.9613990783691406,0.8652867674827576,0.26628386974334717
21,651,0.9840908050537109,0.8578258752822876,0.4338240623474121,,,
21,652,0.9812841415405273,0.9191891551017761,0.19791030883789062,,,
21,653,0.9832916259765625,0.9211989045143127,0.21389168500900269,,,
21,654,0.9813528060913086,0.8806419372558594,0.3216586709022522,,,
21,655,0.9848394393920898,0.9091143012046814,0.27852433919906616,,,
21,656,0.9853000640869141,0.9115073680877686,0.2797091007232666,,,
21,657,0.9844655990600586,0.9197673201560974,0.23232579231262207,,,
21,658,0.9838085174560547,0.9308042526245117,0.18401426076889038,,,
21,659,0.9857854843139648,0.8994956016540527,0.33296358585357666,,,
21,660,0.9850301742553711,0.8763236403465271,0.38988155126571655,,,
21,661,0.9861116409301758,0.9496203064918518,0.1322738528251648,,,
21,662,0.9875211715698242,0.9242638945579529,0.26563626527786255,,,
21,663,0.9805288314819336,0.9195442795753479,0.1808188557624817,,,
21,664,0.984954833984375,0.917950451374054,0.24435609579086304,,,
21,665,0.9886398315429688,0.9443930983543396,0.19351881742477417,,,
21,666,0.9874744415283203,0.9464911818504333,0.16207653284072876,,,
21,667,0.9852752685546875,0.92429518699646,0.22283321619033813,,,
21,668,0.9857702255249023,0.9430800080299377,0.15226930379867554,,,
21,669,0.989384651184082,0.9652234315872192,0.1009911298751831,,,
21,670,0.9808435440063477,0.8946415781974792,0.2631315588951111,,,
21,671,0.9861860275268555,0.9368836879730225,0.1821432113647461,,,
21,672,0.984532356262207,0.9387909173965454,0.150642991065979,,,
21,673,0.9868078231811523,0.9338554739952087,0.2028791904449463,,,
21,674,0.9835472106933594,0.9320163726806641,0.1671837568283081,,,
21,675,0.985748291015625,0.907827615737915,0.28783977031707764,,,
21,676,0.9844989776611328,0.8904812932014465,0.32613909244537354,,,
21,677,0.9861135482788086,0.9365440011024475,0.18287301063537598,,,
21,678,0.9836492538452148,0.9083919525146484,0.24930483102798462,,,
21,679,0.9843597412109375,0.9094507694244385,0.25481557846069336,,,
21,680,0.9825048446655273,0.8899823427200317,0.2909204959869385,,,
21,681,0.9863535761833191,0.9265374541282654,0.22504955530166626,,,
21,681,,,,0.9626591801643372,0.8674420714378357,0.26215216517448425
22,682,0.9838666915893555,0.8596833348274231,0.4010266065597534,,,
22,683,0.9829587936401367,0.8849706649780273,0.3133857846260071,,,
22,684,0.9860057830810547,0.9267329573631287,0.21610021591186523,,,
22,685,0.9768810272216797,0.8031458258628845,0.4316519498825073,,,
22,686,0.9845657348632812,0.9164562821388245,0.23275411128997803,,,
22,687,0.9890556335449219,0.959050714969635,0.12374109029769897,,,
22,688,0.9817790985107422,0.905977189540863,0.2307882308959961,,,
22,689,0.983363151550293,0.9431501626968384,0.12378287315368652,,,
22,690,0.9763507843017578,0.9134573936462402,0.162653386592865,,,
22,691,0.9862451553344727,0.9414563179016113,0.15482407808303833,,,
22,692,0.9811716079711914,0.9163641333580017,0.18663239479064941,,,
22,693,0.980891227722168,0.8795433640480042,0.2940530776977539,,,
22,694,0.9828414916992188,0.9401322603225708,0.12636667490005493,,,
22,695,0.9868946075439453,0.9052459001541138,0.3064373731613159,,,
22,696,0.9870758056640625,0.9272282123565674,0.22572654485702515,,,
22,697,0.9852428436279297,0.924008846282959,0.20905959606170654,,,
22,698,0.9890537261962891,0.9159453511238098,0.3147134780883789,,,
22,699,0.9836616516113281,0.9034697413444519,0.25419896841049194,,,
22,700,0.9846792221069336,0.9247692227363586,0.19567269086837769,,,
22,701,0.9878749847412109,0.938267171382904,0.1901300549507141,,,
22,702,0.9792652130126953,0.7563566565513611,0.54482501745224,,,
22,703,0.9868354797363281,0.9580596089363098,0.09509891271591187,,,
22,704,0.9863700866699219,0.8942367434501648,0.33120810985565186,,,
22,705,0.9868278503417969,0.9388816952705383,0.1696886420249939,,,
22,706,0.9892482757568359,0.9654991030693054,0.0877373218536377,,,
22,707,0.9824686050415039,0.9059774875640869,0.2276378870010376,,,
22,708,0.9922351837158203,0.9644745588302612,0.14587640762329102,,,
22,709,0.9878940582275391,0.9491943120956421,0.13975101709365845,,,
22,710,0.9889602661132812,0.9367290139198303,0.21401584148406982,,,
22,711,0.9827423095703125,0.8644108176231384,0.3532177805900574,,,
22,712,0.9891840815544128,0.9413824081420898,0.19814151525497437,,,
22,712,,,,0.9626896977424622,0.8683459758758545,0.25221484899520874
23,713,0.9892759323120117,0.9408857822418213,0.20188045501708984,,,
23,714,0.9887161254882812,0.9595383405685425,0.10537129640579224,,,
23,715,0.9804868698120117,0.8492477536201477,0.3560754060745239,,,
23,716,0.9863004684448242,0.9387506246566772,0.15951555967330933,,,
23,717,0.9848690032958984,0.9242926239967346,0.1941380500793457,,,
23,718,0.9816122055053711,0.914183497428894,0.18966704607009888,,,
23,719,0.984745979309082,0.9122369289398193,0.23260271549224854,,,
23,720,0.9884500503540039,0.8861908316612244,0.39667755365371704,,,
23,721,0.9784336090087891,0.8410386443138123,0.3475647568702698,,,
23,722,0.9869451522827148,0.9435796141624451,0.14803153276443481,,,
23,723,0.9869232177734375,0.9316099286079407,0.1933252215385437,,,
23,724,0.9861564636230469,0.9191831350326538,0.22781705856323242,,,
23,725,0.9891624450683594,0.9494785070419312,0.15368396043777466,,,
23,726,0.9841232299804688,0.9326251149177551,0.15395694971084595,,,
23,727,0.9829797744750977,0.862417995929718,0.3477727770805359,,,
23,728,0.9824533462524414,0.8970569968223572,0.243880033493042,,,
23,729,0.9875173568725586,0.9142520427703857,0.26935046911239624,,,
23,730,0.9897575378417969,0.9470069408416748,0.1732921600341797,,,
23,731,0.9585113525390625,0.9086796641349792,0.15079957246780396,,,
23,732,0.9827919006347656,0.9154348969459534,0.1929628849029541,,,
23,733,0.9810295104980469,0.9012318849563599,0.2172558307647705,,,
23,734,0.9841432571411133,0.92115718126297,0.18872582912445068,,,
23,735,0.9840297698974609,0.9071734547615051,0.23189109563827515,,,
23,736,0.9793519973754883,0.8974425792694092,0.2096990942955017,,,
23,737,0.9727869033813477,0.8589059710502625,0.25229036808013916,,,
23,738,0.9813394546508789,0.8338978290557861,0.42378735542297363,,,
23,739,0.9851646423339844,0.947030782699585,0.11425656080245972,,,
23,740,0.9802656173706055,0.880661129951477,0.26826828718185425,,,
23,741,0.9830989837646484,0.9236308336257935,0.1706048846244812,,,
23,742,0.9827175140380859,0.9209312796592712,0.1762392520904541,,,
23,743,0.9776293635368347,0.8704854249954224,0.26622867584228516,,,
23,743,,,,0.9311646223068237,0.7879823446273804,0.32079973816871643
24,744,0.9827175140380859,0.9253984093666077,0.16198194026947021,,,
24,745,0.9534292221069336,0.6133632063865662,0.5563592910766602,,,
24,746,0.9759531021118164,0.9007404446601868,0.17491137981414795,,,
24,747,0.9849462509155273,0.9349495768547058,0.14870119094848633,,,
24,748,0.9745702743530273,0.8740642666816711,0.22804713249206543,,,
24,749,0.9739980697631836,0.8240048289299011,0.33048689365386963,,,
24,750,0.9794960021972656,0.8902691602706909,0.2262628674507141,,,
24,751,0.9813575744628906,0.9362831711769104,0.11647778749465942,,,
24,752,0.9793834686279297,0.9192873239517212,0.1492517590522766,,,
24,753,0.9866228103637695,0.8964621424674988,0.3122367858886719,,,
24,754,0.9822349548339844,0.9431536197662354,0.10409820079803467,,,
24,755,0.9794235229492188,0.8720747828483582,0.2712244391441345,,,
24,756,0.9837827682495117,0.9305456280708313,0.14920371770858765,,,
24,757,0.9830360412597656,0.8947225213050842,0.25031542778015137,,,
24,758,0.9826898574829102,0.896045982837677,0.24235618114471436,,,
24,759,0.9800920486450195,0.9134886860847473,0.16712117195129395,,,
24,760,0.9807310104370117,0.9001334309577942,0.20622801780700684,,,
24,761,0.9861745834350586,0.9012613892555237,0.2751421332359314,,,
24,762,0.9890546798706055,0.9187141060829163,0.2728634476661682,,,
24,763,0.9841060638427734,0.9142258763313293,0.20152324438095093,,,
24,764,0.9806070327758789,0.8927829265594482,0.225868821144104,,,
24,765,0.9833383560180664,0.9349601864814758,0.1301267147064209,,,
24,766,0.9848098754882812,0.9126864671707153,0.21423107385635376,,,
24,767,0.9835329055786133,0.9124236106872559,0.1991208791732788,,,
24,768,0.9870853424072266,0.9448159337043762,0.1334935426712036,,,
24,769,0.9689397811889648,0.7180392742156982,0.4667564034461975,,,
24,770,0.9837207794189453,0.8982499241828918,0.24236559867858887,,,
24,771,0.9851789474487305,0.9430549144744873,0.11852806806564331,,,
24,772,0.9831485748291016,0.9059060215950012,0.21355009078979492,,,
24,773,0.9826297760009766,0.9167649149894714,0.1757981777191162,,,
24,774,0.9879582524299622,0.9525973796844482,0.11179828643798828,,,
24,774,,,,0.961007833480835,0.8638052344322205,0.24007055163383484
25,775,0.9814081192016602,0.9202792048454285,0.1534355878829956,,,
25,776,0.9831352233886719,0.9038568139076233,0.21436738967895508,,,
25,777,0.976841926574707,0.8788902163505554,0.2228737473487854,,,
25,778,0.9826421737670898,0.8949388861656189,0.23594659566879272,,,
25,779,0.9828329086303711,0.9011536836624146,0.2206801176071167,,,
25,780,0.9889316558837891,0.918205976486206,0.25871211290359497,,,
25,781,0.9829216003417969,0.8971673250198364,0.23222798109054565,,,
25,782,0.9868497848510742,0.9306998252868652,0.17613399028778076,,,
25,783,0.9825458526611328,0.8795199990272522,0.2734057307243347,,,
25,784,0.9805116653442383,0.897175133228302,0.20463699102401733,,,
25,785,0.9800558090209961,0.9142684936523438,0.15867048501968384,,,
25,786,0.9863290786743164,0.9532051086425781,0.09312444925308228,,,
25,787,0.9846115112304688,0.9004761576652527,0.23808187246322632,,,
25,788,0.9822244644165039,0.8878222703933716,0.24426138401031494,,,
25,789,0.9887924194335938,0.9575662016868591,0.0985761284828186,,,
25,790,0.9775876998901367,0.8360368609428406,0.3186097741127014,,,
25,791,0.9871482849121094,0.9402964115142822,0.1426895260810852,,,
25,792,0.9866733551025391,0.8932924270629883,0.2949950098991394,,,
25,793,0.9892416000366211,0.9507414102554321,0.13013124465942383,,,
25,794,0.9797239303588867,0.8813163042068481,0.2358020544052124,,,
25,795,0.9870166778564453,0.9167578816413879,0.22087585926055908,,,
25,796,0.9856300354003906,0.9504016041755676,0.09639286994934082,,,
25,797,0.9844045639038086,0.8929055333137512,0.25373828411102295,,,
25,798,0.9831581115722656,0.9225146174430847,0.15549451112747192,,,
25,799,0.9840011596679688,0.8562517166137695,0.34503644704818726,,,
25,800,0.9883203506469727,0.9634851813316345,0.0746610164642334,,,
25,801,0.9878120422363281,0.9488489031791687,0.11677020788192749,,,
25,802,0.9896564483642578,0.9230114221572876,0.2472156286239624,,,
25,803,0.9896345138549805,0.9535538554191589,0.12098592519760132,,,
25,804,0.9916362762451172,0.9581502079963684,0.1327231526374817,,,
25,805,0.9821345210075378,0.9495335817337036,0.08136934041976929,,,
25,805,,,,0.9614902138710022,0.865166425704956,0.22985833883285522
26,806,0.9907827377319336,0.9325286746025085,0.23428094387054443,,,
26,807,0.988642692565918,0.9435892105102539,0.1433042287826538,,,
26,808,0.9829273223876953,0.8789816498756409,0.2694692611694336,,,
26,809,0.9849205017089844,0.8954260349273682,0.24952226877212524,,,
26,810,0.9833879470825195,0.854515552520752,0.3361865282058716,,,
26,811,0.9870996475219727,0.9020719528198242,0.2632972002029419,,,
26,812,0.9836082458496094,0.9429171085357666,0.10121786594390869,,,
26,813,0.9865589141845703,0.9146175384521484,0.21340882778167725,,,
26,814,0.9905357360839844,0.9597387313842773,0.10461121797561646,,,
26,815,0.9822254180908203,0.9206160306930542,0.14796531200408936,,,
26,816,0.9858579635620117,0.9585710167884827,0.07401955127716064,,,
26,817,0.9852323532104492,0.9398486614227295,0.1178237795829773,,,
26,818,0.9840946197509766,0.94246506690979,0.10471093654632568,,,
26,819,0.9831695556640625,0.9238144755363464,0.1474408507347107,,,
26,820,0.9850034713745117,0.9091764688491821,0.20782893896102905,,,
26,821,0.9875326156616211,0.9458553791046143,0.11943644285202026,,,
26,822,0.9877042770385742,0.9298504590988159,0.17668533325195312,,,
26,823,0.9878425598144531,0.9361767172813416,0.15639382600784302,,,
26,824,0.9846887588500977,0.9385289549827576,0.1171305775642395,,,
26,825,0.9878406524658203,0.9193645119667053,0.21368408203125,,,
26,826,0.9826326370239258,0.9243723154067993,0.14048033952713013,,,
26,827,0.9855537414550781,0.917380690574646,0.18772798776626587,,,
26,828,0.9840822219848633,0.9290010333061218,0.1385909914970398,,,
26,829,0.9824047088623047,0.8639069199562073,0.2900382876396179,,,
26,830,0.9846611022949219,0.909359872341156,0.19703352451324463,,,
26,831,0.9877328872680664,0.9514766931533813,0.1006883978843689,,,
26,832,0.9898538589477539,0.9401422142982483,0.17088139057159424,,,
26,833,0.9880218505859375,0.9435399174690247,0.1312403678894043,,,
26,834,0.9880361557006836,0.8895978331565857,0.3136592507362366,,,
26,835,0.9902534484863281,0.9548969268798828,0.11723381280899048,,,
26,836,0.9865620732307434,0.893847644329071,0.2689967155456543,,,
26,836,,,,0.9600062966346741,0.8615520000457764,0.23180431127548218
27,837,0.9852590560913086,0.9322975873947144,0.13789969682693481,,,
27,838,0.9881105422973633,0.9534761309623718,0.09701484441757202,,,
27,839,0.9827327728271484,0.9473362565040588,0.08469241857528687,,,
27,840,0.986358642578125,0.9446724653244019,0.10963553190231323,,,
27,841,0.989445686340332,0.9537460207939148,0.10967844724655151,,,
27,842,0.9862794876098633,0.9349142909049988,0.13949769735336304,,,
27,843,0.9883861541748047,0.9247086644172668,0.19905602931976318,,,
27,844,0.98712158203125,0.930522084236145,0.16071546077728271,,,
27,845,0.9878988265991211,0.9359474778175354,0.1521727442741394,,,
27,846,0.9905891418457031,0.9612463116645813,0.0939016342163086,,,
27,847,0.9807109832763672,0.9275137186050415,0.11837369203567505,,,
27,848,0.9876031875610352,0.9483547806739807,0.10817492008209229,,,
27,849,0.9858980178833008,0.9457371830940247,0.10203993320465088,,,
27,850,0.9783744812011719,0.8220652937889099,0.32997024059295654,,,
27,851,0.9735116958618164,0.706050455570221,0.48575305938720703,,,
27,852,0.9830522537231445,0.8109266757965088,0.408841609954834,,,
27,853,0.9921321868896484,0.9587712287902832,0.12828409671783447,,,
27,854,0.9875802993774414,0.9394428133964539,0.13616949319839478,,,
27,855,0.9881124496459961,0.8736109137535095,0.34834766387939453,,,
27,856,0.981781005859375,0.8598776459693909,0.28551673889160156,,,
27,857,0.9865503311157227,0.9094434976577759,0.2135031819343567,,,
27,858,0.9850645065307617,0.9184713363647461,0.16894161701202393,,,
27,859,0.984344482421875,0.8977444767951965,0.2164367437362671,,,
27,860,0.987034797668457,0.9334345459938049,0.1449233889579773,,,
27,861,0.9879121780395508,0.9521607756614685,0.09628427028656006,,,
27,862,0.9878292083740234,0.9399664402008057,0.1338844895362854,,,
27,863,0.987614631652832,0.9182611107826233,0.19976723194122314,,,
27,864,0.9880247116088867,0.9381827712059021,0.14129722118377686,,,
27,865,0.9851131439208984,0.9350897669792175,0.12232273817062378,,,
27,866,0.9888429641723633,0.9489458799362183,0.11412161588668823,,,
27,867,0.98992919921875,0.9460784196853638,0.13790661096572876,,,
27,867,,,,0.9610417485237122,0.8638420104980469,0.2261050045490265
28,868,0.9885759353637695,0.9237914085388184,0.19635146856307983,,,
28,869,0.9866142272949219,0.9039169549942017,0.22893530130386353,,,
28,870,0.9861211776733398,0.9558069109916687,0.07463419437408447,,,
28,871,0.9880809783935547,0.9475085735321045,0.10897105932235718,,,
28,872,0.9865694046020508,0.8761062622070312,0.2991420030593872,,,
28,873,0.9873981475830078,0.9300061464309692,0.1582079529762268,,,
28,874,0.9899091720581055,0.9534724950790405,0.10987818241119385,,,
28,875,0.9854402542114258,0.9400430917739868,0.10984426736831665,,,
28,876,0.9906473159790039,0.9572262167930603,0.10427534580230713,,,
28,877,0.9866266250610352,0.8986513614654541,0.23837292194366455,,,
28,878,0.9858636856079102,0.8897024393081665,0.2536463737487793,,,
28,879,0.9852695465087891,0.9455530643463135,0.09429854154586792,,,
28,880,0.9889945983886719,0.9321244359016418,0.16896134614944458,,,
28,881,0.9854450225830078,0.9174138903617859,0.17000722885131836,,,
28,882,0.9896183013916016,0.9293598532676697,0.1907554268836975,,,
28,883,0.9895343780517578,0.9118731021881104,0.24629831314086914,,,
28,884,0.9870538711547852,0.9125936031341553,0.2015904188156128,,,
28,885,0.9846763610839844,0.898526668548584,0.21006202697753906,,,
28,886,0.9861335754394531,0.9400261640548706,0.11292076110839844,,,
28,887,0.9837989807128906,0.9331310391426086,0.11508685350418091,,,
28,888,0.9854860305786133,0.9545232057571411,0.07381290197372437,,,
28,889,0.9892663955688477,0.9625149369239807,0.0712692141532898,,,
28,890,0.9860973358154297,0.8967527151107788,0.2297874093055725,,,
28,891,0.9875020980834961,0.9446990489959717,0.10879522562026978,,,
28,892,0.990178108215332,0.9230194091796875,0.2157178521156311,,,
28,893,0.9837684631347656,0.922349750995636,0.13810640573501587,,,
28,894,0.9860162734985352,0.9079310297966003,0.19567668437957764,,,
28,895,0.9869461059570312,0.9269528985023499,0.15491759777069092,,,
28,896,0.9887790679931641,0.9638481140136719,0.06497716903686523,,,
28,897,0.9887962341308594,0.9363341927528381,0.14570140838623047,,,
28,898,0.9891306757926941,0.9502783417701721,0.10510760545730591,,,
28,898,,,,0.9614402055740356,0.864645779132843,0.21607181429862976
29,899,0.987116813659668,0.8828269243240356,0.27697867155075073,,,
29,900,0.985651969909668,0.8893945217132568,0.2364673614501953,,,
29,901,0.9868230819702148,0.9293537139892578,0.14386826753616333,,,
29,902,0.9869251251220703,0.9041748046875,0.21430444717407227,,,
29,903,0.986607551574707,0.9319302439689636,0.13295525312423706,,,
29,904,0.9909143447875977,0.9474763870239258,0.13484108448028564,,,
29,905,0.9882392883300781,0.9506844282150269,0.09359824657440186,,,
29,906,0.9867410659790039,0.9418014287948608,0.10522007942199707,,,
29,907,0.9878911972045898,0.9453927874565125,0.10728389024734497,,,
29,908,0.9879426956176758,0.9322407245635986,0.14392125606536865,,,
29,909,0.9894094467163086,0.935467541217804,0.15315121412277222,,,
29,910,0.9885435104370117,0.8804593086242676,0.2989768385887146,,,
29,911,0.9862661361694336,0.9677202701568604,0.05317533016204834,,,
29,912,0.9866781234741211,0.9144544005393982,0.17850035429000854,,,
29,913,0.978846549987793,0.8646047115325928,0.22518545389175415,,,
29,914,0.9772863388061523,0.7610006928443909,0.3923780918121338,,,
29,915,0.9874992370605469,0.9410767555236816,0.11244183778762817,,,
29,916,0.9845848083496094,0.9289206862449646,0.12168008089065552,,,
29,917,0.9922046661376953,0.9537376761436462,0.12799763679504395,,,
29,918,0.9871635437011719,0.9440214037895203,0.10208070278167725,,,
29,919,0.9887123107910156,0.9187361598014832,0.1870066523551941,,,
29,920,0.9896116256713867,0.9000385403633118,0.25753724575042725,,,
29,921,0.9875516891479492,0.9568145871162415,0.0713387131690979,,,
29,922,0.9905080795288086,0.9599649310112,0.08129864931106567,,,
29,923,0.9920425415039062,0.9750444293022156,0.048502564430236816,,,
29,924,0.9865207672119141,0.9530128836631775,0.07493072748184204,,,
29,925,0.9901580810546875,0.9592716097831726,0.07995080947875977,,,
29,926,0.9830350875854492,0.8902760148048401,0.19459062814712524,,,
29,927,0.9878768920898438,0.9498586058616638,0.08854109048843384,,,
29,928,0.9874858856201172,0.910466730594635,0.18881338834762573,,,
29,929,0.9896036982536316,0.9267147183418274,0.17252135276794434,,,
29,929,,,,0.9619471430778503,0.8660112023353577,0.2103499472141266
30,930,0.9887599945068359,0.9324522614479065,0.14379280805587769,,,
30,931,0.9901809692382812,0.9696561694145203,0.05091428756713867,,,
30,932,0.9865350723266602,0.9387913346290588,0.1071653962135315,,,
30,933,0.9870615005493164,0.8842366337776184,0.24767470359802246,,,
30,934,0.9864435195922852,0.9143297672271729,0.16599637269973755,,,
30,935,0.9901580810546875,0.9446954131126404,0.12226831912994385,,,
30,936,0.9887838363647461,0.9215216636657715,0.17227554321289062,,,
30,937,0.9894075393676758,0.9032752513885498,0.23130804300308228,,,
30,938,0.9878692626953125,0.9341267347335815,0.12623989582061768,,,
30,939,0.9875001907348633,0.95502769947052,0.07139599323272705,,,
30,940,0.9855594635009766,0.9409935474395752,0.09462261199951172,,,
30,941,0.9896402359008789,0.9415263533592224,0.12285196781158447,,,
30,942,0.9859905242919922,0.9497109055519104,0.0786476731300354,,,
30,943,0.9869651794433594,0.9498631954193115,0.08085393905639648,,,
30,944,0.9890260696411133,0.9444178938865662,0.10748183727264404,,,
30,945,0.9851388931274414,0.9232802987098694,0.12950539588928223,,,
30,946,0.9870233535766602,0.9404171109199524,0.10198992490768433,,,
30,947,0.9879627227783203,0.9582616686820984,0.06597894430160522,,,
30,948,0.9854030609130859,0.9043147563934326,0.17499780654907227,,,
30,949,0.9907217025756836,0.9517439603805542,0.10264861583709717,,,
30,950,0.9882612228393555,0.9433602690696716,0.10285824537277222,,,
30,951,0.9876813888549805,0.904291570186615,0.19977843761444092,,,
30,952,0.9818172454833984,0.9131895899772644,0.13123071193695068,,,
30,953,0.9880781173706055,0.9151024222373962,0.17586708068847656,,,
30,954,0.9874391555786133,0.9485724568367004,0.08286190032958984,,,
30,955,0.9891061782836914,0.9487571716308594,0.09307122230529785,,,
30,956,0.9881229400634766,0.9477576613426208,0.09011250734329224,,,
30,957,0.9896926879882812,0.9179253578186035,0.18794310092926025,,,
30,958,0.9905414581298828,0.940396249294281,0.1337297558784485,,,
30,959,0.9857082366943359,0.8551713228225708,0.28221386671066284,,,
30,960,0.9897982478141785,0.9464164972305298,0.1057862639427185,,,
30,960,,,,0.9620378017425537,0.8667965531349182,0.20588278770446777
31,961,0.9901762008666992,0.9403970241546631,0.12637829780578613,,,
31,962,0.988337516784668,0.8742338418960571,0.27358102798461914,,,
31,963,0.9918270111083984,0.9652002453804016,0.0694780945777893,,,
31,964,0.990635871887207,0.954591691493988,0.09036403894424438,,,
31,965,0.9876203536987305,0.9353841543197632,0.11581689119338989,,,
31,966,0.9896469116210938,0.9571589827537537,0.07503581047058105,,,
31,967,0.9871406555175781,0.9463139772415161,0.08680450916290283,,,
31,968,0.9881887435913086,0.9138476848602295,0.17091339826583862,,,
31,969,0.9880237579345703,0.9374339580535889,0.11151123046875,,,
31,970,0.9875602722167969,0.9365304708480835,0.11156719923019409,,,
31,971,0.9818248748779297,0.9451872706413269,0.07206988334655762,,,
31,972,0.9886598587036133,0.8757250308990479,0.2687026262283325,,,
31,973,0.9880743026733398,0.896112859249115,0.21318328380584717,,,
31,974,0.9866771697998047,0.9267770051956177,0.12728089094161987,,,
31,975,0.9893436431884766,0.9169391989707947,0.1771807074546814,,,
31,976,0.9877634048461914,0.9204959273338318,0.15024691820144653,,,
31,977,0.9820690155029297,0.7744671106338501,0.3777722120285034,,,
31,978,0.9914264678955078,0.9680520296096802,0.05549412965774536,,,
31,979,0.9889888763427734,0.9402909278869629,0.11078864336013794,,,
31,980,0.9874076843261719,0.9366176724433899,0.10847872495651245,,,
31,981,0.9873275756835938,0.9690284729003906,0.048123955726623535,,,
31,982,0.9866695404052734,0.9557129740715027,0.064053475856781,,,
31,983,0.9904775619506836,0.9108131527900696,0.20783448219299316,,,
31,984,0.9897403717041016,0.9112954139709473,0.19223803281784058,,,
31,985,0.9883947372436523,0.9519110918045044,0.07681894302368164,,,
31,986,0.9892416000366211,0.9352098703384399,0.12443995475769043,,,
31,987,0.9840717315673828,0.927457332611084,0.1064608097076416,,,
31,988,0.9839859008789062,0.9394932985305786,0.08512347936630249,,,
31,989,0.9880075454711914,0.9299032688140869,0.1252632737159729,,,
31,990,0.9895029067993164,0.9068198204040527,0.197856605052948,,,
31,991,0.9883537292480469,0.9565825462341309,0.06649142503738403,,,
31,991,,,,0.9616677761077881,0.866079568862915,0.199103444814682
32,992,0.9908437728881836,0.9608304500579834,0.06846415996551514,,,
32,993,0.9859399795532227,0.9223594665527344,0.12663322687149048,,,
32,994,0.9875392913818359,0.8901065587997437,0.21073800325393677,,,
32,995,0.9869241714477539,0.9386776685714722,0.0967559814453125,,,
32,996,0.9899826049804688,0.9497194886207581,0.09183084964752197,,,
32,997,0.9902181625366211,0.9554120898246765,0.07685840129852295,,,
32,998,0.9893884658813477,0.9630647301673889,0.056566834449768066,,,
32,999,0.9868278503417969,0.858622670173645,0.2689664363861084,,,
32,1000,0.9862937927246094,0.8543826341629028,0.26981598138809204,,,
32,1001,0.9892711639404297,0.9571815133094788,0.06815677881240845,,,
32,1002,0.9914894104003906,0.9603508114814758,0.07293027639389038,,,
32,1003,0.9878616333007812,0.9437665343284607,0.08966672420501709,,,
32,1004,0.9828281402587891,0.9526597857475281,0.06132012605667114,,,
32,1005,0.9881629943847656,0.9218692779541016,0.1410275101661682,,,
32,1006,0.9886655807495117,0.9031708836555481,0.18841707706451416,,,
32,1007,0.9882535934448242,0.9501922726631165,0.07819145917892456,,,
32,1008,0.9890861511230469,0.9344314932823181,0.11961066722869873,,,
32,1009,0.9859333038330078,0.8229270577430725,0.32001811265945435,,,
32,1010,0.9884271621704102,0.9304748177528381,0.12433367967605591,,,
32,1011,0.9893684387207031,0.8969638347625732,0.21079403162002563,,,
32,1012,0.989771842956543,0.9605575203895569,0.062057316303253174,,,
32,1013,0.9858102798461914,0.9409617185592651,0.08661580085754395,,,
32,1014,0.9877557754516602,0.9621392488479614,0.05373573303222656,,,
32,1015,0.9869861602783203,0.886406421661377,0.20376300811767578,,,
32,1016,0.9871044158935547,0.9526335000991821,0.06752759218215942,,,
32,1017,0.9887514114379883,0.9276255965232849,0.1296900510787964,,,
32,1018,0.9896163940429688,0.9398861527442932,0.10908389091491699,,,
32,1019,0.9876041412353516,0.9331485033035278,0.10918581485748291,,,
32,1020,0.9857254028320312,0.9319159984588623,0.1024395227432251,,,
32,1021,0.9902381896972656,0.9472824931144714,0.09377586841583252,,,
32,1022,0.9858729243278503,0.9203675389289856,0.12408733367919922,,,
32,1022,,,,0.9621208906173706,0.8666264414787292,0.19747518002986908
33,1023,0.9906892776489258,0.9542264342308044,0.08062124252319336,,,
33,1024,0.9910364151000977,0.9377413392066956,0.1263829469680786,,,
33,1025,0.9894208908081055,0.8954082727432251,0.2112565040588379,,,
33,1026,0.987757682800293,0.9129653573036194,0.154272198677063,,,
33,1027,0.9871978759765625,0.9412500858306885,0.08945298194885254,,,
33,1028,0.9827775955200195,0.9118066430091858,0.12591058015823364,,,
33,1029,0.9906406402587891,0.9608193635940552,0.06381124258041382,,,
33,1030,0.9849185943603516,0.9360207915306091,0.08867490291595459,,,
33,1031,0.9916925430297852,0.9730077385902405,0.043103039264678955,,,
33,1032,0.9871644973754883,0.9251229763031006,0.12073081731796265,,,
33,1033,0.990138053894043,0.9495366215705872,0.08751785755157471,,,
33,1034,0.9895734786987305,0.9387129545211792,0.11019343137741089,,,
33,1035,0.9922523498535156,0.969898521900177,0.05021965503692627,,,
33,1036,0.9819364547729492,0.8728228807449341,0.19124513864517212,,,
33,1037,0.9913625717163086,0.9614615440368652,0.06605219841003418,,,
33,1038,0.9878396987915039,0.9628735780715942,0.05149716138839722,,,
33,1039,0.9908256530761719,0.9383285641670227,0.11905056238174438,,,
33,1040,0.9878740310668945,0.923689067363739,0.12965494394302368,,,
33,1041,0.9867916107177734,0.9077963829040527,0.15493029356002808,,,
33,1042,0.9909019470214844,0.9357372522354126,0.1273093819618225,,,
33,1043,0.9914789199829102,0.9650685787200928,0.05595344305038452,,,
33,1044,0.9898824691772461,0.9348981380462646,0.1193382740020752,,,
33,1045,0.9880800247192383,0.9051647782325745,0.16751134395599365,,,
33,1046,0.9896669387817383,0.9493908882141113,0.08144736289978027,,,
33,1047,0.9864416122436523,0.9357534050941467,0.0940556526184082,,,
33,1048,0.9839677810668945,0.9256407022476196,0.10315781831741333,,,
33,1049,0.9881792068481445,0.9455404281616211,0.08283168077468872,,,
33,1050,0.9921979904174805,0.9695399403572083,0.04958599805831909,,,
33,1051,0.9875125885009766,0.9300639033317566,0.1121336817741394,,,
33,1052,0.9896697998046875,0.9212011694908142,0.14899992942810059,,,
33,1053,0.9899508357048035,0.9488928914070129,0.08518600463867188,,,
33,1053,,,,0.961711049079895,0.8655741214752197,0.1957336813211441
34,1054,0.9888401031494141,0.9273050427436829,0.12410885095596313,,,
34,1055,0.9876346588134766,0.9440594911575317,0.0841858983039856,,,
34,1056,0.987060546875,0.9385618567466736,0.091400146484375,,,
34,1057,0.9899978637695312,0.9493817687034607,0.083687424659729,,,
34,1058,0.9903430938720703,0.9303863644599915,0.13269639015197754,,,
34,1059,0.9898471832275391,0.8868494033813477,0.22637802362442017,,,
34,1060,0.9920015335083008,0.9586325883865356,0.07569944858551025,,,
34,1061,0.9894800186157227,0.9052262306213379,0.1787371039390564,,,
34,1062,0.9873647689819336,0.9508457183837891,0.06878507137298584,,,
34,1063,0.9914588928222656,0.9683377146720886,0.04829055070877075,,,
34,1064,0.9907922744750977,0.9489296674728394,0.09013688564300537,,,
34,1065,0.9862337112426758,0.9292703866958618,0.1053171157836914,,,
34,1066,0.9905376434326172,0.9492561221122742,0.08700048923492432,,,
34,1067,0.9870481491088867,0.9366755485534668,0.09404212236404419,,,
34,1068,0.9890193939208984,0.9318193793296814,0.11516928672790527,,,
34,1069,0.985255241394043,0.8941476941108704,0.16379636526107788,,,
34,1070,0.9905023574829102,0.9279893636703491,0.13614952564239502,,,
34,1071,0.992095947265625,0.9602718949317932,0.07070869207382202,,,
34,1072,0.994603157043457,0.9712532162666321,0.06329917907714844,,,
34,1073,0.9896202087402344,0.945489227771759,0.0880231261253357,,,
34,1074,0.987335205078125,0.9439792633056641,0.08001261949539185,,,
34,1075,0.9862794876098633,0.9424057006835938,0.07982683181762695,,,
34,1076,0.9863748550415039,0.9284071326255798,0.10715949535369873,,,
34,1077,0.9878616333007812,0.8870299458503723,0.19530200958251953,,,
34,1078,0.9910545349121094,0.9529159069061279,0.08065599203109741,,,
34,1079,0.9877395629882812,0.875162661075592,0.2194209098815918,,,
34,1080,0.9865989685058594,0.9332966208457947,0.09673404693603516,,,
34,1081,0.9903783798217773,0.9667566418647766,0.047362565994262695,,,
34,1082,0.9873943328857422,0.9610924124717712,0.05071145296096802,,,
34,1083,0.9887161254882812,0.9580488204956055,0.058480679988861084,,,
34,1084,0.989983856678009,0.9573367834091187,0.06533080339431763,,,
34,1084,,,,0.9609019160270691,0.8632630109786987,0.19436639547348022
35,1085,0.9888505935668945,0.8867995738983154,0.20523309707641602,,,
35,1086,0.9909858703613281,0.9718376994132996,0.041651368141174316,,,
35,1087,0.9906463623046875,0.928278386592865,0.13465726375579834,,,
35,1088,0.9874763488769531,0.9575009346008301,0.05662131309509277,,,
35,1089,0.9910202026367188,0.9515821933746338,0.08116966485977173,,,
35,1090,0.9926767349243164,0.963882565498352,0.06424939632415771,,,
35,1091,0.9841527938842773,0.9099344611167908,0.12614601850509644,,,
35,1092,0.988499641418457,0.9474722743034363,0.07793056964874268,,,
35,1093,0.9882078170776367,0.9346513748168945,0.10072058439254761,,,
35,1094,0.9914207458496094,0.9397398233413696,0.11366510391235352,,,
35,1095,0.9895381927490234,0.9598085880279541,0.05732506513595581,,,
35,1096,0.9897994995117188,0.9081841111183167,0.16817998886108398,,,
35,1097,0.9882879257202148,0.9314917325973511,0.10566461086273193,,,
35,1098,0.985107421875,0.925718367099762,0.1032489538192749,,,
35,1099,0.9844627380371094,0.940367579460144,0.07778400182723999,,,
35,1100,0.9870414733886719,0.911053478717804,0.13986504077911377,,,
35,1101,0.9911327362060547,0.9413353204727173,0.10639458894729614,,,
35,1102,0.987213134765625,0.9334375858306885,0.0964842438697815,,,
35,1103,0.9884233474731445,0.9544268250465393,0.06331849098205566,,,
35,1104,0.9900093078613281,0.9310317635536194,0.11994647979736328,,,
35,1105,0.9891748428344727,0.9558120369911194,0.06357812881469727,,,
35,1106,0.9905662536621094,0.9537508487701416,0.07436800003051758,,,
35,1107,0.989344596862793,0.9396995902061462,0.09478718042373657,,,
35,1108,0.9899806976318359,0.9572278261184692,0.06338083744049072,,,
35,1109,0.9888687133789062,0.883590817451477,0.2079206109046936,,,
35,1110,0.9884872436523438,0.9359684586524963,0.09829002618789673,,,
35,1111,0.9898309707641602,0.9342800378799438,0.11022710800170898,,,
35,1112,0.9913358688354492,0.9487900733947754,0.08883726596832275,,,
35,1113,0.9918031692504883,0.9696676731109619,0.04590916633605957,,,
35,1114,0.9908475875854492,0.9383626580238342,0.10834234952926636,,,
35,1115,0.9877408146858215,0.9591065645217896,0.053526461124420166,,,
35,1115,,,,0.962960958480835,0.869332492351532,0.18774673342704773
36,1116,0.9866085052490234,0.9512658715248108,0.0643688440322876,,,
36,1117,0.9850530624389648,0.8763832449913025,0.18701207637786865,,,
36,1118,0.9868679046630859,0.9293218851089478,0.10140198469161987,,,
36,1119,0.988987922668457,0.9201932549476624,0.13015568256378174,,,
36,1120,0.9913091659545898,0.9160943031311035,0.16472238302230835,,,
36,1121,0.9922866821289062,0.971940815448761,0.04277026653289795,,,
36,1122,0.9897747039794922,0.9577144980430603,0.061160147190093994,,,
36,1123,0.9895162582397461,0.9539070129394531,0.06777846813201904,,,
36,1124,0.9931631088256836,0.9725563526153564,0.0437922477722168,,,
36,1125,0.9926042556762695,0.9588751196861267,0.07189661264419556,,,
36,1126,0.9900531768798828,0.9557679891586304,0.06592023372650146,,,
36,1127,0.9891080856323242,0.9464597105979919,0.07913702726364136,,,
36,1128,0.9884815216064453,0.9602914452552795,0.05333578586578369,,,
36,1129,0.987701416015625,0.9326189160346985,0.0981452465057373,,,
36,1130,0.9862480163574219,0.9479300379753113,0.06788963079452515,,,
36,1131,0.9878778457641602,0.9257387518882751,0.11364024877548218,,,
36,1132,0.9898700714111328,0.9107710123062134,0.16091853380203247,,,
36,1133,0.9895143508911133,0.9088293313980103,0.15725481510162354,,,
36,1134,0.9882926940917969,0.9088106751441956,0.14779794216156006,,,
36,1135,0.9870538711547852,0.9515581727027893,0.06308412551879883,,,
36,1136,0.9874591827392578,0.9471715688705444,0.07060897350311279,,,
36,1137,0.9925527572631836,0.9519321918487549,0.08932971954345703,,,
36,1138,0.9902687072753906,0.9591696262359619,0.05912482738494873,,,
36,1139,0.9890670776367188,0.9567486047744751,0.058985352516174316,,,
36,1140,0.9905109405517578,0.9536499977111816,0.0701758861541748,,,
36,1141,0.9914512634277344,0.928135097026825,0.13437581062316895,,,
36,1142,0.9905567169189453,0.92532879114151,0.13117706775665283,,,
36,1143,0.9861812591552734,0.9166009426116943,0.1195230484008789,,,
36,1144,0.9884366989135742,0.9445805549621582,0.0789538025856018,,,
36,1145,0.9896049499511719,0.9258735179901123,0.12065011262893677,,,
36,1146,0.9896036982536316,0.947851836681366,0.07670432329177856,,,
36,1146,,,,0.9609959721565247,0.8639019727706909,0.191593199968338
37,1147,0.98846435546875,0.8716904520988464,0.21927547454833984,,,
37,1148,0.9893703460693359,0.9539061784744263,0.06393420696258545,,,
37,1149,0.988438606262207,0.9426640272140503,0.08050352334976196,,,
37,1150,0.9874658584594727,0.9478119015693665,0.06906676292419434,,,
37,1151,0.9861650466918945,0.9087305665016174,0.13440895080566406,,,
37,1152,0.9874134063720703,0.940416157245636,0.08197051286697388,,,
37,1153,0.98834228515625,0.8978899717330933,0.16616803407669067,,,
37,1154,0.9897136688232422,0.92789626121521,0.11621588468551636,,,
37,1155,0.9878969192504883,0.9499256014823914,0.06617218255996704,,,
37,1156,0.9904670715332031,0.9532484412193298,0.07044672966003418,,,
37,1157,0.988067626953125,0.946042001247406,0.07473897933959961,,,
37,1158,0.9882192611694336,0.9116418361663818,0.13873010873794556,,,
37,1159,0.9852390289306641,0.9423988461494446,0.07428580522537231,,,
37,1160,0.9875202178955078,0.935917317867279,0.08974868059158325,,,
37,1161,0.9885396957397461,0.9433616995811462,0.08041048049926758,,,
37,1162,0.9913721084594727,0.9620953798294067,0.056397080421447754,,,
37,1163,0.989771842956543,0.9302411675453186,0.11244601011276245,,,
37,1164,0.9908246994018555,0.952844500541687,0.07255935668945312,,,
37,1165,0.9909276962280273,0.9531619548797607,0.07192337512969971,,,
37,1166,0.9837217330932617,0.9163329601287842,0.10867619514465332,,,
37,1167,0.9886140823364258,0.9553727507591248,0.05807983875274658,,,
37,1168,0.9903478622436523,0.9570385217666626,0.061680376529693604,,,
37,1169,0.9917097091674805,0.9665120840072632,0.04877662658691406,,,
37,1170,0.9873580932617188,0.9274533987045288,0.10223644971847534,,,
37,1171,0.9921960830688477,0.9443526268005371,0.10089963674545288,,,
37,1172,0.990447998046875,0.903785765171051,0.17140257358551025,,,
37,1173,0.9918479919433594,0.9652688503265381,0.05212676525115967,,,
37,1174,0.9865427017211914,0.9360604882240295,0.08545053005218506,,,
37,1175,0.9912843704223633,0.9598105549812317,0.059958457946777344,,,
37,1176,0.9886560440063477,0.9436843395233154,0.07865625619888306,,,
37,1177,0.9903831481933594,0.9427838921546936,0.08916431665420532,,,
37,1177,,,,0.9622310996055603,0.867452085018158,0.1869090050458908
38,1178,0.9912490844726562,0.9525709748268127,0.07513684034347534,,,
38,1179,0.9900121688842773,0.9249048233032227,0.12263983488082886,,,
38,1180,0.9892635345458984,0.9267938733100891,0.1138925552368164,,,
38,1181,0.9871616363525391,0.9058601260185242,0.1406497359275818,,,
38,1182,0.989781379699707,0.9034119248390198,0.1644154191017151,,,
38,1183,0.9913673400878906,0.9585878252983093,0.06217747926712036,,,
38,1184,0.9914016723632812,0.9570119976997375,0.06568652391433716,,,
38,1185,0.9878215789794922,0.9344068765640259,0.09235036373138428,,,
38,1186,0.9887886047363281,0.9584514498710632,0.0548173189163208,,,
38,1187,0.9926872253417969,0.9762113094329834,0.03449523448944092,,,
38,1188,0.9874629974365234,0.916627049446106,0.12131023406982422,,,
38,1189,0.9920511245727539,0.9407014846801758,0.10498052835464478,,,
38,1190,0.989832878112793,0.9394760131835938,0.09078723192214966,,,
38,1191,0.9878921508789062,0.9311974048614502,0.0970270037651062,,,
38,1192,0.9868078231811523,0.9442624449729919,0.07079470157623291,,,
38,1193,0.9843502044677734,0.8343912959098816,0.24114114046096802,,,
38,1194,0.9844436645507812,0.9500595331192017,0.058731019496917725,,,
38,1195,0.9889516830444336,0.9045197367668152,0.15174329280853271,,,
38,1196,0.9927902221679688,0.9570369124412537,0.07290393114089966,,,
38,1197,0.9876527786254883,0.9359167218208313,0.08800321817398071,,,
38,1198,0.9859886169433594,0.9244366884231567,0.10219424962997437,,,
38,1199,0.9923410415649414,0.9678252935409546,0.04658907651901245,,,
38,1200,0.9899845123291016,0.9551324844360352,0.0618475079536438,,,
38,1201,0.9854936599731445,0.9409297704696655,0.07444125413894653,,,
38,1202,0.9890098571777344,0.9276221394538879,0.1084185242652893,,,
38,1203,0.9886074066162109,0.9428940415382385,0.07974743843078613,,,
38,1204,0.9917831420898438,0.9655899405479431,0.04959315061569214,,,
38,1205,0.9919595718383789,0.9671503305435181,0.04672497510910034,,,
38,1206,0.9878759384155273,0.9436802268028259,0.07567793130874634,,,
38,1207,0.9870834350585938,0.9561946392059326,0.05448198318481445,,,
38,1208,0.9877611994743347,0.8388500809669495,0.25810354948043823,,,
38,1208,,,,0.9625706076622009,0.8672017455101013,0.18824878334999084
39,1209,0.992344856262207,0.9742070436477661,0.035520851612091064,,,
39,1210,0.991328239440918,0.9537712931632996,0.07073545455932617,,,
39,1211,0.9909448623657227,0.9551896452903748,0.0663270354270935,,,
39,1212,0.9865627288818359,0.9233368039131165,0.10408097505569458,,,
39,1213,0.9907398223876953,0.9346849322319031,0.10584896802902222,,,
39,1214,0.9910707473754883,0.9578068256378174,0.0610501766204834,,,
39,1215,0.9911947250366211,0.9572969079017639,0.06347119808197021,,,
39,1216,0.9908504486083984,0.9652875661849976,0.04670381546020508,,,
39,1217,0.9882278442382812,0.9534639716148376,0.06011319160461426,,,
39,1218,0.9878253936767578,0.9316338896751404,0.0953412652015686,,,
39,1219,0.9912519454956055,0.9519282579421997,0.07294583320617676,,,
39,1220,0.9898529052734375,0.9517282843589783,0.06736963987350464,,,
39,1221,0.9895009994506836,0.9598103165626526,0.05285751819610596,,,
39,1222,0.9873256683349609,0.9375807046890259,0.08331567049026489,,,
39,1223,0.9909696578979492,0.9078434109687805,0.1616971492767334,,,
39,1224,0.9893684387207031,0.945490300655365,0.07678079605102539,,,
39,1225,0.9888057708740234,0.9216855764389038,0.11795538663864136,,,
39,1226,0.9916296005249023,0.9601413011550903,0.05913805961608887,,,
39,1227,0.9875268936157227,0.8974622488021851,0.15086907148361206,,,
39,1228,0.9919548034667969,0.9649624228477478,0.05187487602233887,,,
39,1229,0.983525276184082,0.8271099328994751,0.24118751287460327,,,
39,1230,0.9895439147949219,0.9449014663696289,0.07929247617721558,,,
39,1231,0.9933252334594727,0.967252790927887,0.05140966176986694,,,
39,1232,0.9900074005126953,0.9599665403366089,0.053599655628204346,,,
39,1233,0.9861564636230469,0.9163815379142761,0.11333519220352173,,,
39,1234,0.9887838363647461,0.9418031573295593,0.08002984523773193,,,
39,1235,0.9920949935913086,0.9566195607185364,0.06804084777832031,,,
39,1236,0.9906187057495117,0.9625489711761475,0.05081295967102051,,,
39,1237,0.9836368560791016,0.8841098546981812,0.15282273292541504,,,
39,1238,0.9885959625244141,0.9314876794815063,0.09708166122436523,,,
39,1239,0.9895617365837097,0.9275322556495667,0.11150777339935303,,,
39,1239,,,,0.9620746970176697,0.8662312030792236,0.18805938959121704
40,1240,0.9903793334960938,0.880211353302002,0.20993179082870483,,,
40,1241,0.9891376495361328,0.9356896877288818,0.09277039766311646,,,
40,1242,0.9889488220214844,0.9222057461738586,0.11706411838531494,,,
40,1243,0.9927902221679688,0.9600296020507812,0.06374454498291016,,,
40,1244,0.9923772811889648,0.9691482782363892,0.04463440179824829,,,
40,1245,0.9884176254272461,0.9340189695358276,0.0905832052230835,,,
40,1246,0.9891986846923828,0.9420469403266907,0.08076810836791992,,,
40,1247,0.9852886199951172,0.9417341351509094,0.07212114334106445,,,
40,1248,0.9897975921630859,0.9552914500236511,0.06203430891036987,,,
40,1249,0.9921674728393555,0.9599133133888245,0.0607837438583374,,,
40,1250,0.9887208938598633,0.9578101634979248,0.05375581979751587,,,
40,1251,0.9887933731079102,0.9437061548233032,0.07647192478179932,,,
40,1252,0.9909181594848633,0.9409810900688171,0.09090155363082886,,,
40,1253,0.990727424621582,0.9577985405921936,0.05873465538024902,,,
40,1254,0.9924812316894531,0.9664601683616638,0.04898107051849365,,,
40,1255,0.9898014068603516,0.9153687953948975,0.1374712586402893,,,
40,1256,0.9890584945678711,0.941768229007721,0.0794420838356018,,,
40,1257,0.991337776184082,0.9652270674705505,0.04777967929840088,,,
40,1258,0.9898090362548828,0.9542539715766907,0.061732351779937744,,,
40,1259,0.9877738952636719,0.9448879361152649,0.07074296474456787,,,
40,1260,0.9906139373779297,0.9424558877944946,0.08637803792953491,,,
40,1261,0.9817705154418945,0.913671612739563,0.10351186990737915,,,
40,1262,0.991729736328125,0.9687406420707703,0.04248309135437012,,,
40,1263,0.9858722686767578,0.9319990873336792,0.08658969402313232,,,
40,1264,0.9825820922851562,0.9177849292755127,0.09923917055130005,,,
40,1265,0.989130973815918,0.9383051991462708,0.0869174599647522,,,
40,1266,0.9870119094848633,0.8958178758621216,0.14958471059799194,,,
40,1267,0.9888162612915039,0.9257864952087402,0.1061905026435852,,,
40,1268,0.9833774566650391,0.9099406599998474,0.11411195993423462,,,
40,1269,0.9866189956665039,0.9000320434570312,0.1413218379020691,,,
40,1270,0.9913418889045715,0.9619953036308289,0.053058087825775146,,,
40,1270,,,,0.9608874917030334,0.8626578450202942,0.19264774024486542
41,1271,0.9896774291992188,0.9653254747390747,0.04604911804199219,,,
41,1272,0.9896574020385742,0.9246199727058411,0.11240500211715698,,,
41,1273,0.9864921569824219,0.9417533874511719,0.07268661260604858,,,
41,1274,0.9914026260375977,0.9277181029319763,0.12072587013244629,,,
41,1275,0.9854898452758789,0.8854507803916931,0.15664368867874146,,,
41,1276,0.9881515502929688,0.8996137976646423,0.1478961706161499,,,
41,1277,0.9860696792602539,0.9135511517524719,0.11475539207458496,,,
41,1278,0.9860038757324219,0.927841305732727,0.09201103448867798,,,
41,1279,0.9816532135009766,0.8788661360740662,0.15207672119140625,,,
41,1280,0.9921712875366211,0.961559534072876,0.0561753511428833,,,
41,1281,0.9887313842773438,0.9592689275741577,0.052278101444244385,,,
41,1282,0.9914617538452148,0.9310028553009033,0.11224949359893799,,,
41,1283,0.9901771545410156,0.9198518395423889,0.12320029735565186,,,
41,1284,0.9906396865844727,0.946153998374939,0.07859516143798828,,,
41,1285,0.9888772964477539,0.9392431974411011,0.0830722451210022,,,
41,1286,0.9882717132568359,0.9440142512321472,0.07272464036941528,,,
41,1287,0.9877872467041016,0.9482290744781494,0.06555348634719849,,,
41,1288,0.9918289184570312,0.9634536504745483,0.05170315504074097,,,
41,1289,0.9842252731323242,0.962054431438446,0.06166785955429077,,,
41,1290,0.9889926910400391,0.9608272910118103,0.048966050148010254,,,
41,1291,0.9898929595947266,0.9612324833869934,0.050141990184783936,,,
41,1292,0.9907979965209961,0.9254811406135559,0.11717647314071655,,,
41,1293,0.9883804321289062,0.9440317749977112,0.07357537746429443,,,
41,1294,0.9871110916137695,0.929427444934845,0.09290891885757446,,,
41,1295,0.9904460906982422,0.9582308530807495,0.056681036949157715,,,
41,1296,0.9897785186767578,0.949101984500885,0.06928473711013794,,,
41,1297,0.9893741607666016,0.9238007664680481,0.11130261421203613,,,
41,1298,0.9878969192504883,0.9241204857826233,0.10564130544662476,,,
41,1299,0.9862070083618164,0.9187358021736145,0.10636252164840698,,,
41,1300,0.991826057434082,0.9008066654205322,0.17634069919586182,,,
41,1301,0.988501250743866,0.9468712210655212,0.06912660598754883,,,
41,1301,,,,0.9602711796760559,0.8617212176322937,0.1891549974679947
42,1302,0.9868392944335938,0.9160885214805603,0.11240595579147339,,,
42,1303,0.9873628616333008,0.8767222762107849,0.17718547582626343,,,
42,1304,0.9929742813110352,0.9697417616844177,0.04289698600769043,,,
42,1305,0.9894552230834961,0.9197640419006348,0.11961078643798828,,,
42,1306,0.9907855987548828,0.9436483383178711,0.08211451768875122,,,
42,1307,0.9906005859375,0.959770143032074,0.054279863834381104,,,
42,1308,0.9893512725830078,0.9538615942001343,0.060303688049316406,,,
42,1309,0.988774299621582,0.892246425151825,0.15973174571990967,,,
42,1310,0.9897775650024414,0.9322187304496765,0.09617727994918823,,,
42,1311,0.9873046875,0.9154562950134277,0.11552363634109497,,,
42,1312,0.9941110610961914,0.9590964913368225,0.07244545221328735,,,
42,1313,0.9877843856811523,0.9490258097648621,0.06431621313095093,,,
42,1314,0.9884958267211914,0.9567485451698303,0.053705573081970215,,,
42,1315,0.9921579360961914,0.9592186212539673,0.059978485107421875,,,
42,1316,0.989466667175293,0.9481306672096252,0.06909310817718506,,,
42,1317,0.9916210174560547,0.9711845517158508,0.03759258985519409,,,
42,1318,0.9886093139648438,0.9300248026847839,0.09503406286239624,,,
42,1319,0.9927577972412109,0.9598623514175415,0.05995476245880127,,,
42,1320,0.9899530410766602,0.9461031556129456,0.07469993829727173,,,
42,1321,0.9895591735839844,0.929192304611206,0.10027337074279785,,,
42,1322,0.9880332946777344,0.9402222633361816,0.07804495096206665,,,
42,1323,0.9907779693603516,0.9352254271507263,0.09548211097717285,,,
42,1324,0.986781120300293,0.912754237651825,0.11678546667098999,,,
42,1325,0.9890975952148438,0.9548771977424622,0.05709075927734375,,,
42,1326,0.9896688461303711,0.9543721675872803,0.059127867221832275,,,
42,1327,0.9892978668212891,0.9551229476928711,0.05702179670333862,,,
42,1328,0.9884510040283203,0.9249010682106018,0.10273957252502441,,,
42,1329,0.9930334091186523,0.9590251445770264,0.0632590651512146,,,
42,1330,0.9864711761474609,0.9499019980430603,0.05911654233932495,,,
42,1331,0.9864473342895508,0.9430119395256042,0.06958448886871338,,,
42,1332,0.9879353642463684,0.9585011601448059,0.05073285102844238,,,
42,1332,,,,0.9628711342811584,0.8683140873908997,0.18208082020282745
43,1333,0.9908885955810547,0.955594003200531,0.06051790714263916,,,
43,1334,0.987370491027832,0.9400139451026917,0.07535290718078613,,,
43,1335,0.9850196838378906,0.9269436001777649,0.08860927820205688,,,
43,1336,0.9900655746459961,0.9499428272247314,0.06669050455093384,,,
43,1337,0.989130973815918,0.9491987824440002,0.06552153825759888,,,
43,1338,0.9934940338134766,0.9715781807899475,0.0408819317817688,,,
43,1339,0.991551399230957,0.9643186330795288,0.04910808801651001,,,
43,1340,0.9917030334472656,0.9563259482383728,0.0626680850982666,,,
43,1341,0.9915323257446289,0.9574121832847595,0.059288203716278076,,,
43,1342,0.9913396835327148,0.9375854730606079,0.09534674882888794,,,
43,1343,0.9913759231567383,0.9274557828903198,0.1132933497428894,,,
43,1344,0.990849494934082,0.9551188945770264,0.05960112810134888,,,
43,1345,0.9895391464233398,0.9568565487861633,0.0536954402923584,,,
43,1346,0.991633415222168,0.9682892560958862,0.041239261627197266,,,
43,1347,0.9900169372558594,0.9006001353263855,0.15059006214141846,,,
43,1348,0.9898099899291992,0.9520434737205505,0.06203514337539673,,,
43,1349,0.9877710342407227,0.9259881377220154,0.09850412607192993,,,
43,1350,0.9915189743041992,0.9558495879173279,0.0614396333694458,,,
43,1351,0.9940347671508789,0.9504220485687256,0.09006708860397339,,,
43,1352,0.9895792007446289,0.9618114829063416,0.046810805797576904,,,
43,1353,0.9878759384155273,0.9143651723861694,0.11697816848754883,,,
43,1354,0.9895954132080078,0.9547584652900696,0.05756938457489014,,,
43,1355,0.9923305511474609,0.9558505415916443,0.06531184911727905,,,
43,1356,0.9866294860839844,0.8887407779693604,0.15134429931640625,,,
43,1357,0.9871616363525391,0.9157176613807678,0.11151278018951416,,,
43,1358,0.9895782470703125,0.963524341583252,0.044658362865448,,,
43,1359,0.9911317825317383,0.955322265625,0.06048470735549927,,,
43,1360,0.990168571472168,0.9476485252380371,0.07066917419433594,,,
43,1361,0.9880943298339844,0.9411972761154175,0.0754428505897522,,,
43,1362,0.9914016723632812,0.8829075694084167,0.19880956411361694,,,
43,1363,0.9871622920036316,0.955839991569519,0.053874194622039795,,,
43,1363,,,,0.9608586430549622,0.8636919260025024,0.1859062761068344
44,1364,0.9871501922607422,0.9216313362121582,0.1010938286781311,,,
44,1365,0.9910573959350586,0.9669994711875916,0.04232913255691528,,,
44,1366,0.9864406585693359,0.9532884955406189,0.05444818735122681,,,
44,1367,0.9868230819702148,0.9003282189369202,0.1314859390258789,,,
44,1368,0.9864063262939453,0.9253994822502136,0.09355002641677856,,,
44,1369,0.9906826019287109,0.9615960717201233,0.049484431743621826,,,
44,1370,0.9919748306274414,0.9504883289337158,0.07385396957397461,,,
44,1371,0.9902572631835938,0.9368298649787903,0.08775115013122559,,,
44,1372,0.9918270111083984,0.9435991048812866,0.08602243661880493,,,
44,1373,0.9859113693237305,0.9140694737434387,0.10775089263916016,,,
44,1374,0.9894657135009766,0.961140513420105,0.047286927700042725,,,
44,1375,0.9897804260253906,0.9450861215591431,0.07220685482025146,,,
44,1376,0.9927978515625,0.9741719961166382,0.03389507532119751,,,
44,1377,0.9898977279663086,0.9307986497879028,0.09641963243484497,,,
44,1378,0.9904804229736328,0.9583719372749329,0.05349093675613403,,,
44,1379,0.9906120300292969,0.9210370182991028,0.11699557304382324,,,
44,1380,0.9869184494018555,0.9092208743095398,0.11939704418182373,,,
44,1381,0.9912309646606445,0.944753885269165,0.07958382368087769,,,
44,1382,0.9890317916870117,0.9529884457588196,0.05834543704986572,,,
44,1383,0.9909191131591797,0.9368077516555786,0.09162968397140503,,,
44,1384,0.9914112091064453,0.9292281866073608,0.10721981525421143,,,
44,1385,0.9856462478637695,0.9509034156799316,0.057506024837493896,,,
44,1386,0.9906473159790039,0.950256884098053,0.06722384691238403,,,
44,1387,0.9915285110473633,0.9499419331550598,0.06976914405822754,,,
44,1388,0.9909582138061523,0.9420040845870972,0.08154052495956421,,,
44,1389,0.9916133880615234,0.9564087986946106,0.059928297996520996,,,
44,1390,0.9904861450195312,0.9608637094497681,0.04847747087478638,,,
44,1391,0.9912881851196289,0.958294689655304,0.05504411458969116,,,
44,1392,0.9896574020385742,0.953651487827301,0.058374106884002686,,,
44,1393,0.9932727813720703,0.9571755528450012,0.06663215160369873,,,
44,1394,0.9907341003417969,0.950847864151001,0.06716758012771606,,,
44,1394,,,,0.9613372087478638,0.8645187020301819,0.18490727245807648
45,1395,0.9884757995605469,0.9635880589485168,0.04410421848297119,,,
45,1396,0.9917621612548828,0.972411036491394,0.03437072038650513,,,
45,1397,0.9908552169799805,0.9567158222198486,0.0573883056640625,,,
45,1398,0.9893703460693359,0.9360733032226562,0.086001455783844,,,
45,1399,0.988642692565918,0.9637260437011719,0.04410523176193237,,,
45,1400,0.989405632019043,0.8994997143745422,0.14607000350952148,,,
45,1401,0.9894437789916992,0.9392493963241577,0.08227330446243286,,,
45,1402,0.9873447418212891,0.9386506080627441,0.07653611898422241,,,
45,1403,0.9907617568969727,0.9521059393882751,0.06348347663879395,,,
45,1404,0.9911069869995117,0.9326155185699463,0.0995665192604065,,,
45,1405,0.9884853363037109,0.9510811567306519,0.05977588891983032,,,
45,1406,0.9925022125244141,0.9671869874000549,0.04423058032989502,,,
45,1407,0.9915990829467773,0.9516780376434326,0.0692482590675354,,,
45,1408,0.9917802810668945,0.9619347453117371,0.05068314075469971,,,
45,1409,0.9930896759033203,0.9460071921348572,0.08543276786804199,,,
45,1410,0.9908409118652344,0.9397781491279602,0.08322018384933472,,,
45,1411,0.9942493438720703,0.9659712314605713,0.054035067558288574,,,
45,1412,0.9935235977172852,0.9619913697242737,0.05736565589904785,,,
45,1413,0.9914932250976562,0.9625129699707031,0.047955334186553955,,,
45,1414,0.9857797622680664,0.9221690893173218,0.09449827671051025,,,
45,1415,0.9896602630615234,0.9312635660171509,0.09261429309844971,,,
45,1416,0.9898500442504883,0.9613996744155884,0.04851597547531128,,,
45,1417,0.9889459609985352,0.9226714968681335,0.10390424728393555,,,
45,1418,0.9896087646484375,0.9361417889595032,0.08468931913375854,,,
45,1419,0.9902620315551758,0.942444384098053,0.07613682746887207,,,
45,1420,0.9915647506713867,0.9282801151275635,0.10854357481002808,,,
45,1421,0.9911031723022461,0.9434821605682373,0.0809774398803711,,,
45,1422,0.989689826965332,0.9232107996940613,0.10545915365219116,,,
45,1423,0.9891824722290039,0.953956127166748,0.05793672800064087,,,
45,1424,0.9895639419555664,0.960881233215332,0.047912657260894775,,,
45,1425,0.9873021245002747,0.9056937098503113,0.12118387222290039,,,
45,1425,,,,0.9634009599685669,0.8700177073478699,0.18005241453647614
46,1426,0.9926004409790039,0.9669986963272095,0.04395294189453125,,,
46,1427,0.9911489486694336,0.9621146321296692,0.04868185520172119,,,
46,1428,0.9856710433959961,0.9467823505401611,0.06290078163146973,,,
46,1429,0.9898061752319336,0.9705501198768616,0.03596287965774536,,,
46,1430,0.9909658432006836,0.9751307368278503,0.031955063343048096,,,
46,1431,0.9904165267944336,0.9629759192466736,0.046081602573394775,,,
46,1432,0.9902658462524414,0.9103162288665771,0.13083887100219727,,,
46,1433,0.9920454025268555,0.9357732534408569,0.09758907556533813,,,
46,1434,0.9870386123657227,0.9431115388870239,0.06881499290466309,,,
46,1435,0.9908761978149414,0.9178875684738159,0.11984843015670776,,,
46,1436,0.990692138671875,0.9398344159126282,0.08299636840820312,,,
46,1437,0.9899892807006836,0.9175088405609131,0.11780613660812378,,,
46,1438,0.9911441802978516,0.9411216378211975,0.08130651712417603,,,
46,1439,0.9885139465332031,0.8369038105010986,0.2363467812538147,,,
46,1440,0.9914693832397461,0.9476529955863953,0.07413864135742188,,,
46,1441,0.9904546737670898,0.9658267498016357,0.04289191961288452,,,
46,1442,0.9901847839355469,0.9417731761932373,0.07824218273162842,,,
46,1443,0.9931755065917969,0.951324999332428,0.07519036531448364,,,
46,1444,0.9905519485473633,0.9516724348068237,0.06370145082473755,,,
46,1445,0.9861555099487305,0.9431334733963013,0.0655817985534668,,,
46,1446,0.9891271591186523,0.879984438419342,0.17019760608673096,,,
46,1447,0.989497184753418,0.9251442551612854,0.10245037078857422,,,
46,1448,0.9923934936523438,0.9364092350006104,0.09691274166107178,,,
46,1449,0.9924545288085938,0.9561907052993774,0.06293749809265137,,,
46,1450,0.9887981414794922,0.9515058994293213,0.05921590328216553,,,
46,1451,0.9897184371948242,0.943077564239502,0.07358622550964355,,,
46,1452,0.9909763336181641,0.9619799852371216,0.04795372486114502,,,
46,1453,0.9921865463256836,0.963625967502594,0.048548102378845215,,,
46,1454,0.9864587783813477,0.9610079526901245,0.04564934968948364,,,
46,1455,0.9902782440185547,0.9328175187110901,0.09133344888687134,,,
46,1456,0.9914219975471497,0.9164674878120422,0.12540030479431152,,,
46,1456,,,,0.9609434604644775,0.8639598488807678,0.18427199125289917
47,1457,0.9891014099121094,0.9467697739601135,0.06637042760848999,,,
47,1458,0.9922695159912109,0.9613438844680786,0.051384031772613525,,,
47,1459,0.9880847930908203,0.9628013968467712,0.044053077697753906,,,
47,1460,0.9919443130493164,0.931067943572998,0.10371512174606323,,,
47,1461,0.9903106689453125,0.9397415518760681,0.0808824896812439,,,
47,1462,0.9917268753051758,0.9466153979301453,0.075886070728302,,,
47,1463,0.9929018020629883,0.9471460580825806,0.07998049259185791,,,
47,1464,0.9901056289672852,0.9512026309967041,0.06251591444015503,,,
47,1465,0.9905252456665039,0.963582456111908,0.04559946060180664,,,
47,1466,0.9886112213134766,0.9422508478164673,0.07143425941467285,,,
47,1467,0.9887590408325195,0.9628847241401672,0.044527292251586914,,,
47,1468,0.9864721298217773,0.9524422287940979,0.0551600456237793,,,
47,1469,0.9931011199951172,0.9551034569740295,0.06595802307128906,,,
47,1470,0.9907207489013672,0.9670552611351013,0.04047507047653198,,,
47,1471,0.9890241622924805,0.9480434656143188,0.06429576873779297,,,
47,1472,0.9924421310424805,0.9420348405838013,0.08696901798248291,,,
47,1473,0.9928703308105469,0.9685874581336975,0.04162263870239258,,,
47,1474,0.9885749816894531,0.9186285138130188,0.10783147811889648,,,
47,1475,0.9922876358032227,0.9602378010749817,0.05342966318130493,,,
47,1476,0.9918498992919922,0.9652326107025146,0.043637990951538086,,,
47,1477,0.9937276840209961,0.96320641040802,0.05395740270614624,,,
47,1478,0.9881534576416016,0.9069784879684448,0.12349867820739746,,,
47,1479,0.9898757934570312,0.9321973323822021,0.09125572443008423,,,
47,1480,0.990015983581543,0.9339261651039124,0.08690345287322998,,,
47,1481,0.9892539978027344,0.9423115253448486,0.07251912355422974,,,
47,1482,0.9909868240356445,0.8560198545455933,0.22328084707260132,,,
47,1483,0.9892387390136719,0.9519515037536621,0.059301018714904785,,,
47,1484,0.9919004440307617,0.9390973448753357,0.08923345804214478,,,
47,1485,0.9879493713378906,0.8933553695678711,0.13982093334197998,,,
47,1486,0.9930305480957031,0.9693094491958618,0.04026353359222412,,,
47,1487,0.9876009821891785,0.9625837802886963,0.04358470439910889,,,
47,1487,,,,0.9626922607421875,0.866847813129425,0.1840001940727234
48,1488,0.9893407821655273,0.8941571712493896,0.14771485328674316,,,
48,1489,0.9916763305664062,0.9583102464675903,0.054196953773498535,,,
48,1490,0.9870853424072266,0.9045800566673279,0.12450236082077026,,,
48,1491,0.9913921356201172,0.9625793695449829,0.04694432020187378,,,
48,1492,0.9912843704223633,0.9415066838264465,0.08179563283920288,,,
48,1493,0.9897489547729492,0.9739658832550049,0.034334003925323486,,,
48,1494,0.9916906356811523,0.9608474969863892,0.050094008445739746,,,
48,1495,0.9905843734741211,0.9525587558746338,0.06118762493133545,,,
48,1496,0.9914989471435547,0.958387017250061,0.05399799346923828,,,
48,1497,0.9891128540039062,0.9365273714065552,0.08219552040100098,,,
48,1498,0.9926557540893555,0.9684448838233948,0.04044020175933838,,,
48,1499,0.9889650344848633,0.9493058323860168,0.06146061420440674,,,
48,1500,0.9891681671142578,0.9448246955871582,0.06851959228515625,,,
48,1501,0.9905614852905273,0.9641963243484497,0.04403817653656006,,,
48,1502,0.9913883209228516,0.9387169480323792,0.08514755964279175,,,
48,1503,0.990814208984375,0.955925464630127,0.05534803867340088,,,
48,1504,0.9885320663452148,0.9455478191375732,0.06674015522003174,,,
48,1505,0.9934329986572266,0.967724084854126,0.04290264844894409,,,
48,1506,0.9875335693359375,0.932722270488739,0.08186358213424683,,,
48,1507,0.9900074005126953,0.925557553768158,0.10150068998336792,,,
48,1508,0.9913921356201172,0.9405260682106018,0.0831993818283081,,,
48,1509,0.9923725128173828,0.9488511085510254,0.07307350635528564,,,
48,1510,0.988377571105957,0.9222172498703003,0.0984695553779602,,,
48,1511,0.9911813735961914,0.9479944705963135,0.06884515285491943,,,
48,1512,0.9910564422607422,0.9409747123718262,0.07927495241165161,,,
48,1513,0.9933261871337891,0.9357592463493347,0.10212892293930054,,,
48,1514,0.9881010055541992,0.8746886253356934,0.17018109560012817,,,
48,1515,0.9888172149658203,0.9528667330741882,0.05672812461853027,,,
48,1516,0.9934091567993164,0.9595812559127808,0.058748483657836914,,,
48,1517,0.9927854537963867,0.9722174406051636,0.03513455390930176,,,
48,1518,0.9895846247673035,0.9720021486282349,0.03511112928390503,,,
48,1518,,,,0.9608497619628906,0.8635962605476379,0.18215277791023254
49,1519,0.989872932434082,0.9527475237846375,0.05877643823623657,,,
49,1520,0.990605354309082,0.9590964913368225,0.051007091999053955,,,
49,1521,0.9873628616333008,0.9223006367683411,0.09660863876342773,,,
49,1522,0.9889030456542969,0.8950056433677673,0.14276045560836792,,,
49,1523,0.9919853210449219,0.963941216468811,0.04563117027282715,,,
49,1524,0.9874544143676758,0.9023428559303284,0.1245427131652832,,,
49,1525,0.9890298843383789,0.9516593217849731,0.05842936038970947,,,
49,1526,0.9908723831176758,0.9627968072891235,0.04572582244873047,,,
49,1527,0.9901952743530273,0.9352239370346069,0.08483153581619263,,,
49,1528,0.9923439025878906,0.9484021663665771,0.07082515954971313,,,
49,1529,0.9921379089355469,0.9721032381057739,0.03411996364593506,,,
49,1530,0.9941997528076172,0.9485291838645935,0.0830233097076416,,,
49,1531,0.9929866790771484,0.944977343082428,0.08292973041534424,,,
49,1532,0.9899044036865234,0.9658606648445129,0.03951001167297363,,,
49,1533,0.9913644790649414,0.9590923190116882,0.0512697696685791,,,
49,1534,0.9905853271484375,0.8891857266426086,0.1605968475341797,,,
49,1535,0.9910268783569336,0.970100462436676,0.03619188070297241,,,
49,1536,0.9898157119750977,0.9631922245025635,0.04334127902984619,,,
49,1537,0.9916410446166992,0.9708684682846069,0.03534805774688721,,,
49,1538,0.9924173355102539,0.9539032578468323,0.06308990716934204,,,
49,1539,0.9926433563232422,0.9480577111244202,0.07337397336959839,,,
49,1540,0.9918937683105469,0.9497775435447693,0.06738674640655518,,,
49,1541,0.9893522262573242,0.9388376474380493,0.0777241587638855,,,
49,1542,0.9913234710693359,0.9520347714424133,0.06285792589187622,,,
49,1543,0.9874553680419922,0.9232169985771179,0.09412723779678345,,,
49,1544,0.9912023544311523,0.954724133014679,0.059281229972839355,,,
49,1545,0.9919252395629883,0.9617212414741516,0.04851484298706055,,,
49,1546,0.986262321472168,0.9162811636924744,0.10226356983184814,,,
49,1547,0.9922599792480469,0.9252629280090332,0.11110377311706543,,,
49,1548,0.9931154251098633,0.971915066242218,0.036238253116607666,,,
49,1549,0.9908447265625,0.9582177400588989,0.052959442138671875,,,
49,1549,,,,0.96116042137146,0.8644978404045105,0.18221376836299896
