epoch,step,train_BinaryAccuracy,train_BinaryJaccardIndex,train_loss,val_BinaryAccuracy,val_BinaryJaccardIndex,val_loss
0,0,0.6616897583007812,0.060064174234867096,0.9317365288734436,,,
0,1,0.696507453918457,0.20218659937381744,0.8386021256446838,,,
0,2,0.664332389831543,0.30910634994506836,0.745170533657074,,,
0,3,0.7204990386962891,0.4049660861492157,0.7212487459182739,,,
0,4,0.7532072067260742,0.444252610206604,0.7120053172111511,,,
0,5,0.7716817855834961,0.38590559363365173,0.7601358294487,,,
0,6,0.7761764526367188,0.42659735679626465,0.7207691669464111,,,
0,7,0.8249931335449219,0.5706692337989807,0.6346470713615417,,,
0,8,0.7272348403930664,0.33668914437294006,0.7590610980987549,,,
0,9,0.7877073287963867,0.4685887098312378,0.6815247535705566,,,
0,10,0.7847080230712891,0.4335091710090637,0.7036826014518738,,,
0,11,0.709202766418457,0.1736302524805069,0.8775986433029175,,,
0,12,0.8556032180786133,0.6150760054588318,0.5957987308502197,,,
0,13,0.8308744430541992,0.46091389656066895,0.6976689100265503,,,
0,14,0.8845605850219727,0.6536813974380493,0.5842560529708862,,,
0,15,0.9109659194946289,0.7341729402542114,0.5391597151756287,,,
0,16,0.8856086730957031,0.6265071034431458,0.5966181755065918,,,
0,17,0.8921566009521484,0.6247336864471436,0.6035979986190796,,,
0,18,0.8838224411010742,0.6170884966850281,0.599947988986969,,,
0,19,0.8158187866210938,0.3825989067554474,0.7435438632965088,,,
0,20,0.8775310516357422,0.6115948557853699,0.5931558609008789,,,
0,21,0.868769645690918,0.5320703983306885,0.6552213430404663,,,
0,22,0.8257017135620117,0.3347298800945282,0.7825478315353394,,,
0,23,0.9089183807373047,0.7216160893440247,0.514553964138031,,,
0,24,0.9151039123535156,0.6977742314338684,0.546001136302948,,,
0,25,0.90606689453125,0.7320514917373657,0.5056363940238953,,,
0,26,0.9243078231811523,0.7395568490028381,0.5199644565582275,,,
0,27,0.8641872406005859,0.39233991503715515,0.7720972895622253,,,
0,28,0.8985881805419922,0.5715408325195312,0.6525393724441528,,,
0,29,0.9173965454101562,0.6328025460243225,0.6284093260765076,,,
0,30,0.8865801692008972,0.532902181148529,0.6586900353431702,,,
0,30,,,,0.889988362789154,0.6941710710525513,0.5196839570999146
1,31,0.8979101181030273,0.5286303162574768,0.6850726008415222,,,
1,32,0.9654226303100586,0.897350013256073,0.38511744141578674,,,
1,33,0.9277524948120117,0.7667931914329529,0.4774540662765503,,,
1,34,0.935023307800293,0.75215083360672,0.5078763365745544,,,
1,35,0.9016666412353516,0.6388352513313293,0.5801351070404053,,,
1,36,0.9075307846069336,0.6106937527656555,0.607645571231842,,,
1,37,0.8826398849487305,0.5969138145446777,0.5970826148986816,,,
1,38,0.9302511215209961,0.7511237859725952,0.5068176984786987,,,
1,39,0.9570407867431641,0.8277498483657837,0.46568170189857483,,,
1,40,0.8762331008911133,0.44034239649772644,0.7239325642585754,,,
1,41,0.9170608520507812,0.6013184189796448,0.638038158416748,,,
1,42,0.8904685974121094,0.5359440445899963,0.6542754769325256,,,
1,43,0.9433565139770508,0.7185684442520142,0.583544135093689,,,
1,44,0.9597482681274414,0.8799088597297668,0.366128146648407,,,
1,45,0.9268264770507812,0.7126787304878235,0.5265336036682129,,,
1,46,0.9031496047973633,0.55659419298172,0.6449490189552307,,,
1,47,0.9567241668701172,0.833252489566803,0.43630510568618774,,,
1,48,0.9580478668212891,0.8352181315422058,0.44187748432159424,,,
1,49,0.949798583984375,0.780160129070282,0.4929845333099365,,,
1,50,0.914311408996582,0.6561661958694458,0.548798680305481,,,
1,51,0.8950119018554688,0.5414566397666931,0.6391266584396362,,,
1,52,0.9511280059814453,0.8148600459098816,0.42926880717277527,,,
1,53,0.943328857421875,0.7562042474746704,0.4950594902038574,,,
1,54,0.9458169937133789,0.7582319974899292,0.49980562925338745,,,
1,55,0.9287328720092773,0.6806029677391052,0.5536481738090515,,,
1,56,0.9352197647094727,0.7296846508979797,0.5099642276763916,,,
1,57,0.9284725189208984,0.639366626739502,0.5993475914001465,,,
1,58,0.9646549224853516,0.852763831615448,0.418746680021286,,,
1,59,0.9499921798706055,0.7621937394142151,0.5070285201072693,,,
1,60,0.9656820297241211,0.847222089767456,0.4350697696208954,,,
1,61,0.9288457036018372,0.5612995028495789,0.6845698356628418,,,
1,61,,,,0.9205805659294128,0.7581325173377991,0.45940303802490234
2,62,0.9313745498657227,0.7117223739624023,0.503237247467041,,,
2,63,0.9541177749633789,0.8032028675079346,0.4464981257915497,,,
2,64,0.9394941329956055,0.7055698037147522,0.5357697010040283,,,
2,65,0.961756706237793,0.8484215140342712,0.40189287066459656,,,
2,66,0.9527292251586914,0.779671847820282,0.4821228086948395,,,
2,67,0.9202442169189453,0.48913270235061646,0.7236085534095764,,,
2,68,0.9640188217163086,0.8664947152137756,0.3661610782146454,,,
2,69,0.9256353378295898,0.5848223567008972,0.6359432339668274,,,
2,70,0.9445171356201172,0.7210999131202698,0.5265306234359741,,,
2,71,0.9451570510864258,0.8166499733924866,0.38384222984313965,,,
2,72,0.9660968780517578,0.8858429193496704,0.3167252838611603,,,
2,73,0.966954231262207,0.8607000708580017,0.38991114497184753,,,
2,74,0.9175281524658203,0.6493613719940186,0.5293382406234741,,,
2,75,0.9333467483520508,0.6984545588493347,0.5048713684082031,,,
2,76,0.9746780395507812,0.9076043963432312,0.3229556977748871,,,
2,77,0.9352531433105469,0.6417989134788513,0.5869590044021606,,,
2,78,0.9491252899169922,0.800144612789154,0.40921831130981445,,,
2,79,0.9333820343017578,0.6145050525665283,0.6114899516105652,,,
2,80,0.9767637252807617,0.9196897745132446,0.2831977307796478,,,
2,81,0.8861865997314453,0.3906552493572235,0.7379345893859863,,,
2,82,0.9695882797241211,0.8825018405914307,0.3351858854293823,,,
2,83,0.9597358703613281,0.832484245300293,0.38209831714630127,,,
2,84,0.9655942916870117,0.8139113783836365,0.46813854575157166,,,
2,85,0.9671230316162109,0.8866605758666992,0.29816436767578125,,,
2,86,0.9630317687988281,0.8660145401954651,0.3244517147541046,,,
2,87,0.9558601379394531,0.8085000514984131,0.4017163813114166,,,
2,88,0.9291973114013672,0.7219786047935486,0.4518161118030548,,,
2,89,0.8699789047241211,0.32916903495788574,0.7709631323814392,,,
2,90,0.9383449554443359,0.6633759140968323,0.5538200736045837,,,
2,91,0.9605283737182617,0.7686705589294434,0.5061554908752441,,,
2,92,0.9664027094841003,0.8394609689712524,0.4017969071865082,,,
2,92,,,,0.9423853754997253,0.8084359765052795,0.4066142439842224
3,93,0.9559526443481445,0.8204056620597839,0.38243451714515686,,,
3,94,0.9640874862670898,0.8318343162536621,0.4054851233959198,,,
3,95,0.960688591003418,0.7967717051506042,0.4551253318786621,,,
3,96,0.9546680450439453,0.7380887866020203,0.5209540724754333,,,
3,97,0.960357666015625,0.7194952368736267,0.584862232208252,,,
3,98,0.964716911315918,0.7952788472175598,0.47594377398490906,,,
3,99,0.957819938659668,0.7807862758636475,0.4574952721595764,,,
3,100,0.9743738174438477,0.8820733428001404,0.36055541038513184,,,
3,101,0.9582405090332031,0.8029990196228027,0.41309505701065063,,,
3,102,0.9598369598388672,0.8170634508132935,0.3970823287963867,,,
3,103,0.9071054458618164,0.4596964716911316,0.6962601542472839,,,
3,104,0.9764089584350586,0.904970645904541,0.2929430902004242,,,
3,105,0.9652481079101562,0.8310264348983765,0.39833909273147583,,,
3,106,0.9686689376831055,0.8319350481033325,0.4147847592830658,,,
3,107,0.9555959701538086,0.7649336457252502,0.4587715268135071,,,
3,108,0.9731330871582031,0.8560258150100708,0.39546844363212585,,,
3,109,0.9679136276245117,0.8506054282188416,0.3719702959060669,,,
3,110,0.9508647918701172,0.747589647769928,0.47852885723114014,,,
3,111,0.962468147277832,0.7656254768371582,0.49462270736694336,,,
3,112,0.9665546417236328,0.8505420684814453,0.3528815805912018,,,
3,113,0.9665632247924805,0.8414304256439209,0.3701913058757782,,,
3,114,0.9748477935791016,0.9079207181930542,0.25949737429618835,,,
3,115,0.9604930877685547,0.8687422275543213,0.2827160656452179,,,
3,116,0.970911979675293,0.8772091269493103,0.30942127108573914,,,
3,117,0.9784202575683594,0.9288966655731201,0.22122615575790405,,,
3,118,0.9715890884399414,0.8889704942703247,0.28453174233436584,,,
3,119,0.9398393630981445,0.7164413928985596,0.45159685611724854,,,
3,120,0.9451494216918945,0.7497116923332214,0.4237668216228485,,,
3,121,0.9639463424682617,0.8312450051307678,0.36216557025909424,,,
3,122,0.9616622924804688,0.8158860206604004,0.38019466400146484,,,
3,123,0.9723370671272278,0.8708825707435608,0.3293977379798889,,,
3,123,,,,0.9515147805213928,0.8275405168533325,0.3666149377822876
4,124,0.958277702331543,0.8600040674209595,0.2700762152671814,,,
4,125,0.9666728973388672,0.8600105047225952,0.31272849440574646,,,
4,126,0.9751377105712891,0.9058688282966614,0.2539728879928589,,,
4,127,0.9623222351074219,0.8350472450256348,0.3416711091995239,,,
4,128,0.9464483261108398,0.7681074738502502,0.39328449964523315,,,
4,129,0.962458610534668,0.8790886402130127,0.24996694922447205,,,
4,130,0.9445371627807617,0.7198319435119629,0.4518924355506897,,,
4,131,0.9604206085205078,0.7987284064292908,0.39989617466926575,,,
4,132,0.9625225067138672,0.8174453377723694,0.37191954255104065,,,
4,133,0.9760398864746094,0.9124633073806763,0.23515769839286804,,,
4,134,0.9713125228881836,0.8474888205528259,0.3698309361934662,,,
4,135,0.9575433731079102,0.7928915619850159,0.39289575815200806,,,
4,136,0.9489345550537109,0.630630612373352,0.6018166542053223,,,
4,137,0.9655475616455078,0.8306154608726501,0.3666076362133026,,,
4,138,0.9730014801025391,0.8791483044624329,0.30290547013282776,,,
4,139,0.9688339233398438,0.88423091173172,0.2532516121864319,,,
4,140,0.9694881439208984,0.8421974182128906,0.3600790798664093,,,
4,141,0.9654045104980469,0.7686036825180054,0.47911810874938965,,,
4,142,0.9577789306640625,0.7686358094215393,0.42992714047431946,,,
4,143,0.9743537902832031,0.9102052450180054,0.22039547562599182,,,
4,144,0.9716529846191406,0.9028992652893066,0.2242385298013687,,,
4,145,0.9597549438476562,0.7591599225997925,0.44996556639671326,,,
4,146,0.9478845596313477,0.7097012400627136,0.47112464904785156,,,
4,147,0.9674530029296875,0.8409514427185059,0.3386189937591553,,,
4,148,0.9763193130493164,0.8539696335792542,0.3948275148868561,,,
4,149,0.9708108901977539,0.8689561486244202,0.29650360345840454,,,
4,150,0.9756746292114258,0.7942502498626709,0.5252717733383179,,,
4,151,0.9583568572998047,0.6393236517906189,0.6172884702682495,,,
4,152,0.9634666442871094,0.798977792263031,0.40715891122817993,,,
4,153,0.9749813079833984,0.8453931212425232,0.39224714040756226,,,
4,154,0.9630317687988281,0.8377124667167664,0.3338821828365326,,,
4,154,,,,0.9479895830154419,0.8226414322853088,0.3531920909881592
5,155,0.9795265197753906,0.9036531448364258,0.2749965488910675,,,
5,156,0.9772977828979492,0.901646077632904,0.2584529519081116,,,
5,157,0.9771804809570312,0.8960786461830139,0.27557575702667236,,,
5,158,0.9320707321166992,0.5371854901313782,0.6338503956794739,,,
5,159,0.9465703964233398,0.665743887424469,0.5295610427856445,,,
5,160,0.9685764312744141,0.8112450838088989,0.4010276198387146,,,
5,161,0.959808349609375,0.7264424562454224,0.49822476506233215,,,
5,162,0.9766521453857422,0.7889519333839417,0.5212893486022949,,,
5,163,0.9742136001586914,0.8926312327384949,0.25314685702323914,,,
5,164,0.9658069610595703,0.7810924053192139,0.446471631526947,,,
5,165,0.9567689895629883,0.7587981224060059,0.425491601228714,,,
5,166,0.9646940231323242,0.8196622133255005,0.3558899164199829,,,
5,167,0.9761857986450195,0.9118295907974243,0.21159537136554718,,,
5,168,0.9722185134887695,0.8795533180236816,0.2664434015750885,,,
5,169,0.9686689376831055,0.839860200881958,0.33101654052734375,,,
5,170,0.96978759765625,0.8146848082542419,0.39006924629211426,,,
5,171,0.9219245910644531,0.44940850138664246,0.6822359561920166,,,
5,172,0.9754810333251953,0.8740354180335999,0.30117887258529663,,,
5,173,0.9701662063598633,0.8887680172920227,0.23315611481666565,,,
5,174,0.9708538055419922,0.8777167797088623,0.25745126605033875,,,
5,175,0.9654855728149414,0.8499898314476013,0.2922917604446411,,,
5,176,0.9679031372070312,0.8589053750038147,0.2831730842590332,,,
5,177,0.9785280227661133,0.897479236125946,0.26390179991722107,,,
5,178,0.9749851226806641,0.9037981629371643,0.21887750923633575,,,
5,179,0.9790334701538086,0.907200276851654,0.24057148396968842,,,
5,180,0.9766302108764648,0.8637831807136536,0.3334740698337555,,,
5,181,0.9792976379394531,0.931914210319519,0.17133672535419464,,,
5,182,0.9783143997192383,0.921880841255188,0.18961291015148163,,,
5,183,0.9588899612426758,0.6996027827262878,0.5061789155006409,,,
5,184,0.9777154922485352,0.9225683808326721,0.18421094119548798,,,
5,185,0.9734484553337097,0.880355954170227,0.2575441896915436,,,
5,185,,,,0.9524972438812256,0.8335177898406982,0.3223613202571869
6,186,0.9342832565307617,0.5239447355270386,0.6301596164703369,,,
6,187,0.9714565277099609,0.8602524995803833,0.2926624119281769,,,
6,188,0.9632730484008789,0.8148099780082703,0.33995333313941956,,,
6,189,0.9769039154052734,0.916485607624054,0.19389890134334564,,,
6,190,0.9781284332275391,0.899463415145874,0.24451303482055664,,,
6,191,0.9787616729736328,0.8925980925559998,0.2672089636325836,,,
6,192,0.9756803512573242,0.8995987772941589,0.22502176463603973,,,
6,193,0.9582862854003906,0.6741753816604614,0.5328487753868103,,,
6,194,0.9694976806640625,0.879530668258667,0.23437713086605072,,,
6,195,0.9738645553588867,0.7746984958648682,0.49015888571739197,,,
6,196,0.9751167297363281,0.9121679663658142,0.18784275650978088,,,
6,197,0.9793939590454102,0.9031267166137695,0.24089612066745758,,,
6,198,0.9661493301391602,0.6857598423957825,0.5626062750816345,,,
6,199,0.9725990295410156,0.87739497423172,0.2544855773448944,,,
6,200,0.9668340682983398,0.8604907989501953,0.2614125907421112,,,
6,201,0.9741573333740234,0.8962076902389526,0.2163103222846985,,,
6,202,0.9731101989746094,0.8916871547698975,0.22101335227489471,,,
6,203,0.9705142974853516,0.8871889710426331,0.21738609671592712,,,
6,204,0.9647865295410156,0.7944246530532837,0.3730318546295166,,,
6,205,0.9749965667724609,0.8893166780471802,0.23414500057697296,,,
6,206,0.9821367263793945,0.9123470187187195,0.2345154881477356,,,
6,207,0.9772281646728516,0.8657203912734985,0.31310221552848816,,,
6,208,0.9767065048217773,0.8260402083396912,0.3992384374141693,,,
6,209,0.9814977645874023,0.929270327091217,0.1766330599784851,,,
6,210,0.9761190414428711,0.8607905507087708,0.3140948712825775,,,
6,211,0.9408845901489258,0.5944427251815796,0.5550217032432556,,,
6,212,0.9720516204833984,0.8947243690490723,0.2043476104736328,,,
6,213,0.9762163162231445,0.8847827911376953,0.2511574923992157,,,
6,214,0.9808969497680664,0.9119462370872498,0.21673156321048737,,,
6,215,0.9776906967163086,0.8511279821395874,0.34724152088165283,,,
6,216,0.9792658686637878,0.903696596622467,0.223833367228508,,,
6,216,,,,0.9472554326057434,0.8226549625396729,0.3132341504096985
7,217,0.9770908355712891,0.864786684513092,0.30367475748062134,,,
7,218,0.9777402877807617,0.9147369861602783,0.18547815084457397,,,
7,219,0.9744968414306641,0.893818199634552,0.2138921022415161,,,
7,220,0.9759206771850586,0.8812593817710876,0.2529720664024353,,,
7,221,0.9850950241088867,0.9129036664962769,0.25886934995651245,,,
7,222,0.9756669998168945,0.9044525027275085,0.1955794095993042,,,
7,223,0.9758024215698242,0.8629079461097717,0.2931203842163086,,,
7,224,0.9789237976074219,0.8875072002410889,0.25993967056274414,,,
7,225,0.9716005325317383,0.8293408155441284,0.33520886301994324,,,
7,226,0.9775075912475586,0.8939380049705505,0.2322360724210739,,,
7,227,0.9727516174316406,0.8495299816131592,0.30022993683815,,,
7,228,0.9727621078491211,0.7712649703025818,0.45315495133399963,,,
7,229,0.9755210876464844,0.9155704975128174,0.1666485071182251,,,
7,230,0.9743108749389648,0.8708943128585815,0.2596776485443115,,,
7,231,0.9792881011962891,0.9251392483711243,0.1628284454345703,,,
7,232,0.9675836563110352,0.8728258013725281,0.2179955095052719,,,
7,233,0.9621658325195312,0.7672008872032166,0.38486242294311523,,,
7,234,0.964569091796875,0.7692508101463318,0.3932444751262665,,,
7,235,0.9790067672729492,0.9148789048194885,0.1829526573419571,,,
7,236,0.9725484848022461,0.8083159923553467,0.3747471570968628,,,
7,237,0.9755430221557617,0.8853757381439209,0.2289266735315323,,,
7,238,0.980647087097168,0.8161333203315735,0.4457569718360901,,,
7,239,0.9795570373535156,0.898321807384491,0.22921684384346008,,,
7,240,0.9744596481323242,0.7530953884124756,0.488861083984375,,,
7,241,0.9777603149414062,0.8679553866386414,0.28956112265586853,,,
7,242,0.9747676849365234,0.8991296291351318,0.19277192652225494,,,
7,243,0.9845075607299805,0.9422200918197632,0.14425040781497955,,,
7,244,0.9829626083374023,0.9336497783660889,0.15638388693332672,,,
7,245,0.9812545776367188,0.9172229170799255,0.1877623051404953,,,
7,246,0.9474048614501953,0.5621348023414612,0.5898354053497314,,,
7,247,0.9696617126464844,0.8936745524406433,0.18503370881080627,,,
7,247,,,,0.951839029788971,0.8298563957214355,0.30073654651641846
8,248,0.97296142578125,0.901867687702179,0.17592543363571167,,,
8,249,0.9751987457275391,0.7530786991119385,0.48959991335868835,,,
8,250,0.9736232757568359,0.8557059168815613,0.2767413258552551,,,
8,251,0.9782629013061523,0.8919389247894287,0.22732752561569214,,,
8,252,0.9785251617431641,0.8968488574028015,0.21548987925052643,,,
8,253,0.9863042831420898,0.925428032875061,0.21358539164066315,,,
8,254,0.9822092056274414,0.895437479019165,0.2519265413284302,,,
8,255,0.9701576232910156,0.8898987174034119,0.18891273438930511,,,
8,256,0.9479818344116211,0.5725548267364502,0.5764893293380737,,,
8,257,0.9790945053100586,0.9310729503631592,0.1388297826051712,,,
8,258,0.9811134338378906,0.9019419550895691,0.22136466205120087,,,
8,259,0.974696159362793,0.7938896417617798,0.40309226512908936,,,
8,260,0.9826221466064453,0.9413893222808838,0.13156995177268982,,,
8,261,0.9736080169677734,0.8604317903518677,0.2610323131084442,,,
8,262,0.976161003112793,0.8315929174423218,0.3456580936908722,,,
8,263,0.9845151901245117,0.9368180632591248,0.15104913711547852,,,
8,264,0.9804477691650391,0.9212137460708618,0.16341809928417206,,,
8,265,0.9750881195068359,0.8879542946815491,0.20889312028884888,,,
8,266,0.9783105850219727,0.8644022345542908,0.2869906425476074,,,
8,267,0.9816150665283203,0.904283344745636,0.21468637883663177,,,
8,268,0.9778118133544922,0.88326495885849,0.23601004481315613,,,
8,269,0.9784049987792969,0.8827088475227356,0.2414591759443283,,,
8,270,0.9801025390625,0.9141236543655396,0.17595647275447845,,,
8,271,0.9787635803222656,0.9379408359527588,0.12278896570205688,,,
8,272,0.976658821105957,0.8891470432281494,0.21388255059719086,,,
8,273,0.978398323059082,0.8568729758262634,0.30043351650238037,,,
8,274,0.9748744964599609,0.8732317090034485,0.23514379560947418,,,
8,275,0.9601888656616211,0.6985245943069458,0.46187007427215576,,,
8,276,0.9760608673095703,0.8458912968635559,0.3014465272426605,,,
8,277,0.974212646484375,0.8702507615089417,0.23518292605876923,,,
8,278,0.9806073307991028,0.8784790635108948,0.2651687562465668,,,
8,278,,,,0.9512303471565247,0.8273342847824097,0.2982281446456909
9,279,0.976078987121582,0.9145094752311707,0.1528335064649582,,,
9,280,0.9779195785522461,0.7794091105461121,0.4542032778263092,,,
9,281,0.9757909774780273,0.8501006960868835,0.28904691338539124,,,
9,282,0.9761228561401367,0.8865836262702942,0.20664502680301666,,,
9,283,0.9774265289306641,0.9199079871177673,0.14609891176223755,,,
9,284,0.9762439727783203,0.907705545425415,0.16693326830863953,,,
9,285,0.9755172729492188,0.7987346649169922,0.3803924322128296,,,
9,286,0.9756679534912109,0.9076473116874695,0.16321639716625214,,,
9,287,0.9819059371948242,0.9194837808609009,0.16776452958583832,,,
9,288,0.9800291061401367,0.876721203327179,0.2595674395561218,,,
9,289,0.9736204147338867,0.7471964955329895,0.45564696192741394,,,
9,290,0.9752521514892578,0.8272878527641296,0.32870960235595703,,,
9,291,0.9728736877441406,0.8286082744598389,0.30552178621292114,,,
9,292,0.9745559692382812,0.8568523526191711,0.2586704194545746,,,
9,293,0.9773540496826172,0.9256715774536133,0.1333775371313095,,,
9,294,0.9810943603515625,0.8770818114280701,0.2634331285953522,,,
9,295,0.9854345321655273,0.9388208985328674,0.1409352719783783,,,
9,296,0.9772720336914062,0.897431492805481,0.18873010575771332,,,
9,297,0.9769325256347656,0.819507360458374,0.35082435607910156,,,
9,298,0.9736175537109375,0.9328166842460632,0.12153004854917526,,,
9,299,0.9782791137695312,0.9225227236747742,0.13891614973545074,,,
9,300,0.9807853698730469,0.8832027316093445,0.24071231484413147,,,
9,301,0.9808931350708008,0.8781407475471497,0.25480765104293823,,,
9,302,0.9768505096435547,0.9016127586364746,0.17431572079658508,,,
9,303,0.9814777374267578,0.9086440801620483,0.18752862513065338,,,
9,304,0.9786138534545898,0.8574987053871155,0.279975026845932,,,
9,305,0.9755144119262695,0.8637880682945251,0.24586547911167145,,,
9,306,0.9830322265625,0.9091280698776245,0.19579684734344482,,,
9,307,0.9744653701782227,0.8488611578941345,0.2691262662410736,,,
9,308,0.9771575927734375,0.888390302658081,0.20228111743927002,,,
9,309,0.9757563471794128,0.8082142472267151,0.35524803400039673,,,
9,309,,,,0.9522556662559509,0.8346689939498901,0.27944308519363403
10,310,0.9839372634887695,0.9373384118080139,0.12923066318035126,,,
10,311,0.9854183197021484,0.950355052947998,0.10723251104354858,,,
10,312,0.9800558090209961,0.9020872116088867,0.18769009411334991,,,
10,313,0.9841861724853516,0.9226181507110596,0.16871094703674316,,,
10,314,0.9708948135375977,0.90951007604599,0.14365383982658386,,,
10,315,0.971470832824707,0.8993540406227112,0.15814106166362762,,,
10,316,0.9839639663696289,0.9432765245437622,0.11430883407592773,,,
10,317,0.9813480377197266,0.849449634552002,0.3192664682865143,,,
10,318,0.9662580490112305,0.7446244955062866,0.3961462676525116,,,
10,319,0.9841241836547852,0.9318845868110657,0.1420978158712387,,,
10,320,0.9780139923095703,0.9014862179756165,0.1755855530500412,,,
10,321,0.9742860794067383,0.8499688506126404,0.26129478216171265,,,
10,322,0.9807281494140625,0.8834090828895569,0.23493151366710663,,,
10,323,0.9757671356201172,0.8024551272392273,0.35720595717430115,,,
10,324,0.9711503982543945,0.793586015701294,0.3408784568309784,,,
10,325,0.9775161743164062,0.8720531463623047,0.23137560486793518,,,
10,326,0.9788923263549805,0.900919497013092,0.17815931141376495,,,
10,327,0.9783868789672852,0.9057345986366272,0.16536971926689148,,,
10,328,0.9668045043945312,0.8602800965309143,0.2054448425769806,,,
10,329,0.9827957153320312,0.9184967875480652,0.1621009111404419,,,
10,330,0.984105110168457,0.9170775413513184,0.17582839727401733,,,
10,331,0.9840984344482422,0.9058870077133179,0.20292554795742035,,,
10,332,0.9844427108764648,0.9311161637306213,0.14114350080490112,,,
10,333,0.9804887771606445,0.890857994556427,0.20889413356781006,,,
10,334,0.9775495529174805,0.850701093673706,0.272756963968277,,,
10,335,0.9783086776733398,0.8668583035469055,0.24510884284973145,,,
10,336,0.9828319549560547,0.8502927422523499,0.3250485956668854,,,
10,337,0.9795827865600586,0.8991378545761108,0.1832384169101715,,,
10,338,0.9778881072998047,0.8446696996688843,0.2884761393070221,,,
10,339,0.9834451675415039,0.9159182906150818,0.16878044605255127,,,
10,340,0.9748662114143372,0.8468001484870911,0.2609921395778656,,,
10,340,,,,0.951120138168335,0.8318232297897339,0.27197277545928955
11,341,0.9848670959472656,0.9416495561599731,0.11661821603775024,,,
11,342,0.9779024124145508,0.8458206057548523,0.2778211534023285,,,
11,343,0.982151985168457,0.9125573635101318,0.16626884043216705,,,
11,344,0.9810657501220703,0.8432570695877075,0.3154328763484955,,,
11,345,0.9804439544677734,0.9294325113296509,0.12066221237182617,,,
11,346,0.9779787063598633,0.9120067954063416,0.14693109691143036,,,
11,347,0.9793872833251953,0.8900336027145386,0.19737403094768524,,,
11,348,0.9774017333984375,0.9271774888038635,0.11867386102676392,,,
11,349,0.979344367980957,0.9193858504295349,0.13825367391109467,,,
11,350,0.9816503524780273,0.9223909378051758,0.13995826244354248,,,
11,351,0.9762468338012695,0.8596970438957214,0.24027973413467407,,,
11,352,0.9810810089111328,0.9005234837532043,0.18565599620342255,,,
11,353,0.9738502502441406,0.8421216011047363,0.26200321316719055,,,
11,354,0.9841508865356445,0.9190012216567993,0.16501003503799438,,,
11,355,0.9847545623779297,0.9295646548271179,0.1399368792772293,,,
11,356,0.9790363311767578,0.8562168478965759,0.26535940170288086,,,
11,357,0.9836711883544922,0.9468176364898682,0.09981659054756165,,,
11,358,0.9836893081665039,0.9398292303085327,0.11305529624223709,,,
11,359,0.9782114028930664,0.8292017579078674,0.30681267380714417,,,
11,360,0.9723501205444336,0.7740535140037537,0.36247891187667847,,,
11,361,0.9727935791015625,0.9011167883872986,0.1469336748123169,,,
11,362,0.9771394729614258,0.8622918128967285,0.2356790006160736,,,
11,363,0.9711894989013672,0.6909462809562683,0.49044981598854065,,,
11,364,0.9821023941040039,0.9089595079421997,0.1684080809354782,,,
11,365,0.9791078567504883,0.9029245972633362,0.16637331247329712,,,
11,366,0.9801549911499023,0.8900222778320312,0.19784727692604065,,,
11,367,0.9822959899902344,0.9032495021820068,0.1829027533531189,,,
11,368,0.9835596084594727,0.9241911768913269,0.14112581312656403,,,
11,369,0.9876222610473633,0.9395357966423035,0.13414189219474792,,,
11,370,0.984349250793457,0.8700170516967773,0.28102046251296997,,,
11,371,0.9770164489746094,0.7893086671829224,0.367379367351532,,,
11,371,,,,0.9527223110198975,0.8376612067222595,0.26235005259513855
12,372,0.9788532257080078,0.8894842267036438,0.19075454771518707,,,
12,373,0.9874696731567383,0.9513924717903137,0.10054797679185867,,,
12,374,0.9742107391357422,0.9168238043785095,0.12573233246803284,,,
12,375,0.967066764831543,0.6469451785087585,0.5155358910560608,,,
12,376,0.9804000854492188,0.9162541031837463,0.14259634912014008,,,
12,377,0.9847164154052734,0.9487482905387878,0.0949220061302185,,,
12,378,0.9830474853515625,0.9313458800315857,0.12219040095806122,,,
12,379,0.986846923828125,0.9410378932952881,0.12042052298784256,,,
12,380,0.9814023971557617,0.9246984124183655,0.12855415046215057,,,
12,381,0.9759349822998047,0.8301141262054443,0.28273653984069824,,,
12,382,0.9795141220092773,0.8592720031738281,0.2510630190372467,,,
12,383,0.9730052947998047,0.8797106742858887,0.17664988338947296,,,
12,384,0.9772357940673828,0.8804305791854858,0.19392669200897217,,,
12,385,0.9786787033081055,0.9059974551200867,0.1520761251449585,,,
12,386,0.9820737838745117,0.8606917858123779,0.27032729983329773,,,
12,387,0.9786186218261719,0.9092678427696228,0.14433452486991882,,,
12,388,0.9808444976806641,0.8964399099349976,0.1792537271976471,,,
12,389,0.9788579940795898,0.8586521148681641,0.24470758438110352,,,
12,390,0.9839887619018555,0.8251200318336487,0.366767019033432,,,
12,391,0.9828510284423828,0.892956018447876,0.2004232108592987,,,
12,392,0.974609375,0.8056302070617676,0.3089531660079956,,,
12,393,0.9760551452636719,0.9014092683792114,0.14944566786289215,,,
12,394,0.9805364608764648,0.8937097787857056,0.18272536993026733,,,
12,395,0.9846992492675781,0.9264246225357056,0.13848131895065308,,,
12,396,0.9843149185180664,0.8218633532524109,0.3667280972003937,,,
12,397,0.9771747589111328,0.9161795973777771,0.12401963025331497,,,
12,398,0.9791202545166016,0.9078574180603027,0.14538609981536865,,,
12,399,0.975860595703125,0.8924340009689331,0.16365820169448853,,,
12,400,0.983729362487793,0.913489043712616,0.1584346890449524,,,
12,401,0.9779491424560547,0.9053130149841309,0.14570292830467224,,,
12,402,0.9777793884277344,0.8149991035461426,0.30979055166244507,,,
12,402,,,,0.9529626369476318,0.8367699980735779,0.2575462758541107
13,403,0.9812145233154297,0.9144011735916138,0.14141346514225006,,,
13,404,0.9819450378417969,0.9076217412948608,0.16180051863193512,,,
13,405,0.982661247253418,0.903814435005188,0.17440493404865265,,,
13,406,0.987274169921875,0.9464115500450134,0.10403309762477875,,,
13,407,0.9823589324951172,0.9197661280632019,0.13622775673866272,,,
13,408,0.9804553985595703,0.857886791229248,0.25310656428337097,,,
13,409,0.9842462539672852,0.9216548204421997,0.14353644847869873,,,
13,410,0.973175048828125,0.7090277075767517,0.4514196217060089,,,
13,411,0.9767236709594727,0.8392648100852966,0.26109498739242554,,,
13,412,0.9778556823730469,0.9340941905975342,0.10065317153930664,,,
13,413,0.9830999374389648,0.8700101375579834,0.24708330631256104,,,
13,414,0.9760150909423828,0.9035659432411194,0.14226891100406647,,,
13,415,0.9781770706176758,0.9052134156227112,0.14401736855506897,,,
13,416,0.9843358993530273,0.905346155166626,0.17840826511383057,,,
13,417,0.9814920425415039,0.8906210660934448,0.1867068111896515,,,
13,418,0.974578857421875,0.8590196371078491,0.21123473346233368,,,
13,419,0.9784173965454102,0.8810960054397583,0.19123278558254242,,,
13,420,0.9819412231445312,0.8687588572502136,0.23605263233184814,,,
13,421,0.9844017028808594,0.9084051251411438,0.1692793071269989,,,
13,422,0.9825401306152344,0.944456934928894,0.09107036888599396,,,
13,423,0.9817256927490234,0.8601405620574951,0.2513052821159363,,,
13,424,0.9799613952636719,0.9000613689422607,0.1608535498380661,,,
13,425,0.9862499237060547,0.8935713171958923,0.2208917737007141,,,
13,426,0.9790477752685547,0.9169931411743164,0.12705884873867035,,,
13,427,0.9826984405517578,0.8406654000282288,0.2953004539012909,,,
13,428,0.981450080871582,0.9531715512275696,0.08585195243358612,,,
13,429,0.9797563552856445,0.8958577513694763,0.16517682373523712,,,
13,430,0.9831428527832031,0.9163424968719482,0.1421084851026535,,,
13,431,0.9832296371459961,0.9124863147735596,0.1510009616613388,,,
13,432,0.9826440811157227,0.9090473055839539,0.15698173642158508,,,
13,433,0.9794158935546875,0.9006041884422302,0.15395891666412354,,,
13,433,,,,0.9522984623908997,0.8288456797599792,0.26569461822509766
14,434,0.9814682006835938,0.8776460886001587,0.21146732568740845,,,
14,435,0.9829845428466797,0.9214683175086975,0.13161489367485046,,,
14,436,0.9818325042724609,0.9233517646789551,0.12263678014278412,,,
14,437,0.9762182235717773,0.7978124618530273,0.3172915577888489,,,
14,438,0.9784669876098633,0.9174656867980957,0.12188459187746048,,,
14,439,0.9778404235839844,0.7988991141319275,0.3259738087654114,,,
14,440,0.9826955795288086,0.9018722176551819,0.16839341819286346,,,
14,441,0.985595703125,0.9386597275733948,0.10805919766426086,,,
14,442,0.9827613830566406,0.8515232801437378,0.27259576320648193,,,
14,443,0.9835739135742188,0.875937283039093,0.2291739135980606,,,
14,444,0.9838247299194336,0.9258172512054443,0.12286724150180817,,,
14,445,0.9828872680664062,0.9373273253440857,0.10112905502319336,,,
14,446,0.9826126098632812,0.9037665724754333,0.16364030539989471,,,
14,447,0.9872875213623047,0.9615601897239685,0.07113192230463028,,,
14,448,0.9844703674316406,0.9344942569732666,0.11004959791898727,,,
14,449,0.9833517074584961,0.8949316740036011,0.18223129212856293,,,
14,450,0.9773359298706055,0.8562397956848145,0.22072936594486237,,,
14,451,0.9824991226196289,0.9230133295059204,0.12343607097864151,,,
14,452,0.9795665740966797,0.8307623267173767,0.2786747217178345,,,
14,453,0.9832735061645508,0.8880212903022766,0.19865962862968445,,,
14,454,0.9864997863769531,0.9348888993263245,0.11702290177345276,,,
14,455,0.9862165451049805,0.9382453560829163,0.10795930027961731,,,
14,456,0.9869165420532227,0.9452765583992004,0.09540030360221863,,,
14,457,0.9803247451782227,0.90812087059021,0.13928894698619843,,,
14,458,0.9846324920654297,0.9247782826423645,0.12898662686347961,,,
14,459,0.9799909591674805,0.8970252871513367,0.15984264016151428,,,
14,460,0.9816522598266602,0.916466236114502,0.13121138513088226,,,
14,461,0.9846134185791016,0.8818091154098511,0.21648989617824554,,,
14,462,0.9771232604980469,0.907677412033081,0.13041090965270996,,,
14,463,0.9802885055541992,0.8864060044288635,0.17955569922924042,,,
14,464,0.9806239008903503,0.9070791602134705,0.14412708580493927,,,
14,464,,,,0.9551230669021606,0.8429577946662903,0.24549542367458344
15,465,0.9638748168945312,0.6065805554389954,0.5154924392700195,,,
15,466,0.9849128723144531,0.9245448708534241,0.12935997545719147,,,
15,467,0.9835100173950195,0.9195217490196228,0.1335495263338089,,,
15,468,0.9808197021484375,0.9005744457244873,0.1559194177389145,,,
15,469,0.9849348068237305,0.9294196963310242,0.11867167055606842,,,
15,470,0.9820175170898438,0.9031535983085632,0.15620745718479156,,,
15,471,0.9751195907592773,0.918832540512085,0.11290442943572998,,,
15,472,0.9864692687988281,0.9323398470878601,0.12004753947257996,,,
15,473,0.9790048599243164,0.9203140139579773,0.11443310230970383,,,
15,474,0.9831342697143555,0.9322559237480164,0.10680114477872849,,,
15,475,0.9596595764160156,0.6923502087593079,0.3908706605434418,,,
15,476,0.9823532104492188,0.8881555199623108,0.18758787214756012,,,
15,477,0.9833545684814453,0.8848232626914978,0.20913119614124298,,,
15,478,0.9820680618286133,0.91584312915802,0.13059403002262115,,,
15,479,0.9794435501098633,0.892420768737793,0.16245830059051514,,,
15,480,0.9841537475585938,0.9339578747749329,0.10585291683673859,,,
15,481,0.9799337387084961,0.9111042618751526,0.12897908687591553,,,
15,482,0.9794931411743164,0.8767595291137695,0.1888805329799652,,,
15,483,0.9809722900390625,0.887430727481842,0.17606595158576965,,,
15,484,0.9786500930786133,0.8030977249145508,0.3071320950984955,,,
15,485,0.9705677032470703,0.8623461127281189,0.18006731569766998,,,
15,486,0.9771232604980469,0.8468610048294067,0.23118369281291962,,,
15,487,0.9792709350585938,0.8811162114143372,0.1778799146413803,,,
15,488,0.9819850921630859,0.9058887958526611,0.14710980653762817,,,
15,489,0.9811773300170898,0.8964898586273193,0.16147327423095703,,,
15,490,0.9755544662475586,0.8928238153457642,0.14550310373306274,,,
15,491,0.9827518463134766,0.9294306635856628,0.10645449161529541,,,
15,492,0.9730854034423828,0.8985254764556885,0.13434284925460815,,,
15,493,0.9856281280517578,0.9394087791442871,0.09837328642606735,,,
15,494,0.9766921997070312,0.8731628060340881,0.1780901849269867,,,
15,495,0.9800910949707031,0.8987028002738953,0.14921648800373077,,,
15,495,,,,0.9501266479492188,0.820248007774353,0.26542147994041443
16,496,0.9831705093383789,0.9420021772384644,0.08764384686946869,,,
16,497,0.9829654693603516,0.9365193247795105,0.09377153217792511,,,
16,498,0.9838933944702148,0.8932474255561829,0.18091093003749847,,,
16,499,0.9829339981079102,0.9012668132781982,0.15846838057041168,,,
16,500,0.9782114028930664,0.9135356545448303,0.11875462532043457,,,
16,501,0.9861392974853516,0.9032466411590576,0.17604690790176392,,,
16,502,0.9841423034667969,0.8920960426330566,0.18267211318016052,,,
16,503,0.9841489791870117,0.915358304977417,0.13579429686069489,,,
16,504,0.9785795211791992,0.9222180843353271,0.10754407942295074,,,
16,505,0.9839048385620117,0.8941741585731506,0.17656585574150085,,,
16,506,0.9814567565917969,0.9364809989929199,0.09094669669866562,,,
16,507,0.9809722900390625,0.9058899283409119,0.14035995304584503,,,
16,508,0.9691152572631836,0.7532176375389099,0.3348102569580078,,,
16,509,0.9816818237304688,0.9202795624732971,0.11725657433271408,,,
16,510,0.9797706604003906,0.8234907388687134,0.2763497233390808,,,
16,511,0.9868927001953125,0.9338534474372864,0.11425280570983887,,,
16,512,0.9835319519042969,0.9115133285522461,0.14006413519382477,,,
16,513,0.9823093414306641,0.8929960131645203,0.1699245274066925,,,
16,514,0.9727773666381836,0.9106720685958862,0.11606094241142273,,,
16,515,0.9770793914794922,0.8862952589988708,0.1593724489212036,,,
16,516,0.9796161651611328,0.9119759202003479,0.12508219480514526,,,
16,517,0.9778871536254883,0.871778130531311,0.18441025912761688,,,
16,518,0.9753713607788086,0.8066585659980774,0.2785136103630066,,,
16,519,0.9774341583251953,0.7089938521385193,0.434518426656723,,,
16,520,0.9799880981445312,0.8932828903198242,0.15723398327827454,,,
16,521,0.984344482421875,0.9558575749397278,0.07259033620357513,,,
16,522,0.9791097640991211,0.8183454275131226,0.28355199098587036,,,
16,523,0.983729362487793,0.9389669299125671,0.08971691876649857,,,
16,524,0.9846611022949219,0.9030845165252686,0.16081002354621887,,,
16,525,0.9829282760620117,0.8310110569000244,0.28551143407821655,,,
16,526,0.9855868220329285,0.9290231466293335,0.11440598964691162,,,
16,526,,,,0.9529045820236206,0.83653724193573,0.2428862452507019
17,527,0.9800662994384766,0.8773198127746582,0.1835544854402542,,,
17,528,0.9832038879394531,0.8802043199539185,0.19487063586711884,,,
17,529,0.9760446548461914,0.8873819708824158,0.15223778784275055,,,
17,530,0.9831476211547852,0.9185382723808289,0.12310486286878586,,,
17,531,0.9885721206665039,0.9557856917381287,0.07398601621389389,,,
17,532,0.9847774505615234,0.942298173904419,0.0874161422252655,,,
17,533,0.9821014404296875,0.8677629828453064,0.20977835357189178,,,
17,534,0.9856929779052734,0.8783332109451294,0.22107471525669098,,,
17,535,0.9841833114624023,0.9190971851348877,0.1269012987613678,,,
17,536,0.9787864685058594,0.829626202583313,0.25817352533340454,,,
17,537,0.9797906875610352,0.8724870085716248,0.19081684947013855,,,
17,538,0.98602294921875,0.9166041016578674,0.1405280977487564,,,
17,539,0.9817943572998047,0.9161041378974915,0.1211041659116745,,,
17,540,0.9837188720703125,0.8666250109672546,0.22151687741279602,,,
17,541,0.983942985534668,0.9045348167419434,0.15064051747322083,,,
17,542,0.9829025268554688,0.9530353546142578,0.07404051721096039,,,
17,543,0.9796037673950195,0.7477740049362183,0.3876347243785858,,,
17,544,0.9855155944824219,0.9385054111480713,0.09417162090539932,,,
17,545,0.9821748733520508,0.9190781712532043,0.11723904311656952,,,
17,546,0.9848661422729492,0.9321988224983215,0.10276040434837341,,,
17,547,0.9869194030761719,0.9490891098976135,0.08043587952852249,,,
17,548,0.9824705123901367,0.866320013999939,0.21206583082675934,,,
17,549,0.9826116561889648,0.9024373292922974,0.14773473143577576,,,
17,550,0.9807043075561523,0.9403040409088135,0.08418264985084534,,,
17,551,0.9832706451416016,0.8737549781799316,0.20525045692920685,,,
17,552,0.981837272644043,0.9544151425361633,0.07517533749341965,,,
17,553,0.9847259521484375,0.9173350930213928,0.1279752254486084,,,
17,554,0.983860969543457,0.9035336375236511,0.15032336115837097,,,
17,555,0.9838361740112305,0.9065326452255249,0.14609652757644653,,,
17,556,0.9794387817382812,0.885478138923645,0.1645742952823639,,,
17,557,0.9861157536506653,0.8910747170448303,0.1932467371225357,,,
17,557,,,,0.9525481462478638,0.8338436484336853,0.24481119215488434
18,558,0.9831027984619141,0.9300286769866943,0.10198710858821869,,,
18,559,0.9835853576660156,0.9194356799125671,0.11969698220491409,,,
18,560,0.98431396484375,0.8628567457199097,0.2307405173778534,,,
18,561,0.9828805923461914,0.9216062426567078,0.11421892791986465,,,
18,562,0.9861612319946289,0.9362501502037048,0.09918427467346191,,,
18,563,0.986328125,0.899847686290741,0.17155934870243073,,,
18,564,0.9811058044433594,0.8782021999359131,0.18329016864299774,,,
18,565,0.9840764999389648,0.9048799276351929,0.14961868524551392,,,
18,566,0.9843206405639648,0.9164914488792419,0.12899011373519897,,,
18,567,0.9870719909667969,0.9431928396224976,0.08975657820701599,,,
18,568,0.9855470657348633,0.8262857794761658,0.3053547739982605,,,
18,569,0.9812841415405273,0.8669798374176025,0.20279130339622498,,,
18,570,0.9887380599975586,0.9069175124168396,0.17806684970855713,,,
18,571,0.9873285293579102,0.9347765445709229,0.10734859108924866,,,
18,572,0.9856958389282227,0.9361796379089355,0.0968276858329773,,,
18,573,0.9851102828979492,0.8794726133346558,0.19835500419139862,,,
18,574,0.9857625961303711,0.9591850638389587,0.06567216664552689,,,
18,575,0.9859142303466797,0.9492183327674866,0.07651705294847488,,,
18,576,0.9852886199951172,0.9104316234588623,0.14169375598430634,,,
18,577,0.9778547286987305,0.8830058574676514,0.16090738773345947,,,
18,578,0.9845199584960938,0.9416679739952087,0.08490664511919022,,,
18,579,0.9867668151855469,0.9181540608406067,0.13554462790489197,,,
18,580,0.9812450408935547,0.9056053161621094,0.13318189978599548,,,
18,581,0.9865713119506836,0.9187445640563965,0.13100656867027283,,,
18,582,0.9844379425048828,0.9589226841926575,0.06703805923461914,,,
18,583,0.9856815338134766,0.8992545008659363,0.16704899072647095,,,
18,584,0.9843349456787109,0.8948103189468384,0.1648135483264923,,,
18,585,0.9850254058837891,0.9200602769851685,0.12217267602682114,,,
18,586,0.9816770553588867,0.817267894744873,0.2835632264614105,,,
18,587,0.982691764831543,0.9289252758026123,0.09968580305576324,,,
18,588,0.9838778376579285,0.9488283395767212,0.07382066547870636,,,
18,588,,,,0.9543635249137878,0.8398735523223877,0.2368568778038025
19,589,0.979680061340332,0.8964875340461731,0.14175589382648468,,,
19,590,0.9824714660644531,0.8013617396354675,0.31159329414367676,,,
19,591,0.9852762222290039,0.9144487977027893,0.1327817142009735,,,
19,592,0.9819211959838867,0.9115807414054871,0.12432602792978287,,,
19,593,0.9830703735351562,0.9273120164871216,0.10292644053697586,,,
19,594,0.9848833084106445,0.948604941368103,0.07427274435758591,,,
19,595,0.9859466552734375,0.9486843943595886,0.0760435089468956,,,
19,596,0.9876623153686523,0.9342431426048279,0.10662516951560974,,,
19,597,0.9784040451049805,0.742398202419281,0.3774181604385376,,,
19,598,0.9850473403930664,0.9190301299095154,0.12230878323316574,,,
19,599,0.9858283996582031,0.9446431398391724,0.0807441920042038,,,
19,600,0.9859333038330078,0.9127549529075623,0.13794058561325073,,,
19,601,0.978520393371582,0.9351981282234192,0.08656372129917145,,,
19,602,0.9778566360473633,0.7927226424217224,0.30305492877960205,,,
19,603,0.9819803237915039,0.7895598411560059,0.3252316415309906,,,
19,604,0.9829702377319336,0.9218772053718567,0.11068788915872574,,,
19,605,0.9866323471069336,0.880778431892395,0.20695169270038605,,,
19,606,0.9885807037353516,0.9316533207893372,0.11643680185079575,,,
19,607,0.9829483032226562,0.9003832936286926,0.14676426351070404,,,
19,608,0.9847726821899414,0.8468745946884155,0.2507995069026947,,,
19,609,0.9819660186767578,0.9274603724479675,0.09765847027301788,,,
19,610,0.9913301467895508,0.9568211436271667,0.07800255715847015,,,
19,611,0.9845066070556641,0.9248545169830322,0.10979083180427551,,,
19,612,0.9886102676391602,0.9384647607803345,0.10073210299015045,,,
19,613,0.9853687286376953,0.9229362607002258,0.1156717985868454,,,
19,614,0.9844284057617188,0.9520981907844543,0.06933723390102386,,,
19,615,0.9884176254272461,0.9465639591217041,0.08428052067756653,,,
19,616,0.9849920272827148,0.9158233404159546,0.12723016738891602,,,
19,617,0.9892482757568359,0.9403492212295532,0.10030800849199295,,,
19,618,0.987391471862793,0.9474102854728699,0.08052723854780197,,,
19,619,0.983147919178009,0.9196237325668335,0.11425725370645523,,,
19,619,,,,0.9535577297210693,0.8384732604026794,0.2369682490825653
20,620,0.9839019775390625,0.8972917199134827,0.1526617407798767,,,
20,621,0.9871273040771484,0.9495663642883301,0.07483173161745071,,,
20,622,0.9832277297973633,0.9251307845115662,0.10383740067481995,,,
20,623,0.9901323318481445,0.9179428219795227,0.1585056036710739,,,
20,624,0.9780139923095703,0.9168089032173157,0.1072181984782219,,,
20,625,0.9894914627075195,0.925388514995575,0.13435353338718414,,,
20,626,0.9843940734863281,0.927565336227417,0.10368821769952774,,,
20,627,0.9869518280029297,0.9345847368240356,0.09934935718774796,,,
20,628,0.9801883697509766,0.9135511517524719,0.11558247357606888,,,
20,629,0.9879207611083984,0.9015054702758789,0.16970612108707428,,,
20,630,0.9863071441650391,0.8947877287864685,0.1698748618364334,,,
20,631,0.9829835891723633,0.9059295654296875,0.13374610245227814,,,
20,632,0.9835710525512695,0.9020057320594788,0.1411116123199463,,,
20,633,0.9865407943725586,0.8896680474281311,0.18302598595619202,,,
20,634,0.9838600158691406,0.9300640821456909,0.09730217605829239,,,
20,635,0.9865713119506836,0.8879418969154358,0.18570007383823395,,,
20,636,0.9848403930664062,0.9344267845153809,0.09305482357740402,,,
20,637,0.9839134216308594,0.8744660019874573,0.18947917222976685,,,
20,638,0.987640380859375,0.9500724077224731,0.07609032094478607,,,
20,639,0.987736701965332,0.9478586316108704,0.07814899832010269,,,
20,640,0.9872550964355469,0.9383169412612915,0.09380153566598892,,,
20,641,0.9864530563354492,0.8760297894477844,0.20360195636749268,,,
20,642,0.9804515838623047,0.9319317936897278,0.08942719548940659,,,
20,643,0.9825191497802734,0.9079976081848145,0.129408061504364,,,
20,644,0.984440803527832,0.9343053698539734,0.09020904451608658,,,
20,645,0.9861440658569336,0.9628832936286926,0.059276431798934937,,,
20,646,0.9897193908691406,0.9161911010742188,0.15226812660694122,,,
20,647,0.9829387664794922,0.9367699027061462,0.08456120640039444,,,
20,648,0.9792098999023438,0.8958019614219666,0.13763698935508728,,,
20,649,0.9862346649169922,0.908511221408844,0.14040429890155792,,,
20,650,0.9869384765625,0.9036108255386353,0.15502987802028656,,,
20,650,,,,0.9533644914627075,0.8349088430404663,0.2396499067544937
21,651,0.9814939498901367,0.9004504084587097,0.13766495883464813,,,
21,652,0.9839935302734375,0.9244794249534607,0.1055336445569992,,,
21,653,0.985748291015625,0.9205368161201477,0.11777692288160324,,,
21,654,0.986323356628418,0.9177581667900085,0.12467705458402634,,,
21,655,0.9823837280273438,0.8795765042304993,0.17177367210388184,,,
21,656,0.9835319519042969,0.9143184423446655,0.12012723088264465,,,
21,657,0.9823808670043945,0.8457344174385071,0.2256908416748047,,,
21,658,0.9866056442260742,0.9424595236778259,0.08303936570882797,,,
21,659,0.983403205871582,0.9434996843338013,0.07679810374975204,,,
21,660,0.984619140625,0.9305782318115234,0.09655500948429108,,,
21,661,0.984257698059082,0.8372299671173096,0.2507341504096985,,,
21,662,0.9828271865844727,0.9083520174026489,0.12537461519241333,,,
21,663,0.9845666885375977,0.9372620582580566,0.08603578805923462,,,
21,664,0.9867668151855469,0.944586455821991,0.08038745820522308,,,
21,665,0.9854755401611328,0.9381090402603149,0.08733590692281723,,,
21,666,0.9872922897338867,0.9529685378074646,0.06729350239038467,,,
21,667,0.98663330078125,0.9169008731842041,0.12601085007190704,,,
21,668,0.9871301651000977,0.9031408429145813,0.15429672598838806,,,
21,669,0.9901285171508789,0.9665015935897827,0.05242294445633888,,,
21,670,0.9835691452026367,0.8715595602989197,0.1872261017560959,,,
21,671,0.9805173873901367,0.8681140542030334,0.1818729192018509,,,
21,672,0.9844322204589844,0.9449226260185242,0.07400625199079514,,,
21,673,0.9855413436889648,0.8848316073417664,0.17886093258857727,,,
21,674,0.9861593246459961,0.9080093502998352,0.13895471394062042,,,
21,675,0.9857978820800781,0.9119337797164917,0.13176733255386353,,,
21,676,0.9855146408081055,0.9260281920433044,0.10694832354784012,,,
21,677,0.99072265625,0.9561727046966553,0.07075519114732742,,,
21,678,0.9861211776733398,0.9331074953079224,0.09372851252555847,,,
21,679,0.9886140823364258,0.9247316122055054,0.12152411043643951,,,
21,680,0.9859132766723633,0.898617684841156,0.1556745171546936,,,
21,681,0.9918797612190247,0.9737699031829834,0.045037005096673965,,,
21,681,,,,0.9544631242752075,0.8397884368896484,0.23242592811584473
22,682,0.9850597381591797,0.8760826587677002,0.19086189568042755,,,
22,683,0.9764242172241211,0.8454879522323608,0.20042236149311066,,,
22,684,0.9850530624389648,0.9359121918678284,0.08787587285041809,,,
22,685,0.9849348068237305,0.9498916864395142,0.06969902664422989,,,
22,686,0.989100456237793,0.9678933620452881,0.05116835609078407,,,
22,687,0.9841413497924805,0.894146203994751,0.15420733392238617,,,
22,688,0.9840612411499023,0.9201931357383728,0.10997015982866287,,,
22,689,0.9872274398803711,0.9313753247261047,0.10205905139446259,,,
22,690,0.9850130081176758,0.8620765209197998,0.20884284377098083,,,
22,691,0.9849462509155273,0.9019954800605774,0.14451126754283905,,,
22,692,0.9866399765014648,0.9229575991630554,0.1134156659245491,,,
22,693,0.9872779846191406,0.937477707862854,0.09086694568395615,,,
22,694,0.9912757873535156,0.9508214592933655,0.08252596110105515,,,
22,695,0.9803543090820312,0.9004268050193787,0.12981250882148743,,,
22,696,0.9825191497802734,0.9301823377609253,0.0918329730629921,,,
22,697,0.9870386123657227,0.9403149485588074,0.08533402532339096,,,
22,698,0.9854917526245117,0.9438408613204956,0.07523034512996674,,,
22,699,0.9852666854858398,0.9212207794189453,0.11065826565027237,,,
22,700,0.9865274429321289,0.9292773008346558,0.1013958528637886,,,
22,701,0.9860258102416992,0.936874508857727,0.08809343725442886,,,
22,702,0.9878473281860352,0.943749725818634,0.08219132572412491,,,
22,703,0.9876194000244141,0.9325059652328491,0.09957961738109589,,,
22,704,0.9924154281616211,0.9662149548530579,0.05680884048342705,,,
22,705,0.9884805679321289,0.9387381672859192,0.093046635389328,,,
22,706,0.9829435348510742,0.8543851375579834,0.209747776389122,,,
22,707,0.9876718521118164,0.9384199976921082,0.08936475962400436,,,
22,708,0.985015869140625,0.9212123155593872,0.11069370806217194,,,
22,709,0.9856595993041992,0.9373296499252319,0.08505791425704956,,,
22,710,0.9811420440673828,0.8405566811561584,0.22090591490268707,,,
22,711,0.9852800369262695,0.8542300462722778,0.22416342794895172,,,
22,712,0.99078369140625,0.957801342010498,0.06594724953174591,,,
22,712,,,,0.9544105529785156,0.8391439318656921,0.23245769739151
23,713,0.986785888671875,0.928886353969574,0.10218307375907898,,,
23,714,0.9810247421264648,0.9111014604568481,0.11361929774284363,,,
23,715,0.9858465194702148,0.9206597208976746,0.1129571944475174,,,
23,716,0.9871311187744141,0.9141919612884521,0.1310412585735321,,,
23,717,0.9835882186889648,0.9190617799758911,0.11108437925577164,,,
23,718,0.9868917465209961,0.9198995232582092,0.11689648777246475,,,
23,719,0.9846820831298828,0.9228959679603577,0.10505641251802444,,,
23,720,0.9862880706787109,0.9435951113700867,0.07724517583847046,,,
23,721,0.9885826110839844,0.9491267800331116,0.07306692004203796,,,
23,722,0.9843788146972656,0.9429290294647217,0.0764865055680275,,,
23,723,0.9861078262329102,0.8963305950164795,0.15328839421272278,,,
23,724,0.9838552474975586,0.9025164246559143,0.13599945604801178,,,
23,725,0.9913511276245117,0.9688239097595215,0.04782397300004959,,,
23,726,0.9861106872558594,0.896848201751709,0.15499743819236755,,,
23,727,0.9868679046630859,0.9265000224113464,0.1049252524971962,,,
23,728,0.9861946105957031,0.9351273775100708,0.09103027731180191,,,
23,729,0.9896965026855469,0.9467733502388,0.07998435944318771,,,
23,730,0.9837474822998047,0.9240298867225647,0.10035966336727142,,,
23,731,0.9843578338623047,0.922214150428772,0.10584275424480438,,,
23,732,0.9870805740356445,0.9390323758125305,0.08692006021738052,,,
23,733,0.988865852355957,0.9281361699104309,0.11227907240390778,,,
23,734,0.9827194213867188,0.9067565202713013,0.12486860901117325,,,
23,735,0.9861307144165039,0.9420241713523865,0.07813149690628052,,,
23,736,0.9828767776489258,0.8983312845230103,0.1372554898262024,,,
23,737,0.9866304397583008,0.9122682809829712,0.12983886897563934,,,
23,738,0.9897785186767578,0.9507919549942017,0.0755665972828865,,,
23,739,0.9878396987915039,0.9632914662361145,0.05343730375170708,,,
23,740,0.9833536148071289,0.8685221672058105,0.18390339612960815,,,
23,741,0.9871044158935547,0.9350375533103943,0.09197595715522766,,,
23,742,0.9897956848144531,0.942389190196991,0.08975142985582352,,,
23,743,0.9866282343864441,0.8103892803192139,0.30411356687545776,,,
23,743,,,,0.9546970725059509,0.838451623916626,0.23441992700099945
24,744,0.9900617599487305,0.950797438621521,0.07501353323459625,,,
24,745,0.9883184432983398,0.9261650443077087,0.11248689889907837,,,
24,746,0.9861927032470703,0.9072856307029724,0.1345372051000595,,,
24,747,0.9850168228149414,0.9208390116691589,0.10719127953052521,,,
24,748,0.9883518218994141,0.909238874912262,0.1409660279750824,,,
24,749,0.985992431640625,0.9134870171546936,0.12268515676259995,,,
24,750,0.9869327545166016,0.9470394849777222,0.07114747911691666,,,
24,751,0.9870395660400391,0.9222037196159363,0.11211652308702469,,,
24,752,0.9869880676269531,0.9311093688011169,0.0967867374420166,,,
24,753,0.9892702102661133,0.962491512298584,0.05468544736504555,,,
24,754,0.9868917465209961,0.956977903842926,0.0593721941113472,,,
24,755,0.9864826202392578,0.9286821484565735,0.10076490789651871,,,
24,756,0.9848089218139648,0.9471408724784851,0.06873403489589691,,,
24,757,0.983795166015625,0.9267421960830688,0.09619368612766266,,,
24,758,0.9855575561523438,0.8830822706222534,0.17105454206466675,,,
24,759,0.9864034652709961,0.9362587928771973,0.08754971623420715,,,
24,760,0.9856243133544922,0.922735869884491,0.10522264242172241,,,
24,761,0.9835805892944336,0.9391343593597412,0.07859575003385544,,,
24,762,0.9828777313232422,0.9170612692832947,0.10698411613702774,,,
24,763,0.9896135330200195,0.936052680015564,0.10035385936498642,,,
24,764,0.9889192581176758,0.9560339450836182,0.0610029473900795,,,
24,765,0.9876432418823242,0.9346253275871277,0.09373889863491058,,,
24,766,0.9864320755004883,0.9254619479179382,0.10438602417707443,,,
24,767,0.9835529327392578,0.8265722990036011,0.25080379843711853,,,
24,768,0.9881801605224609,0.9507590532302856,0.06881284713745117,,,
24,769,0.9867286682128906,0.9522507190704346,0.06413394957780838,,,
24,770,0.9859180450439453,0.9372410178184509,0.08343703299760818,,,
24,771,0.9856042861938477,0.90720534324646,0.1324343979358673,,,
24,772,0.9845266342163086,0.8888675570487976,0.15517747402191162,,,
24,773,0.9854803085327148,0.8474112749099731,0.22562816739082336,,,
24,774,0.9821929931640625,0.7798320651054382,0.3121778070926666,,,
24,774,,,,0.9531224370002747,0.8317752480506897,0.2406308650970459
25,775,0.9883213043212891,0.9485085606575012,0.07132755219936371,,,
25,776,0.9836902618408203,0.8537328243255615,0.2041550576686859,,,
25,777,0.9876575469970703,0.9573463797569275,0.05863409489393234,,,
25,778,0.9839878082275391,0.9333206415176392,0.08605470508337021,,,
25,779,0.9830961227416992,0.9258888959884644,0.09478994458913803,,,
25,780,0.9877290725708008,0.9301450848579407,0.09985500574111938,,,
25,781,0.9876670837402344,0.958708643913269,0.056224048137664795,,,
25,782,0.9848918914794922,0.8686085343360901,0.18861638009548187,,,
25,783,0.9919967651367188,0.941164493560791,0.10367809236049652,,,
25,784,0.9838027954101562,0.9394503235816956,0.07667864859104156,,,
25,785,0.9868192672729492,0.9298301935195923,0.09667537361383438,,,
25,786,0.9864006042480469,0.948166012763977,0.06882400810718536,,,
25,787,0.981623649597168,0.8693281412124634,0.17298448085784912,,,
25,788,0.9828996658325195,0.8529329895973206,0.20193928480148315,,,
25,789,0.9892501831054688,0.9645463228225708,0.05081479251384735,,,
25,790,0.9823112487792969,0.9289999008178711,0.08719179779291153,,,
25,791,0.9829216003417969,0.9106338024139404,0.11267232894897461,,,
25,792,0.9843816757202148,0.9114938378334045,0.11603482067584991,,,
25,793,0.9797344207763672,0.8646737933158875,0.1724155694246292,,,
25,794,0.9881887435913086,0.9288549423217773,0.10340223461389542,,,
25,795,0.9850101470947266,0.9367357492446899,0.08156950771808624,,,
25,796,0.9850397109985352,0.8951774835586548,0.14246155321598053,,,
25,797,0.9879770278930664,0.9461190700531006,0.07280737161636353,,,
25,798,0.9875373840332031,0.8889766931533813,0.16987133026123047,,,
25,799,0.9899883270263672,0.9132030606269836,0.14270047843456268,,,
25,800,0.9882793426513672,0.9382588863372803,0.08651848882436752,,,
25,801,0.9834613800048828,0.8906233310699463,0.14696967601776123,,,
25,802,0.9856557846069336,0.9404465556144714,0.0777764543890953,,,
25,803,0.9850873947143555,0.9056380391120911,0.12752440571784973,,,
25,804,0.9866132736206055,0.9423186182975769,0.07591696828603745,,,
25,805,0.9863764643669128,0.909870982170105,0.12607139348983765,,,
25,805,,,,0.9531868696212769,0.8370652198791504,0.23078908026218414
26,806,0.9835672378540039,0.8900130391120911,0.14955054223537445,,,
26,807,0.9857578277587891,0.9057458639144897,0.13192486763000488,,,
26,808,0.9873409271240234,0.8977727890014648,0.15149906277656555,,,
26,809,0.9887609481811523,0.9492657780647278,0.0691726952791214,,,
26,810,0.9862804412841797,0.9064404368400574,0.1320405900478363,,,
26,811,0.9866924285888672,0.9159204959869385,0.1179397851228714,,,
26,812,0.9885139465332031,0.907658576965332,0.1402645856142044,,,
26,813,0.9849739074707031,0.9399974942207336,0.07674814015626907,,,
26,814,0.9878330230712891,0.9546687006950378,0.061940018087625504,,,
26,815,0.9840621948242188,0.9281123876571655,0.09164204448461533,,,
26,816,0.9860572814941406,0.9514793753623962,0.06301125884056091,,,
26,817,0.9858551025390625,0.940353274345398,0.07788901776075363,,,
26,818,0.987421989440918,0.9210962653160095,0.10979056358337402,,,
26,819,0.9861116409301758,0.9262685179710388,0.09860539436340332,,,
26,820,0.9819726943969727,0.8901984095573425,0.1426955759525299,,,
26,821,0.9883527755737305,0.9386962056159973,0.08492761105298996,,,
26,822,0.9871501922607422,0.8333353996276855,0.2553897500038147,,,
26,823,0.9803199768066406,0.9033329486846924,0.116825170814991,,,
26,824,0.9836616516113281,0.9387320280075073,0.07511405646800995,,,
26,825,0.9903078079223633,0.9724172353744507,0.04227304458618164,,,
26,826,0.9882383346557617,0.917121410369873,0.12247268855571747,,,
26,827,0.9882192611694336,0.9497371315956116,0.06774090975522995,,,
26,828,0.9870290756225586,0.9083385467529297,0.12954892218112946,,,
26,829,0.9850149154663086,0.940531313419342,0.07466768473386765,,,
26,830,0.985626220703125,0.9199970364570618,0.10580243915319443,,,
26,831,0.985600471496582,0.9066228270530701,0.12600669264793396,,,
26,832,0.9854927062988281,0.948713481426239,0.06562253832817078,,,
26,833,0.9889068603515625,0.9423602223396301,0.08035658299922943,,,
26,834,0.9856491088867188,0.9138010740280151,0.11489270627498627,,,
26,835,0.984410285949707,0.8807823657989502,0.1629418581724167,,,
26,836,0.9878120422363281,0.9240099787712097,0.10681713372468948,,,
26,836,,,,0.9529567360877991,0.8343724608421326,0.23227007687091827
27,837,0.9867076873779297,0.9028738141059875,0.1369960904121399,,,
27,838,0.983393669128418,0.9381723999977112,0.07637453079223633,,,
27,839,0.98358154296875,0.9258812665939331,0.09208928048610687,,,
27,840,0.9897890090942383,0.9689280390739441,0.044385187327861786,,,
27,841,0.9871416091918945,0.8995627164840698,0.1454983651638031,,,
27,842,0.9855308532714844,0.8790565133094788,0.16985465586185455,,,
27,843,0.9896774291992188,0.9582989811897278,0.05839144065976143,,,
27,844,0.9808721542358398,0.9132561683654785,0.10629443824291229,,,
27,845,0.9879789352416992,0.9319373369216919,0.09352350980043411,,,
27,846,0.9859294891357422,0.9011728763580322,0.13648316264152527,,,
27,847,0.9872770309448242,0.9461959004402161,0.07085704803466797,,,
27,848,0.9916658401489258,0.9530335664749146,0.07272568345069885,,,
27,849,0.9888553619384766,0.9531422257423401,0.062211886048316956,,,
27,850,0.9874668121337891,0.9579538106918335,0.055554307997226715,,,
27,851,0.9890727996826172,0.9032565951347351,0.1476551592350006,,,
27,852,0.9891567230224609,0.9546127915382385,0.06229113042354584,,,
27,853,0.9847631454467773,0.937671422958374,0.07797737419605255,,,
27,854,0.9863758087158203,0.9364919662475586,0.0824577733874321,,,
27,855,0.9805755615234375,0.8397557735443115,0.20656928420066833,,,
27,856,0.9867238998413086,0.9277758002281189,0.09551182389259338,,,
27,857,0.9899234771728516,0.9498240351676941,0.07026132196187973,,,
27,858,0.9877119064331055,0.8409907221794128,0.25140324234962463,,,
27,859,0.9867191314697266,0.8746342658996582,0.18345262110233307,,,
27,860,0.9867439270019531,0.9376723766326904,0.08072257786989212,,,
27,861,0.9813737869262695,0.9223471879959106,0.09491781890392303,,,
27,862,0.9844350814819336,0.9174560904502869,0.10563527047634125,,,
27,863,0.9829654693603516,0.8510631322860718,0.1989406943321228,,,
27,864,0.9880599975585938,0.9519190192222595,0.06351076066493988,,,
27,865,0.9893789291381836,0.932661771774292,0.10006602108478546,,,
27,866,0.9895811080932617,0.9089583158493042,0.14021524786949158,,,
27,867,0.9834010004997253,0.9445946216583252,0.06817889213562012,,,
27,867,,,,0.9543787837028503,0.8377248644828796,0.23124276101589203
28,868,0.9885034561157227,0.9382545351982117,0.08480598032474518,,,
28,869,0.9879035949707031,0.886182963848114,0.16876302659511566,,,
28,870,0.9916868209838867,0.9610693454742432,0.0582205131649971,,,
28,871,0.9870786666870117,0.957894504070282,0.05510561540722847,,,
28,872,0.9823446273803711,0.9266172647476196,0.08778557181358337,,,
28,873,0.9889192581176758,0.9509976506233215,0.06645263731479645,,,
28,874,0.9852066040039062,0.9089687466621399,0.11937323212623596,,,
28,875,0.9867982864379883,0.9075289964675903,0.12668438255786896,,,
28,876,0.984375,0.9188348650932312,0.10393697768449783,,,
28,877,0.9850502014160156,0.9233308434486389,0.0992034375667572,,,
28,878,0.9882059097290039,0.9307178854942322,0.09660886973142624,,,
28,879,0.9837512969970703,0.88628751039505,0.14807544648647308,,,
28,880,0.9878730773925781,0.930834949016571,0.09401938319206238,,,
28,881,0.9891719818115234,0.8994402289390564,0.1540689468383789,,,
28,882,0.9862480163574219,0.9618542790412903,0.05218491703271866,,,
28,883,0.9857769012451172,0.9274723529815674,0.09368421882390976,,,
28,884,0.9830856323242188,0.8362342119216919,0.21790701150894165,,,
28,885,0.9905118942260742,0.9624167680740356,0.052778009325265884,,,
28,886,0.9860877990722656,0.910863995552063,0.11916043609380722,,,
28,887,0.9869594573974609,0.9005078673362732,0.13862422108650208,,,
28,888,0.9869937896728516,0.9241317510604858,0.10150603950023651,,,
28,889,0.9869384765625,0.9394758939743042,0.0787019357085228,,,
28,890,0.9853515625,0.9194288849830627,0.10389100015163422,,,
28,891,0.9897727966308594,0.9521589875221252,0.06535287946462631,,,
28,892,0.9912710189819336,0.9608558416366577,0.05618530884385109,,,
28,893,0.9886560440063477,0.9502742290496826,0.06612282991409302,,,
28,894,0.9838123321533203,0.8850405216217041,0.14832405745983124,,,
28,895,0.988093376159668,0.9292442202568054,0.09590137004852295,,,
28,896,0.9857349395751953,0.9399735331535339,0.07633687555789948,,,
28,897,0.9866600036621094,0.9078724384307861,0.12516075372695923,,,
28,898,0.9861666560173035,0.9564481377601624,0.05659710243344307,,,
28,898,,,,0.9537379145622253,0.8356294631958008,0.23116758465766907
29,899,0.9888744354248047,0.9323592782020569,0.09573710709810257,,,
29,900,0.9921026229858398,0.959515392780304,0.06024371460080147,,,
29,901,0.9894599914550781,0.9700533151626587,0.043023861944675446,,,
29,902,0.9881277084350586,0.9384781718254089,0.08210210502147675,,,
29,903,0.9903297424316406,0.9610556960105896,0.052958812564611435,,,
29,904,0.9891357421875,0.9401617646217346,0.0833485946059227,,,
29,905,0.982029914855957,0.823504626750946,0.22806330025196075,,,
29,906,0.9885568618774414,0.9386478662490845,0.0825103148818016,,,
29,907,0.9865093231201172,0.9461738467216492,0.06735653430223465,,,
29,908,0.9907846450805664,0.914380669593811,0.13643856346607208,,,
29,909,0.9925394058227539,0.9558646082878113,0.06907297670841217,,,
29,910,0.9870901107788086,0.9268566966056824,0.09660429507493973,,,
29,911,0.9833335876464844,0.9317458271980286,0.0831136554479599,,,
29,912,0.9896841049194336,0.9609771966934204,0.051636289805173874,,,
29,913,0.9888439178466797,0.953589141368866,0.06048493832349777,,,
29,914,0.9852228164672852,0.9354307651519775,0.08088597655296326,,,
29,915,0.9864349365234375,0.957107663154602,0.05648983269929886,,,
29,916,0.9894542694091797,0.9404686689376831,0.08140746504068375,,,
29,917,0.9848604202270508,0.919450581073761,0.10373843461275101,,,
29,918,0.9780902862548828,0.7954521179199219,0.2543735206127167,,,
29,919,0.9877986907958984,0.9439636468887329,0.07175528258085251,,,
29,920,0.9831104278564453,0.8952504992485046,0.1331550031900406,,,
29,921,0.9848403930664062,0.9310925006866455,0.08609471470117569,,,
29,922,0.9882230758666992,0.9305647015571594,0.09247681498527527,,,
29,923,0.9892730712890625,0.9143863916397095,0.12422285974025726,,,
29,924,0.9862270355224609,0.8847718834877014,0.15872441232204437,,,
29,925,0.980189323425293,0.9061645865440369,0.11204506456851959,,,
29,926,0.985285758972168,0.904594361782074,0.12478508800268173,,,
29,927,0.9889163970947266,0.9343660473823547,0.0886368528008461,,,
29,928,0.9847726821899414,0.9006916284561157,0.12756353616714478,,,
29,929,0.9893977046012878,0.9409406185150146,0.08163070678710938,,,
29,929,,,,0.9525727033615112,0.8356431126594543,0.2273523211479187
30,930,0.9866809844970703,0.9449825882911682,0.0695735439658165,,,
30,931,0.9814920425415039,0.8433099985122681,0.1995168924331665,,,
30,932,0.9868679046630859,0.8914089202880859,0.14730454981327057,,,
30,933,0.9847307205200195,0.9143924713134766,0.10821285098791122,,,
30,934,0.9852170944213867,0.9420923590660095,0.07077156007289886,,,
30,935,0.9871730804443359,0.9235712885856628,0.10272593796253204,,,
30,936,0.9935035705566406,0.9715864658355713,0.04270561784505844,,,
30,937,0.9887332916259766,0.9411154985427856,0.07810521870851517,,,
30,938,0.986994743347168,0.937770664691925,0.07918156683444977,,,
30,939,0.9858217239379883,0.9470593929290771,0.06547726690769196,,,
30,940,0.9893159866333008,0.9570823907852173,0.056270282715559006,,,
30,941,0.9844522476196289,0.8853241801261902,0.14916442334651947,,,
30,942,0.987828254699707,0.9104011058807373,0.12265468388795853,,,
30,943,0.9845447540283203,0.9426701664924622,0.06966187059879303,,,
30,944,0.9841318130493164,0.9224777221679688,0.09383198618888855,,,
30,945,0.989192008972168,0.913841724395752,0.12268524616956711,,,
30,946,0.9887266159057617,0.9590939283370972,0.05286493897438049,,,
30,947,0.9811124801635742,0.9145090579986572,0.1024140790104866,,,
30,948,0.9846868515014648,0.9203300476074219,0.09914979338645935,,,
30,949,0.9891347885131836,0.9287024140357971,0.09890524297952652,,,
30,950,0.9888372421264648,0.9136563539505005,0.12470776587724686,,,
30,951,0.9900760650634766,0.9550347328186035,0.05998758226633072,,,
30,952,0.9866304397583008,0.9039222002029419,0.13068796694278717,,,
30,953,0.9871530532836914,0.9486228227615356,0.06497806310653687,,,
30,954,0.9876928329467773,0.8908907771110535,0.1541382521390915,,,
30,955,0.9922542572021484,0.9673585891723633,0.046205345541238785,,,
30,956,0.9850606918334961,0.9385281205177307,0.07542746514081955,,,
30,957,0.9936819076538086,0.9797889590263367,0.03156440332531929,,,
30,958,0.9861888885498047,0.89908367395401,0.1339583843946457,,,
30,959,0.9889430999755859,0.9043541550636292,0.13764357566833496,,,
30,960,0.9903538823127747,0.9285155534744263,0.10639824718236923,,,
30,960,,,,0.9541337490081787,0.8385787010192871,0.22707033157348633
31,961,0.9866247177124023,0.9137840867042542,0.11311876773834229,,,
31,962,0.9900016784667969,0.9636691212654114,0.04902087152004242,,,
31,963,0.9883880615234375,0.9246011972427368,0.10429295897483826,,,
31,964,0.9876585006713867,0.9284390807151794,0.09408345073461533,,,
31,965,0.9897708892822266,0.947711706161499,0.0694689154624939,,,
31,966,0.9862337112426758,0.9268828630447388,0.09244674444198608,,,
31,967,0.9866933822631836,0.9399814009666443,0.07782895117998123,,,
31,968,0.9910869598388672,0.9412832856178284,0.08623263984918594,,,
31,969,0.9912824630737305,0.9668010473251343,0.04467106610536575,,,
31,970,0.9878253936767578,0.9317154288291931,0.08972450345754623,,,
31,971,0.9880781173706055,0.9211909770965576,0.10633589327335358,,,
31,972,0.9870004653930664,0.9333202838897705,0.08493702113628387,,,
31,973,0.9916238784790039,0.9696108102798462,0.04181782901287079,,,
31,974,0.9832229614257812,0.8851419687271118,0.14296062290668488,,,
31,975,0.9862546920776367,0.920366644859314,0.10343073308467865,,,
31,976,0.988983154296875,0.9289321899414062,0.09593894332647324,,,
31,977,0.9882354736328125,0.8966617584228516,0.14604760706424713,,,
31,978,0.9879484176635742,0.9468029737472534,0.06821902096271515,,,
31,979,0.9883518218994141,0.9543618559837341,0.057833969593048096,,,
31,980,0.9858131408691406,0.9038993120193481,0.12404465675354004,,,
31,981,0.9893217086791992,0.9654965996742249,0.045123178511857986,,,
31,982,0.9893531799316406,0.9529746770858765,0.06212449073791504,,,
31,983,0.9875154495239258,0.9259663224220276,0.09608094394207001,,,
31,984,0.9864015579223633,0.9038191437721252,0.12540170550346375,,,
31,985,0.9856481552124023,0.9159151315689087,0.10824018716812134,,,
31,986,0.9904994964599609,0.9522339105606079,0.06416770815849304,,,
31,987,0.9898757934570312,0.959817111492157,0.05223875865340233,,,
31,988,0.9850978851318359,0.880177915096283,0.15512622892856598,,,
31,989,0.9912090301513672,0.9484809041023254,0.07374973595142365,,,
31,990,0.9842720031738281,0.9257481694221497,0.08926410973072052,,,
31,991,0.9850438237190247,0.9217166304588318,0.09664347022771835,,,
31,991,,,,0.9536845088005066,0.8374361395835876,0.22700010240077972
32,992,0.9886789321899414,0.9521591067314148,0.061648178845644,,,
32,993,0.9876508712768555,0.9662219285964966,0.04692099988460541,,,
32,994,0.9884662628173828,0.9054010510444641,0.1301206797361374,,,
32,995,0.987126350402832,0.9218161106109619,0.10019118338823318,,,
32,996,0.9882497787475586,0.9532663226127625,0.05995522439479828,,,
32,997,0.9878616333007812,0.9236266613006592,0.10259126871824265,,,
32,998,0.9881258010864258,0.9083703756332397,0.12779337167739868,,,
32,999,0.9895153045654297,0.9594112038612366,0.05355687066912651,,,
32,1000,0.9892606735229492,0.9596744179725647,0.050955284386873245,,,
32,1001,0.9901094436645508,0.9387469291687012,0.08450628817081451,,,
32,1002,0.9895391464233398,0.9497517347335815,0.06620507687330246,,,
32,1003,0.9892072677612305,0.9638811945915222,0.046945370733737946,,,
32,1004,0.989048957824707,0.9601902365684509,0.051661647856235504,,,
32,1005,0.9863967895507812,0.9155286550521851,0.10754352062940598,,,
32,1006,0.9865074157714844,0.934195339679718,0.08284343034029007,,,
32,1007,0.9865045547485352,0.9244458079338074,0.0958162397146225,,,
32,1008,0.9890928268432617,0.939079999923706,0.0811273455619812,,,
32,1009,0.9827260971069336,0.9072669148445129,0.11273711174726486,,,
32,1010,0.9892330169677734,0.9540279507637024,0.058842942118644714,,,
32,1011,0.9896268844604492,0.9522905349731445,0.06134938448667526,,,
32,1012,0.9861078262329102,0.913017749786377,0.1119844913482666,,,
32,1013,0.9869804382324219,0.8718819618225098,0.17349381744861603,,,
32,1014,0.9853372573852539,0.8822425603866577,0.15211546421051025,,,
32,1015,0.9910898208618164,0.9412803649902344,0.08381640166044235,,,
32,1016,0.9882345199584961,0.9130486845970154,0.11858917027711868,,,
32,1017,0.9844608306884766,0.9217849373817444,0.09562280774116516,,,
32,1018,0.9932394027709961,0.9062574505805969,0.1668105274438858,,,
32,1019,0.9850521087646484,0.9384737610816956,0.07366184145212173,,,
32,1020,0.985386848449707,0.9306946396827698,0.08588546514511108,,,
32,1021,0.9926910400390625,0.9640495181083679,0.05029642581939697,,,
32,1022,0.9807205200195312,0.7897145748138428,0.26227235794067383,,,
32,1022,,,,0.9544190168380737,0.8382008671760559,0.2272549271583557
33,1023,0.9895305633544922,0.912519633769989,0.12088031321763992,,,
33,1024,0.9888706207275391,0.965286374092102,0.04484574869275093,,,
33,1025,0.9895353317260742,0.9642306566238403,0.04659891501069069,,,
33,1026,0.9882326126098633,0.9570954442024231,0.05362868309020996,,,
33,1027,0.988743782043457,0.90017169713974,0.1390668898820877,,,
33,1028,0.9908123016357422,0.9595769047737122,0.05410424992442131,,,
33,1029,0.9872512817382812,0.8424254059791565,0.21688960492610931,,,
33,1030,0.9870395660400391,0.9386375546455383,0.07608107477426529,,,
33,1031,0.989715576171875,0.9401746392250061,0.07853085547685623,,,
33,1032,0.9861736297607422,0.9488860964775085,0.06168414652347565,,,
33,1033,0.9879913330078125,0.9623740911483765,0.047971975058317184,,,
33,1034,0.9901847839355469,0.935199499130249,0.09034176170825958,,,
33,1035,0.9877548217773438,0.9328356981277466,0.08603618294000626,,,
33,1036,0.9829673767089844,0.9187054634094238,0.09817854315042496,,,
33,1037,0.986262321472168,0.9129444360733032,0.11084049940109253,,,
33,1038,0.9843568801879883,0.9332519769668579,0.07847841084003448,,,
33,1039,0.9851913452148438,0.8787055015563965,0.15418210625648499,,,
33,1040,0.9859161376953125,0.9294739961624146,0.08614151924848557,,,
33,1041,0.9882869720458984,0.9214881658554077,0.10350688546895981,,,
33,1042,0.9867410659790039,0.9412790536880493,0.07321960479021072,,,
33,1043,0.9887266159057617,0.9170863628387451,0.1110091283917427,,,
33,1044,0.9903669357299805,0.9159419536590576,0.12110703438520432,,,
33,1045,0.9887304306030273,0.9520388841629028,0.06147969886660576,,,
33,1046,0.9884967803955078,0.9399410486221313,0.07597476989030838,,,
33,1047,0.9867238998413086,0.9138311743736267,0.10928921401500702,,,
33,1048,0.9901504516601562,0.9568966031074524,0.055896006524562836,,,
33,1049,0.9896097183227539,0.9482378363609314,0.0667693242430687,,,
33,1050,0.9846973419189453,0.9258776903152466,0.09118971973657608,,,
33,1051,0.9852304458618164,0.806511640548706,0.264081746339798,,,
33,1052,0.9874258041381836,0.9403115510940552,0.07323885709047318,,,
33,1053,0.9866676330566406,0.9316715598106384,0.08414903283119202,,,
33,1053,,,,0.9480120539665222,0.8253732919692993,0.23097144067287445
34,1054,0.9821538925170898,0.9213842153549194,0.09169948846101761,,,
34,1055,0.9889755249023438,0.9614397883415222,0.04957131668925285,,,
34,1056,0.9904146194458008,0.9310370683670044,0.09856925159692764,,,
34,1057,0.9867048263549805,0.9403573274612427,0.07112783938646317,,,
34,1058,0.9877176284790039,0.938210666179657,0.07726458460092545,,,
34,1059,0.9925088882446289,0.9686790704727173,0.04198778420686722,,,
34,1060,0.9886331558227539,0.9381178617477417,0.08015455305576324,,,
34,1061,0.9845094680786133,0.8864101767539978,0.14286577701568604,,,
34,1062,0.9862957000732422,0.8670847415924072,0.1758827120065689,,,
34,1063,0.9870986938476562,0.9028914570808411,0.12653270363807678,,,
34,1064,0.9927568435668945,0.953890323638916,0.0687636286020279,,,
34,1065,0.9831171035766602,0.8914705514907837,0.13079917430877686,,,
34,1066,0.9858236312866211,0.9366975426673889,0.07628621906042099,,,
34,1067,0.9899129867553711,0.9305287599563599,0.09650590270757675,,,
34,1068,0.9895973205566406,0.9517569541931152,0.061706867069005966,,,
34,1069,0.9873952865600586,0.921693742275238,0.09914878755807877,,,
34,1070,0.9883365631103516,0.9550907611846924,0.05565240979194641,,,
34,1071,0.9883127212524414,0.9447453022003174,0.06889976561069489,,,
34,1072,0.9909734725952148,0.9427227973937988,0.07972629368305206,,,
34,1073,0.9890165328979492,0.9565997123718262,0.05484352260828018,,,
34,1074,0.9839591979980469,0.8451781272888184,0.19938619434833527,,,
34,1075,0.9892301559448242,0.9579776525497437,0.0512390099465847,,,
34,1076,0.9901647567749023,0.9492954611778259,0.06729129701852798,,,
34,1077,0.9904766082763672,0.9587845802307129,0.05433961749076843,,,
34,1078,0.986114501953125,0.9421715140342712,0.06934833526611328,,,
34,1079,0.9890527725219727,0.9347728490829468,0.08551355451345444,,,
34,1080,0.9877510070800781,0.9333890080451965,0.0838199183344841,,,
34,1081,0.9837350845336914,0.9478515386581421,0.06246984004974365,,,
34,1082,0.9882659912109375,0.9440167546272278,0.0699605867266655,,,
34,1083,0.9868097305297852,0.9229389429092407,0.09671830385923386,,,
34,1084,0.9875755310058594,0.8282535076141357,0.2352505922317505,,,
34,1084,,,,0.9545809626579285,0.8392940163612366,0.22651450335979462
35,1085,0.9864444732666016,0.9181107878684998,0.10234827548265457,,,
35,1086,0.9885311126708984,0.9431972503662109,0.0719994604587555,,,
35,1087,0.9864034652709961,0.9496468305587769,0.061337243765592575,,,
35,1088,0.9873714447021484,0.9418879151344299,0.0706624761223793,,,
35,1089,0.9890556335449219,0.9445161819458008,0.06978308409452438,,,
35,1090,0.9874773025512695,0.9265336990356445,0.09132187813520432,,,
35,1091,0.9842109680175781,0.8598659038543701,0.17748618125915527,,,
35,1092,0.9891271591186523,0.9578821659088135,0.05303565785288811,,,
35,1093,0.9902925491333008,0.9410814642906189,0.07885078340768814,,,
35,1094,0.9911088943481445,0.9664707779884338,0.04241207242012024,,,
35,1095,0.9852828979492188,0.9135108590126038,0.10690656304359436,,,
35,1096,0.9884023666381836,0.9566033482551575,0.053918324410915375,,,
35,1097,0.9889192581176758,0.9426689147949219,0.07357735186815262,,,
35,1098,0.9860572814941406,0.9469509720802307,0.06296030431985855,,,
35,1099,0.9941673278808594,0.9777638912200928,0.03151300176978111,,,
35,1100,0.9866886138916016,0.9152252078056335,0.1063346117734909,,,
35,1101,0.9895286560058594,0.9466295838356018,0.07068020850419998,,,
35,1102,0.9716224670410156,0.9363300800323486,0.08181649446487427,,,
35,1103,0.9887266159057617,0.9531124830245972,0.058388832956552505,,,
35,1104,0.986699104309082,0.9069380760192871,0.11556433886289597,,,
35,1105,0.9900217056274414,0.9361767172813416,0.0849519819021225,,,
35,1106,0.9861812591552734,0.9304134845733643,0.08448794484138489,,,
35,1107,0.9846773147583008,0.8692644834518433,0.16588787734508514,,,
35,1108,0.9899873733520508,0.9003918170928955,0.13902460038661957,,,
35,1109,0.9883337020874023,0.9188852310180664,0.105333611369133,,,
35,1110,0.9907388687133789,0.9421271681785583,0.07786954939365387,,,
35,1111,0.9785070419311523,0.8455999493598938,0.1798170804977417,,,
35,1112,0.9884347915649414,0.9475663900375366,0.06326855719089508,,,
35,1113,0.9766616821289062,0.7500280737876892,0.28944137692451477,,,
35,1114,0.9888811111450195,0.9231398105621338,0.10051096230745316,,,
35,1115,0.9863370060920715,0.8936359882354736,0.13442471623420715,,,
35,1115,,,,0.9542075395584106,0.8372441530227661,0.23126570880413055
36,1116,0.9873991012573242,0.9374298453330994,0.07620076835155487,,,
36,1117,0.9870929718017578,0.9202540516853333,0.09893931448459625,,,
36,1118,0.9849376678466797,0.8800704479217529,0.14995355904102325,,,
36,1119,0.9865741729736328,0.8880058526992798,0.14216531813144684,,,
36,1120,0.9869718551635742,0.9424509406089783,0.07079080492258072,,,
36,1121,0.9842596054077148,0.88132643699646,0.14551103115081787,,,
36,1122,0.9867820739746094,0.9231553673744202,0.09337038546800613,,,
36,1123,0.9843006134033203,0.8764011859893799,0.1520731896162033,,,
36,1124,0.9853029251098633,0.9277963638305664,0.08559031784534454,,,
36,1125,0.9858732223510742,0.9060893058776855,0.11373371630907059,,,
36,1126,0.9880819320678711,0.9313328862190247,0.08410434424877167,,,
36,1127,0.9867324829101562,0.948339581489563,0.060716062784194946,,,
36,1128,0.9898700714111328,0.9254093766212463,0.09954648464918137,,,
36,1129,0.9864988327026367,0.9061766862869263,0.11798164993524551,,,
36,1130,0.9864406585693359,0.9362264275550842,0.07639311999082565,,,
36,1131,0.9905881881713867,0.9662056565284729,0.04215402528643608,,,
36,1132,0.9855537414550781,0.9279414415359497,0.08699128776788712,,,
36,1133,0.9830856323242188,0.944002091884613,0.06584557890892029,,,
36,1134,0.9868745803833008,0.9364184141159058,0.07491038739681244,,,
36,1135,0.9899120330810547,0.9439341425895691,0.07047390192747116,,,
36,1136,0.9845361709594727,0.9200443625450134,0.09353501349687576,,,
36,1137,0.9901018142700195,0.9436585307121277,0.07330020517110825,,,
36,1138,0.9909610748291016,0.9678879380226135,0.04027436673641205,,,
36,1139,0.9926948547363281,0.9572811722755432,0.05865475535392761,,,
36,1140,0.9849891662597656,0.9360014200210571,0.07501038163900375,,,
36,1141,0.9872589111328125,0.9447481632232666,0.06655608862638474,,,
36,1142,0.9871816635131836,0.9279720187187195,0.08838740736246109,,,
36,1143,0.9873132705688477,0.9111166000366211,0.11249051988124847,,,
36,1144,0.9901008605957031,0.9455252289772034,0.07061029970645905,,,
36,1145,0.9858074188232422,0.9372520446777344,0.07306323200464249,,,
36,1146,0.9879341125488281,0.9543505907058716,0.05586237832903862,,,
36,1146,,,,0.9538023471832275,0.837290346622467,0.22525770962238312
37,1147,0.9867887496948242,0.9021929502487183,0.12287556380033493,,,
37,1148,0.9881839752197266,0.955011248588562,0.055385418236255646,,,
37,1149,0.9915924072265625,0.9461733102798462,0.0725269615650177,,,
37,1150,0.9878635406494141,0.9451397061347961,0.0662185475230217,,,
37,1151,0.9927291870117188,0.9556041955947876,0.061510927975177765,,,
37,1152,0.9876995086669922,0.9124193787574768,0.11137845367193222,,,
37,1153,0.9880437850952148,0.9576378464698792,0.051202692091464996,,,
37,1154,0.9866704940795898,0.9474388957023621,0.06342456489801407,,,
37,1155,0.9896430969238281,0.9111452698707581,0.1190556213259697,,,
37,1156,0.9893369674682617,0.9464341998100281,0.0662580356001854,,,
37,1157,0.9834842681884766,0.9175980687141418,0.09589974582195282,,,
37,1158,0.9901266098022461,0.9186404943466187,0.11093880236148834,,,
37,1159,0.9893646240234375,0.9562849998474121,0.05444474518299103,,,
37,1160,0.9865131378173828,0.9550480842590332,0.05426761135458946,,,
37,1161,0.9820365905761719,0.9245125651359558,0.08489193767309189,,,
37,1162,0.9916725158691406,0.9530507326126099,0.062363844364881516,,,
37,1163,0.9909133911132812,0.9306908249855042,0.09433401376008987,,,
37,1164,0.9906587600708008,0.9401199221611023,0.07849746942520142,,,
37,1165,0.9889507293701172,0.9183773994445801,0.10742577910423279,,,
37,1166,0.9897184371948242,0.9545009732246399,0.05653739348053932,,,
37,1167,0.9906835556030273,0.9250217080116272,0.10431008040904999,,,
37,1168,0.9844560623168945,0.8946425914764404,0.12840649485588074,,,
37,1169,0.9880952835083008,0.9116597771644592,0.11277240514755249,,,
37,1170,0.9867219924926758,0.9562575817108154,0.053267188370227814,,,
37,1171,0.9889974594116211,0.9456772804260254,0.06609024107456207,,,
37,1172,0.991572380065918,0.9475265741348267,0.07042612135410309,,,
37,1173,0.9791030883789062,0.9299361109733582,0.08023572713136673,,,
37,1174,0.9911880493164062,0.9612578749656677,0.04859650880098343,,,
37,1175,0.985987663269043,0.9401838779449463,0.07174605131149292,,,
37,1176,0.9866390228271484,0.9130623936653137,0.10717041045427322,,,
37,1177,0.9830780029296875,0.8215248584747314,0.21994061768054962,,,
37,1177,,,,0.9547716975212097,0.8402279019355774,0.22403717041015625
38,1178,0.9876546859741211,0.9056328535079956,0.1205570250749588,,,
38,1179,0.9904928207397461,0.9393048286437988,0.07944357395172119,,,
38,1180,0.9867744445800781,0.891778826713562,0.13655684888362885,,,
38,1181,0.9861230850219727,0.8932279348373413,0.1315165013074875,,,
38,1182,0.9901151657104492,0.9475967288017273,0.06654209643602371,,,
38,1183,0.9888105392456055,0.9384401440620422,0.07647279649972916,,,
38,1184,0.9859151840209961,0.9162256717681885,0.10203847289085388,,,
38,1185,0.9885292053222656,0.9420172572135925,0.07033846527338028,,,
38,1186,0.991185188293457,0.9576432704925537,0.05451759696006775,,,
38,1187,0.9847917556762695,0.9245662093162537,0.08871932327747345,,,
38,1188,0.987025260925293,0.9411094784736633,0.07065766304731369,,,
38,1189,0.9915704727172852,0.9464218616485596,0.0732765942811966,,,
38,1190,0.9917230606079102,0.9524571299552917,0.06276459991931915,,,
38,1191,0.9903202056884766,0.8805755972862244,0.1669275462627411,,,
38,1192,0.9899053573608398,0.9534909129142761,0.056831590831279755,,,
38,1193,0.9892168045043945,0.8717969059944153,0.17823894321918488,,,
38,1194,0.987187385559082,0.9470589756965637,0.06184452027082443,,,
38,1195,0.986973762512207,0.9352651238441467,0.07760573923587799,,,
38,1196,0.9873952865600586,0.9387934803962708,0.07337142527103424,,,
38,1197,0.9871311187744141,0.937177300453186,0.07683668285608292,,,
38,1198,0.985539436340332,0.9506745338439941,0.05821876600384712,,,
38,1199,0.9862909317016602,0.9024372100830078,0.11881504952907562,,,
38,1200,0.9871311187744141,0.9534111022949219,0.054276902228593826,,,
38,1201,0.9866256713867188,0.937764048576355,0.07208319753408432,,,
38,1202,0.9863252639770508,0.8770903944969177,0.15583854913711548,,,
38,1203,0.9861106872558594,0.9211589097976685,0.09458053112030029,,,
38,1204,0.9911890029907227,0.9684814810752869,0.03968781977891922,,,
38,1205,0.9892263412475586,0.9380480647087097,0.07712500542402267,,,
38,1206,0.9915933609008789,0.9607377648353577,0.0499686598777771,,,
38,1207,0.9870052337646484,0.9596855640411377,0.04894484207034111,,,
38,1208,0.9829826354980469,0.9483431577682495,0.06042766943573952,,,
38,1208,,,,0.952423095703125,0.83524489402771,0.22568069398403168
39,1209,0.9879007339477539,0.9534155130386353,0.0544896200299263,,,
39,1210,0.9872398376464844,0.8984856009483337,0.12605750560760498,,,
39,1211,0.9894733428955078,0.938844621181488,0.07666274160146713,,,
39,1212,0.9899301528930664,0.9261887073516846,0.09672937542200089,,,
39,1213,0.9885730743408203,0.9465180039405823,0.06461068987846375,,,
39,1214,0.9872322082519531,0.9052170515060425,0.11881163716316223,,,
39,1215,0.9870262145996094,0.8749793171882629,0.15959930419921875,,,
39,1216,0.9897804260253906,0.9457071423530579,0.06712177395820618,,,
39,1217,0.9874238967895508,0.9172539114952087,0.10247837752103806,,,
39,1218,0.9897184371948242,0.9644598364830017,0.042938701808452606,,,
39,1219,0.9899482727050781,0.957338273525238,0.0518634207546711,,,
39,1220,0.9897356033325195,0.9291213154792786,0.09289567172527313,,,
39,1221,0.9875764846801758,0.9372413754463196,0.07445409148931503,,,
39,1222,0.9874362945556641,0.9427812099456787,0.06851545721292496,,,
39,1223,0.990208625793457,0.9168320298194885,0.1140514463186264,,,
39,1224,0.9896717071533203,0.9145717024803162,0.11377787590026855,,,
39,1225,0.9846763610839844,0.920606791973114,0.0938965454697609,,,
39,1226,0.9913692474365234,0.9641126394271851,0.04366196319460869,,,
39,1227,0.9860715866088867,0.9399667978286743,0.06969338655471802,,,
39,1228,0.9859504699707031,0.9500415325164795,0.05757616087794304,,,
39,1229,0.9918203353881836,0.9646334052085876,0.04426468536257744,,,
39,1230,0.9851016998291016,0.9313364028930664,0.07960142195224762,,,
39,1231,0.9834890365600586,0.9382855296134949,0.0702265128493309,,,
39,1232,0.9869136810302734,0.9405472278594971,0.06897192448377609,,,
39,1233,0.9885673522949219,0.9325520396232605,0.08182987570762634,,,
39,1234,0.9882059097290039,0.935380220413208,0.07709692418575287,,,
39,1235,0.9821491241455078,0.9070554971694946,0.10760004818439484,,,
39,1236,0.9931364059448242,0.9771127104759216,0.02981029450893402,,,
39,1237,0.9909229278564453,0.9330599904060364,0.08930276334285736,,,
39,1238,0.9886159896850586,0.9135225415229797,0.11021444946527481,,,
39,1239,0.9837443232536316,0.895935595035553,0.12424378842115402,,,
39,1239,,,,0.9534568786621094,0.8355408906936646,0.22685541212558746
40,1240,0.9894599914550781,0.9409065842628479,0.07283546030521393,,,
40,1241,0.9887094497680664,0.9355353116989136,0.0801151692867279,,,
40,1242,0.9897537231445312,0.928159236907959,0.0926114171743393,,,
40,1243,0.9869451522827148,0.9387549757957458,0.07156415283679962,,,
40,1244,0.9903039932250977,0.948451042175293,0.06540154665708542,,,
40,1245,0.9912328720092773,0.9541271924972534,0.05894385278224945,,,
40,1246,0.9920711517333984,0.9747499227523804,0.032872799783945084,,,
40,1247,0.9870357513427734,0.9473490715026855,0.06270010024309158,,,
40,1248,0.9883918762207031,0.929754912853241,0.08511092513799667,,,
40,1249,0.9891252517700195,0.941770613193512,0.07116732746362686,,,
40,1250,0.9912891387939453,0.9400321841239929,0.08115653693675995,,,
40,1251,0.9904937744140625,0.9382380843162537,0.08048146963119507,,,
40,1252,0.9894886016845703,0.9003778100013733,0.1316576451063156,,,
40,1253,0.9894390106201172,0.9090423583984375,0.11799217015504837,,,
40,1254,0.9855079650878906,0.9492297172546387,0.05863368883728981,,,
40,1255,0.9840459823608398,0.8855205178260803,0.13422484695911407,,,
40,1256,0.9873170852661133,0.9046345353126526,0.11756066977977753,,,
40,1257,0.9897785186767578,0.9442940354347229,0.06956430524587631,,,
40,1258,0.9856443405151367,0.9451173543930054,0.0636303499341011,,,
40,1259,0.9893465042114258,0.9248846769332886,0.09395961463451385,,,
40,1260,0.9889087677001953,0.9593493342399597,0.050003450363874435,,,
40,1261,0.9904136657714844,0.9598190188407898,0.049339670687913895,,,
40,1262,0.9855680465698242,0.9347979426383972,0.07545633614063263,,,
40,1263,0.9872455596923828,0.9548212289810181,0.052856795489788055,,,
40,1264,0.9870405197143555,0.9308187365531921,0.08252888172864914,,,
40,1265,0.9881582260131836,0.9016451835632324,0.12370825558900833,,,
40,1266,0.9917268753051758,0.9219543933868408,0.1081756055355072,,,
40,1267,0.9917497634887695,0.9454855918884277,0.07363761961460114,,,
40,1268,0.9907369613647461,0.95269775390625,0.05846982076764107,,,
40,1269,0.9861030578613281,0.9393144249916077,0.07186292856931686,,,
40,1270,0.9872449040412903,0.9570325613021851,0.05052609741687775,,,
40,1270,,,,0.9532114863395691,0.834901750087738,0.22774648666381836
41,1271,0.9914646148681641,0.9361849427223206,0.0833631306886673,,,
41,1272,0.9864540100097656,0.94199538230896,0.06737812608480453,,,
41,1273,0.9845256805419922,0.9156100153923035,0.09913701564073563,,,
41,1274,0.9881248474121094,0.9172344207763672,0.1036837175488472,,,
41,1275,0.9891872406005859,0.9346219301223755,0.08063548803329468,,,
41,1276,0.9884185791015625,0.9390422701835632,0.07309041917324066,,,
41,1277,0.9884061813354492,0.9212782382965088,0.09851432591676712,,,
41,1278,0.9893999099731445,0.9600895047187805,0.04814786836504936,,,
41,1279,0.9923772811889648,0.9575768113136292,0.0561300627887249,,,
41,1280,0.9902620315551758,0.9496275186538696,0.06372179090976715,,,
41,1281,0.9851140975952148,0.8350766897201538,0.20307576656341553,,,
41,1282,0.9883861541748047,0.9015951156616211,0.12551937997341156,,,
41,1283,0.9894657135009766,0.9695662260055542,0.03893912211060524,,,
41,1284,0.9883270263671875,0.9387840628623962,0.07410576194524765,,,
41,1285,0.9870424270629883,0.9470251202583313,0.062310632318258286,,,
41,1286,0.9880075454711914,0.9432940483093262,0.06779051572084427,,,
41,1287,0.9875602722167969,0.9007623195648193,0.12348752468824387,,,
41,1288,0.9865560531616211,0.941006600856781,0.06863878667354584,,,
41,1289,0.9925861358642578,0.9457141757011414,0.07542796432971954,,,
41,1290,0.9874429702758789,0.9012427926063538,0.12436679750680923,,,
41,1291,0.9920549392700195,0.967989444732666,0.041023898869752884,,,
41,1292,0.9895009994506836,0.931514322757721,0.08598439395427704,,,
41,1293,0.9914569854736328,0.9441983699798584,0.07175953686237335,,,
41,1294,0.9877386093139648,0.9564110636711121,0.0513305738568306,,,
41,1295,0.985356330871582,0.9542784094810486,0.05444848909974098,,,
41,1296,0.9894485473632812,0.9366058111190796,0.07712925970554352,,,
41,1297,0.9887256622314453,0.9000431299209595,0.12953802943229675,,,
41,1298,0.9878149032592773,0.9493281841278076,0.05872441455721855,,,
41,1299,0.9919872283935547,0.9678197503089905,0.039079971611499786,,,
41,1300,0.9900217056274414,0.926368772983551,0.09419342130422592,,,
41,1301,0.9924850463867188,0.971336305141449,0.03725063428282738,,,
41,1301,,,,0.9537086486816406,0.8382362127304077,0.2229577898979187
42,1302,0.9891195297241211,0.9408906102180481,0.07178886979818344,,,
42,1303,0.9915037155151367,0.9491405487060547,0.06552616506814957,,,
42,1304,0.9879989624023438,0.9492345452308655,0.0591803602874279,,,
42,1305,0.984715461730957,0.9091867208480835,0.10619852691888809,,,
42,1306,0.9894237518310547,0.9180654883384705,0.10477510839700699,,,
42,1307,0.9887104034423828,0.9666367173194885,0.041136421263217926,,,
42,1308,0.9903974533081055,0.9324984550476074,0.08735443651676178,,,
42,1309,0.9881486892700195,0.9335223436355591,0.07981821894645691,,,
42,1310,0.9851799011230469,0.8974257707595825,0.1236683651804924,,,
42,1311,0.9883699417114258,0.9296972155570984,0.08459297567605972,,,
42,1312,0.9895544052124023,0.9348500967025757,0.08001454174518585,,,
42,1313,0.9887313842773438,0.9330936074256897,0.08269944787025452,,,
42,1314,0.9921798706054688,0.9752992987632751,0.031821805983781815,,,
42,1315,0.9903907775878906,0.9588605165481567,0.05032457038760185,,,
42,1316,0.9936800003051758,0.9656256437301636,0.04650744050741196,,,
42,1317,0.991572380065918,0.9497554898262024,0.0656902939081192,,,
42,1318,0.9872245788574219,0.8527766466140747,0.18801090121269226,,,
42,1319,0.9862766265869141,0.9386534690856934,0.07012714445590973,,,
42,1320,0.9896402359008789,0.9392392039299011,0.07490763068199158,,,
42,1321,0.9895830154418945,0.9190121293067932,0.10232026875019073,,,
42,1322,0.9904289245605469,0.9598143696784973,0.047480467706918716,,,
42,1323,0.9906826019287109,0.9490540623664856,0.06397411227226257,,,
42,1324,0.9885873794555664,0.9463673233985901,0.06462118774652481,,,
42,1325,0.9895505905151367,0.961097776889801,0.047516364604234695,,,
42,1326,0.9897308349609375,0.9496226906776428,0.05977783352136612,,,
42,1327,0.9847412109375,0.9143422842025757,0.09961902350187302,,,
42,1328,0.9893569946289062,0.9305347800254822,0.08898233622312546,,,
42,1329,0.9887552261352539,0.9445716142654419,0.06567879766225815,,,
42,1330,0.9888525009155273,0.9494551420211792,0.06103780120611191,,,
42,1331,0.9915790557861328,0.937225878238678,0.08432459831237793,,,
42,1332,0.9894701838493347,0.9596538543701172,0.0488995723426342,,,
42,1332,,,,0.9530491232872009,0.8360942006111145,0.22289890050888062
43,1333,0.9878730773925781,0.9373528361320496,0.0748760998249054,,,
43,1334,0.9898490905761719,0.9473374485969543,0.0641200840473175,,,
43,1335,0.9858274459838867,0.9430418610572815,0.06647412478923798,,,
43,1336,0.9902467727661133,0.9583681225776672,0.04985315725207329,,,
43,1337,0.9890556335449219,0.8977375030517578,0.12956464290618896,,,
43,1338,0.9885892868041992,0.9328747987747192,0.08327071368694305,,,
43,1339,0.9894876480102539,0.9541308283805847,0.0560312382876873,,,
43,1340,0.9889297485351562,0.9516393542289734,0.05725802853703499,,,
43,1341,0.9868192672729492,0.8361994624137878,0.21442866325378418,,,
43,1342,0.9877805709838867,0.961020827293396,0.046361349523067474,,,
43,1343,0.9899959564208984,0.9597246646881104,0.04901871830224991,,,
43,1344,0.9864511489868164,0.9185649156570435,0.09485484659671783,,,
43,1345,0.9900979995727539,0.9575283527374268,0.0503794364631176,,,
43,1346,0.9891366958618164,0.9358036518096924,0.07814642041921616,,,
43,1347,0.9869604110717773,0.9459800124168396,0.06298460811376572,,,
43,1348,0.990234375,0.9664821624755859,0.040722623467445374,,,
43,1349,0.9879932403564453,0.9000309705734253,0.1240869089961052,,,
43,1350,0.9860267639160156,0.9441328644752502,0.06441555172204971,,,
43,1351,0.9900493621826172,0.9536184072494507,0.05484818294644356,,,
43,1352,0.986602783203125,0.9026897549629211,0.11724460124969482,,,
43,1353,0.9875907897949219,0.9245873689651489,0.08956628292798996,,,
43,1354,0.9878129959106445,0.9113320708274841,0.10920815914869308,,,
43,1355,0.9919509887695312,0.9458929300308228,0.07077992707490921,,,
43,1356,0.9902162551879883,0.9007622599601746,0.1301523894071579,,,
43,1357,0.990814208984375,0.9515999555587769,0.05981159210205078,,,
43,1358,0.9903116226196289,0.9268383979797363,0.09339519590139389,,,
43,1359,0.9908447265625,0.9427880048751831,0.07112924009561539,,,
43,1360,0.9875478744506836,0.9035622477531433,0.1175832599401474,,,
43,1361,0.990412712097168,0.9384459853172302,0.07728411257266998,,,
43,1362,0.9926471710205078,0.9770011305809021,0.030584242194890976,,,
43,1363,0.990899384021759,0.9619547128677368,0.04617829993367195,,,
43,1363,,,,0.9539061784744263,0.8370674848556519,0.22494973242282867
44,1364,0.9893426895141602,0.9722544550895691,0.03817557170987129,,,
44,1365,0.9888362884521484,0.9571889638900757,0.05093056708574295,,,
44,1366,0.9863862991333008,0.9271854758262634,0.0836629644036293,,,
44,1367,0.9876718521118164,0.9208859205245972,0.09309140592813492,,,
44,1368,0.9900741577148438,0.9493138194084167,0.060794103890657425,,,
44,1369,0.9904813766479492,0.9392787218093872,0.07420700043439865,,,
44,1370,0.9902257919311523,0.9455115795135498,0.06604716181755066,,,
44,1371,0.9883766174316406,0.9117668271064758,0.10892017185688019,,,
44,1372,0.987940788269043,0.9343944787979126,0.07646481692790985,,,
44,1373,0.9898061752319336,0.9264481067657471,0.09244534373283386,,,
44,1374,0.9814634323120117,0.9022234678268433,0.11069849133491516,,,
44,1375,0.9858922958374023,0.9172396659851074,0.09619735926389694,,,
44,1376,0.9854488372802734,0.9194177985191345,0.09316938370466232,,,
44,1377,0.9901447296142578,0.9491817355155945,0.06214973330497742,,,
44,1378,0.9902219772338867,0.9467224478721619,0.06457416713237762,,,
44,1379,0.9885616302490234,0.8869354724884033,0.1439228653907776,,,
44,1380,0.9912471771240234,0.9713030457496643,0.03553704172372818,,,
44,1381,0.9904375076293945,0.9029848575592041,0.1269921511411667,,,
44,1382,0.9917001724243164,0.9501922726631165,0.06329149007797241,,,
44,1383,0.9857406616210938,0.92824786901474,0.08335191011428833,,,
44,1384,0.9929590225219727,0.9557002186775208,0.05827579274773598,,,
44,1385,0.9942808151245117,0.9655540585517883,0.05286409333348274,,,
44,1386,0.9882192611694336,0.9658361673355103,0.04244775325059891,,,
44,1387,0.9859933853149414,0.923656702041626,0.08766932785511017,,,
44,1388,0.9881401062011719,0.8993215560913086,0.12227614223957062,,,
44,1389,0.9875574111938477,0.8871532678604126,0.13690577447414398,,,
44,1390,0.9875164031982422,0.9557200074195862,0.0512496754527092,,,
44,1391,0.9867916107177734,0.9432184100151062,0.0637340098619461,,,
44,1392,0.9838466644287109,0.9177143573760986,0.09231922775506973,,,
44,1393,0.9895439147949219,0.9479060769081116,0.06097939983010292,,,
44,1394,0.9906539916992188,0.9542822241783142,0.05578913167119026,,,
44,1394,,,,0.953362762928009,0.8346924781799316,0.22564291954040527
45,1395,0.9881143569946289,0.9445909261703491,0.06460623443126678,,,
45,1396,0.9879388809204102,0.9412464499473572,0.06764201074838638,,,
45,1397,0.9839448928833008,0.9441788196563721,0.06353136152029037,,,
45,1398,0.9882659912109375,0.9145870208740234,0.10315953195095062,,,
45,1399,0.9887819290161133,0.9086992740631104,0.11348459869623184,,,
45,1400,0.9883852005004883,0.9123346209526062,0.10976910591125488,,,
45,1401,0.9870166778564453,0.9064978957176208,0.10958099365234375,,,
45,1402,0.9888296127319336,0.9288041591644287,0.08576084673404694,,,
45,1403,0.9869728088378906,0.9309134483337402,0.07861150801181793,,,
45,1404,0.9863758087158203,0.9081079363822937,0.10783614218235016,,,
45,1405,0.9920005798339844,0.9494783878326416,0.06476452201604843,,,
45,1406,0.991328239440918,0.9555476307868958,0.05416370555758476,,,
45,1407,0.9871530532836914,0.9410229921340942,0.06711223721504211,,,
45,1408,0.9833335876464844,0.8980140686035156,0.11531979590654373,,,
45,1409,0.988865852355957,0.9619040489196777,0.04553863778710365,,,
45,1410,0.9879856109619141,0.9584250450134277,0.04809236153960228,,,
45,1411,0.9855852127075195,0.9175075888633728,0.09517829120159149,,,
45,1412,0.9898738861083984,0.9233778119087219,0.09464837610721588,,,
45,1413,0.9900846481323242,0.9367251992225647,0.07829249650239944,,,
45,1414,0.9880084991455078,0.9187731146812439,0.09683078527450562,,,
45,1415,0.9855966567993164,0.9067957401275635,0.10786860436201096,,,
45,1416,0.9890069961547852,0.9674496054649353,0.03948047757148743,,,
45,1417,0.989933967590332,0.9477496147155762,0.06197906285524368,,,
45,1418,0.9901838302612305,0.9656721353530884,0.040783196687698364,,,
45,1419,0.9876651763916016,0.9455634951591492,0.06273768842220306,,,
45,1420,0.9873905181884766,0.8512978553771973,0.18572266399860382,,,
45,1421,0.9923667907714844,0.9537287354469299,0.05901845917105675,,,
45,1422,0.9909286499023438,0.9740923047065735,0.033085327595472336,,,
45,1423,0.9904708862304688,0.9451976418495178,0.06760504096746445,,,
45,1424,0.9906072616577148,0.9471041560173035,0.0641603097319603,,,
45,1425,0.9928271174430847,0.9461315274238586,0.0719754695892334,,,
45,1425,,,,0.9534581303596497,0.8341647386550903,0.22696608304977417
46,1426,0.9854288101196289,0.9518158435821533,0.05535105988383293,,,
46,1427,0.9921588897705078,0.9711534976959229,0.0362849198281765,,,
46,1428,0.9883546829223633,0.9053850769996643,0.11648977547883987,,,
46,1429,0.9899311065673828,0.9566950798034668,0.05004628002643585,,,
46,1430,0.9905595779418945,0.9249950647354126,0.09507949650287628,,,
46,1431,0.9910001754760742,0.9503532648086548,0.060509905219078064,,,
46,1432,0.9909477233886719,0.9558700323104858,0.05370583385229111,,,
46,1433,0.9913625717163086,0.9645997881889343,0.042942553758621216,,,
46,1434,0.9918184280395508,0.9523912668228149,0.05925877019762993,,,
46,1435,0.9902029037475586,0.9608787894248962,0.04623741656541824,,,
46,1436,0.9873590469360352,0.9617366194725037,0.04486461356282234,,,
46,1437,0.9919281005859375,0.9639055728912354,0.044446974992752075,,,
46,1438,0.9862432479858398,0.926447331905365,0.08483371138572693,,,
46,1439,0.9908275604248047,0.9396657943725586,0.07468751072883606,,,
46,1440,0.9916753768920898,0.9551092982292175,0.05597187578678131,,,
46,1441,0.9899778366088867,0.8328481912612915,0.22160771489143372,,,
46,1442,0.9874324798583984,0.9083855748176575,0.10928749293088913,,,
46,1443,0.9840555191040039,0.9000771045684814,0.1134888157248497,,,
46,1444,0.9879426956176758,0.9087114930152893,0.11143940687179565,,,
46,1445,0.987579345703125,0.9048787355422974,0.11450802534818649,,,
46,1446,0.9890117645263672,0.9636362195014954,0.04379866272211075,,,
46,1447,0.9902172088623047,0.9432148933410645,0.06862906366586685,,,
46,1448,0.9874839782714844,0.9449415802955627,0.06336531043052673,,,
46,1449,0.990626335144043,0.941338300704956,0.07183250039815903,,,
46,1450,0.9928302764892578,0.9674731492996216,0.04060059413313866,,,
46,1451,0.9873390197753906,0.9291130304336548,0.08277837932109833,,,
46,1452,0.9869089126586914,0.9221975207328796,0.09019777178764343,,,
46,1453,0.9852066040039062,0.9010449051856995,0.11573568731546402,,,
46,1454,0.9890413284301758,0.9396480917930603,0.07050762325525284,,,
46,1455,0.9891376495361328,0.9523546695709229,0.05553490296006203,,,
46,1456,0.9899177551269531,0.9303569793701172,0.08565741032361984,,,
46,1456,,,,0.9518097639083862,0.8339470028877258,0.22405467927455902
47,1457,0.9900121688842773,0.93351149559021,0.08192808926105499,,,
47,1458,0.9923763275146484,0.9575644731521606,0.053410034626722336,,,
47,1459,0.9886035919189453,0.9431380033493042,0.06749919801950455,,,
47,1460,0.9908332824707031,0.953666627407074,0.05572354421019554,,,
47,1461,0.9899158477783203,0.9497717618942261,0.05989572033286095,,,
47,1462,0.9915266036987305,0.9485008120536804,0.06295102834701538,,,
47,1463,0.9895725250244141,0.946943461894989,0.06349960714578629,,,
47,1464,0.9883089065551758,0.9356259703636169,0.07626111060380936,,,
47,1465,0.9894332885742188,0.9518110156059265,0.05606013536453247,,,
47,1466,0.9898176193237305,0.9479670524597168,0.06114542484283447,,,
47,1467,0.9926548004150391,0.9675901532173157,0.03921797126531601,,,
47,1468,0.990046501159668,0.9526370167732239,0.05634227767586708,,,
47,1469,0.9925899505615234,0.968315839767456,0.038166940212249756,,,
47,1470,0.9869699478149414,0.930629551410675,0.0803246945142746,,,
47,1471,0.9898290634155273,0.952052116394043,0.05599180981516838,,,
47,1472,0.987879753112793,0.9305545687675476,0.08064527064561844,,,
47,1473,0.9850578308105469,0.8576762080192566,0.16762804985046387,,,
47,1474,0.9901866912841797,0.9632037281990051,0.04433493688702583,,,
47,1475,0.9864654541015625,0.8971452713012695,0.12311191856861115,,,
47,1476,0.989537239074707,0.9517951011657715,0.056900493800640106,,,
47,1477,0.9886760711669922,0.9459813833236694,0.06314648687839508,,,
47,1478,0.9920196533203125,0.9608843922615051,0.04737504944205284,,,
47,1479,0.9895000457763672,0.9266781806945801,0.089948870241642,,,
47,1480,0.9933109283447266,0.9715440273284912,0.03643767163157463,,,
47,1481,0.9898700714111328,0.9406323432922363,0.07147117704153061,,,
47,1482,0.9867544174194336,0.9181232452392578,0.09562554210424423,,,
47,1483,0.9865856170654297,0.9497175812721252,0.0571150928735733,,,
47,1484,0.9909648895263672,0.9577153325080872,0.05070952698588371,,,
47,1485,0.9864540100097656,0.9101012945175171,0.10575693845748901,,,
47,1486,0.9915609359741211,0.9430125951766968,0.07032012194395065,,,
47,1487,0.9871368408203125,0.9335103631019592,0.0767572745680809,,,
47,1487,,,,0.9544050693511963,0.8407173752784729,0.2181430459022522
48,1488,0.9840497970581055,0.9013047218322754,0.11304020136594772,,,
48,1489,0.9885492324829102,0.9408490061759949,0.06963463127613068,,,
48,1490,0.9890823364257812,0.9371493458747864,0.07463905960321426,,,
48,1491,0.988825798034668,0.9247878789901733,0.08847010135650635,,,
48,1492,0.9907875061035156,0.9583964943885803,0.04980872943997383,,,
48,1493,0.9908781051635742,0.9320151209831238,0.0852871835231781,,,
48,1494,0.9877510070800781,0.8503309488296509,0.18614540994167328,,,
48,1495,0.9913406372070312,0.960819661617279,0.046699974685907364,,,
48,1496,0.9892196655273438,0.9263674020767212,0.08963894098997116,,,
48,1497,0.986241340637207,0.9188212752342224,0.0939425453543663,,,
48,1498,0.9911470413208008,0.9579015374183655,0.05091933161020279,,,
48,1499,0.9890403747558594,0.9537824392318726,0.05316515266895294,,,
48,1500,0.9892807006835938,0.9560908079147339,0.05158436670899391,,,
48,1501,0.9922103881835938,0.9744503498077393,0.03218938410282135,,,
48,1502,0.9875917434692383,0.9460572004318237,0.061847515404224396,,,
48,1503,0.9876279830932617,0.9182571172714233,0.0957004576921463,,,
48,1504,0.9887847900390625,0.9619144797325134,0.04429006949067116,,,
48,1505,0.9941492080688477,0.9677603840827942,0.04163069278001785,,,
48,1506,0.9908952713012695,0.969852864742279,0.03606817498803139,,,
48,1507,0.9881553649902344,0.9043489694595337,0.11483115702867508,,,
48,1508,0.9889659881591797,0.9336400032043457,0.07806174457073212,,,
48,1509,0.9862709045410156,0.9355632662773132,0.07309024780988693,,,
48,1510,0.9882116317749023,0.9412620067596436,0.06763095408678055,,,
48,1511,0.9910602569580078,0.9079834818840027,0.11913919448852539,,,
48,1512,0.9899473190307617,0.9475619196891785,0.06323902308940887,,,
48,1513,0.9909543991088867,0.950663685798645,0.059509407728910446,,,
48,1514,0.9902496337890625,0.9569005966186523,0.05193118378520012,,,
48,1515,0.9931573867797852,0.9695510268211365,0.03731826692819595,,,
48,1516,0.9917593002319336,0.960669994354248,0.047742728143930435,,,
48,1517,0.9885721206665039,0.9456762671470642,0.06206962838768959,,,
48,1518,0.9916369318962097,0.8725733160972595,0.17364872992038727,,,
48,1518,,,,0.9551544189453125,0.841180682182312,0.21962888538837433
49,1519,0.988591194152832,0.9195088148117065,0.09631010890007019,,,
49,1520,0.9889726638793945,0.9592146873474121,0.047483891248703,,,
49,1521,0.9875497817993164,0.9590911269187927,0.04710206016898155,,,
49,1522,0.9884529113769531,0.9226513504981995,0.09281022101640701,,,
49,1523,0.9868364334106445,0.9501113295555115,0.057622022926807404,,,
49,1524,0.9911508560180664,0.9523826837539673,0.05666511505842209,,,
49,1525,0.9887685775756836,0.8672969341278076,0.16533491015434265,,,
49,1526,0.9889049530029297,0.9407069683074951,0.06837242096662521,,,
49,1527,0.989018440246582,0.9379258751869202,0.07341453433036804,,,
49,1528,0.9925317764282227,0.9693928360939026,0.036511797457933426,,,
49,1529,0.9906520843505859,0.9618351459503174,0.04521196335554123,,,
49,1530,0.9912986755371094,0.9649825692176819,0.0414530448615551,,,
49,1531,0.9841575622558594,0.9330355525016785,0.07472912967205048,,,
49,1532,0.9890203475952148,0.9368621110916138,0.07405268400907516,,,
49,1533,0.992711067199707,0.9388799667358398,0.07952149212360382,,,
49,1534,0.9880733489990234,0.9365718364715576,0.07484006881713867,,,
49,1535,0.9902744293212891,0.9643816351890564,0.04160166159272194,,,
49,1536,0.9892187118530273,0.9204304814338684,0.09546622633934021,,,
49,1537,0.9865150451660156,0.9098874926567078,0.1056072786450386,,,
49,1538,0.9907045364379883,0.9544234275817871,0.05424601584672928,,,
49,1539,0.9923086166381836,0.8908172845840454,0.15186208486557007,,,
49,1540,0.9878482818603516,0.9392520785331726,0.07141249626874924,,,
49,1541,0.9889898300170898,0.9469456672668457,0.061699721962213516,,,
49,1542,0.9913244247436523,0.9584125876426697,0.04923328012228012,,,
49,1543,0.9910497665405273,0.9255548715591431,0.09222819656133652,,,
49,1544,0.9897279739379883,0.8723769783973694,0.16161194443702698,,,
49,1545,0.9882450103759766,0.9349472522735596,0.07563091814517975,,,
49,1546,0.9901533126831055,0.9605870842933655,0.04631524905562401,,,
49,1547,0.9910860061645508,0.9383504390716553,0.07513701915740967,,,
49,1548,0.9903564453125,0.9576974511146545,0.0499081164598465,,,
49,1549,0.9910456538200378,0.9658346176147461,0.03978259861469269,,,
49,1549,,,,0.9532008767127991,0.8354194164276123,0.22336257994174957
