epoch,step,train_BinaryAccuracy,train_BinaryJaccardIndex,train_loss,val_BinaryAccuracy,val_BinaryJaccardIndex,val_loss
0,0,0.6327247619628906,0.132449671626091,0.8564471006393433,,,
0,1,0.7282876968383789,0.270829439163208,0.811835527420044,,,
0,2,0.7721023559570312,0.3418980538845062,0.7786141037940979,,,
0,3,0.808624267578125,0.4249970614910126,0.7429851293563843,,,
0,4,0.8411417007446289,0.5847480297088623,0.6373119354248047,,,
0,5,0.856165885925293,0.5213034749031067,0.6952853202819824,,,
0,6,0.8591413497924805,0.4762078821659088,0.7334470748901367,,,
0,7,0.8192052841186523,0.33823320269584656,0.79944908618927,,,
0,8,0.906641960144043,0.700123131275177,0.5991395115852356,,,
0,9,0.9215974807739258,0.7601303458213806,0.5520639419555664,,,
0,10,0.8623685836791992,0.39818015694618225,0.782539963722229,,,
0,11,0.9223470687866211,0.7075587511062622,0.6062306761741638,,,
0,12,0.916172981262207,0.6199274659156799,0.6799904108047485,,,
0,13,0.9346628189086914,0.7883712649345398,0.5328598022460938,,,
0,14,0.8965883255004883,0.5539618134498596,0.6968668103218079,,,
0,15,0.9166498184204102,0.5932981967926025,0.7010328769683838,,,
0,16,0.9312105178833008,0.786157488822937,0.510566234588623,,,
0,17,0.9428253173828125,0.8010123372077942,0.5258371233940125,,,
0,18,0.9394998550415039,0.8147544860839844,0.4942496418952942,,,
0,19,0.9582204818725586,0.8486683368682861,0.49667179584503174,,,
0,20,0.9192714691162109,0.6838327050209045,0.6067500114440918,,,
0,21,0.9078454971313477,0.6032249331474304,0.6587972640991211,,,
0,22,0.930485725402832,0.6766794323921204,0.6347358226776123,,,
0,23,0.926243782043457,0.7279314994812012,0.5624323487281799,,,
0,24,0.9342441558837891,0.6963464617729187,0.61868816614151,,,
0,25,0.8569173812866211,0.3230871260166168,0.8190517425537109,,,
0,26,0.8891048431396484,0.3811264932155609,0.8079663515090942,,,
0,27,0.9497499465942383,0.8051519393920898,0.5253146886825562,,,
0,28,0.9310569763183594,0.6340164542198181,0.6720836162567139,,,
0,29,0.9161195755004883,0.5751746296882629,0.6917808055877686,,,
0,30,0.8929951786994934,0.4251362979412079,0.7773966789245605,,,
0,30,,,,0.9104652404785156,0.737034022808075,0.5085955262184143
1,31,0.916264533996582,0.5135837197303772,0.7451901435852051,,,
1,32,0.9527349472045898,0.8645545244216919,0.4161999225616455,,,
1,33,0.9463176727294922,0.7811464667320251,0.5353712439537048,,,
1,34,0.9592580795288086,0.7808898687362671,0.5985444784164429,,,
1,35,0.9474573135375977,0.7898925542831421,0.5193294286727905,,,
1,36,0.9523763656616211,0.7646734714508057,0.5799750685691833,,,
1,37,0.9540624618530273,0.7910900115966797,0.5456255674362183,,,
1,38,0.9151792526245117,0.5559477806091309,0.7012361288070679,,,
1,39,0.9544363021850586,0.828831136226654,0.4827702045440674,,,
1,40,0.9505243301391602,0.7919780611991882,0.5224297046661377,,,
1,41,0.9124050140380859,0.5823519229888916,0.6660261154174805,,,
1,42,0.9590120315551758,0.8227940201759338,0.5156047344207764,,,
1,43,0.9399309158325195,0.7069322466850281,0.6026176810264587,,,
1,44,0.9168968200683594,0.5244799256324768,0.7262241840362549,,,
1,45,0.9352407455444336,0.7454367280006409,0.5409461259841919,,,
1,46,0.970001220703125,0.8920021057128906,0.42192673683166504,,,
1,47,0.9407615661621094,0.7075242400169373,0.6005362272262573,,,
1,48,0.9556121826171875,0.7457626461982727,0.6217891573905945,,,
1,49,0.9507131576538086,0.7502850890159607,0.5807866454124451,,,
1,50,0.9481210708618164,0.7349041104316711,0.5927945375442505,,,
1,51,0.9594354629516602,0.8433350920677185,0.4585692882537842,,,
1,52,0.9298276901245117,0.6208728551864624,0.6598508358001709,,,
1,53,0.9625892639160156,0.8122334480285645,0.5450083017349243,,,
1,54,0.9721698760986328,0.8816025853157043,0.4544529318809509,,,
1,55,0.9701080322265625,0.8699640035629272,0.4652627110481262,,,
1,56,0.969599723815918,0.8965882062911987,0.3901568055152893,,,
1,57,0.9493827819824219,0.7456182241439819,0.5727038383483887,,,
1,58,0.9457464218139648,0.7300333380699158,0.5852322578430176,,,
1,59,0.9651327133178711,0.8647226691246033,0.4420442581176758,,,
1,60,0.9443597793579102,0.6614028215408325,0.6572787761688232,,,
1,61,0.9691035151481628,0.8925855755805969,0.381999135017395,,,
1,61,,,,0.9474330544471741,0.8245239853858948,0.4561094045639038
2,62,0.9646997451782227,0.8451093435287476,0.470672607421875,,,
2,63,0.9639186859130859,0.8032911419868469,0.5506376028060913,,,
2,64,0.9587745666503906,0.8196488618850708,0.4825136661529541,,,
2,65,0.9556179046630859,0.7424913048744202,0.5993727445602417,,,
2,66,0.9425077438354492,0.6774064302444458,0.6210374236106873,,,
2,67,0.9628896713256836,0.8681768774986267,0.41209620237350464,,,
2,68,0.9399013519287109,0.718489944934845,0.5747716426849365,,,
2,69,0.9372930526733398,0.61190265417099,0.6766747236251831,,,
2,70,0.9385929107666016,0.6456460952758789,0.6495224237442017,,,
2,71,0.9596433639526367,0.8031291365623474,0.5161375999450684,,,
2,72,0.9701557159423828,0.8597096800804138,0.4751189947128296,,,
2,73,0.9784603118896484,0.9212576150894165,0.364809513092041,,,
2,74,0.9679250717163086,0.8308003544807434,0.5139545798301697,,,
2,75,0.9531793594360352,0.7882969379425049,0.5018627643585205,,,
2,76,0.9565181732177734,0.8253203630447388,0.4544374346733093,,,
2,77,0.9622879028320312,0.8080481290817261,0.5130816102027893,,,
2,78,0.9589262008666992,0.7422993183135986,0.6057745218276978,,,
2,79,0.9481544494628906,0.7487545013427734,0.5411168932914734,,,
2,80,0.964686393737793,0.8399181962013245,0.4607529044151306,,,
2,81,0.9636173248291016,0.8549313545227051,0.4191473722457886,,,
2,82,0.9525489807128906,0.7399181723594666,0.569027841091156,,,
2,83,0.965245246887207,0.7938767671585083,0.5572057962417603,,,
2,84,0.9696369171142578,0.8571017980575562,0.453869104385376,,,
2,85,0.9673395156860352,0.7962070107460022,0.5670739412307739,,,
2,86,0.9673566818237305,0.8707129955291748,0.4007503390312195,,,
2,87,0.965357780456543,0.872940182685852,0.383075475692749,,,
2,88,0.9680843353271484,0.8330106735229492,0.4924500584602356,,,
2,89,0.9655275344848633,0.9028622508049011,0.3022947311401367,,,
2,90,0.9512090682983398,0.7955636978149414,0.4647102952003479,,,
2,91,0.9614648818969727,0.8040882349014282,0.4963884949684143,,,
2,92,0.9576950073242188,0.8475035429000854,0.3944185972213745,,,
2,92,,,,0.9498244524002075,0.8324923515319824,0.41550296545028687
3,93,0.9662857055664062,0.8158558011054993,0.5117098093032837,,,
3,94,0.9543132781982422,0.7516639828681946,0.5412216186523438,,,
3,95,0.9626922607421875,0.7542744278907776,0.5921899676322937,,,
3,96,0.9628067016601562,0.8282392024993896,0.4625898003578186,,,
3,97,0.9749679565429688,0.8910609483718872,0.39824771881103516,,,
3,98,0.9666690826416016,0.8687925338745117,0.3909338712692261,,,
3,99,0.9740419387817383,0.9000425934791565,0.3516687750816345,,,
3,100,0.9793968200683594,0.9226882457733154,0.3293415904045105,,,
3,101,0.9440698623657227,0.7099913358688354,0.5520129203796387,,,
3,102,0.9468421936035156,0.7027564644813538,0.5709244012832642,,,
3,103,0.9689979553222656,0.8863292932510376,0.34937554597854614,,,
3,104,0.9536552429199219,0.8248736262321472,0.4046251177787781,,,
3,105,0.9738283157348633,0.8917171359062195,0.36966848373413086,,,
3,106,0.9686088562011719,0.8800782561302185,0.35575592517852783,,,
3,107,0.9593238830566406,0.7837733626365662,0.5062655210494995,,,
3,108,0.9807844161987305,0.9045736193656921,0.41384202241897583,,,
3,109,0.9452219009399414,0.644701361656189,0.6335437893867493,,,
3,110,0.9820594787597656,0.935184895992279,0.3013008236885071,,,
3,111,0.9680995941162109,0.8173458576202393,0.5000779628753662,,,
3,112,0.9542322158813477,0.7208007574081421,0.5724972486495972,,,
3,113,0.9647445678710938,0.8600258827209473,0.3730728030204773,,,
3,114,0.9613838195800781,0.8061071634292603,0.4665393829345703,,,
3,115,0.9768285751342773,0.9075914025306702,0.33548980951309204,,,
3,116,0.9571104049682617,0.7262634634971619,0.5760167837142944,,,
3,117,0.9745683670043945,0.8854131102561951,0.3804643154144287,,,
3,118,0.9681196212768555,0.8526954650878906,0.4161416292190552,,,
3,119,0.9694938659667969,0.8440081477165222,0.44213420152664185,,,
3,120,0.940089225769043,0.523993194103241,0.7326058149337769,,,
3,121,0.9669342041015625,0.8694819211959839,0.3512829542160034,,,
3,122,0.9561805725097656,0.7527896165847778,0.5240358114242554,,,
3,123,0.9682731628417969,0.8553632497787476,0.4026554226875305,,,
3,123,,,,0.9511188864707947,0.8364571928977966,0.38987278938293457
4,124,0.9692716598510742,0.8813231587409973,0.3370349407196045,,,
4,125,0.9735937118530273,0.8949487209320068,0.33386749029159546,,,
4,126,0.9699840545654297,0.8054518699645996,0.5260668992996216,,,
4,127,0.9656991958618164,0.8012576699256897,0.4958302974700928,,,
4,128,0.9695634841918945,0.881483793258667,0.3369336724281311,,,
4,129,0.9659242630004883,0.835718035697937,0.4204578399658203,,,
4,130,0.9581613540649414,0.6722571849822998,0.6414788961410522,,,
4,131,0.9746465682983398,0.8862980008125305,0.3621633052825928,,,
4,132,0.9719657897949219,0.8806302547454834,0.3511461019515991,,,
4,133,0.9780426025390625,0.9271067380905151,0.2624701261520386,,,
4,134,0.9717960357666016,0.8665487170219421,0.38776910305023193,,,
4,135,0.9688396453857422,0.8212503790855408,0.4698200821876526,,,
4,136,0.938746452331543,0.5756176114082336,0.6673010587692261,,,
4,137,0.9790678024291992,0.922403872013092,0.2817974090576172,,,
4,138,0.9745264053344727,0.8891885280609131,0.34439677000045776,,,
4,139,0.9679546356201172,0.8472108840942383,0.39851611852645874,,,
4,140,0.9776182174682617,0.9193688035011292,0.2758799195289612,,,
4,141,0.9522600173950195,0.7495735287666321,0.4891390800476074,,,
4,142,0.9743337631225586,0.88373863697052,0.3557979464530945,,,
4,143,0.9669513702392578,0.8358446955680847,0.4099522829055786,,,
4,144,0.9676218032836914,0.8232814073562622,0.44495266675949097,,,
4,145,0.9644336700439453,0.740426242351532,0.5753172636032104,,,
4,146,0.9642705917358398,0.765333354473114,0.5294663906097412,,,
4,147,0.9784727096557617,0.9014322757720947,0.339138925075531,,,
4,148,0.9777860641479492,0.9075931310653687,0.3069723844528198,,,
4,149,0.9771566390991211,0.9313585162162781,0.22760039567947388,,,
4,150,0.9586715698242188,0.63918536901474,0.6671702861785889,,,
4,151,0.9735345840454102,0.897096574306488,0.29763269424438477,,,
4,152,0.971522331237793,0.8672761917114258,0.3585771322250366,,,
4,153,0.9692296981811523,0.7511971592903137,0.5852417945861816,,,
4,154,0.965752899646759,0.7634239792823792,0.5361068248748779,,,
4,154,,,,0.9497506618499756,0.833237886428833,0.36276304721832275
5,155,0.973139762878418,0.8267003893852234,0.47506576776504517,,,
5,156,0.9721965789794922,0.7863925695419312,0.5472407341003418,,,
5,157,0.9750394821166992,0.9027007818222046,0.2907711863517761,,,
5,158,0.9760599136352539,0.9359135031700134,0.1990354061126709,,,
5,159,0.9635848999023438,0.7812294363975525,0.4819523096084595,,,
5,160,0.9707298278808594,0.9099331498146057,0.24047589302062988,,,
5,161,0.9627771377563477,0.7575141787528992,0.5167763233184814,,,
5,162,0.9679365158081055,0.8553431630134583,0.35301125049591064,,,
5,163,0.9692745208740234,0.7864377498626709,0.5140641927719116,,,
5,164,0.972381591796875,0.9014684557914734,0.26668715476989746,,,
5,165,0.9781055450439453,0.893122673034668,0.34440529346466064,,,
5,166,0.9822673797607422,0.9268560409545898,0.2734396457672119,,,
5,167,0.9840803146362305,0.90771484375,0.38069045543670654,,,
5,168,0.9771251678466797,0.9025628566741943,0.2968410849571228,,,
5,169,0.9622163772583008,0.6837210655212402,0.6159517168998718,,,
5,170,0.9644794464111328,0.7957130670547485,0.45028942823410034,,,
5,171,0.967289924621582,0.767939567565918,0.5222133994102478,,,
5,172,0.9784622192382812,0.9290885925292969,0.22287201881408691,,,
5,173,0.9765586853027344,0.8683350682258606,0.39256125688552856,,,
5,174,0.9644641876220703,0.7524251341819763,0.526660144329071,,,
5,175,0.9645290374755859,0.729358434677124,0.5671059489250183,,,
5,176,0.9629392623901367,0.7377269268035889,0.5397058725357056,,,
5,177,0.9694147109985352,0.8332067728042603,0.40292495489120483,,,
5,178,0.9755449295043945,0.9181082844734192,0.22974461317062378,,,
5,179,0.967341423034668,0.7722905278205872,0.5045789480209351,,,
5,180,0.9706287384033203,0.842873752117157,0.3857211470603943,,,
5,181,0.9732913970947266,0.8984693884849548,0.2660801410675049,,,
5,182,0.969080924987793,0.8287339806556702,0.40432262420654297,,,
5,183,0.981842041015625,0.9008968472480774,0.3510296940803528,,,
5,184,0.9739360809326172,0.8972896337509155,0.27123284339904785,,,
5,185,0.9805704951286316,0.9321220517158508,0.21963059902191162,,,
5,185,,,,0.9509819746017456,0.8364567160606384,0.34089145064353943
6,186,0.9692907333374023,0.8528344631195068,0.34588509798049927,,,
6,187,0.9692287445068359,0.8164274096488953,0.4246509075164795,,,
6,188,0.9797506332397461,0.9058833718299866,0.29390764236450195,,,
6,189,0.9581108093261719,0.6801130175590515,0.5770333409309387,,,
6,190,0.9717559814453125,0.8569807410240173,0.3576775789260864,,,
6,191,0.9765853881835938,0.9101603627204895,0.25491559505462646,,,
6,192,0.9711446762084961,0.8131130337715149,0.4480133652687073,,,
6,193,0.982701301574707,0.9077261686325073,0.32573068141937256,,,
6,194,0.9707889556884766,0.8053755164146423,0.4579729437828064,,,
6,195,0.9825544357299805,0.9258350729942322,0.2556738257408142,,,
6,196,0.9747781753540039,0.8610283732414246,0.36654573678970337,,,
6,197,0.9704999923706055,0.8843824863433838,0.27051907777786255,,,
6,198,0.9819478988647461,0.921848475933075,0.2567952871322632,,,
6,199,0.955902099609375,0.5707190036773682,0.6885002851486206,,,
6,200,0.9692354202270508,0.8132900595664978,0.4243926405906677,,,
6,201,0.9831304550170898,0.8949995636940002,0.3711998462677002,,,
6,202,0.971308708190918,0.8832198977470398,0.27411949634552,,,
6,203,0.9770956039428711,0.9157865643501282,0.22886264324188232,,,
6,204,0.9766836166381836,0.8800714015960693,0.3257100582122803,,,
6,205,0.9580059051513672,0.6490727663040161,0.6061835289001465,,,
6,206,0.9748153686523438,0.8950464129447937,0.26501357555389404,,,
6,207,0.9690141677856445,0.8160484433174133,0.40708446502685547,,,
6,208,0.9785623550415039,0.9213021993637085,0.21912932395935059,,,
6,209,0.9619426727294922,0.9137361645698547,0.18896269798278809,,,
6,210,0.970738410949707,0.8084060549736023,0.4373295307159424,,,
6,211,0.9701366424560547,0.7352150082588196,0.5602356195449829,,,
6,212,0.9686136245727539,0.7526976466178894,0.5186551809310913,,,
6,213,0.9756650924682617,0.8437310457229614,0.40006721019744873,,,
6,214,0.9760370254516602,0.9227159023284912,0.19361037015914917,,,
6,215,0.9798870086669922,0.9107392430305481,0.25765371322631836,,,
6,216,0.961999237537384,0.8804150223731995,0.23082274198532104,,,
6,216,,,,0.9580234885215759,0.8542434573173523,0.31790339946746826
7,217,0.9829492568969727,0.9525817632675171,0.15091687440872192,,,
7,218,0.9688396453857422,0.7381534576416016,0.5395399332046509,,,
7,219,0.9734516143798828,0.8904404044151306,0.25952857732772827,,,
7,220,0.9671840667724609,0.8575468063354492,0.29566490650177,,,
7,221,0.9653511047363281,0.8114219903945923,0.382357120513916,,,
7,222,0.9663791656494141,0.706148087978363,0.5728904008865356,,,
7,223,0.9814672470092773,0.9331017732620239,0.194177508354187,,,
7,224,0.9745931625366211,0.8823292851448059,0.2864040732383728,,,
7,225,0.9824542999267578,0.9322260022163391,0.205721914768219,,,
7,226,0.9737796783447266,0.8200065493583679,0.4311836361885071,,,
7,227,0.9775772094726562,0.8888426423072815,0.29055917263031006,,,
7,228,0.9807939529418945,0.9112972021102905,0.25465822219848633,,,
7,229,0.9709043502807617,0.8710088133811951,0.28136366605758667,,,
7,230,0.9725608825683594,0.8113521933555603,0.4284670352935791,,,
7,231,0.9761857986450195,0.8845218420028687,0.2922708988189697,,,
7,232,0.9679841995239258,0.7976358532905579,0.41826730966567993,,,
7,233,0.9805469512939453,0.9062544703483582,0.2732071876525879,,,
7,234,0.9592981338500977,0.6629762649536133,0.5745768547058105,,,
7,235,0.9767045974731445,0.874098002910614,0.32023102045059204,,,
7,236,0.9718685150146484,0.8558619022369385,0.32029467821121216,,,
7,237,0.9826669692993164,0.8819007873535156,0.3684558868408203,,,
7,238,0.9798107147216797,0.9344441890716553,0.17315196990966797,,,
7,239,0.9784393310546875,0.8732152581214905,0.33623194694519043,,,
7,240,0.9736738204956055,0.8858948349952698,0.2574024200439453,,,
7,241,0.9752655029296875,0.8879693150520325,0.26249444484710693,,,
7,242,0.9814939498901367,0.9202625155448914,0.22595101594924927,,,
7,243,0.9763736724853516,0.8810891509056091,0.2929573059082031,,,
7,244,0.9733257293701172,0.7762990593910217,0.4960171580314636,,,
7,245,0.9797019958496094,0.889590322971344,0.2964327931404114,,,
7,246,0.9829778671264648,0.9136214852333069,0.2626575231552124,,,
7,247,0.9755299687385559,0.9072685837745667,0.21381115913391113,,,
7,247,,,,0.9554672241210938,0.8487728238105774,0.30198919773101807
8,248,0.9741315841674805,0.8345562219619751,0.38025909662246704,,,
8,249,0.9737377166748047,0.7655322551727295,0.5105593204498291,,,
8,250,0.9810876846313477,0.9398073554039001,0.15910035371780396,,,
8,251,0.9785404205322266,0.8681309819221497,0.3379196524620056,,,
8,252,0.9798803329467773,0.8960897326469421,0.2777244448661804,,,
8,253,0.9759664535522461,0.8696126937866211,0.30702728033065796,,,
8,254,0.9752960205078125,0.8875484466552734,0.2574343681335449,,,
8,255,0.9679098129272461,0.730259895324707,0.5141105055809021,,,
8,256,0.978297233581543,0.9083635210990906,0.2226908802986145,,,
8,257,0.9760770797729492,0.7753608822822571,0.5094828605651855,,,
8,258,0.9823770523071289,0.9411470293998718,0.15932834148406982,,,
8,259,0.9772415161132812,0.882674515247345,0.2805821895599365,,,
8,260,0.9742240905761719,0.9192485213279724,0.17350643873214722,,,
8,261,0.9776115417480469,0.9122851490974426,0.20557624101638794,,,
8,262,0.9546699523925781,0.6760315895080566,0.5133532285690308,,,
8,263,0.9817914962768555,0.9217743873596191,0.20788824558258057,,,
8,264,0.9856901168823242,0.9306178689002991,0.22322720289230347,,,
8,265,0.9752645492553711,0.914698600769043,0.18039381504058838,,,
8,266,0.9750986099243164,0.763774037361145,0.5186667442321777,,,
8,267,0.9800271987915039,0.9334545135498047,0.15967130661010742,,,
8,268,0.9753894805908203,0.7328543663024902,0.5590051412582397,,,
8,269,0.9717016220092773,0.7875142097473145,0.4318757653236389,,,
8,270,0.9836149215698242,0.9413579702377319,0.15902411937713623,,,
8,271,0.9716672897338867,0.8523321747779846,0.3008303642272949,,,
8,272,0.9807491302490234,0.8878941535949707,0.29165345430374146,,,
8,273,0.981781005859375,0.927263617515564,0.18346667289733887,,,
8,274,0.9812736511230469,0.8180082440376282,0.4781649708747864,,,
8,275,0.9815769195556641,0.9270355105400085,0.18312311172485352,,,
8,276,0.9833202362060547,0.9247696399688721,0.2074705958366394,,,
8,277,0.9786777496337891,0.8858767747879028,0.2761152386665344,,,
8,278,0.9778187870979309,0.8749166131019592,0.29780203104019165,,,
8,278,,,,0.9533814191818237,0.8432541489601135,0.28746095299720764
9,279,0.981287956237793,0.9313511848449707,0.16928857564926147,,,
9,280,0.979034423828125,0.9105858206748962,0.20497912168502808,,,
9,281,0.9754648208618164,0.8134074807167053,0.40943020582199097,,,
9,282,0.9825954437255859,0.9158004522323608,0.22433197498321533,,,
9,283,0.9760560989379883,0.9037382006645203,0.20393973588943481,,,
9,284,0.9819669723510742,0.907272458076477,0.24398189783096313,,,
9,285,0.9825544357299805,0.917251706123352,0.21592921018600464,,,
9,286,0.982935905456543,0.9146725535392761,0.22950023412704468,,,
9,287,0.9811677932739258,0.9063719511032104,0.23598331212997437,,,
9,288,0.9786453247070312,0.8929647207260132,0.24801123142242432,,,
9,289,0.9807653427124023,0.9269633293151855,0.17202556133270264,,,
9,290,0.975529670715332,0.8770119547843933,0.26378333568573,,,
9,291,0.9819211959838867,0.9330186247825623,0.1624312400817871,,,
9,292,0.9778671264648438,0.8365495800971985,0.377643883228302,,,
9,293,0.9842624664306641,0.9015558362007141,0.28525036573410034,,,
9,294,0.9796848297119141,0.9130388498306274,0.20006924867630005,,,
9,295,0.9793119430541992,0.9174581170082092,0.18427205085754395,,,
9,296,0.9838943481445312,0.8924310803413391,0.30515170097351074,,,
9,297,0.9813032150268555,0.8341440558433533,0.42066073417663574,,,
9,298,0.9809169769287109,0.8501898050308228,0.3781580328941345,,,
9,299,0.9825992584228516,0.9189409017562866,0.2037816047668457,,,
9,300,0.9856472015380859,0.911412239074707,0.2686123847961426,,,
9,301,0.9795722961425781,0.876802384853363,0.2930086851119995,,,
9,302,0.9771823883056641,0.8997519612312317,0.21023863554000854,,,
9,303,0.9812192916870117,0.8965491652488708,0.2550787329673767,,,
9,304,0.9730558395385742,0.8378212451934814,0.321050763130188,,,
9,305,0.9769983291625977,0.8709710240364075,0.27900779247283936,,,
9,306,0.977513313293457,0.9018617272377014,0.20815956592559814,,,
9,307,0.9775285720825195,0.8633807301521301,0.30297648906707764,,,
9,308,0.9798669815063477,0.9154971837997437,0.18756228685379028,,,
9,309,0.9786605834960938,0.9028600454330444,0.21298885345458984,,,
9,309,,,,0.9587012529373169,0.8572303652763367,0.26956167817115784
10,310,0.9841136932373047,0.8896272778511047,0.30919337272644043,,,
10,311,0.9754228591918945,0.8232829570770264,0.3700292706489563,,,
10,312,0.9708042144775391,0.7017894387245178,0.5345194339752197,,,
10,313,0.9739294052124023,0.870086133480072,0.25370103120803833,,,
10,314,0.9821786880493164,0.94596928358078,0.12553131580352783,,,
10,315,0.9781417846679688,0.9264200925827026,0.15087592601776123,,,
10,316,0.9770832061767578,0.8577306866645813,0.3045153021812439,,,
10,317,0.9826431274414062,0.9266785383224487,0.17151600122451782,,,
10,318,0.980952262878418,0.8355238437652588,0.39676958322525024,,,
10,319,0.9860019683837891,0.882559061050415,0.35083919763565063,,,
10,320,0.9841709136962891,0.942446768283844,0.1389269232749939,,,
10,321,0.9854068756103516,0.9605773091316223,0.1059725284576416,,,
10,322,0.9881792068481445,0.9627284407615662,0.10866880416870117,,,
10,323,0.9734210968017578,0.7489641308784485,0.480695903301239,,,
10,324,0.9802331924438477,0.9042858481407166,0.2100139856338501,,,
10,325,0.9835195541381836,0.9174556136131287,0.20491445064544678,,,
10,326,0.9804267883300781,0.9050346612930298,0.20701760053634644,,,
10,327,0.9813566207885742,0.896591305732727,0.24072182178497314,,,
10,328,0.9802637100219727,0.8579732775688171,0.3273877501487732,,,
10,329,0.9807138442993164,0.8826168775558472,0.27220940589904785,,,
10,330,0.9868373870849609,0.9293317794799805,0.20275390148162842,,,
10,331,0.9782075881958008,0.8977116942405701,0.2097855806350708,,,
10,332,0.9799423217773438,0.9028827548027039,0.20845317840576172,,,
10,333,0.9737577438354492,0.8399653434753418,0.3054949641227722,,,
10,334,0.9827585220336914,0.9258908629417419,0.16899114847183228,,,
10,335,0.9798831939697266,0.8733245134353638,0.28112608194351196,,,
10,336,0.9787206649780273,0.9105899333953857,0.181657075881958,,,
10,337,0.9819183349609375,0.922939658164978,0.16926109790802002,,,
10,338,0.9772319793701172,0.8290367126464844,0.3535100817680359,,,
10,339,0.9796590805053711,0.8742823600769043,0.2756732106208801,,,
10,340,0.9846458435058594,0.9282488822937012,0.1754252314567566,,,
10,340,,,,0.9629436135292053,0.8683230876922607,0.2541944086551666
11,341,0.9808149337768555,0.9015002250671387,0.215659499168396,,,
11,342,0.9789981842041016,0.888239324092865,0.23498141765594482,,,
11,343,0.9823293685913086,0.9298598170280457,0.15380001068115234,,,
11,344,0.9802722930908203,0.9056136012077332,0.19936209917068481,,,
11,345,0.9807415008544922,0.9051069617271423,0.20341455936431885,,,
11,346,0.9838142395019531,0.9264979362487793,0.1697601079940796,,,
11,347,0.9725875854492188,0.8414456844329834,0.2861921191215515,,,
11,348,0.9838047027587891,0.9014250636100769,0.2426396608352661,,,
11,349,0.9802961349487305,0.8576644659042358,0.31750059127807617,,,
11,350,0.9788198471069336,0.8595664501190186,0.2973756194114685,,,
11,351,0.9881830215454102,0.9522479176521301,0.12857002019882202,,,
11,352,0.9829225540161133,0.9195447564125061,0.18132609128952026,,,
11,353,0.9816875457763672,0.9017845988273621,0.21729063987731934,,,
11,354,0.9848184585571289,0.9431059956550598,0.130693256855011,,,
11,355,0.9775638580322266,0.8854909539222717,0.22258728742599487,,,
11,356,0.9826641082763672,0.8992679715156555,0.2312147617340088,,,
11,357,0.9836139678955078,0.924636721611023,0.17154395580291748,,,
11,358,0.9771518707275391,0.7843583822250366,0.4259427785873413,,,
11,359,0.9833250045776367,0.9101758003234863,0.2080184817314148,,,
11,360,0.9835700988769531,0.9067718386650085,0.21873396635055542,,,
11,361,0.9798431396484375,0.8602790832519531,0.2992704510688782,,,
11,362,0.9890575408935547,0.9538533091545105,0.12752622365951538,,,
11,363,0.9865894317626953,0.9330479502677917,0.1722884178161621,,,
11,364,0.9786462783813477,0.8824026584625244,0.235373854637146,,,
11,365,0.9845390319824219,0.9259827136993408,0.16950678825378418,,,
11,366,0.9805116653442383,0.8968653082847595,0.2139480710029602,,,
11,367,0.9805545806884766,0.9371979832649231,0.12071835994720459,,,
11,368,0.9875831604003906,0.9407050013542175,0.15506082773208618,,,
11,369,0.9840183258056641,0.9165749549865723,0.19126582145690918,,,
11,370,0.9786291122436523,0.9133539795875549,0.162592351436615,,,
11,371,0.9801508784294128,0.8259036540985107,0.3742104768753052,,,
11,371,,,,0.9613520503044128,0.8652637004852295,0.24312128126621246
12,372,0.9847564697265625,0.9432555437088013,0.12355834245681763,,,
12,373,0.9857845306396484,0.9390065670013428,0.140447735786438,,,
12,374,0.9815177917480469,0.9129289984703064,0.1790459156036377,,,
12,375,0.9815092086791992,0.8880342245101929,0.23921120166778564,,,
12,376,0.9813880920410156,0.8992046117782593,0.21016836166381836,,,
12,377,0.9904117584228516,0.9471582174301147,0.17024624347686768,,,
12,378,0.9818325042724609,0.8029072284698486,0.4315640330314636,,,
12,379,0.9880189895629883,0.9464700222015381,0.1365146040916443,,,
12,380,0.9799633026123047,0.8624855875968933,0.2871667742729187,,,
12,381,0.9806880950927734,0.8567233681678772,0.30634135007858276,,,
12,382,0.9837007522583008,0.8838018774986267,0.2713426947593689,,,
12,383,0.9808902740478516,0.8803094029426575,0.24977177381515503,,,
12,384,0.9843044281005859,0.9056745171546936,0.2188047170639038,,,
12,385,0.9863176345825195,0.9436594843864441,0.1289469599723816,,,
12,386,0.9788007736206055,0.8529117703437805,0.28842616081237793,,,
12,387,0.9826889038085938,0.896036684513092,0.2255256175994873,,,
12,388,0.9776220321655273,0.9141573309898376,0.15260672569274902,,,
12,389,0.9827384948730469,0.9438230395317078,0.10918492078781128,,,
12,390,0.982762336730957,0.8618541955947876,0.30924898386001587,,,
12,391,0.9760217666625977,0.906156599521637,0.15926772356033325,,,
12,392,0.9884319305419922,0.9082992076873779,0.26767486333847046,,,
12,393,0.9852581024169922,0.931088924407959,0.15211987495422363,,,
12,394,0.982478141784668,0.9096812605857849,0.1858668327331543,,,
12,395,0.9768562316894531,0.9202049374580383,0.1354241967201233,,,
12,396,0.9766778945922852,0.8932734727859497,0.18560713529586792,,,
12,397,0.9813356399536133,0.8953607082366943,0.20859527587890625,,,
12,398,0.9826030731201172,0.9403434991836548,0.11529791355133057,,,
12,399,0.9793024063110352,0.8706977367401123,0.2500866651535034,,,
12,400,0.9874944686889648,0.9639928936958313,0.08790618181228638,,,
12,401,0.9843025207519531,0.8716649413108826,0.30205321311950684,,,
12,402,0.9804763793945312,0.8547205924987793,0.29813826084136963,,,
12,402,,,,0.9631644487380981,0.8695473074913025,0.2303093820810318
13,403,0.9822835922241211,0.9341168999671936,0.1237592101097107,,,
13,404,0.9826755523681641,0.7937884330749512,0.44328945875167847,,,
13,405,0.9864778518676758,0.9039727449417114,0.23746055364608765,,,
13,406,0.9832429885864258,0.8807120323181152,0.2605181336402893,,,
13,407,0.9788951873779297,0.9251388907432556,0.13021767139434814,,,
13,408,0.9834318161010742,0.9034022688865662,0.2066776156425476,,,
13,409,0.9889678955078125,0.9139439463615417,0.2471998929977417,,,
13,410,0.9870061874389648,0.9296770691871643,0.16737449169158936,,,
13,411,0.980743408203125,0.8889890909194946,0.21613192558288574,,,
13,412,0.986811637878418,0.9576396346092224,0.0907023549079895,,,
13,413,0.9833955764770508,0.9067459106445312,0.19532853364944458,,,
13,414,0.9857196807861328,0.9508483409881592,0.10097575187683105,,,
13,415,0.9825611114501953,0.9220173358917236,0.15284985303878784,,,
13,416,0.9856185913085938,0.9222784638404846,0.1735835075378418,,,
13,417,0.9788751602172852,0.8692508339881897,0.2441244125366211,,,
13,418,0.9800853729248047,0.8850243091583252,0.21900618076324463,,,
13,419,0.97845458984375,0.8015512824058533,0.3729017376899719,,,
13,420,0.985743522644043,0.9079245328903198,0.21382397413253784,,,
13,421,0.9858303070068359,0.9204586744308472,0.17825061082839966,,,
13,422,0.9790363311767578,0.8839319944381714,0.21216261386871338,,,
13,423,0.98590087890625,0.9572767615318298,0.08888375759124756,,,
13,424,0.9789934158325195,0.9104520678520203,0.15370535850524902,,,
13,425,0.9873151779174805,0.9583750367164612,0.0906301736831665,,,
13,426,0.9832744598388672,0.9142102599143982,0.17007768154144287,,,
13,427,0.9862051010131836,0.9492573738098145,0.1045418381690979,,,
13,428,0.9776496887207031,0.8512406349182129,0.2677118182182312,,,
13,429,0.9774684906005859,0.8654195666313171,0.23768198490142822,,,
13,430,0.9842243194580078,0.9198274612426758,0.163874089717865,,,
13,431,0.9873504638671875,0.9304406046867371,0.16254174709320068,,,
13,432,0.9830207824707031,0.8911536335945129,0.22389686107635498,,,
13,433,0.9818305969238281,0.8908178210258484,0.21107572317123413,,,
13,433,,,,0.9600253701210022,0.8608339428901672,0.23405170440673828
14,434,0.9861249923706055,0.9269466996192932,0.1580963134765625,,,
14,435,0.9829168319702148,0.9095120429992676,0.17640572786331177,,,
14,436,0.9771175384521484,0.8992449641227722,0.16672921180725098,,,
14,437,0.9802398681640625,0.9312847256660461,0.1167978048324585,,,
14,438,0.9875411987304688,0.9411003589630127,0.13075202703475952,,,
14,439,0.9874486923217773,0.9408316016197205,0.12810945510864258,,,
14,440,0.983332633972168,0.9102104306221008,0.17747503519058228,,,
14,441,0.985529899597168,0.9423704147338867,0.11257803440093994,,,
14,442,0.9785289764404297,0.8542953133583069,0.26295584440231323,,,
14,443,0.9845447540283203,0.9308508634567261,0.1342267394065857,,,
14,444,0.9775800704956055,0.8346160054206848,0.29230475425720215,,,
14,445,0.9850788116455078,0.8898401856422424,0.2428070306777954,,,
14,446,0.9872064590454102,0.9037550687789917,0.2339634895324707,,,
14,447,0.9848594665527344,0.938287615776062,0.11740577220916748,,,
14,448,0.9857645034790039,0.8812102675437927,0.27113789319992065,,,
14,449,0.9837923049926758,0.9254984259605408,0.14209598302841187,,,
14,450,0.9845952987670898,0.8981269001960754,0.21573442220687866,,,
14,451,0.9848670959472656,0.9428951740264893,0.1073075532913208,,,
14,452,0.981719970703125,0.9369075298309326,0.10866796970367432,,,
14,453,0.9860754013061523,0.9302752017974854,0.1430618166923523,,,
14,454,0.9851150512695312,0.8496179580688477,0.33273404836654663,,,
14,455,0.9841451644897461,0.9067509770393372,0.18845200538635254,,,
14,456,0.9876842498779297,0.9169512391090393,0.1980707049369812,,,
14,457,0.9796485900878906,0.8874229192733765,0.19778800010681152,,,
14,458,0.984344482421875,0.9490870833396912,0.09441244602203369,,,
14,459,0.9869251251220703,0.9178860187530518,0.18467050790786743,,,
14,460,0.9852380752563477,0.9259016513824463,0.14378029108047485,,,
14,461,0.9831399917602539,0.9245554208755493,0.13692188262939453,,,
14,462,0.9873285293579102,0.9213954210281372,0.17831218242645264,,,
14,463,0.9769783020019531,0.7628870010375977,0.41051775217056274,,,
14,464,0.9876874089241028,0.9617635607719421,0.0787496566772461,,,
14,464,,,,0.9605242609977722,0.8627501726150513,0.22328101098537445
15,465,0.9867620468139648,0.914801836013794,0.18781256675720215,,,
15,466,0.9847745895385742,0.9194594025611877,0.15899670124053955,,,
15,467,0.9855794906616211,0.9357747435569763,0.12386929988861084,,,
15,468,0.9814167022705078,0.8892205357551575,0.2044782042503357,,,
15,469,0.9830598831176758,0.9185900688171387,0.1489536166191101,,,
15,470,0.989598274230957,0.9652166962623596,0.07465016841888428,,,
15,471,0.9856119155883789,0.9420381784439087,0.10940873622894287,,,
15,472,0.9841394424438477,0.9352027177810669,0.11802136898040771,,,
15,473,0.9816503524780273,0.9180197715759277,0.14064139127731323,,,
15,474,0.9811000823974609,0.8373587131500244,0.30496084690093994,,,
15,475,0.9856081008911133,0.9443643689155579,0.10296618938446045,,,
15,476,0.9848899841308594,0.9258486032485962,0.140727698802948,,,
15,477,0.9894638061523438,0.9205928444862366,0.20588606595993042,,,
15,478,0.9876976013183594,0.9516569375991821,0.09599536657333374,,,
15,479,0.98797607421875,0.9210662841796875,0.18341702222824097,,,
15,480,0.9877824783325195,0.939961850643158,0.12543600797653198,,,
15,481,0.9813499450683594,0.86062091588974,0.2556140422821045,,,
15,482,0.9842700958251953,0.9106181263923645,0.17240780591964722,,,
15,483,0.9888181686401367,0.957502543926239,0.087521493434906,,,
15,484,0.976262092590332,0.8611078858375549,0.22062987089157104,,,
15,485,0.9859952926635742,0.8993868231773376,0.21436655521392822,,,
15,486,0.9842071533203125,0.8444033265113831,0.3169306516647339,,,
15,487,0.9838943481445312,0.9083737730979919,0.17232924699783325,,,
15,488,0.9802112579345703,0.8892672061920166,0.1877506971359253,,,
15,489,0.9847326278686523,0.9383589029312134,0.10855990648269653,,,
15,490,0.9802827835083008,0.8633996844291687,0.24282747507095337,,,
15,491,0.9873504638671875,0.9331124424934387,0.1384989619255066,,,
15,492,0.9843759536743164,0.9252821803092957,0.13590604066848755,,,
15,493,0.9880943298339844,0.9604814052581787,0.07723402976989746,,,
15,494,0.9848403930664062,0.9067437052726746,0.1822156310081482,,,
15,495,0.9811566472053528,0.8718256950378418,0.22771775722503662,,,
15,495,,,,0.9614698886871338,0.865476667881012,0.2185395210981369
16,496,0.981083869934082,0.9075554013252258,0.1540083885192871,,,
16,497,0.9852609634399414,0.873412013053894,0.25910383462905884,,,
16,498,0.9834136962890625,0.8862643837928772,0.21477168798446655,,,
16,499,0.9873218536376953,0.9302664995193481,0.1435985565185547,,,
16,500,0.9856939315795898,0.9062238335609436,0.19090133905410767,,,
16,501,0.9796934127807617,0.9108840823173523,0.14086276292800903,,,
16,502,0.9880151748657227,0.9426863193511963,0.1155741810798645,,,
16,503,0.9816102981567383,0.8737130761146545,0.22425758838653564,,,
16,504,0.987797737121582,0.9404029846191406,0.11730426549911499,,,
16,505,0.9828729629516602,0.8914936184883118,0.19578063488006592,,,
16,506,0.983851432800293,0.8758004307746887,0.2383209466934204,,,
16,507,0.9831333160400391,0.933685302734375,0.11153274774551392,,,
16,508,0.9864463806152344,0.9478961825370789,0.09454929828643799,,,
16,509,0.9898204803466797,0.9400579333305359,0.13952183723449707,,,
16,510,0.985478401184082,0.8774901032447815,0.24975723028182983,,,
16,511,0.9859294891357422,0.929945707321167,0.12968164682388306,,,
16,512,0.9830589294433594,0.9321209788322449,0.11128473281860352,,,
16,513,0.9843530654907227,0.8167225122451782,0.36501967906951904,,,
16,514,0.9868402481079102,0.934132993221283,0.12727516889572144,,,
16,515,0.9861974716186523,0.9369098544120789,0.11547106504440308,,,
16,516,0.9841699600219727,0.9495273232460022,0.08378297090530396,,,
16,517,0.9875698089599609,0.9498840570449829,0.09374505281448364,,,
16,518,0.9790821075439453,0.9338558316230774,0.10301482677459717,,,
16,519,0.9850578308105469,0.9104731678962708,0.1656360626220703,,,
16,520,0.9842119216918945,0.897678554058075,0.19000303745269775,,,
16,521,0.9844827651977539,0.8953902721405029,0.19851845502853394,,,
16,522,0.9846811294555664,0.9175262451171875,0.15037208795547485,,,
16,523,0.9835214614868164,0.8135306239128113,0.35969746112823486,,,
16,524,0.9873418807983398,0.9520671367645264,0.08634400367736816,,,
16,525,0.9866867065429688,0.9536455869674683,0.08187884092330933,,,
16,526,0.9859097599983215,0.9374188184738159,0.11109894514083862,,,
16,526,,,,0.9624561667442322,0.867904543876648,0.20929428935050964
17,527,0.9873886108398438,0.9226268529891968,0.15554624795913696,,,
17,528,0.9828615188598633,0.848919689655304,0.27792227268218994,,,
17,529,0.9860944747924805,0.954860270023346,0.07850068807601929,,,
17,530,0.9882526397705078,0.9447377920150757,0.10806328058242798,,,
17,531,0.9893474578857422,0.9355229735374451,0.14357709884643555,,,
17,532,0.9851446151733398,0.9164839386940002,0.15162068605422974,,,
17,533,0.9860048294067383,0.9511461853981018,0.08178740739822388,,,
17,534,0.9854879379272461,0.9254145622253418,0.13414716720581055,,,
17,535,0.982421875,0.8991420269012451,0.1726941466331482,,,
17,536,0.9900531768798828,0.9736616015434265,0.06212186813354492,,,
17,537,0.9838228225708008,0.9312568306922913,0.1125900149345398,,,
17,538,0.9871025085449219,0.91812664270401,0.16515207290649414,,,
17,539,0.982330322265625,0.8974029421806335,0.17306578159332275,,,
17,540,0.9874897003173828,0.938583254814148,0.11526751518249512,,,
17,541,0.9846954345703125,0.8980075716972351,0.19048362970352173,,,
17,542,0.9867610931396484,0.9073328375816345,0.18421179056167603,,,
17,543,0.9872808456420898,0.9505590200424194,0.08746439218521118,,,
17,544,0.9865646362304688,0.9487506151199341,0.08799487352371216,,,
17,545,0.9835729598999023,0.880351185798645,0.21560567617416382,,,
17,546,0.9835987091064453,0.8644855618476868,0.24793380498886108,,,
17,547,0.9850168228149414,0.9390680193901062,0.10199081897735596,,,
17,548,0.9865598678588867,0.8951873779296875,0.21028262376785278,,,
17,549,0.9867477416992188,0.9015515446662903,0.19588738679885864,,,
17,550,0.9834098815917969,0.9068856239318848,0.1587287187576294,,,
17,551,0.9760293960571289,0.7852902412414551,0.3307391405105591,,,
17,552,0.9874773025512695,0.929993748664856,0.13393950462341309,,,
17,553,0.984959602355957,0.9108182191848755,0.158843994140625,,,
17,554,0.9860916137695312,0.955574631690979,0.07566297054290771,,,
17,555,0.9865570068359375,0.920014500617981,0.14872556924819946,,,
17,556,0.9824857711791992,0.9000903367996216,0.16254323720932007,,,
17,557,0.981475830078125,0.9161780476570129,0.1291104555130005,,,
17,557,,,,0.9622802734375,0.8672106266021729,0.20830516517162323
18,558,0.9855308532714844,0.873652994632721,0.24409902095794678,,,
18,559,0.9848823547363281,0.9461147785186768,0.08699887990951538,,,
18,560,0.982452392578125,0.9114950895309448,0.14379185438156128,,,
18,561,0.9850864410400391,0.8782911896705627,0.23173999786376953,,,
18,562,0.9815330505371094,0.9001665115356445,0.15977168083190918,,,
18,563,0.9853286743164062,0.9560636878013611,0.07550835609436035,,,
18,564,0.9813079833984375,0.8096606731414795,0.31801170110702515,,,
18,565,0.9862813949584961,0.8890200257301331,0.21240270137786865,,,
18,566,0.986180305480957,0.9156960844993591,0.15446269512176514,,,
18,567,0.9826040267944336,0.9173204898834229,0.12862128019332886,,,
18,568,0.9876880645751953,0.9228073954582214,0.15112197399139404,,,
18,569,0.9839420318603516,0.9115158915519714,0.1480615735054016,,,
18,570,0.9851713180541992,0.888524055480957,0.20437318086624146,,,
18,571,0.9869489669799805,0.9318883419036865,0.12102311849594116,,,
18,572,0.9896354675292969,0.8991668224334717,0.2323232889175415,,,
18,573,0.985661506652832,0.898212730884552,0.18576979637145996,,,
18,574,0.9847564697265625,0.9294083118438721,0.11387079954147339,,,
18,575,0.9846115112304688,0.9371327757835388,0.10265475511550903,,,
18,576,0.9841785430908203,0.8902204036712646,0.19223493337631226,,,
18,577,0.9827604293823242,0.9276893734931946,0.11145025491714478,,,
18,578,0.9839353561401367,0.8929286599159241,0.1839427351951599,,,
18,579,0.9837331771850586,0.9398380517959595,0.09251421689987183,,,
18,580,0.9861326217651367,0.9536673426628113,0.07753711938858032,,,
18,581,0.9809904098510742,0.9093360900878906,0.13623106479644775,,,
18,582,0.9881563186645508,0.9516107439994812,0.08370012044906616,,,
18,583,0.9848260879516602,0.9193088412284851,0.13437116146087646,,,
18,584,0.9865646362304688,0.9351542592048645,0.10996699333190918,,,
18,585,0.9895601272583008,0.9337949752807617,0.13702994585037231,,,
18,586,0.9856719970703125,0.9202539324760437,0.1369825005531311,,,
18,587,0.9851446151733398,0.9356242418289185,0.1025766134262085,,,
18,588,0.989013671875,0.9683575630187988,0.05929529666900635,,,
18,588,,,,0.9578060507774353,0.8553062677383423,0.21335285902023315
19,589,0.9827690124511719,0.8958838582038879,0.16639763116836548,,,
19,590,0.987248420715332,0.9263415336608887,0.1316106915473938,,,
19,591,0.9884061813354492,0.9599542617797852,0.06808280944824219,,,
19,592,0.9912033081054688,0.9618299007415771,0.07575356960296631,,,
19,593,0.9860544204711914,0.9247795939445496,0.12846708297729492,,,
19,594,0.9809322357177734,0.8828465342521667,0.18114668130874634,,,
19,595,0.987156867980957,0.8790483474731445,0.24024921655654907,,,
19,596,0.9809150695800781,0.9271002411842346,0.10181939601898193,,,
19,597,0.9881935119628906,0.9493898749351501,0.08626824617385864,,,
19,598,0.9862995147705078,0.9527614712715149,0.07444608211517334,,,
19,599,0.9834814071655273,0.9256277680397034,0.11574244499206543,,,
19,600,0.9853963851928711,0.8875994682312012,0.20148593187332153,,,
19,601,0.9788417816162109,0.8718135356903076,0.19144713878631592,,,
19,602,0.9857187271118164,0.900966227054596,0.17399680614471436,,,
19,603,0.9822206497192383,0.912639856338501,0.13325941562652588,,,
19,604,0.9837417602539062,0.9189267754554749,0.12701952457427979,,,
19,605,0.9878683090209961,0.86561518907547,0.27601903676986694,,,
19,606,0.9834623336791992,0.8074120879173279,0.34075039625167847,,,
19,607,0.9863805770874023,0.9459487199783325,0.08647513389587402,,,
19,608,0.985107421875,0.9236176013946533,0.12374895811080933,,,
19,609,0.9835128784179688,0.9175646901130676,0.12992703914642334,,,
19,610,0.9848566055297852,0.8774049878120422,0.21477586030960083,,,
19,611,0.9838638305664062,0.9403231143951416,0.08965790271759033,,,
19,612,0.9860162734985352,0.9324269890785217,0.11064708232879639,,,
19,613,0.9846382141113281,0.9252275824546814,0.1193838119506836,,,
19,614,0.9921979904174805,0.9427698254585266,0.13889354467391968,,,
19,615,0.9851408004760742,0.8831202983856201,0.20793753862380981,,,
19,616,0.9845714569091797,0.9435866475105286,0.08408612012863159,,,
19,617,0.9877901077270508,0.9412946105003357,0.10011368989944458,,,
19,618,0.9866485595703125,0.9418167471885681,0.09363079071044922,,,
19,619,0.9906501770019531,0.9661370515823364,0.062477290630340576,,,
19,619,,,,0.9624375104904175,0.8676994442939758,0.20078632235527039
20,620,0.9871206283569336,0.9355465173721313,0.10926568508148193,,,
20,621,0.9849348068237305,0.8201063871383667,0.31976354122161865,,,
20,622,0.9858922958374023,0.8913661241531372,0.19410866498947144,,,
20,623,0.9813346862792969,0.9031151533126831,0.143682599067688,,,
20,624,0.9869928359985352,0.922203779220581,0.13596343994140625,,,
20,625,0.9875688552856445,0.9421127438545227,0.09726899862289429,,,
20,626,0.9882535934448242,0.9395517110824585,0.10613727569580078,,,
20,627,0.9883880615234375,0.9218535423278809,0.14956015348434448,,,
20,628,0.9874906539916992,0.9185972213745117,0.14519202709197998,,,
20,629,0.9834794998168945,0.9010374546051025,0.15672063827514648,,,
20,630,0.9880971908569336,0.958247184753418,0.06826353073120117,,,
20,631,0.984135627746582,0.930996298789978,0.10236966609954834,,,
20,632,0.982447624206543,0.8975650668144226,0.15712517499923706,,,
20,633,0.9877719879150391,0.9298573732376099,0.12379080057144165,,,
20,634,0.9873580932617188,0.9476546049118042,0.08270072937011719,,,
20,635,0.9809598922729492,0.8696861267089844,0.19803744554519653,,,
20,636,0.9798259735107422,0.8136112689971924,0.2872319221496582,,,
20,637,0.9872064590454102,0.9595346450805664,0.06590026617050171,,,
20,638,0.9802284240722656,0.9237886667251587,0.10503023862838745,,,
20,639,0.9878377914428711,0.9410088658332825,0.09903812408447266,,,
20,640,0.9897861480712891,0.9660441875457764,0.06039309501647949,,,
20,641,0.9891862869262695,0.9280753135681152,0.13582777976989746,,,
20,642,0.9904384613037109,0.9686518311500549,0.057098329067230225,,,
20,643,0.9901256561279297,0.953137218952179,0.08454471826553345,,,
20,644,0.986236572265625,0.8832806348800659,0.21154040098190308,,,
20,645,0.986419677734375,0.9254403710365295,0.12373775243759155,,,
20,646,0.9904270172119141,0.949714183807373,0.09339547157287598,,,
20,647,0.9849205017089844,0.9084927439689636,0.14893686771392822,,,
20,648,0.9812049865722656,0.913179874420166,0.12416273355484009,,,
20,649,0.9846506118774414,0.8924512267112732,0.17696422338485718,,,
20,650,0.9883715510368347,0.9522317051887512,0.07773929834365845,,,
20,650,,,,0.9626617431640625,0.8687959313392639,0.19806917011737823
21,651,0.9873762130737305,0.9254388213157654,0.1270512342453003,,,
21,652,0.9840621948242188,0.9298077821731567,0.10428619384765625,,,
21,653,0.9834785461425781,0.8880068063735962,0.17581164836883545,,,
21,654,0.9856843948364258,0.9402164220809937,0.0894281268119812,,,
21,655,0.985478401184082,0.9045389294624329,0.15964633226394653,,,
21,656,0.9901905059814453,0.951300323009491,0.08823591470718384,,,
21,657,0.9848203659057617,0.9404495358467102,0.0889468789100647,,,
21,658,0.9836273193359375,0.9306424856185913,0.09973758459091187,,,
21,659,0.9858427047729492,0.8870965242385864,0.19445574283599854,,,
21,660,0.9856195449829102,0.9476970434188843,0.07890218496322632,,,
21,661,0.9798069000244141,0.8824809193611145,0.17121905088424683,,,
21,662,0.9893312454223633,0.9540582299232483,0.07697439193725586,,,
21,663,0.9886007308959961,0.9368311166763306,0.10962164402008057,,,
21,664,0.9894313812255859,0.9483934044837952,0.08885735273361206,,,
21,665,0.9904336929321289,0.9443957805633545,0.10492658615112305,,,
21,666,0.9856386184692383,0.8955751657485962,0.17687010765075684,,,
21,667,0.9866609573364258,0.9064583778381348,0.1611124873161316,,,
21,668,0.9867496490478516,0.9461583495140076,0.0833234190940857,,,
21,669,0.9884052276611328,0.9536288976669312,0.07499653100967407,,,
21,670,0.9879922866821289,0.9149733781814575,0.15390318632125854,,,
21,671,0.9880838394165039,0.8790872693061829,0.2300969362258911,,,
21,672,0.9900064468383789,0.9416754245758057,0.10527461767196655,,,
21,673,0.990717887878418,0.9736254215240479,0.050949692726135254,,,
21,674,0.988525390625,0.9370595812797546,0.10599184036254883,,,
21,675,0.9901885986328125,0.9521821737289429,0.08325612545013428,,,
21,676,0.9857606887817383,0.9362247586250305,0.09554421901702881,,,
21,677,0.983978271484375,0.9265050292015076,0.10942304134368896,,,
21,678,0.9850921630859375,0.9348587989807129,0.09765732288360596,,,
21,679,0.9852666854858398,0.8831939697265625,0.19450849294662476,,,
21,680,0.9856643676757812,0.8701642155647278,0.22165590524673462,,,
21,681,0.987634003162384,0.9382116198539734,0.10044395923614502,,,
21,681,,,,0.9630877375602722,0.8698776364326477,0.19515462219715118
22,682,0.9847841262817383,0.9385085701942444,0.09076166152954102,,,
22,683,0.9890022277832031,0.945034384727478,0.09186309576034546,,,
22,684,0.9902286529541016,0.9581232070922852,0.06952279806137085,,,
22,685,0.9813022613525391,0.8693220615386963,0.19401419162750244,,,
22,686,0.9826879501342773,0.8798602223396301,0.1823142170906067,,,
22,687,0.988102912902832,0.9517279267311096,0.07523036003112793,,,
22,688,0.988408088684082,0.9318906664848328,0.11731350421905518,,,
22,689,0.9872617721557617,0.917470395565033,0.13814568519592285,,,
22,690,0.9865169525146484,0.9297218322753906,0.11091780662536621,,,
22,691,0.9876947402954102,0.9241949915885925,0.12797504663467407,,,
22,692,0.9872198104858398,0.953012228012085,0.07230228185653687,,,
22,693,0.9867534637451172,0.9504459500312805,0.07593166828155518,,,
22,694,0.9875612258911133,0.8993114233016968,0.1787840723991394,,,
22,695,0.9828281402587891,0.9361622929573059,0.09085088968276978,,,
22,696,0.9881877899169922,0.8936020135879517,0.19646352529525757,,,
22,697,0.9867477416992188,0.9511423110961914,0.07309126853942871,,,
22,698,0.9881229400634766,0.9619567394256592,0.05910772085189819,,,
22,699,0.9927396774291992,0.9744478464126587,0.04734104871749878,,,
22,700,0.9852495193481445,0.9528219103813171,0.06976199150085449,,,
22,701,0.9826784133911133,0.8987140655517578,0.14622700214385986,,,
22,702,0.9879207611083984,0.9441804885864258,0.08693826198577881,,,
22,703,0.9913816452026367,0.9439621567726135,0.11052918434143066,,,
22,704,0.9862337112426758,0.9191542863845825,0.12816131114959717,,,
22,705,0.9858827590942383,0.9182850122451782,0.1290949583053589,,,
22,706,0.9886751174926758,0.921387791633606,0.139654278755188,,,
22,707,0.9876203536987305,0.9444406628608704,0.08511620759963989,,,
22,708,0.9885396957397461,0.9005059003829956,0.18064093589782715,,,
22,709,0.9873971939086914,0.891323983669281,0.1870253086090088,,,
22,710,0.9875717163085938,0.9280334115028381,0.11650419235229492,,,
22,711,0.9877653121948242,0.8345370888710022,0.3065028786659241,,,
22,712,0.9857457280158997,0.9071735739707947,0.14667558670043945,,,
22,712,,,,0.9637019038200378,0.8710492253303528,0.1939343512058258
23,713,0.9873924255371094,0.9041973352432251,0.16658014059066772,,,
23,714,0.9884891510009766,0.9582542181015015,0.06306815147399902,,,
23,715,0.9876775741577148,0.9438556432723999,0.08622008562088013,,,
23,716,0.9903430938720703,0.9556884169578552,0.0734410285949707,,,
23,717,0.9865226745605469,0.9311510920524597,0.10546636581420898,,,
23,718,0.9882564544677734,0.9388558864593506,0.09802240133285522,,,
23,719,0.9880599975585938,0.9325761795043945,0.10724753141403198,,,
23,720,0.9863548278808594,0.9421448111534119,0.08443403244018555,,,
23,721,0.9832649230957031,0.9305192232131958,0.09629213809967041,,,
23,722,0.9803190231323242,0.7838921546936035,0.37867963314056396,,,
23,723,0.9831905364990234,0.9119848608970642,0.12587809562683105,,,
23,724,0.9860467910766602,0.9188870191574097,0.12401264905929565,,,
23,725,0.9834518432617188,0.8847962021827698,0.1715756058692932,,,
23,726,0.9809656143188477,0.8188328742980957,0.26720547676086426,,,
23,727,0.989588737487793,0.925246000289917,0.13284891843795776,,,
23,728,0.9808235168457031,0.8930010199546814,0.14601260423660278,,,
23,729,0.9839105606079102,0.9138637185096741,0.12253916263580322,,,
23,730,0.9821338653564453,0.8561843633651733,0.21066516637802124,,,
23,731,0.972599983215332,0.8931146264076233,0.1377003788948059,,,
23,732,0.9721078872680664,0.8101953268051147,0.24115872383117676,,,
23,733,0.9794588088989258,0.915617048740387,0.10811245441436768,,,
23,734,0.9768257141113281,0.7515794634819031,0.35380327701568604,,,
23,735,0.975677490234375,0.9067229628562927,0.11446654796600342,,,
23,736,0.962310791015625,0.8980826139450073,0.12494194507598877,,,
23,737,0.9747905731201172,0.914770245552063,0.10389131307601929,,,
23,738,0.9823465347290039,0.9377810955047607,0.08174329996109009,,,
23,739,0.9752216339111328,0.8845726847648621,0.14874154329299927,,,
23,740,0.9713354110717773,0.7830336689949036,0.2753087282180786,,,
23,741,0.9769372940063477,0.8656059503555298,0.17872029542922974,,,
23,742,0.9785060882568359,0.9133647084236145,0.11292481422424316,,,
23,743,0.9810879826545715,0.844312310218811,0.22071194648742676,,,
23,743,,,,0.958587646484375,0.8579780459403992,0.2114894986152649
24,744,0.9797325134277344,0.9087234735488892,0.12057727575302124,,,
24,745,0.9813833236694336,0.8767403364181519,0.1709684133529663,,,
24,746,0.9823379516601562,0.8363263607025146,0.24225854873657227,,,
24,747,0.9830589294433594,0.949072539806366,0.075813889503479,,,
24,748,0.9824037551879883,0.9183117747306824,0.11008119583129883,,,
24,749,0.9759836196899414,0.8468858003616333,0.20440828800201416,,,
24,750,0.9827785491943359,0.9254839420318604,0.0990896224975586,,,
24,751,0.9816417694091797,0.8891410231590271,0.15396738052368164,,,
24,752,0.9840869903564453,0.9097668528556824,0.12746959924697876,,,
24,753,0.9817438125610352,0.8527891635894775,0.21310514211654663,,,
24,754,0.9850625991821289,0.8256605863571167,0.28490501642227173,,,
24,755,0.9837236404418945,0.916857898235321,0.11454170942306519,,,
24,756,0.9808101654052734,0.9297553300857544,0.09004664421081543,,,
24,757,0.9780855178833008,0.8933604955673218,0.13705283403396606,,,
24,758,0.9860687255859375,0.9515553712844849,0.06804722547531128,,,
24,759,0.9737930297851562,0.8696506023406982,0.16199511289596558,,,
24,760,0.9824361801147461,0.9212238192558289,0.10499119758605957,,,
24,761,0.9833288192749023,0.9137945771217346,0.1176522970199585,,,
24,762,0.9745826721191406,0.8377242684364319,0.20901644229888916,,,
24,763,0.976801872253418,0.8912343382835388,0.13748395442962646,,,
24,764,0.9862613677978516,0.8923181295394897,0.16820251941680908,,,
24,765,0.9836359024047852,0.8875041007995605,0.1655668020248413,,,
24,766,0.9861106872558594,0.9315353631973267,0.09564954042434692,,,
24,767,0.9813661575317383,0.9149283766746521,0.10889792442321777,,,
24,768,0.9847011566162109,0.9379191398620605,0.08262830972671509,,,
24,769,0.9793462753295898,0.9188396334648132,0.1024276614189148,,,
24,770,0.9833717346191406,0.9329838156700134,0.08812952041625977,,,
24,771,0.9827661514282227,0.8774024844169617,0.17232877016067505,,,
24,772,0.9771137237548828,0.8677541017532349,0.16736125946044922,,,
24,773,0.9759502410888672,0.8694801330566406,0.1638479232788086,,,
24,774,0.9783770442008972,0.9089112281799316,0.11278271675109863,,,
24,774,,,,0.9619483947753906,0.8664648532867432,0.19517993927001953
25,775,0.9862337112426758,0.9050834774971008,0.1423843502998352,,,
25,776,0.9845104217529297,0.8955625891685486,0.1517353057861328,,,
25,777,0.9842405319213867,0.913610577583313,0.1201854944229126,,,
25,778,0.9834260940551758,0.9173620939254761,0.11010348796844482,,,
25,779,0.9822988510131836,0.836479902267456,0.23774564266204834,,,
25,780,0.9845428466796875,0.8671137690544128,0.19811409711837769,,,
25,781,0.9915895462036133,0.9326886534690857,0.13011842966079712,,,
25,782,0.9805154800415039,0.9097913503646851,0.11682784557342529,,,
25,783,0.9772357940673828,0.911112904548645,0.10900294780731201,,,
25,784,0.9850902557373047,0.9409384727478027,0.08002579212188721,,,
25,785,0.9877281188964844,0.9314737319946289,0.10178554058074951,,,
25,786,0.980870246887207,0.9240939617156982,0.09662288427352905,,,
25,787,0.9799108505249023,0.9075269103050232,0.11840575933456421,,,
25,788,0.9839925765991211,0.9221117496490479,0.10397523641586304,,,
25,789,0.9880428314208984,0.9503538012504578,0.07096022367477417,,,
25,790,0.984227180480957,0.9252856373786926,0.10089415311813354,,,
25,791,0.9834136962890625,0.9229429960250854,0.10262852907180786,,,
25,792,0.9814872741699219,0.8841026425361633,0.1572243571281433,,,
25,793,0.9814491271972656,0.9090560674667358,0.11880195140838623,,,
25,794,0.9804649353027344,0.8516501188278198,0.20484507083892822,,,
25,795,0.983159065246582,0.8968335390090942,0.146745502948761,,,
25,796,0.9820528030395508,0.907298743724823,0.12086015939712524,,,
25,797,0.9801511764526367,0.9408361911773682,0.07512664794921875,,,
25,798,0.9833831787109375,0.9379568696022034,0.07949697971343994,,,
25,799,0.9816770553588867,0.908419668674469,0.11952453851699829,,,
25,800,0.9852151870727539,0.9114635586738586,0.12706410884857178,,,
25,801,0.9871406555175781,0.9344204664230347,0.09388858079910278,,,
25,802,0.9845647811889648,0.9057427644729614,0.13290667533874512,,,
25,803,0.9838104248046875,0.8972757458686829,0.14313703775405884,,,
25,804,0.9896516799926758,0.9635553359985352,0.05287235975265503,,,
25,805,0.9744338989257812,0.7890241146087646,0.26835954189300537,,,
25,805,,,,0.962947428226471,0.8694659471511841,0.1893303245306015
26,806,0.97802734375,0.8479679822921753,0.20055890083312988,,,
26,807,0.9858074188232422,0.8891562223434448,0.1683463454246521,,,
26,808,0.9803142547607422,0.9144220352172852,0.10787516832351685,,,
26,809,0.9852371215820312,0.8659833073616028,0.20322680473327637,,,
26,810,0.9865055084228516,0.8705753087997437,0.20523250102996826,,,
26,811,0.986119270324707,0.9382572174072266,0.08287179470062256,,,
26,812,0.9848423004150391,0.9516059756278992,0.06461697816848755,,,
26,813,0.9850912094116211,0.8944129943847656,0.1560487151145935,,,
26,814,0.9793481826782227,0.9230101704597473,0.09531974792480469,,,
26,815,0.9883699417114258,0.9522597789764404,0.0674583911895752,,,
26,816,0.9869718551635742,0.9135062098503113,0.12727653980255127,,,
26,817,0.9819936752319336,0.9032735824584961,0.1267128586769104,,,
26,818,0.9850282669067383,0.9236708283424377,0.1035429835319519,,,
26,819,0.9844684600830078,0.9486333727836609,0.06978285312652588,,,
26,820,0.9840211868286133,0.8872742056846619,0.15767228603363037,,,
26,821,0.9838781356811523,0.9223914742469788,0.10228264331817627,,,
26,822,0.985987663269043,0.9094952344894409,0.13255846500396729,,,
26,823,0.9822778701782227,0.8123838901519775,0.27178215980529785,,,
26,824,0.9871377944946289,0.9322302341461182,0.09656524658203125,,,
26,825,0.9857082366943359,0.9421523809432983,0.07629972696304321,,,
26,826,0.986973762512207,0.9317575693130493,0.09806334972381592,,,
26,827,0.9851226806640625,0.9077779650688171,0.13196003437042236,,,
26,828,0.9859628677368164,0.9367580413818359,0.08520972728729248,,,
26,829,0.9796257019042969,0.868100643157959,0.17308181524276733,,,
26,830,0.985865592956543,0.9360731244087219,0.0862884521484375,,,
26,831,0.9894981384277344,0.942813515663147,0.08708679676055908,,,
26,832,0.9905862808227539,0.954296886920929,0.07037192583084106,,,
26,833,0.9869451522827148,0.9464373588562012,0.07483810186386108,,,
26,834,0.9841089248657227,0.8436397314071655,0.22839272022247314,,,
26,835,0.988652229309082,0.9663527607917786,0.05325734615325928,,,
26,836,0.9862162470817566,0.9321112632751465,0.09528660774230957,,,
26,836,,,,0.9635077714920044,0.870707094669342,0.18802550435066223
27,837,0.9824304580688477,0.9166579842567444,0.11077475547790527,,,
27,838,0.9862699508666992,0.9497576355934143,0.06768763065338135,,,
27,839,0.9877862930297852,0.926296591758728,0.11042064428329468,,,
27,840,0.9879522323608398,0.8934652209281921,0.1718345284461975,,,
27,841,0.987696647644043,0.9250303506851196,0.1113283634185791,,,
27,842,0.9811534881591797,0.8933213949203491,0.1411527395248413,,,
27,843,0.9868335723876953,0.9122046232223511,0.1281595230102539,,,
27,844,0.9851922988891602,0.9183292388916016,0.11470150947570801,,,
27,845,0.986750602722168,0.9409216046333313,0.08083599805831909,,,
27,846,0.9789276123046875,0.7988090515136719,0.26950883865356445,,,
27,847,0.9876775741577148,0.8982446193695068,0.15808218717575073,,,
27,848,0.9850435256958008,0.9315633773803711,0.09041482210159302,,,
27,849,0.9847602844238281,0.9052587747573853,0.13232207298278809,,,
27,850,0.9845123291015625,0.9128923416137695,0.1193704605102539,,,
27,851,0.9905786514282227,0.941814661026001,0.09391456842422485,,,
27,852,0.9831142425537109,0.8909030556678772,0.1517837643623352,,,
27,853,0.9863452911376953,0.9162356853485107,0.12013643980026245,,,
27,854,0.9867334365844727,0.9045740962028503,0.14320236444473267,,,
27,855,0.9865312576293945,0.9204235076904297,0.11386114358901978,,,
27,856,0.9836015701293945,0.8898229598999023,0.15119856595993042,,,
27,857,0.9898567199707031,0.9334796667098999,0.10582351684570312,,,
27,858,0.9874153137207031,0.969877302646637,0.06097233295440674,,,
27,859,0.9896793365478516,0.938026487827301,0.09379535913467407,,,
27,860,0.9861202239990234,0.9416581988334656,0.0774378776550293,,,
27,861,0.9844951629638672,0.8954771757125854,0.1484317183494568,,,
27,862,0.9885616302490234,0.9504002928733826,0.06899827718734741,,,
27,863,0.9883060455322266,0.9654124975204468,0.049997806549072266,,,
27,864,0.9889259338378906,0.92486572265625,0.11623793840408325,,,
27,865,0.9881429672241211,0.9469785690307617,0.07223755121231079,,,
27,866,0.9858913421630859,0.9414013028144836,0.07744091749191284,,,
27,867,0.9920704960823059,0.9783287048339844,0.03953427076339722,,,
27,867,,,,0.9623828530311584,0.8672913312911987,0.189195454120636
28,868,0.9873800277709961,0.9613804221153259,0.05497729778289795,,,
28,869,0.9808464050292969,0.7915365099906921,0.2848145365715027,,,
28,870,0.9863185882568359,0.891140878200531,0.15910154581069946,,,
28,871,0.9878664016723633,0.8982046246528625,0.15613460540771484,,,
28,872,0.9882450103759766,0.8797850608825684,0.1923304796218872,,,
28,873,0.9792690277099609,0.892082154750824,0.13606780767440796,,,
28,874,0.9867486953735352,0.8894070982933044,0.1681622862815857,,,
28,875,0.9901895523071289,0.9517958760261536,0.07239925861358643,,,
28,876,0.9856338500976562,0.9302802681922913,0.09333246946334839,,,
28,877,0.9876441955566406,0.8730923533439636,0.20463526248931885,,,
28,878,0.987879753112793,0.956697404384613,0.060204148292541504,,,
28,879,0.9882755279541016,0.945118248462677,0.07694566249847412,,,
28,880,0.9844512939453125,0.9061170220375061,0.12675267457962036,,,
28,881,0.9823455810546875,0.9034157991409302,0.12404441833496094,,,
28,882,0.9878683090209961,0.9217977523803711,0.11677950620651245,,,
28,883,0.9847145080566406,0.9475181698799133,0.06883513927459717,,,
28,884,0.9872264862060547,0.9500460624694824,0.06628954410552979,,,
28,885,0.9887189865112305,0.9154068231582642,0.12990623712539673,,,
28,886,0.9834165573120117,0.9133996963500977,0.11315584182739258,,,
28,887,0.9885787963867188,0.9526541233062744,0.06453615427017212,,,
28,888,0.9902477264404297,0.9642117023468018,0.05150794982910156,,,
28,889,0.983729362487793,0.8856585621833801,0.15766817331314087,,,
28,890,0.9907417297363281,0.953731119632721,0.06951916217803955,,,
28,891,0.9909696578979492,0.9674469232559204,0.04693746566772461,,,
28,892,0.9886817932128906,0.9456135034561157,0.07654047012329102,,,
28,893,0.9860134124755859,0.9215352535247803,0.1085323691368103,,,
28,894,0.9873838424682617,0.9410750865936279,0.07972705364227295,,,
28,895,0.9889278411865234,0.9601701498031616,0.05534994602203369,,,
28,896,0.987091064453125,0.924322783946991,0.10756003856658936,,,
28,897,0.9869012832641602,0.9131460189819336,0.12621504068374634,,,
28,898,0.9910634160041809,0.9603099226951599,0.05803489685058594,,,
28,898,,,,0.963104248046875,0.8700659871101379,0.18548008799552917
29,899,0.9878654479980469,0.928907036781311,0.10275787115097046,,,
29,900,0.9901294708251953,0.9640586376190186,0.05042827129364014,,,
29,901,0.9861469268798828,0.9169705510139465,0.1166999340057373,,,
29,902,0.9850292205810547,0.9134037494659424,0.1169089674949646,,,
29,903,0.9870462417602539,0.9543797969818115,0.061338186264038086,,,
29,904,0.9881229400634766,0.8443036079406738,0.25055795907974243,,,
29,905,0.9904327392578125,0.947746992111206,0.07929444313049316,,,
29,906,0.989171028137207,0.9341819286346436,0.09821522235870361,,,
29,907,0.9846982955932617,0.9304447770118713,0.091311514377594,,,
29,908,0.9888515472412109,0.9171932339668274,0.12704116106033325,,,
29,909,0.9856348037719727,0.9329176545143127,0.08916127681732178,,,
29,910,0.9858493804931641,0.9343941807746887,0.08652883768081665,,,
29,911,0.988804817199707,0.9477435350418091,0.07394999265670776,,,
29,912,0.9880790710449219,0.9343259930610657,0.09257948398590088,,,
29,913,0.9877395629882812,0.9221320152282715,0.11261498928070068,,,
29,914,0.9875507354736328,0.9018673300743103,0.14780652523040771,,,
29,915,0.9876489639282227,0.9501432180404663,0.06730598211288452,,,
29,916,0.9818744659423828,0.8958153128623962,0.13514965772628784,,,
29,917,0.9893913269042969,0.9510408639907837,0.0689229965209961,,,
29,918,0.9888315200805664,0.9100813865661621,0.1357930302619934,,,
29,919,0.9861516952514648,0.9493362307548523,0.06538647413253784,,,
29,920,0.989323616027832,0.9420380592346191,0.08251482248306274,,,
29,921,0.9859714508056641,0.8841714262962341,0.16565978527069092,,,
29,922,0.9892959594726562,0.9620490074157715,0.05204367637634277,,,
29,923,0.9874200820922852,0.9286452531814575,0.10111212730407715,,,
29,924,0.989741325378418,0.9564304947853088,0.06033468246459961,,,
29,925,0.9899673461914062,0.9564437866210938,0.059936583042144775,,,
29,926,0.9865741729736328,0.93222576379776,0.08868420124053955,,,
29,927,0.9854640960693359,0.9361332058906555,0.08269238471984863,,,
29,928,0.9891624450683594,0.9540162682533264,0.06452196836471558,,,
29,929,0.9903538823127747,0.8668422102928162,0.24512219429016113,,,
29,929,,,,0.96126389503479,0.8645981550216675,0.19066159427165985
30,930,0.9870738983154297,0.9410882592201233,0.08112883567810059,,,
30,931,0.9880828857421875,0.8811455368995667,0.18346315622329712,,,
30,932,0.9899320602416992,0.9672872424125671,0.04679763317108154,,,
30,933,0.9875936508178711,0.8992401957511902,0.14997947216033936,,,
30,934,0.9841098785400391,0.8878153562545776,0.15181845426559448,,,
30,935,0.9878330230712891,0.8404651880264282,0.25036805868148804,,,
30,936,0.9882726669311523,0.9516123533248901,0.0645870566368103,,,
30,937,0.9825325012207031,0.9270799160003662,0.08918726444244385,,,
30,938,0.98614501953125,0.952591061592102,0.06162506341934204,,,
30,939,0.9903535842895508,0.9547415375709534,0.0645519495010376,,,
30,940,0.9906187057495117,0.9545634984970093,0.06639975309371948,,,
30,941,0.9911355972290039,0.9330490827560425,0.11081624031066895,,,
30,942,0.9904584884643555,0.9591757655143738,0.057016968727111816,,,
30,943,0.9849748611450195,0.898855984210968,0.137334942817688,,,
30,944,0.9902200698852539,0.9666524529457092,0.04759436845779419,,,
30,945,0.9899225234985352,0.9607759714126587,0.0548863410949707,,,
30,946,0.9845800399780273,0.8821484446525574,0.16198909282684326,,,
30,947,0.9879207611083984,0.9165980815887451,0.11941707134246826,,,
30,948,0.9850969314575195,0.9075834155082703,0.12702828645706177,,,
30,949,0.9864444732666016,0.8834153413772583,0.16930443048477173,,,
30,950,0.9859180450439453,0.9518814086914062,0.061881303787231445,,,
30,951,0.9891643524169922,0.8570637702941895,0.23320293426513672,,,
30,952,0.9876708984375,0.9112288951873779,0.1268865466117859,,,
30,953,0.9891500473022461,0.9457308053970337,0.07564622163772583,,,
30,954,0.9895620346069336,0.9544578790664673,0.06173419952392578,,,
30,955,0.98614501953125,0.9365497827529907,0.08255702257156372,,,
30,956,0.9864654541015625,0.8930503726005554,0.15041029453277588,,,
30,957,0.9860305786132812,0.8626303672790527,0.1986083984375,,,
30,958,0.9881210327148438,0.9590793251991272,0.05535566806793213,,,
30,959,0.9895172119140625,0.9596247673034668,0.0550195574760437,,,
30,960,0.9871127009391785,0.9594828486442566,0.05508333444595337,,,
30,960,,,,0.9617627263069153,0.8662883043289185,0.18761995434761047
31,961,0.9887609481811523,0.9517729878425598,0.06505924463272095,,,
31,962,0.9896163940429688,0.9357302784919739,0.09438425302505493,,,
31,963,0.9915952682495117,0.8880832195281982,0.20421940088272095,,,
31,964,0.9886760711669922,0.944752037525177,0.07692593336105347,,,
31,965,0.9893226623535156,0.91109699010849,0.13691866397857666,,,
31,966,0.9871044158935547,0.9592078328132629,0.054026246070861816,,,
31,967,0.9876365661621094,0.9005256295204163,0.1431725025177002,,,
31,968,0.9897594451904297,0.9255220890045166,0.11310553550720215,,,
31,969,0.9855537414550781,0.9158350825309753,0.1124335527420044,,,
31,970,0.9891958236694336,0.9566872715950012,0.05756402015686035,,,
31,971,0.9875125885009766,0.9290978312492371,0.09625369310379028,,,
31,972,0.9883518218994141,0.9304711222648621,0.09854990243911743,,,
31,973,0.9927530288696289,0.9642435312271118,0.05497175455093384,,,
31,974,0.9878711700439453,0.9167588353157043,0.11807680130004883,,,
31,975,0.9881095886230469,0.9478633999824524,0.07043963670730591,,,
31,976,0.9828681945800781,0.8874527812004089,0.1460353136062622,,,
31,977,0.9841337203979492,0.8962929248809814,0.13810688257217407,,,
31,978,0.9876022338867188,0.8971909284591675,0.15076428651809692,,,
31,979,0.9867563247680664,0.8716175556182861,0.18566614389419556,,,
31,980,0.988530158996582,0.9330736398696899,0.0913776159286499,,,
31,981,0.9854602813720703,0.901466429233551,0.13535535335540771,,,
31,982,0.9867124557495117,0.9509934782981873,0.06342977285385132,,,
31,983,0.9899892807006836,0.9718210697174072,0.04322856664657593,,,
31,984,0.9893245697021484,0.9540445804595947,0.06088370084762573,,,
31,985,0.9903955459594727,0.9684586524963379,0.04491579532623291,,,
31,986,0.9851007461547852,0.8998814225196838,0.13660430908203125,,,
31,987,0.9873619079589844,0.9471244215965271,0.06759810447692871,,,
31,988,0.9885921478271484,0.9521531462669373,0.06350696086883545,,,
31,989,0.9887332916259766,0.9342010617256165,0.09191787242889404,,,
31,990,0.9896507263183594,0.9492818713188171,0.06905728578567505,,,
31,991,0.9885902404785156,0.9552493095397949,0.059288084506988525,,,
31,991,,,,0.9635018110275269,0.8709558248519897,0.1819189041852951
32,992,0.9850921630859375,0.9472718238830566,0.06641006469726562,,,
32,993,0.9924726486206055,0.959076464176178,0.06284505128860474,,,
32,994,0.9829044342041016,0.9480485320091248,0.06568807363510132,,,
32,995,0.989344596862793,0.935574471950531,0.09370100498199463,,,
32,996,0.9904212951660156,0.8534941673278809,0.2409101128578186,,,
32,997,0.9896221160888672,0.9610542058944702,0.05252951383590698,,,
32,998,0.9882936477661133,0.9183669686317444,0.11858808994293213,,,
32,999,0.9872589111328125,0.8924220204353333,0.15484529733657837,,,
32,1000,0.9881715774536133,0.8993263244628906,0.14871364831924438,,,
32,1001,0.9891424179077148,0.9585490822792053,0.056558847427368164,,,
32,1002,0.991612434387207,0.9480882287025452,0.08014851808547974,,,
32,1003,0.9873600006103516,0.9516757130622864,0.061115384101867676,,,
32,1004,0.9902677536010742,0.930453360080719,0.1057785153388977,,,
32,1005,0.9898843765258789,0.9411007165908813,0.0835111141204834,,,
32,1006,0.9893054962158203,0.9073652029037476,0.13848215341567993,,,
32,1007,0.9885902404785156,0.9061293601989746,0.13532012701034546,,,
32,1008,0.9855737686157227,0.923018217086792,0.09769052267074585,,,
32,1009,0.9896450042724609,0.9601356983184814,0.05397611856460571,,,
32,1010,0.9848451614379883,0.9432263374328613,0.07188576459884644,,,
32,1011,0.9855890274047852,0.9153379201889038,0.11186391115188599,,,
32,1012,0.989649772644043,0.9576299786567688,0.056500375270843506,,,
32,1013,0.9859857559204102,0.9285130500793457,0.09301179647445679,,,
32,1014,0.9893064498901367,0.9429125785827637,0.0786898136138916,,,
32,1015,0.9876155853271484,0.9184926152229309,0.10924732685089111,,,
32,1016,0.9889907836914062,0.934282124042511,0.09264588356018066,,,
32,1017,0.9842252731323242,0.9113510847091675,0.11348283290863037,,,
32,1018,0.9915857315063477,0.973137378692627,0.03875249624252319,,,
32,1019,0.9879980087280273,0.9495354294776917,0.06529128551483154,,,
32,1020,0.9860095977783203,0.9020485281944275,0.13175076246261597,,,
32,1021,0.9906015396118164,0.9589795470237732,0.05517077445983887,,,
32,1022,0.9865989685058594,0.8758159875869751,0.17344439029693604,,,
32,1022,,,,0.9616720676422119,0.8658962249755859,0.1854621022939682
33,1023,0.9895973205566406,0.9451305270195007,0.07635045051574707,,,
33,1024,0.9845943450927734,0.8892325162887573,0.1455666422843933,,,
33,1025,0.9877634048461914,0.9104830622673035,0.12563562393188477,,,
33,1026,0.9870805740356445,0.9400932788848877,0.07687908411026001,,,
33,1027,0.9903345108032227,0.9527554512023926,0.0657045841217041,,,
33,1028,0.9849100112915039,0.9052276611328125,0.1238025426864624,,,
33,1029,0.9871158599853516,0.938680112361908,0.07916480302810669,,,
33,1030,0.9906835556030273,0.9628651142120361,0.05032706260681152,,,
33,1031,0.9874715805053711,0.9588633179664612,0.05345511436462402,,,
33,1032,0.9890556335449219,0.9120269417762756,0.126875102519989,,,
33,1033,0.9863491058349609,0.9275442361831665,0.09349733591079712,,,
33,1034,0.9870119094848633,0.8984202742576599,0.13897186517715454,,,
33,1035,0.9877548217773438,0.8599048852920532,0.20475202798843384,,,
33,1036,0.9876279830932617,0.9295098781585693,0.09369611740112305,,,
33,1037,0.9895238876342773,0.9417787790298462,0.08109790086746216,,,
33,1038,0.9884567260742188,0.9324387907981873,0.09198987483978271,,,
33,1039,0.9922103881835938,0.9674971699714661,0.045370638370513916,,,
33,1040,0.9918184280395508,0.9504221677780151,0.0739750862121582,,,
33,1041,0.9886178970336914,0.9393293857574463,0.08202522993087769,,,
33,1042,0.9859199523925781,0.955094575881958,0.05811268091201782,,,
33,1043,0.9880352020263672,0.9265305995941162,0.10133451223373413,,,
33,1044,0.9919147491455078,0.9701744318008423,0.041937053203582764,,,
33,1045,0.9879140853881836,0.9256362318992615,0.10019207000732422,,,
33,1046,0.9925470352172852,0.9564543962478638,0.0674254298210144,,,
33,1047,0.9910545349121094,0.9641945362091064,0.04939699172973633,,,
33,1048,0.9880237579345703,0.9375770688056946,0.08199924230575562,,,
33,1049,0.9855184555053711,0.9335137009620667,0.08361726999282837,,,
33,1050,0.9859514236450195,0.908997118473053,0.11906546354293823,,,
33,1051,0.989893913269043,0.9488850235939026,0.07026195526123047,,,
33,1052,0.9913644790649414,0.9549320936203003,0.06531572341918945,,,
33,1053,0.9879048466682434,0.9493926763534546,0.06405973434448242,,,
33,1053,,,,0.9611222743988037,0.8643930554389954,0.18654847145080566
34,1054,0.9837837219238281,0.9449193477630615,0.06891292333602905,,,
34,1055,0.9896411895751953,0.9539732336997986,0.06138730049133301,,,
34,1056,0.9878501892089844,0.9230987429618835,0.10451281070709229,,,
34,1057,0.9880132675170898,0.9439544677734375,0.07363313436508179,,,
34,1058,0.9916324615478516,0.9481629133224487,0.07805132865905762,,,
34,1059,0.9858026504516602,0.9634576439857483,0.05205589532852173,,,
34,1060,0.985651969909668,0.8912996649742126,0.14441412687301636,,,
34,1061,0.9874038696289062,0.8777399063110352,0.1773049235343933,,,
34,1062,0.991602897644043,0.9641770124435425,0.049783527851104736,,,
34,1063,0.9871711730957031,0.9107649922370911,0.1191704273223877,,,
34,1064,0.9908170700073242,0.972851574420929,0.03932070732116699,,,
34,1065,0.9893207550048828,0.9298036694526672,0.09795558452606201,,,
34,1066,0.9911365509033203,0.9636370539665222,0.05038022994995117,,,
34,1067,0.9850645065307617,0.9110144972801208,0.11373978853225708,,,
34,1068,0.9872751235961914,0.9230032563209534,0.10439574718475342,,,
34,1069,0.9895877838134766,0.9215463399887085,0.11462616920471191,,,
34,1070,0.9886817932128906,0.930117130279541,0.09397232532501221,,,
34,1071,0.9861660003662109,0.8934800028800964,0.14272886514663696,,,
34,1072,0.991114616394043,0.9604886770248413,0.053033530712127686,,,
34,1073,0.9909391403198242,0.9399556517601013,0.08781939744949341,,,
34,1074,0.987553596496582,0.9275496006011963,0.094859778881073,,,
34,1075,0.9862594604492188,0.9392400979995728,0.07722830772399902,,,
34,1076,0.9926939010620117,0.9658309817314148,0.050069570541381836,,,
34,1077,0.9883623123168945,0.9461367130279541,0.07033401727676392,,,
34,1078,0.9892539978027344,0.9235507845878601,0.11048346757888794,,,
34,1079,0.9892492294311523,0.9262508749961853,0.10317522287368774,,,
34,1080,0.9915018081665039,0.9371849894523621,0.09392642974853516,,,
34,1081,0.9872627258300781,0.9122360944747925,0.11652058362960815,,,
34,1082,0.9908542633056641,0.9486457109451294,0.07141894102096558,,,
34,1083,0.9896163940429688,0.9448080062866211,0.0760459303855896,,,
34,1084,0.9914219975471497,0.97154700756073,0.03901618719100952,,,
34,1084,,,,0.9634382724761963,0.870600163936615,0.1809118241071701
35,1085,0.9805822372436523,0.943787693977356,0.06747251749038696,,,
35,1086,0.9893074035644531,0.9254754185676575,0.10391664505004883,,,
35,1087,0.9893074035644531,0.9094016551971436,0.12989550828933716,,,
35,1088,0.9914760589599609,0.9476121068000793,0.07558625936508179,,,
35,1089,0.987177848815918,0.9361698031425476,0.08257800340652466,,,
35,1090,0.9911317825317383,0.9336487054824829,0.09830909967422485,,,
35,1091,0.9905624389648438,0.9651854634284973,0.04760921001434326,,,
35,1092,0.9901342391967773,0.9578263163566589,0.05597817897796631,,,
35,1093,0.9910421371459961,0.9542784094810486,0.06374967098236084,,,
35,1094,0.9887552261352539,0.949128270149231,0.06702661514282227,,,
35,1095,0.9905786514282227,0.9598923325538635,0.05324828624725342,,,
35,1096,0.9859352111816406,0.9070717096328735,0.12177062034606934,,,
35,1097,0.9906330108642578,0.9514370560646057,0.06689316034317017,,,
35,1098,0.9861516952514648,0.933698296546936,0.08389848470687866,,,
35,1099,0.9864101409912109,0.904476523399353,0.12446016073226929,,,
35,1100,0.9888458251953125,0.9540911912918091,0.05820941925048828,,,
35,1101,0.9909725189208984,0.9603180885314941,0.054785311222076416,,,
35,1102,0.9913263320922852,0.8977205157279968,0.16625362634658813,,,
35,1103,0.990199089050293,0.9611068964004517,0.05154144763946533,,,
35,1104,0.9902372360229492,0.9469351768493652,0.0721927285194397,,,
35,1105,0.9898653030395508,0.9693942070007324,0.041641294956207275,,,
35,1106,0.9890480041503906,0.9480429887771606,0.06888049840927124,,,
35,1107,0.9873981475830078,0.9180196523666382,0.10926836729049683,,,
35,1108,0.9915561676025391,0.9181322455406189,0.1285589337348938,,,
35,1109,0.9890537261962891,0.9445078372955322,0.07525235414505005,,,
35,1110,0.9916448593139648,0.9525655508041382,0.06664484739303589,,,
35,1111,0.9860830307006836,0.8845435976982117,0.154837965965271,,,
35,1112,0.9883060455322266,0.916388213634491,0.11675959825515747,,,
35,1113,0.9870147705078125,0.9526745676994324,0.058589935302734375,,,
35,1114,0.9891757965087891,0.9185240864753723,0.11187666654586792,,,
35,1115,0.9889042973518372,0.9290499687194824,0.09760159254074097,,,
35,1115,,,,0.9615618586540222,0.8655389547348022,0.1848069727420807
36,1116,0.9896659851074219,0.9548270106315613,0.059030771255493164,,,
36,1117,0.9866256713867188,0.9591323137283325,0.05331188440322876,,,
36,1118,0.9884681701660156,0.8850428462028503,0.1684640645980835,,,
36,1119,0.9849109649658203,0.948668360710144,0.06259846687316895,,,
36,1120,0.99114990234375,0.9448646306991577,0.07777684926986694,,,
36,1121,0.9898271560668945,0.9366857409477234,0.08699309825897217,,,
36,1122,0.9902992248535156,0.9513254761695862,0.06603175401687622,,,
36,1123,0.9877128601074219,0.9419527053833008,0.07216662168502808,,,
36,1124,0.9889116287231445,0.893448531627655,0.15359914302825928,,,
36,1125,0.9892044067382812,0.9022638201713562,0.14047271013259888,,,
36,1126,0.9895534515380859,0.9624005556106567,0.04754382371902466,,,
36,1127,0.9876070022583008,0.8510567545890808,0.21180707216262817,,,
36,1128,0.9880313873291016,0.9592544436454773,0.051549315452575684,,,
36,1129,0.9929838180541992,0.9420608282089233,0.09342074394226074,,,
36,1130,0.9920434951782227,0.9611349701881409,0.053741455078125,,,
36,1131,0.9897985458374023,0.9538870453834534,0.06134885549545288,,,
36,1132,0.9897680282592773,0.9377769231796265,0.08598250150680542,,,
36,1133,0.987370491027832,0.9518213868141174,0.060751259326934814,,,
36,1134,0.9881191253662109,0.9215905666351318,0.10422360897064209,,,
36,1135,0.9894189834594727,0.9576358795166016,0.05448484420776367,,,
36,1136,0.9852943420410156,0.9264038801193237,0.08895248174667358,,,
36,1137,0.9900407791137695,0.9096899628639221,0.12918859720230103,,,
36,1138,0.9892663955688477,0.9343352913856506,0.0872945785522461,,,
36,1139,0.9894428253173828,0.9720340371131897,0.04173964262008667,,,
36,1140,0.984379768371582,0.8989125490188599,0.12754833698272705,,,
36,1141,0.9893665313720703,0.9278541207313538,0.09861814975738525,,,
36,1142,0.9899873733520508,0.9558184146881104,0.05633670091629028,,,
36,1143,0.9899768829345703,0.9560070633888245,0.05781596899032593,,,
36,1144,0.9884624481201172,0.9250568151473999,0.1014641523361206,,,
36,1145,0.9911527633666992,0.9397166967391968,0.08700281381607056,,,
36,1146,0.9872830510139465,0.8659005761146545,0.1844446063041687,,,
36,1146,,,,0.9634573459625244,0.8711535930633545,0.1788128763437271
37,1147,0.9909515380859375,0.9505838751792908,0.0689460039138794,,,
37,1148,0.9894838333129883,0.8924352526664734,0.1562657356262207,,,
37,1149,0.9853019714355469,0.9315360188484192,0.08326584100723267,,,
37,1150,0.9882144927978516,0.9000800251960754,0.13834279775619507,,,
37,1151,0.989558219909668,0.9523220658302307,0.06448769569396973,,,
37,1152,0.989593505859375,0.9609766006469727,0.05066162347793579,,,
37,1153,0.9873895645141602,0.9265291094779968,0.09480816125869751,,,
37,1154,0.9921188354492188,0.9610352516174316,0.05467504262924194,,,
37,1155,0.9904184341430664,0.9221669435501099,0.11050164699554443,,,
37,1156,0.9909753799438477,0.9619201421737671,0.05034679174423218,,,
37,1157,0.987034797668457,0.9449900388717651,0.06756621599197388,,,
37,1158,0.9901952743530273,0.949985921382904,0.06659823656082153,,,
37,1159,0.9900684356689453,0.9307708740234375,0.09407174587249756,,,
37,1160,0.9874534606933594,0.8821738362312317,0.16354095935821533,,,
37,1161,0.9895143508911133,0.8903351426124573,0.1586647629737854,,,
37,1162,0.987309455871582,0.9489539265632629,0.06258797645568848,,,
37,1163,0.9868555068969727,0.9446347951889038,0.06662416458129883,,,
37,1164,0.9871416091918945,0.9347493648529053,0.08131629228591919,,,
37,1165,0.9929180145263672,0.9698032140731812,0.04259300231933594,,,
37,1166,0.9910964965820312,0.9577952027320862,0.054704248905181885,,,
37,1167,0.9862184524536133,0.8837278485298157,0.15219652652740479,,,
37,1168,0.9914789199829102,0.9631070494651794,0.04878765344619751,,,
37,1169,0.9912929534912109,0.9450446963310242,0.07768303155899048,,,
37,1170,0.9912214279174805,0.9661320447921753,0.04365992546081543,,,
37,1171,0.9851875305175781,0.9327304363250732,0.08107715845108032,,,
37,1172,0.9898576736450195,0.9532204866409302,0.05960440635681152,,,
37,1173,0.9907875061035156,0.9634923338890076,0.04774719476699829,,,
37,1174,0.9866752624511719,0.8590623140335083,0.1880846619606018,,,
37,1175,0.9835052490234375,0.9337843060493469,0.07856214046478271,,,
37,1176,0.9890270233154297,0.9359304308891296,0.0839424729347229,,,
37,1177,0.9913444519042969,0.9631962776184082,0.04780369997024536,,,
37,1177,,,,0.9590526223182678,0.8589369654655457,0.1886579543352127
38,1178,0.9884204864501953,0.821496307849884,0.25447940826416016,,,
38,1179,0.9910879135131836,0.9379498362541199,0.08847224712371826,,,
38,1180,0.9867982864379883,0.9285271763801575,0.08984154462814331,,,
38,1181,0.9898176193237305,0.9459786415100098,0.07190924882888794,,,
38,1182,0.9869451522827148,0.9283726215362549,0.08910417556762695,,,
38,1183,0.9897575378417969,0.946928083896637,0.06919562816619873,,,
38,1184,0.9893178939819336,0.9513832926750183,0.06071126461029053,,,
38,1185,0.991790771484375,0.964979350566864,0.04747277498245239,,,
38,1186,0.9892168045043945,0.9347254037857056,0.0874144434928894,,,
38,1187,0.9894876480102539,0.9424611926078796,0.07603007555007935,,,
38,1188,0.9857034683227539,0.8755365610122681,0.1611114740371704,,,
38,1189,0.9880819320678711,0.8939233422279358,0.1413620114326477,,,
38,1190,0.9886674880981445,0.9576213955879211,0.05243790149688721,,,
38,1191,0.9882326126098633,0.9338944554328918,0.08271223306655884,,,
38,1192,0.9924736022949219,0.9723843336105347,0.037398338317871094,,,
38,1193,0.986973762512207,0.9328957796096802,0.08207714557647705,,,
38,1194,0.9869441986083984,0.9490472078323364,0.06107050180435181,,,
38,1195,0.9921245574951172,0.9713532328605652,0.0388217568397522,,,
38,1196,0.9892559051513672,0.9432691931724548,0.07382512092590332,,,
38,1197,0.9857902526855469,0.8860429525375366,0.1496673822402954,,,
38,1198,0.9907293319702148,0.93768709897995,0.08615469932556152,,,
38,1199,0.991546630859375,0.9373334050178528,0.09035587310791016,,,
38,1200,0.9843301773071289,0.9183516502380371,0.09703409671783447,,,
38,1201,0.9898319244384766,0.9602749943733215,0.05073261260986328,,,
38,1202,0.9899015426635742,0.9461861848831177,0.07078993320465088,,,
38,1203,0.9889345169067383,0.8995263576507568,0.138067364692688,,,
38,1204,0.9867334365844727,0.9411961436271667,0.07266592979431152,,,
38,1205,0.9916934967041016,0.9605265855789185,0.05172109603881836,,,
38,1206,0.9861335754394531,0.9512909054756165,0.05884486436843872,,,
38,1207,0.9917926788330078,0.9561100006103516,0.059525907039642334,,,
38,1208,0.9863624572753906,0.9529789090156555,0.058199286460876465,,,
38,1208,,,,0.9622811079025269,0.8674302101135254,0.18133895099163055
39,1209,0.9872970581054688,0.9509825706481934,0.05941265821456909,,,
39,1210,0.9906148910522461,0.9512975811958313,0.06655049324035645,,,
39,1211,0.9906482696533203,0.9564239978790283,0.05666327476501465,,,
39,1212,0.9862136840820312,0.9449312090873718,0.0674695372581482,,,
39,1213,0.9913015365600586,0.9682400822639465,0.04275989532470703,,,
39,1214,0.9914054870605469,0.9419994950294495,0.08205580711364746,,,
39,1215,0.9894514083862305,0.9342640042304993,0.08584070205688477,,,
39,1216,0.9886064529418945,0.9472216963768005,0.06510138511657715,,,
39,1217,0.9903488159179688,0.9616672396659851,0.04787743091583252,,,
39,1218,0.98968505859375,0.9285067319869995,0.09703534841537476,,,
39,1219,0.987818717956543,0.9636407494544983,0.046747446060180664,,,
39,1220,0.9892377853393555,0.9653551578521729,0.04371333122253418,,,
39,1221,0.9909477233886719,0.9485765099525452,0.06839770078659058,,,
39,1222,0.9867410659790039,0.952437162399292,0.059253811836242676,,,
39,1223,0.9895973205566406,0.8813689947128296,0.17017853260040283,,,
39,1224,0.9871225357055664,0.8426003456115723,0.21095222234725952,,,
39,1225,0.9873695373535156,0.9245364665985107,0.0935816764831543,,,
39,1226,0.9900693893432617,0.9272153973579407,0.10072541236877441,,,
39,1227,0.988255500793457,0.9226779937744141,0.10036057233810425,,,
39,1228,0.990138053894043,0.8486409783363342,0.22281920909881592,,,
39,1229,0.9913272857666016,0.9613373279571533,0.05100911855697632,,,
39,1230,0.9914817810058594,0.9569401144981384,0.05679965019226074,,,
39,1231,0.9887943267822266,0.908481240272522,0.12170153856277466,,,
39,1232,0.9916858673095703,0.9378626346588135,0.09016728401184082,,,
39,1233,0.9901895523071289,0.8964569568634033,0.148021399974823,,,
39,1234,0.9889955520629883,0.9461519122123718,0.06666898727416992,,,
39,1235,0.9875288009643555,0.961530864238739,0.050314247608184814,,,
39,1236,0.9879589080810547,0.9547410011291504,0.056237995624542236,,,
39,1237,0.9912023544311523,0.9334909915924072,0.0928041934967041,,,
39,1238,0.9877681732177734,0.9392222166061401,0.07597368955612183,,,
39,1239,0.9863014221191406,0.9043360948562622,0.12277424335479736,,,
39,1239,,,,0.961944580078125,0.8664419651031494,0.18166141211986542
40,1240,0.9933567047119141,0.9714585542678833,0.03940773010253906,,,
40,1241,0.9887847900390625,0.9406372308731079,0.07585561275482178,,,
40,1242,0.9906015396118164,0.9392461776733398,0.08170348405838013,,,
40,1243,0.985529899597168,0.9368969798088074,0.07472622394561768,,,
40,1244,0.9896163940429688,0.9547795653343201,0.05628591775894165,,,
40,1245,0.9906435012817383,0.9634524583816528,0.046556174755096436,,,
40,1246,0.9907894134521484,0.9400808811187744,0.0802619457244873,,,
40,1247,0.9866294860839844,0.9456961750984192,0.06579738855361938,,,
40,1248,0.9897375106811523,0.9498756527900696,0.06382632255554199,,,
40,1249,0.9898147583007812,0.9199904203414917,0.11022281646728516,,,
40,1250,0.9894809722900391,0.8591099381446838,0.20003902912139893,,,
40,1251,0.9850072860717773,0.8766428828239441,0.15595382452011108,,,
40,1252,0.9912738800048828,0.9556432366371155,0.05894988775253296,,,
40,1253,0.9909553527832031,0.9389389753341675,0.08295184373855591,,,
40,1254,0.9890069961547852,0.9529323577880859,0.05695784091949463,,,
40,1255,0.9880714416503906,0.9302121996879578,0.0877685546875,,,
40,1256,0.9892950057983398,0.9354105591773987,0.08408510684967041,,,
40,1257,0.9893598556518555,0.9080904126167297,0.12623262405395508,,,
40,1258,0.9872646331787109,0.9589219093322754,0.05174708366394043,,,
40,1259,0.985600471496582,0.9261842966079712,0.08835703134536743,,,
40,1260,0.9860448837280273,0.9270334839820862,0.08940106630325317,,,
40,1261,0.989344596862793,0.9403744339942932,0.07583296298980713,,,
40,1262,0.9908828735351562,0.9142362475395203,0.12470263242721558,,,
40,1263,0.9860258102416992,0.9426342248916626,0.06815367937088013,,,
40,1264,0.9912805557250977,0.923427402973175,0.10900634527206421,,,
40,1265,0.9896459579467773,0.9379932880401611,0.0802568793296814,,,
40,1266,0.9908618927001953,0.9707979559898376,0.03900158405303955,,,
40,1267,0.990809440612793,0.9618263840675354,0.048482656478881836,,,
40,1268,0.9922475814819336,0.9603670239448547,0.05138355493545532,,,
40,1269,0.9892082214355469,0.9358237981796265,0.07993072271347046,,,
40,1270,0.9916788935661316,0.9731848239898682,0.035131752490997314,,,
40,1270,,,,0.9613812565803528,0.8651136755943298,0.18256515264511108
41,1271,0.9907770156860352,0.9506639242172241,0.06412160396575928,,,
41,1272,0.9866456985473633,0.924908459186554,0.09204888343811035,,,
41,1273,0.9837245941162109,0.8959130048751831,0.12661373615264893,,,
41,1274,0.9916782379150391,0.9530066847801208,0.06257963180541992,,,
41,1275,0.9836206436157227,0.9172847270965576,0.09663689136505127,,,
41,1276,0.9856729507446289,0.8978145122528076,0.12656396627426147,,,
41,1277,0.9914455413818359,0.9234269261360168,0.11127603054046631,,,
41,1278,0.992091178894043,0.951866626739502,0.06610029935836792,,,
41,1279,0.9929904937744141,0.9451205730438232,0.08124297857284546,,,
41,1280,0.9874839782714844,0.9399936199188232,0.07386839389801025,,,
41,1281,0.9923334121704102,0.9601241946220398,0.05373644828796387,,,
41,1282,0.9894084930419922,0.9632338285446167,0.04445832967758179,,,
41,1283,0.989776611328125,0.9241427183151245,0.10037112236022949,,,
41,1284,0.9911689758300781,0.9561505317687988,0.05663508176803589,,,
41,1285,0.9888505935668945,0.9507125020027161,0.06042391061782837,,,
41,1286,0.9917783737182617,0.944955587387085,0.07534104585647583,,,
41,1287,0.9913616180419922,0.9555658102035522,0.05979275703430176,,,
41,1288,0.9892349243164062,0.9615913033485413,0.04704338312149048,,,
41,1289,0.9885759353637695,0.9430108666419983,0.0705118179321289,,,
41,1290,0.992192268371582,0.9538822770118713,0.06321042776107788,,,
41,1291,0.9917221069335938,0.9625808596611023,0.04784595966339111,,,
41,1292,0.98974609375,0.9666872024536133,0.042256057262420654,,,
41,1293,0.9855203628540039,0.9165338277816772,0.10185658931732178,,,
41,1294,0.9881668090820312,0.9557007551193237,0.0545954704284668,,,
41,1295,0.991053581237793,0.9708876013755798,0.03763169050216675,,,
41,1296,0.9871892929077148,0.8460224866867065,0.20373934507369995,,,
41,1297,0.9907989501953125,0.9180984497070312,0.11351656913757324,,,
41,1298,0.9866123199462891,0.9379527568817139,0.07270371913909912,,,
41,1299,0.9877662658691406,0.9212208390235901,0.09808707237243652,,,
41,1300,0.9917945861816406,0.9679800868034363,0.040791869163513184,,,
41,1301,0.9896723628044128,0.9270365238189697,0.09561800956726074,,,
41,1301,,,,0.9618098139762878,0.8656467199325562,0.1820400208234787
42,1302,0.9890813827514648,0.9028288125991821,0.13092201948165894,,,
42,1303,0.9905471801757812,0.9699532389640808,0.03911834955215454,,,
42,1304,0.991424560546875,0.9436475038528442,0.07550191879272461,,,
42,1305,0.9858264923095703,0.8973214626312256,0.12550562620162964,,,
42,1306,0.9875602722167969,0.9304583072662354,0.08505523204803467,,,
42,1307,0.9911642074584961,0.9253875613212585,0.10453486442565918,,,
42,1308,0.9900827407836914,0.9543228149414062,0.057740628719329834,,,
42,1309,0.9889926910400391,0.9084171652793884,0.12131261825561523,,,
42,1310,0.9880428314208984,0.9512447118759155,0.05794060230255127,,,
42,1311,0.9913253784179688,0.9574095606803894,0.05487734079360962,,,
42,1312,0.9904050827026367,0.946740984916687,0.06902056932449341,,,
42,1313,0.9900503158569336,0.9522727131843567,0.05978703498840332,,,
42,1314,0.9877147674560547,0.9328681230545044,0.08251595497131348,,,
42,1315,0.9904356002807617,0.939519464969635,0.0804634690284729,,,
42,1316,0.9912605285644531,0.9458836913108826,0.07264375686645508,,,
42,1317,0.9915904998779297,0.9010436534881592,0.14650464057922363,,,
42,1318,0.991246223449707,0.9465208649635315,0.07237625122070312,,,
42,1319,0.9908084869384766,0.9737197756767273,0.03617459535598755,,,
42,1320,0.9873695373535156,0.9137749075889587,0.10744273662567139,,,
42,1321,0.9876241683959961,0.8659345507621765,0.17581623792648315,,,
42,1322,0.9892244338989258,0.9099594950675964,0.11722683906555176,,,
42,1323,0.9879922866821289,0.9549998641014099,0.05460238456726074,,,
42,1324,0.9841156005859375,0.9265948534011841,0.085254967212677,,,
42,1325,0.9930267333984375,0.9707980155944824,0.03815817832946777,,,
42,1326,0.9883041381835938,0.9676551818847656,0.04370546340942383,,,
42,1327,0.9922771453857422,0.9728460311889648,0.03552275896072388,,,
42,1328,0.9909191131591797,0.9385887384414673,0.0821523666381836,,,
42,1329,0.9888668060302734,0.9441162943840027,0.06852912902832031,,,
42,1330,0.9884614944458008,0.9380237460136414,0.0788385272026062,,,
42,1331,0.9904384613037109,0.9670832753181458,0.04085254669189453,,,
42,1332,0.9900805354118347,0.8756455779075623,0.1745094656944275,,,
42,1332,,,,0.9617080688476562,0.8659138679504395,0.18096613883972168
43,1333,0.99151611328125,0.9643303751945496,0.045452892780303955,,,
43,1334,0.9917793273925781,0.947265088558197,0.0711413025856018,,,
43,1335,0.9890422821044922,0.9440987706184387,0.07125836610794067,,,
43,1336,0.9890832901000977,0.9523276090621948,0.05835986137390137,,,
43,1337,0.9892482757568359,0.9213423728942871,0.10446250438690186,,,
43,1338,0.9883947372436523,0.8864355087280273,0.15246158838272095,,,
43,1339,0.9893369674682617,0.9552434086799622,0.05445295572280884,,,
43,1340,0.9917030334472656,0.9489661455154419,0.06745052337646484,,,
43,1341,0.9910039901733398,0.9551501274108887,0.057649433612823486,,,
43,1342,0.9888677597045898,0.9442598223686218,0.06781429052352905,,,
43,1343,0.9864654541015625,0.925778329372406,0.09124428033828735,,,
43,1344,0.9900379180908203,0.9497488737106323,0.06148761510848999,,,
43,1345,0.9889793395996094,0.907618522644043,0.12192273139953613,,,
43,1346,0.9906234741210938,0.9513782262802124,0.06147336959838867,,,
43,1347,0.9913930892944336,0.9597161412239075,0.05045050382614136,,,
43,1348,0.9912281036376953,0.935288667678833,0.0900774598121643,,,
43,1349,0.9900970458984375,0.9552444815635681,0.055732905864715576,,,
43,1350,0.990208625793457,0.9568368792533875,0.054428696632385254,,,
43,1351,0.9913959503173828,0.963096559047699,0.04786324501037598,,,
43,1352,0.9938592910766602,0.9564314484596252,0.06639546155929565,,,
43,1353,0.9885311126708984,0.9383206367492676,0.07592332363128662,,,
43,1354,0.9912528991699219,0.9611039757728577,0.048612773418426514,,,
43,1355,0.9868907928466797,0.9370981454849243,0.07567441463470459,,,
43,1356,0.9918231964111328,0.957556962966919,0.0557517409324646,,,
43,1357,0.9875631332397461,0.9529616832733154,0.05569571256637573,,,
43,1358,0.9906387329101562,0.946111798286438,0.07065147161483765,,,
43,1359,0.9890785217285156,0.8897606134414673,0.148908793926239,,,
43,1360,0.9875459671020508,0.9262673854827881,0.08990234136581421,,,
43,1361,0.9905214309692383,0.9526362419128418,0.060732245445251465,,,
43,1362,0.9917621612548828,0.961841881275177,0.047999560832977295,,,
43,1363,0.9909070134162903,0.9713239669799805,0.037589967250823975,,,
43,1363,,,,0.9615004062652588,0.865233838558197,0.18175819516181946
44,1364,0.9916677474975586,0.9735186100006104,0.03455871343612671,,,
44,1365,0.9903287887573242,0.9596604704856873,0.051383256912231445,,,
44,1366,0.9914150238037109,0.906371533870697,0.14029717445373535,,,
44,1367,0.9885835647583008,0.9524849057197571,0.05723458528518677,,,
44,1368,0.9899349212646484,0.899526834487915,0.13783365488052368,,,
44,1369,0.9893903732299805,0.9485874772071838,0.0646207332611084,,,
44,1370,0.9919672012329102,0.940876305103302,0.08371663093566895,,,
44,1371,0.9895858764648438,0.9136642813682556,0.1137704849243164,,,
44,1372,0.9880790710449219,0.9269863963127136,0.0912163257598877,,,
44,1373,0.9894914627075195,0.9369330406188965,0.0795903205871582,,,
44,1374,0.9912567138671875,0.9583300948143005,0.05407416820526123,,,
44,1375,0.9874544143676758,0.8528177738189697,0.19316762685775757,,,
44,1376,0.9916086196899414,0.9732238054275513,0.03555351495742798,,,
44,1377,0.9920511245727539,0.9670916199684143,0.04240155220031738,,,
44,1378,0.991912841796875,0.9620975255966187,0.04999804496765137,,,
44,1379,0.9895763397216797,0.936866044998169,0.07950687408447266,,,
44,1380,0.9898643493652344,0.9613873958587646,0.047186851501464844,,,
44,1381,0.9881000518798828,0.9117457866668701,0.1139380931854248,,,
44,1382,0.9922332763671875,0.9605831503868103,0.052697837352752686,,,
44,1383,0.9909629821777344,0.9432075023651123,0.07440441846847534,,,
44,1384,0.9883003234863281,0.9510038495063782,0.06010794639587402,,,
44,1385,0.9909906387329102,0.9307836294174194,0.09189951419830322,,,
44,1386,0.9911136627197266,0.9305238723754883,0.09574192762374878,,,
44,1387,0.9892978668212891,0.9453467726707458,0.06831991672515869,,,
44,1388,0.9915084838867188,0.9579863548278809,0.055422306060791016,,,
44,1389,0.993006706237793,0.9813570976257324,0.029935359954833984,,,
44,1390,0.9888267517089844,0.9414015412330627,0.0729292631149292,,,
44,1391,0.9880352020263672,0.9373864531517029,0.07680153846740723,,,
44,1392,0.9917049407958984,0.9657692313194275,0.043906986713409424,,,
44,1393,0.9885654449462891,0.9050469994544983,0.12410891056060791,,,
44,1394,0.9893048405647278,0.9369953274726868,0.08220595121383667,,,
44,1394,,,,0.96219801902771,0.8671692609786987,0.18016380071640015
45,1395,0.9879512786865234,0.9414911270141602,0.07117229700088501,,,
45,1396,0.9905414581298828,0.9550134539604187,0.05738908052444458,,,
45,1397,0.9893169403076172,0.9373093843460083,0.08075231313705444,,,
45,1398,0.9914178848266602,0.9476808309555054,0.07066607475280762,,,
45,1399,0.9899358749389648,0.93720543384552,0.08132117986679077,,,
45,1400,0.9911489486694336,0.9483088254928589,0.06707721948623657,,,
45,1401,0.9921340942382812,0.9685813188552856,0.04135483503341675,,,
45,1402,0.9920206069946289,0.9319634437561035,0.09684723615646362,,,
45,1403,0.990574836730957,0.9446848034858704,0.07198548316955566,,,
45,1404,0.9886865615844727,0.9227367639541626,0.09910738468170166,,,
45,1405,0.9912300109863281,0.92396479845047,0.10783559083938599,,,
45,1406,0.9923162460327148,0.9615952968597412,0.05238896608352661,,,
45,1407,0.9906234741210938,0.9493975639343262,0.06632715463638306,,,
45,1408,0.9909448623657227,0.964377760887146,0.044876933097839355,,,
45,1409,0.9891386032104492,0.9494269490242004,0.06189084053039551,,,
45,1410,0.9902858734130859,0.9498981833457947,0.06448715925216675,,,
45,1411,0.99322509765625,0.953034520149231,0.0685153603553772,,,
45,1412,0.9884185791015625,0.9394175410270691,0.07470566034317017,,,
45,1413,0.9873647689819336,0.8733510375022888,0.16359800100326538,,,
45,1414,0.989527702331543,0.9474573135375977,0.06589257717132568,,,
45,1415,0.9874238967895508,0.933102011680603,0.08050918579101562,,,
45,1416,0.991612434387207,0.9636083245277405,0.045572638511657715,,,
45,1417,0.9908447265625,0.9661427140235901,0.042741358280181885,,,
45,1418,0.9913053512573242,0.9589627385139465,0.05207979679107666,,,
45,1419,0.9925403594970703,0.9689690470695496,0.03986638784408569,,,
45,1420,0.9887256622314453,0.9297313094139099,0.09086591005325317,,,
45,1421,0.9907493591308594,0.957352340221405,0.05491971969604492,,,
45,1422,0.9874382019042969,0.9079505801200867,0.11737120151519775,,,
45,1423,0.9923477172851562,0.9605845808982849,0.05284082889556885,,,
45,1424,0.9909534454345703,0.9499059915542603,0.06470412015914917,,,
45,1425,0.9913330078125,0.9774874448776245,0.03506362438201904,,,
45,1425,,,,0.9619996547698975,0.8664966821670532,0.18051494657993317
46,1426,0.9850883483886719,0.905533492565155,0.11146897077560425,,,
46,1427,0.98779296875,0.956244707107544,0.053596675395965576,,,
46,1428,0.988133430480957,0.9334556460380554,0.08458197116851807,,,
46,1429,0.9896049499511719,0.9720907211303711,0.03928792476654053,,,
46,1430,0.9894819259643555,0.9262121319770813,0.09757041931152344,,,
46,1431,0.9888391494750977,0.956341028213501,0.05243360996246338,,,
46,1432,0.9940166473388672,0.9376911520957947,0.10055750608444214,,,
46,1433,0.9887189865112305,0.9449578523635864,0.06981396675109863,,,
46,1434,0.9926309585571289,0.9686238765716553,0.0406116247177124,,,
46,1435,0.9887428283691406,0.9287210702896118,0.0902281403541565,,,
46,1436,0.9880504608154297,0.9224614500999451,0.10045033693313599,,,
46,1437,0.9935646057128906,0.9548689126968384,0.0662153959274292,,,
46,1438,0.9913949966430664,0.9680389165878296,0.041878700256347656,,,
46,1439,0.9897909164428711,0.9597920775413513,0.04964268207550049,,,
46,1440,0.9908590316772461,0.9021599292755127,0.13805651664733887,,,
46,1441,0.9918909072875977,0.9513104557991028,0.06378114223480225,,,
46,1442,0.9891395568847656,0.9293228387832642,0.09145736694335938,,,
46,1443,0.987574577331543,0.8912500739097595,0.13891088962554932,,,
46,1444,0.994441032409668,0.9759154319763184,0.033735454082489014,,,
46,1445,0.994196891784668,0.9672956466674805,0.047483742237091064,,,
46,1446,0.9929800033569336,0.9308137893676758,0.10608667135238647,,,
46,1447,0.9869422912597656,0.9487962126731873,0.06099200248718262,,,
46,1448,0.9932460784912109,0.96744704246521,0.044682979583740234,,,
46,1449,0.9890556335449219,0.9243412017822266,0.10056334733963013,,,
46,1450,0.9919605255126953,0.9426366686820984,0.08175837993621826,,,
46,1451,0.9919500350952148,0.9711952805519104,0.037551283836364746,,,
46,1452,0.9922513961791992,0.9615886211395264,0.052175283432006836,,,
46,1453,0.9916362762451172,0.9570828080177307,0.056836605072021484,,,
46,1454,0.9889316558837891,0.9275915026664734,0.09167593717575073,,,
46,1455,0.9925012588500977,0.9622439742088318,0.049809813499450684,,,
46,1456,0.9875819087028503,0.9359749555587769,0.07899105548858643,,,
46,1456,,,,0.9622832536697388,0.8673637509346008,0.18020714819431305
